a,10445760
a a ɾ o n,632
a b a d,973
a b a d i a,1149
a b a x o,105998
a b a n d o n a,3523
a b a n d o n a d a,2958
a b a n d o n a d a s,504
a b a n d o n a d o,9484
a b a n d o n a d o s,1406
a b a n d o n a m o s,981
a b a n d o n a n,1240
a b a n d o n a n d o,1242
a b a n d o n a ɾ,12030
a b a n d o n a ɾ a,522
a b a n d o n a ɾ a,922
a b a n d o n a ɾ e,1218
a b a n d o n a ɾ i a,695
a b a n d o n a ɾ l a,1194
a b a n d o n a ɾ l o,1784
a b a n d o n a ɾ l o s,730
a b a n d o n a ɾ m e,1718
a b a n d o n a ɾ n o s,585
a b a n d o n a ɾ o n,1668
a b a n d o n a ɾ t e,1152
a b a n d o n a s,1101
a b a n d o n a s t e,1992
a b a n d o n e,2321
a b a n d o n e,1748
a b a n d o n e n,1788
a b a n d o n e s,1747
a b a n d o n o,2747
a b a n d o n o,6322
a b a n i k o,707
a b a ɾ k a,537
a b a s t e s i m j e n t o,661
a b a t i d o,1191
a b d o m e n,1749
a b d o m i n a l,1245
a b d o m i n a l e s,1165
a b e x a,2936
a b e x a s,3800
a b e r a s i o n,505
a b e ɾ t u ɾ a,948
a b j e ɾ t a,19633
a b j e ɾ t a m e n t e,1793
a b j e ɾ t a s,3793
a b j e ɾ t o,21390
a b j e ɾ t o s,8028
a b i s m o,3035
a b o g a s i a,573
a b o g a d a,5033
a b o g a d o,50651
a b o g a d o s,12384
a b o m i n a b l e,878
a b o m i n a s i o n,887
a b o n o,952
a b o ɾ d a x e,699
a b o ɾ d a n d o,552
a b o ɾ d a ɾ,2186
a b o ɾ d o,2186
a b o ɾ t a ɾ,1750
a b o ɾ t e n,671
a b o ɾ t o,3164
a b o ɾ t o s,635
a b ɾ a,14164
a b ɾ a k a d a b ɾ a,667
a b ɾ a a m,2874
a b ɾ a l a,609
a b ɾ a l o,614
a b ɾ a m o s,981
a b ɾ a n,15135
a b ɾ a s,3627
a b ɾ a s a,1139
a b ɾ a s a d o,479
a b ɾ a s a m e,4705
a b ɾ a s a n d o,630
a b ɾ a s a ɾ,1786
a b ɾ a s a ɾ l a,896
a b ɾ a s a ɾ l o,729
a b ɾ a s a ɾ m e,1218
a b ɾ a s a ɾ t e,2536
a b ɾ a s o,7459
a b ɾ a s o,733
a b ɾ a s o s,1550
a b ɾ e,44869
a b ɾ e l a,3275
a b ɾ e l o,4228
a b ɾ e l o s,633
a b ɾ e m e,1144
a b ɾ e n,3227
a b ɾ e s,3314
a b ɾ e t e,1051
a b ɾ i,3803
a b ɾ i a,1081
a b ɾ i d,2488
a b ɾ j e n d o,3288
a b ɾ j e n d o s e,860
a b ɾ j e ɾ a,990
a b ɾ j e ɾ o n,2386
a b ɾ i g o,15912
a b ɾ i g o s,2030
a b ɾ i l,7295
a b ɾ i m o s,3145
a b ɾ j o,8266
a b ɾ i ɾ,30726
a b ɾ i ɾ a,2538
a b ɾ i ɾ a n,942
a b ɾ i ɾ e,2817
a b ɾ i ɾ e m o s,1408
a b ɾ i ɾ i a,518
a b ɾ i ɾ l a,4894
a b ɾ i ɾ l a s,600
a b ɾ i ɾ l e,1759
a b ɾ i ɾ l o,4795
a b ɾ i ɾ l o s,836
a b ɾ i ɾ m e,1958
a b ɾ i ɾ n o s,700
a b ɾ i ɾ s e,3506
a b ɾ i ɾ t e,1726
a b ɾ i s t e,1794
a b ɾ o,3849
a b ɾ o tʃ a t e,1180
a b ɾ o tʃ e n s e,1014
a b ɾ o tʃ e s e,454
a b ɾ u m a d a,528
a b ɾ u m a d o,837
a b ɾ u m a d o ɾ,698
a b ɾ u m a d o ɾ a,550
a b s o l u s i o n,933
a b s o l u t a m e n t e,25109
a b s o l u t o,24147
a b s o ɾ b e,841
a b s o ɾ b e ɾ,844
a b s o ɾ b i d o,573
a b s t i n e n s i a,1250
a b s t ɾ a k t o,623
a b s w e l t o,742
a b s u ɾ d a,2107
a b s u ɾ d a s,766
a b s u ɾ d o,9039
a b w e l a,40125
a b w e l a s,565
a b w e l i t a,3122
a b w e l i t o,959
a b w e l o,37146
a b w e l o s,3031
a b u n d a n,474
a b u n d a n s i a,1603
a b u n d a n t e,976
a b u r e,1746
a b u r e n,636
a b u r e s,957
a b u r i a,453
a b u r i d a,6105
a b u r i d a s,1394
a b u r i d o,14673
a b u r i d o s,1974
a b u r j e n d o,903
a b u r i m j e n t o,2293
a b u r i ɾ m e,743
a b u r i ɾ s e,459
a b u r i ɾ t e,693
a b u r o,1465
a b u s a,483
a b u s a d o,750
a b u s a d o ɾ,561
a b u s a n d o,656
a b u s a ɾ,1365
a b u s i b o,507
a b u s o,4086
a b u s o,551
a b u s o s,1322
a k a,63604
a k a b a,65795
a k a b a b a,4622
a k a b a b a m o s,491
a k a b a b a n,653
a k a b a d a,2052
a k a b a d o,29752
a k a b a d o s,1928
a k a b a l o,1292
a k a b a m o s,15676
a k a b a n,14831
a k a b a n d o,3401
a k a b a ɾ,28346
a k a b a ɾ a,1939
a k a b a ɾ a,7325
a k a b a ɾ a n,462
a k a b a ɾ a n,1685
a k a b a ɾ a s,2207
a k a b a ɾ e,2709
a k a b a ɾ e m o s,2221
a k a b a ɾ i a,2372
a k a b a ɾ l o,1312
a k a b a ɾ o n,6085
a k a b a ɾ s e,1199
a k a b a s,19976
a k a b a s t e,2323
a k a b e,12215
a k a b e,3763
a k a b e m o s,4063
a k a b e n,2179
a k a b e s,2003
a k a b o,58664
a k a b o,52443
a k a d e m j a,7165
a k a d e m i k a,628
a k a d e m i k o,1320
a k a m p a ɾ,1976
a k a m p a ɾ e m o s,469
a k a n t i l a d o,1754
a k a n t i l a d o s,570
a k a ɾ i s i a,570
a k a ɾ i s i a ɾ,663
a k a s o,31748
a k s e d e,660
a k s e d e ɾ,4516
a k s e d i,617
a k s e d i d o,1066
a k s e d j o,1190
a k s e s i b l e,837
a k s e s o,19051
a k s e s o ɾ j o,589
a k s e s o ɾ j o s,1327
a k s e s o s,508
a k s i d e n t a l,1821
a k s i d e n t a l m e n t e,3016
a k s i d e n t e,51415
a k s i d e n t e s,4893
a k s i o n,31288
a k s i o n e s,16784
a k s i o n i s t a,559
a k s i o n i s t a s,1640
a s e tʃ a,774
a s e tʃ a n d o,881
a s e tʃ o,895
a s e i t e,9600
a s e i t u n a s,1169
a s e l e ɾ a,3390
a s e l e ɾ a s i o n,834
a s e l e ɾ a d o,1243
a s e l e ɾ a d o ɾ,2408
a s e l e ɾ a n d o,864
a s e l e ɾ a ɾ,2011
a s e n t o,6065
a s e p t a,9498
a s e p t a b a,743
a s e p t a b l e,2760
a s e p t a s i o n,1311
a s e p t a d a,1773
a s e p t a d a s,496
a s e p t a d o,7219
a s e p t a l o,3266
a s e p t a m o s,2969
a s e p t a n,2877
a s e p t a n d o,1271
a s e p t a ɾ,21224
a s e p t a ɾ a,1162
a s e p t a ɾ a,2392
a s e p t a ɾ a n,909
a s e p t a ɾ a s,625
a s e p t a ɾ e,3304
a s e p t a ɾ e m o s,564
a s e p t a ɾ i a,2332
a s e p t a ɾ i a s,538
a s e p t a ɾ l a,1654
a s e p t a ɾ l o,10350
a s e p t a ɾ l o s,478
a s e p t a ɾ m e,818
a s e p t a ɾ o n,1801
a s e p t a ɾ t e,523
a s e p t a s,4699
a s e p t a s t e,1582
a s e p t e,4238
a s e p t e,3249
a s e p t e l o,515
a s e p t e m o s l o,464
a s e p t e n,1194
a s e p t e s,1574
a s e p t o,12685
a s e p t o,4447
a s e ɾ a,3064
a s e ɾ k a,74290
a s e ɾ k a b a,1365
a s e ɾ k a d o,1146
a s e ɾ k a m e,761
a s e ɾ k a m j e n t o,1675
a s e ɾ k a m o s,2421
a s e ɾ k a n,3709
a s e ɾ k a n d o,4471
a s e ɾ k a n d o m e,484
a s e ɾ k a n d o n o s,1080
a s e ɾ k a n d o s e,5474
a s e ɾ k a o s,1344
a s e ɾ k a ɾ,1546
a s e ɾ k a ɾ a,638
a s e ɾ k a ɾ a,618
a s e ɾ k a ɾ e,563
a s e ɾ k a ɾ m e,6261
a s e ɾ k a ɾ n o s,3424
a s e ɾ k a ɾ o n,493
a s e ɾ k a ɾ s e,9157
a s e ɾ k a ɾ t e,4627
a s e ɾ k a s,1830
a s e ɾ k a t e,13031
a s e ɾ k o,1795
a s e ɾ k o,3614
a s e ɾ o,9697
a s e ɾ k e,4848
a s e ɾ k e,1345
a s e ɾ k e n,2418
a s e ɾ k e n s e,4798
a s e ɾ k e s,6931
a s e ɾ k e s e,3491
a s e ɾ t a d a,684
a s e ɾ t a d o,1805
a s e ɾ t a ɾ,756
a s e ɾ t a s t e,601
a s e ɾ t e,582
a s e ɾ t i x o,1579
a s e ɾ t i x o s,926
a s e ɾ t o,602
a s i d e s,548
a s i d o,4883
a s i e ɾ t a,556
a s i e ɾ t o,755
a k l a ɾ a,903
a k l a ɾ a d o,1142
a k l a ɾ a ɾ,5850
a k l a ɾ a ɾ a,467
a k l a ɾ a ɾ l e,462
a k l a ɾ a ɾ l o,1586
a k l a ɾ a ɾ m e,637
a k l a ɾ a ɾ t e,672
a k l a ɾ e,885
a k l a ɾ e m o s,1030
a k n e,540
a k o x e d o ɾ,1521
a k o x e d o ɾ a,619
a k o x i d a,1459
a k o m o d a ɾ,669
a k o m o d a t e,459
a k o m p a ɲ a,3950
a k o m p a ɲ a b a,614
a k o m p a ɲ a d a,990
a k o m p a ɲ a d o,2116
a k o m p a ɲ a m e,2957
a k o m p a ɲ a n,984
a k o m p a ɲ a n o s,943
a k o m p a ɲ a n t e,2784
a k o m p a ɲ a n t e s,879
a k o m p a ɲ a ɾ,2428
a k o m p a ɲ a ɾ a,786
a k o m p a ɲ a ɾ a,1669
a k o m p a ɲ a ɾ e,2267
a k o m p a ɲ a ɾ l a,1862
a k o m p a ɲ a ɾ l e,959
a k o m p a ɲ a ɾ l o,1566
a k o m p a ɲ a ɾ l o s,880
a k o m p a ɲ a ɾ m e,7400
a k o m p a ɲ a ɾ n o s,4088
a k o m p a ɲ a ɾ t e,3449
a k o m p a ɲ a s,1601
a k o m p a ɲ e,5151
a k o m p a ɲ e m e,2871
a k o m p a ɲ e n,714
a k o m p a ɲ e n m e,897
a k o m p a ɲ e n o s,1163
a k o m p a ɲ e s,660
a k o m p a ɲ o,4509
a k o m p a ɲ o,851
a k o n d i s i o n a d o,3245
a k o n d i s i o n a d o ɾ,465
a k o n s e x a,724
a k o n s e x a d o,459
a k o n s e x a ɾ,509
a k o n s e x a ɾ i a,514
a k o n s e x a ɾ l e,510
a k o n s e x a ɾ m e,466
a k o n s e x a ɾ t e,499
a k o n s e x o,3190
a k o n s e x o,611
a k o n t e s i m j e n t o,2056
a k o n t e s i m j e n t o s,2776
a k o p l a m j e n t o,469
a k o ɾ a s a d o,720
a k o ɾ d a d o,3188
a k o ɾ d a i s,506
a k o ɾ d a m o s,4058
a k o ɾ d a ɾ,2014
a k o ɾ d a ɾ a,658
a k o ɾ d a ɾ a s,645
a k o ɾ d a ɾ e,579
a k o ɾ d a ɾ m e,2909
a k o ɾ d a ɾ o n,465
a k o ɾ d a ɾ s e,1192
a k o ɾ d a ɾ t e,1218
a k o ɾ d a s t e,665
a k o ɾ d e,1454
a k o ɾ d e,1397
a k o ɾ d e o n,537
a k o ɾ d e s,668
a k o ɾ d o,938
a k o r a l a d o,672
a k o ɾ t a ɾ,537
a k o s a,488
a k o s a d o,535
a k o s a d o ɾ,1221
a k o s a n d o,1124
a k o s a ɾ,586
a k o s a ɾ m e,536
a k o s o,2537
a k o s t a b a,1127
a k o s t a d a,1146
a k o s t a d o,5473
a k o s t a m o s,1072
a k o s t a n d o,1333
a k o s t a n d o m e,478
a k o s t a n d o s e,966
a k o s t a n d o t e,686
a k o s t a ɾ,2427
a k o s t a ɾ e,652
a k o s t a ɾ i a,525
a k o s t a ɾ m e,8913
a k o s t a ɾ n o s,1691
a k o s t a ɾ s e,8490
a k o s t a ɾ t e,7867
a k o s t a s t e,2990
a k o s t e,3011
a k o s t u m b ɾ a,1251
a k o s t u m b ɾ a b a,932
a k o s t u m b ɾ a d a,3474
a k o s t u m b ɾ a d o,6397
a k o s t u m b ɾ a d o s,1521
a k o s t u m b ɾ a n d o,881
a k o s t u m b ɾ a ɾ,525
a k o s t u m b ɾ a ɾ a s,921
a k o s t u m b ɾ a ɾ m e,3148
a k o s t u m b ɾ a ɾ s e,2734
a k o s t u m b ɾ a ɾ t e,1612
a k o s t u m b ɾ a s,1086
a k o s t u m b ɾ a t e,1702
a k o s t u m b ɾ e,553
a k o s t u m b ɾ e s,654
a k o s t u m b ɾ o,1168
a k ɾ e,488
a k ɾ e e d o ɾ e s,584
a k ɾ e s,1434
a k ɾ o b a s i a s,494
a k ɾ o b a t a,576
a k t a,2482
a k t a s,481
a k t i t u d,12083
a k t i t u d e s,657
a k t i b a,3982
a k t i b a s i o n,908
a k t i b a d a,1321
a k t i b a d o,2977
a k t i b a d o s,722
a k t i b a n d o,1104
a k t i b a ɾ,2504
a k t i b a ɾ a,482
a k t i b a s,485
a k t i b e,975
a k t i b e n,956
a k t i b i d a d,9288
a k t i b i s t a,762
a k t i b i s t a s,592
a k t i b o,4512
a k t i b o,1078
a k t i b o s,2199
a k t o,19058
a k t o ɾ,13728
a k t o ɾ e s,8074
a k t o s,7095
a k t ɾ i s e s,1326
a k t ɾ i s,8977
a k t u a,6996
a k t u a b a,1424
a k t w a s i o n,9286
a k t w a s i o n e s,1080
a k t u a d o,2193
a k t w a l,9099
a k t w a l e s,1658
a k t w a l i d a d,1715
a k t w a l i s a s i o n,1025
a k t w a l i s a s i o n e s,455
a k t w a l i s a ɾ,575
a k t w a l m e n t e,5554
a k u a m o s,1352
a k t u a n,1990
a k t w a n d o,8014
a k t u a ɾ,20171
a k t u a ɾ a,523
a k t u a s,3332
a k t u a s t e,628
a k t u e,1103
a k t u e,1406
a k t u e m o s,482
a k t u e n,735
a k t u e s,1064
a k t u o,1940
a k t u o,1210
a k w a ɾ j o,1745
a k w a t i k o,892
a k u d a,738
a k u d e,838
a k u d e n,508
a k u d i d o,688
a k u d j o,846
a k u d i ɾ,2468
a k w e ɾ d a,5709
a k w e ɾ d a n,1177
a k w e ɾ d a s,22260
a k w e ɾ d a t e,4509
a k w e ɾ d e,660
a k w e ɾ d e n s e,495
a k w e ɾ d e s,553
a k w e ɾ d e s e,649
a k w e ɾ d o,352549
a k w e ɾ d o s,1352
a k w e s t a,2182
a k w e s t a n,586
a k w e s t a s,2140
a k w e s t a t e,5205
a k w e s t e,920
a k w e s t e s,713
a k w e s t e s e,921
a k w e s t o,1734
a k u m u l a s i o n,527
a k u m u l a d o,563
a k u m u l a n d o,626
a k u m u l a ɾ,500
a k u s a,3442
a k u s a s i o n,5590
a k u s a s i o n e s,4017
a k u s a d a,2182
a k u s a d o,11453
a k u s a d o s,2385
a k u s a n,1616
a k u s a n d o,1696
a k u s a ɾ,2200
a k u s a ɾ l o,1356
a k u s a ɾ m e,2120
a k u s a ɾ o n,906
a k u s a ɾ t e,850
a k u s a s,744
a k u s e,485
a k u s o,945
a k u s o,1323
a k u s t i k a,528
a d a n,2293
a d a p t a,491
a d a p t a s i o n,973
a d a p t a d o,780
a d a p t a ɾ,478
a d a p t a ɾ m e,766
a d a p t a ɾ s e,2893
a d a p t a ɾ t e,644
a d e k w a d a,5640
a d e k w a d a m e n t e,1507
a d e k w a d a s,1081
a d e k w a d o,9499
a d e k w a d o s,1009
a d e l a n t a,866
a d e l a n t a d o,4584
a d e l a n t a n d o,505
a d e l a n t a ɾ,1024
a d e l a n t a ɾ m e,744
a d e l a n t a ɾ n o s,636
a d e l a n t a ɾ s e,648
a d e l a n t a t e,1324
a d e l a n t e,129612
a d e l a n t e n s e,518
a d e l a n t o,2413
a d e l a n t o,818
a d e l g a s a ɾ,458
a d e m a s,77255
a d e n t ɾ o,45781
a d e ɾ e s o,463
a d e s i b a,1129
a d i k s i o n,2378
a d i s i o n a l,2264
a d i s i o n a l e s,1531
a d i k t a,1910
a d i k t o,4657
a d i k t o s,1895
a d j e s t ɾ a m j e n t o,479
a d i n e ɾ a d o,472
a d j o s,159209
a d i b i n a,11547
a d i b i n a d o,1459
a d i b i n a n d o,599
a d i b i n a n s a,583
a d i b i n a n s a s,608
a d i b i n a ɾ,8875
a d i b i n a ɾ l o,1436
a d i b i n a s,869
a d i b i n a s t e,639
a d i b i n e,1609
a d i b i n e,474
a d i b i n e n,1556
a d i b i n o,2002
a d x u n t o,1837
a d m i n i s t ɾ a,559
a d m i n i s t ɾ a s i o n,6369
a d m i n i s t ɾ a d o ɾ,3169
a d m i n i s t ɾ a ɾ,991
a d m i n i s t ɾ a t i b a,507
a d m i n i s t ɾ a t i b o,863
a d m i ɾ a,1361
a d m i ɾ a b a,1097
a d m i ɾ a b l e,2690
a d m i ɾ a s i o n,1936
a d m i ɾ a d o,987
a d m i ɾ a d o ɾ,3385
a d m i ɾ a d o ɾ a,1113
a d m i ɾ a d o ɾ e s,1901
a d m i ɾ a n,523
a d m i ɾ a n d o,599
a d m i ɾ a ɾ,1314
a d m i ɾ o,5024
a d m i s j o n,1554
a d m i s j o n e s,519
a d m i t a,780
a d m i t a l o,570
a d m i t e,3287
a d m i t e l o,4473
a d m i t e n,935
a d m i t e s,1229
a d m i t i d o,1355
a d m i t j o,1490
a d m i t i ɾ,9958
a d m i t i ɾ l o,7335
a d m i t o,5744
a d n,14386
a d o l e s s e n s i a,1034
a d o l e s s e n t e,6763
a d o l e s s e n t e s,4610
a d o l f o,505
a d o n d e,14218
a d o n d e,74764
a d o p s i o n,2764
a d o p t a d a,777
a d o p t a d o,1840
a d o p t a ɾ,2319
a d o p t a ɾ o n,489
a d o p t i b a,697
a d o p t i b o,913
a d o p t i b o s,771
a d o p t o,802
a d o ɾ a,4575
a d o ɾ a b a,2322
a d o ɾ a b a n,546
a d o ɾ a b l e,11407
a d o ɾ a b l e s,1773
a d o ɾ a s i o n,778
a d o ɾ a d a,834
a d o ɾ a d o,842
a d o ɾ a m o s,747
a d o ɾ a n,3046
a d o ɾ a ɾ,1183
a d o ɾ a s,762
a d o ɾ n o,869
a d o ɾ n o s,1193
a d o ɾ o,11610
a d k j e ɾ e,512
a d k i ɾ i d o,1102
a d k i ɾ j o,613
a d k i ɾ i ɾ,1499
a d k i s i s i o n,1140
a d ɾ e d e,853
a d ɾ e n a l i n a,2813
a d ɾ j a n a,1114
a d w a n a,1724
a d w a n a s,1018
a d u l a d o ɾ,474
a d u l t a,2751
a d u l t e ɾ j o,1290
a d u l t o,7227
a d u l t o s,8988
a d b e ɾ s a ɾ j o,1671
a d b e ɾ s a ɾ j o s,668
a d b e ɾ s i d a d,653
a d b e ɾ t e n s i a,7243
a d b e ɾ t e n s i a s,963
a d b e ɾ t i,4446
a d b e ɾ t i d o,2014
a d b e ɾ t i ɾ,1220
a d b e ɾ t i ɾ l e,3385
a d b e ɾ t i ɾ l e s,1556
a d b e ɾ t i ɾ m e,1028
a d b e ɾ t i ɾ n o s,478
a d b e ɾ t i ɾ t e,3244
a d b j e ɾ t e,697
a d b j e ɾ t o,6951
a d b i ɾ t j e n d o,510
a d b i ɾ t j e ɾ o n,587
a d b i ɾ t j o,2228
a e ɾ e a,7671
a e ɾ e a s,1984
a e ɾ e o,6045
a e ɾ e o s,917
a e ɾ o d ɾ o m o,793
a e ɾ o l i n e a,1309
a e ɾ o l i n e a s,891
a e ɾ o p w e ɾ t o,19546
a e ɾ o p w e ɾ t o s,1248
a e ɾ o s o l,860
a f a n,519
a f e k s i o n,608
a f e k t a,6336
a f e k t a d a,1403
a f e k t a d a s,539
a f e k t a d o,3464
a f e k t a d o s,1062
a f e k t a n,1175
a f e k t a n d o,1488
a f e k t a ɾ,2289
a f e k t a ɾ a,1460
a f e k t a ɾ i a,711
a f e k t e,1522
a f e k t o,5266
a f e k t o,2100
a f e k t u o s o,487
a f e i t a d a,537
a f e i t a d o,1371
a f e i t a ɾ,2320
a f e i t a ɾ m e,1872
a f e i t a ɾ s e,1322
a f e i t a ɾ t e,1074
a f e m i n a d o,732
a f e r a ɾ m e,762
a f e r a ɾ s e,1072
a f e r a ɾ t e,633
a f e r a t e,791
a f g a n i s t a n,3770
a f i s i o n,831
a f i s i o n a d a,482
a f i s i o n a d o,2701
a f i s i o n a d o s,2073
a f i l a d a,849
a f i l a d o,1328
a f i l a d o s,685
a f i n i d a d,474
a f i ɾ m a,2478
a f i ɾ m a s i o n,1231
a f i ɾ m a s i o n e s,494
a f i ɾ m a n,982
a f i ɾ m a ɾ,989
a f i ɾ m a t i b o,3048
a f i ɾ m o,508
a f l i k s i o n,728
a f l i x i d o,769
a f l o x a,775
a f l o x a ɾ,531
a f o ɾ t u n a d a,4387
a f o ɾ t u n a d a m e n t e,5104
a f o ɾ t u n a d o,10554
a f o ɾ t u n a d o s,3476
a f ɾ e n t a,452
a f ɾ i k a,8936
a f ɾ i k a n o,1721
a f ɾ i k a n o s,1244
a f ɾ o,1167
a f ɾ o d i t a,538
a f ɾ o n t a l o,572
a f ɾ o n t a ɾ,2728
a f ɾ o n t a ɾ l o,1546
a f ɾ o n t e m o s l o,868
a f t e ɾ,1364
a f w e ɾ a,77710
a f w e ɾ a s,5106
a g a tʃ a,577
a g a tʃ a d o,575
a g a tʃ a o s,782
a g a tʃ a ɾ s e,534
a g a tʃ a t e,787
a g a tʃ a t e,8970
a g a tʃ e n s e,3274
a g a tʃ e s e,1200
a g a r a,9275
a g a r a d o,1850
a g a r a l a,2403
a g a r a l e,662
a g a r a l o,4319
a g a r a m e,961
a g a r a m o s,1603
a g a r a n,1457
a g a r a n d o,1024
a g a r a ɾ,6796
a g a r a ɾ e,669
a g a r a ɾ l a,942
a g a r a ɾ l o,2324
a g a r a ɾ l o s,604
a g a r a ɾ m e,1424
a g a r a ɾ o n,1844
a g a r a ɾ s e,871
a g a r a ɾ t e,1286
a g a r a s,1266
a g a r a s t e,1399
a g a r a t e,8978
a g a r e,2767
a g a r e,3240
a g a r e n,2433
a g a r e n l a,572
a g a r e n l o,2792
a g a r e n l o s,611
a g a r e n s e,3114
a g a r e s,701
a g a r e s e,1111
a g a r o,2188
a g a r o,4125
a x e n s i a,13377
a x e n s i a s,2502
a x e n d a,6672
a x e n t e,73066
a x e n t e s,19467
a x i l,948
a x i l i d a d,519
a x i t a,1022
a x i t a s i o n,891
a x i t a d a,908
a x i t a d o,1894
a x i t a n d o,545
a x i t a ɾ,814
a x i t o,512
a g o n i a,2174
a g o n i s a n d o,608
a g o n i s a n t e,478
a g o s t o,6666
a g o t a,880
a g o t a d a,2253
a g o t a d o,4187
a g o t a d o ɾ,1718
a g o t a d o s,842
a g o t a m j e n t o,802
a g o t a n d o,631
a g o t o,527
a g ɾ a d a,7954
a g ɾ a d a b a,911
a g ɾ a d a b l e,34343
a g ɾ a d a b l e s,2649
a g ɾ a d a n,1355
a g ɾ a d a ɾ,673
a g ɾ a d a ɾ a,643
a g ɾ a d a ɾ i a,857
a g ɾ a d a ɾ l e,618
a g ɾ a d a s,2199
a g ɾ a d e,906
a g ɾ a d e s e,2398
a g ɾ a d e s e l e,654
a g ɾ a d e s e m o s,2945
a g ɾ a d e s e n,596
a g ɾ a d e s e ɾ,4169
a g ɾ a d e s e ɾ a,691
a g ɾ a d e s e ɾ a s,592
a g ɾ a d e s e ɾ e,727
a g ɾ a d e s e ɾ i a,3821
a g ɾ a d e s e ɾ l e,7718
a g ɾ a d e s e ɾ l e s,2900
a g ɾ a d e s e ɾ m e,2198
a g ɾ a d e s e ɾ m e l o,1308
a g ɾ a d e s e ɾ s e l o,3291
a g ɾ a d e s e ɾ t e,7783
a g ɾ a d e s e ɾ t e l o,2124
a g ɾ a d e s e s,562
a g ɾ a d e s e s e l o,520
a g ɾ a d e s i,475
a g ɾ a d e s i d a,3902
a g ɾ a d e s i d o,7635
a g ɾ a d e s i d o s,2799
a g ɾ a d e s i m j e n t o,3485
a g ɾ a d e s k a,796
a g ɾ a d e s k a s,892
a g ɾ a d e s k o,21874
a g ɾ a d o,2265
a g ɾ a d o,663
a g ɾ e g a,721
a g ɾ e g a d o,920
a g ɾ e g a ɾ,2722
a g ɾ e g a ɾ l e,574
a g ɾ e s j o n,3920
a g ɾ e s i b a,2037
a g ɾ e s i b i d a d,906
a g ɾ e s i b o,3170
a g ɾ e s i b o s,1050
a g ɾ e s o ɾ,1187
a g ɾ j a,452
a g ɾ i k o l a,713
a g ɾ i k u l t o ɾ,578
a g ɾ i k u l t o ɾ e s,848
a g ɾ i k u l t u ɾ a,1661
a g w a,132759
a g w a f j e s t a s,1485
a g w a n t a,13953
a g w a n t a b a,560
a g w a n t a d o,991
a g w a n t a l o,533
a g w a n t a n,742
a g w a n t a n d o,1430
a g w a n t a ɾ,9680
a g w a n t a ɾ a,1166
a g w a n t a ɾ e,485
a g w a n t a ɾ l o,2278
a g w a n t a ɾ m e,794
a g w a n t a ɾ t e,904
a g w a n t a s,1198
a g w a n t a t e,960
a g w a n t e,2230
a g w a n t e,454
a g w a n t e n,1141
a g w a n t o,4771
a g w a n t o,550
a g w a ɾ d a,5551
a g w a ɾ d e,1784
a g w a ɾ d e n,1103
a g w a ɾ d j e n t e,845
a g w a s,8157
a g w d a,1503
a g w d o,1781
a g i x o n,678
a g i l a,5115
a g i l a s,1292
a g w x a,5709
a g w x a s,3059
a g w x e ɾ o,18269
a g w x e ɾ o s,5469
a g w s t i n,494
a,166655
a i,485022
a o g a,1253
a o g a d a,502
a o g a d o,2122
a o g a n d o,1822
a o g a n d o s e,666
a o g a ɾ,1400
a o g a ɾ m e,1218
a o g a ɾ o n,483
a o g a ɾ s e,1860
a o g a ɾ t e,800
a o g o,1195
a o g o,2415
a o ɾ a,1161407
a o ɾ k a d o,1246
a o ɾ k a ɾ,550
a o ɾ k a ɾ m e,532
a o ɾ k o,719
a o ɾ i t a,737
a o r a,1368
a o r a d o,2050
a o r a m e,778
a o r a m o s,466
a o r a n d o,1227
a o r a ɾ,3740
a o r a ɾ a,486
a o r a ɾ e,518
a o r a ɾ l e,884
a o r a ɾ m e,492
a o r a ɾ n o s,608
a o r a ɾ s e,516
a o r a ɾ t e,1056
a o r a s,500
a o r a t e,1904
a o r a t e l o,1259
a o r e,471
a o r e s e,674
a o r o,1287
a o r o s,3522
a w m a d o,602
a w i e n t a ɾ,512
a i ɾ e,58270
a i ɾ e s,4326
a i ɾ l i n e s,786
a i s l a d a,1302
a i s l a d o,3008
a i s l a d o s,1337
a i s l a n t e,515
a i s l a ɾ,1148
a x a,4714
a x e d ɾ e s,4585
a x e n a,933
a x e n a s,546
a x e n o,925
a x e n o s,634
a x o,2758
a x u s t a,1237
a x u s t a d a,620
a x u s t a d o,1725
a x u s t a d o s,781
a x u s t a n d o,466
a x u s t a ɾ,2024
a x u s t a ɾ s e,786
a x u s t e,1861
a x u s t e s,1281
a l,3549720
a l a,7475
a l a,3307
a l a b a d o,2722
a l a b a m a,2333
a l a b a n s a s,642
a l a s e n a,568
a l a m b ɾ a d a,602
a l a m b ɾ e,2575
a l a m b ɾ e s,583
a l a m o,530
a l a ɾ d e,472
a l a ɾ d e a n d o,512
a l a ɾ d e a ɾ,854
a l a ɾ g a ɾ,536
a l a ɾ m a,12806
a l a ɾ m a n t e,795
a l a ɾ m a ɾ s e,969
a l a ɾ m a s,2194
a l a s,10074
a l a s k a,3425
a l b a,2730
a l b a n j a,779
a l b a n i,781
a l b a ɲ i l,653
a l b a t ɾ o s,528
a l b e d ɾ i o,871
a l b e ɾ g a ɾ,528
a l b e ɾ g e,1341
a l b e ɾ t o,2418
a l b i n o,509
a l b o n d i g a s,1229
a l b o ɾ o t o,3508
a l b u m,3847
a l b u m e s,663
a l k a w e t e,544
a l k a i d e,2246
a l k a l d e,18482
a l k a l d e s a,531
a l k a l d i a,595
a l k a n s e,11443
a l k a n s e,625
a l k a n s e n,547
a l k a n t a ɾ i j a,1578
a l k a n t a ɾ i j a s,946
a l k a n s a,4905
a l k a n s a d o,3732
a l k a n s a m e,1262
a l k a n s a m o s,772
a l k a n s a n,1090
a l k a n s a n d o,943
a l k a n s a ɾ,9007
a l k a n s a ɾ a,1030
a l k a n s a ɾ e,981
a l k a n s a ɾ e m o s,861
a l k a n s a ɾ l a,1092
a l k a n s a ɾ l o,2012
a l k a n s a ɾ l o s,1002
a l k a n s a ɾ m e,1090
a l k a n s a ɾ n o s,670
a l k a n s a ɾ o n,690
a l k a n s a ɾ t e,893
a l k a n s a s,659
a l k a n s o,2460
a l k a n s o,1971
a l k a t ɾ a s,935
a l s e,1683
a l s e s,471
a l k o b a,796
a l k o o l,15957
a l k o o l i k a,1084
a l k o o l i k o,2242
a l k o o l i k o s,1084
a l k o o l i s m o,712
a l d e a,9114
a l d e a n o s,1480
a l d e a s,1052
a l e,1208
a l e a s i o n,651
a l e a t o ɾ j o,663
a l e g a,617
a l e g a ɾ,633
a l e g a t o,658
a l e g ɾ a,31093
a l e g ɾ a d o,506
a l e g ɾ a m o s,599
a l e g ɾ a ɾ,659
a l e g ɾ a ɾ a,1935
a l e g ɾ a ɾ i a,893
a l e g ɾ a ɾ m e,851
a l e g ɾ a ɾ s e,748
a l e g ɾ a ɾ t e,1312
a l e g ɾ a s,1177
a l e g ɾ a t e,2488
a l e g ɾ e,8739
a l e g ɾ e,565
a l e g ɾ e m e n t e,781
a l e g ɾ e s,2123
a l e g ɾ i a,14801
a l e g ɾ i a s,842
a l e g ɾ o,41770
a l e g ɾ o,1111
a l e x a,2917
a l e x a d a,2143
a l e x a d o,6062
a l e x a d o s,1772
a l e x a l o,608
a l e x a m j e n t o,476
a l e x a m o s,453
a l e x a n,761
a l e x a n d o,1155
a l e x a n d o s e,842
a l e x a n d ɾ i a,762
a l e x a n d ɾ o,4242
a l e x a o s,704
a l e x a ɾ,1928
a l e x a ɾ a,481
a l e x a ɾ l a,685
a l e x a ɾ l o,1032
a l e x a ɾ l o s,488
a l e x a ɾ m e,5065
a l e x a ɾ n o s,1864
a l e x a ɾ s e,4235
a l e x a ɾ t e,4254
a l e x a s,841
a l e x a t e,30647
a l e x e,1518
a l e x e,662
a l e x e n,839
a l e x e n s e,7446
a l e x e s,1899
a l e x e s e,5761
a l e x o,540
a l e x o,993
a l e l u i a,3726
a l e m a n,14016
a l e m a n a,4582
a l e m a n a s,1547
a l e m a n e s,16182
a l e m a n j a,13268
a l e n t a d o ɾ,707
a l e ɾ x i a,1815
a l e ɾ x i a s,956
a l e ɾ x i k a,1996
a l e ɾ x i k o,1873
a l e ɾ o n e s,560
a l e ɾ t a,15052
a l e ɾ t a ɾ,615
a l e ɾ t a s,1165
a l e t a,1206
a l e t a s,745
a l f a,6585
a l f a b e t o,1291
a l f e ɾ e s,2287
a l f i l,851
a l f i l e ɾ,1064
a l f i l e ɾ e s,620
a l f o m b ɾ a,7138
a l f o m b ɾ a s,1793
a l f o n s o,802
a l f ɾ e d o,2289
a l g a s,1447
a l x e b ɾ a,695
a l g o,1134248
a l g o d o n,4417
a l g o ɾ i t m o,722
a l g w a s i l,7895
a l g w a s i l e s,698
a l g i e n,478872
a l g w n,175401
a l g w n a,206480
a l g w n a s,94864
a l g w n o,24987
a l g w n o s,107408
a l i a d a,649
a l i a d a s,470
a l i a d o,2625
a l i a d o s,4634
a l i a n s a,7641
a l i a n s a s,697
a l j a s,3334
a l i s i a,5572
a l j e n,1676
a l j e n i x e n a,4254
a l j e n i x e n a s,4104
a l j e n s,1295
a l j e n t o,10488
a l i m e n t a,2893
a l i m e n t a s i o n,1685
a l i m e n t a d o,1032
a l i m e n t a d o s,477
a l i m e n t a n,1450
a l i m e n t a n d o,1007
a l i m e n t a n d o s e,694
a l i m e n t a ɾ,5222
a l i m e n t a ɾ l a,544
a l i m e n t a ɾ l o,1001
a l i m e n t a ɾ l o s,959
a l i m e n t a ɾ m e,584
a l i m e n t a ɾ n o s,574
a l i m e n t a ɾ s e,2605
a l i m e n t a ɾ t e,912
a l i m e n t a s,462
a l i m e n t e,512
a l i m e n t i s i a,1117
a l i m e n t o,4074
a l i m e n t o s,4944
a l i n e a s i o n,917
a l i n e a d o s,520
a l i s t a ɾ m e,794
a l i s t a ɾ s e,960
a l i s t e,514
a l i t a s,679
a l i b j a,915
a l i b j a d a,861
a l i b j a d o,1321
a l i b j a ɾ,2108
a l i b j o,5867
a j a,133352
a j a n a m j e n t o,1674
a j e g ɾ a,665
a j e n d e,591
a j i,264784
a l m a,44735
a l m a s e n,8609
a l m a s e n a m j e n t o,947
a l m a s e n a ɾ,709
a l m a s e n e s,1677
a l m a s,9817
a l m e x a,554
a l m e x a s,888
a l m e n d ɾ a s,699
a l m i ɾ a n t e,9069
a l m o a d a,5014
a l m o a d a s,1367
a l m o ɾ s a m o s,785
a l m o ɾ s a n d o,755
a l m o ɾ s a ɾ,8838
a l m w e ɾ s o,17583
a l m w e ɾ s o s,849
a l o,3072
a l o k a d a,644
a l o k a d o,845
a l o x a,698
a l o x a d o,487
a l o x a m j e n t o,2292
a l o n s o,938
a l p e s,890
a l k i l a,954
a l k i l a d o,2048
a l k i l a m o s,603
a l k i l a ɾ,3416
a l k i l a ɾ l o,496
a l k i l e,890
a l k i l e ɾ,9116
a l k i l e ɾ e s,462
a l k i l o,1094
a l k i t ɾ a n,658
a l ɾ e d e d o ɾ,46624
a l ɾ e d e d o ɾ e s,2781
a l t a,30818
a l t a m e n t e,3637
a l t a ɾ,3958
a l t a s,5901
a l t a b o s e s,710
a l t a b o s,1427
a l t e ɾ a,1097
a l t e ɾ a s i o n,865
a l t e ɾ a s i o n e s,489
a l t e ɾ a d a,2082
a l t e ɾ a d o,3436
a l t e ɾ a d o s,522
a l t e ɾ a n d o,667
a l t e ɾ a ɾ,2036
a l t e ɾ k a d o,771
a l t e ɾ e,554
a l t e ɾ e s,802
a l t e ɾ n a t i b a,9909
a l t e ɾ n a t i b a s,1943
a l t e ɾ n a t i b o,960
a l t e ɾ o,833
a l t e s a,14739
a l t i b a x o s,467
a l t i t u d,2105
a l t o,92120
a l t o s,7024
a l t u ɾ a,12358
a l t u ɾ a s,3750
a l u b j a s,776
a l u s i n a s i o n,1372
a l u s i n a s i o n e s,2861
a l u s i n a n d o,1525
a l u s i n a n t e,2082
a l u m i n j o,1798
a l u m n a,1814
a l u m n a s,579
a l u m n o,3648
a l u m n o s,6539
a l s a,1354
a l s a ɾ,734
a l s e i m e ɾ,1231
a m a,29243
a m a b a,14223
a m a b a m o s,473
a m a b a n,980
a m a b a s,2974
a m a b i l i d a d,3813
a m a b l e,43924
a m a b l e m e n t e,2240
a m a b l e s,5616
a m a d a,5672
a m a d o,10616
a m a d o ɾ,517
a m a d o s,925
a m a m e,1278
a m a n,6304
a m a n d o,794
a m a n d o t e,489
a m a n e s e,763
a m a n e s e ɾ,11960
a m a n e s k a,947
a m a n t e,16718
a m a n t e s,6945
a m a ɾ,12188
a m a ɾ a,1131
a m a ɾ a,790
a m a ɾ a s,788
a m a ɾ e,2232
a m a ɾ g a,1443
a m a ɾ g a d a,711
a m a ɾ g a d o,1226
a m a ɾ g o,1792
a m a ɾ g w ɾ a,1054
a m a ɾ i a,555
a m a ɾ i j a,4252
a m a ɾ i j a s,1673
a m a ɾ i j o,8105
a m a ɾ i j o s,2038
a m a ɾ l a,1938
a m a ɾ l e,544
a m a ɾ l o,2193
a m a ɾ m e,3362
a m a ɾ n o s,711
a m a r a d o,919
a m a r a s,752
a m a ɾ s e,542
a m a ɾ t e,5251
a m a s,20550
a m a s t e,959
a m a t e u ɾ,1093
a m a t e u ɾ s,479
a m a s o n a,518
a m a s o n a s,1355
a m b a ɾ,748
a m b a s,13714
a m b i s i o n,3700
a m b i s i o n e s,1610
a m b i s i o s a,908
a m b i s i o s o,2479
a m b i s i o s o s,508
a m b j e n t a l,1175
a m b j e n t a l e s,631
a m b j e n t e,11049
a m b j e n t e s,454
a m b i t o,624
a m b o s,50227
a m b u l a n s i a,12594
a m b u l a n s i a s,925
a m b u l a n t e,1289
a m e,2693
a m e,2850
a m e l j a,3003
a m e n,11877
a m e n a s e s,477
a m e n a s a,19548
a m e n a s a b a,579
a m e n a s a d a,897
a m e n a s a d o,2582
a m e n a s a d o s,512
a m e n a s a n,949
a m e n a s a n d o,2790
a m e n a s a n d o m e,567
a m e n a s a n t e,486
a m e n a s a ɾ,1273
a m e n a s a ɾ m e,1204
a m e n a s a ɾ o n,955
a m e n a s a s,5306
a m e n a s a s t e,470
a m e n a s o,3549
a m e ɾ i k a,24063
a m e ɾ i k a n a,9251
a m e ɾ i k a n a s,2390
a m e ɾ i k a n o,19500
a m e ɾ i k a n o s,16207
a m e s,2347
a m e t ɾ a j a d o ɾ a,2133
a m e t ɾ a j a d o ɾ a s,1863
a m i g a,56297
a m i g a b l e,2449
a m i g a b l e s,691
a m i g a s,14963
a m i g o,300586
a m i g o s,181529
a m i g i t a,1401
a m i g i t o,4813
a m i g i t o s,914
a m i ʃ,459
a m i s t a d,15035
a m i s t a d e s,1746
a m i s t o s a,1461
a m i s t o s o,2139
a m i s t o s o s,828
a m n e s j a,1999
a m n i s t i a,1015
a m o,96728
a m o,1680
a m o ɾ,197426
a m o ɾ s i t o,1309
a m o ɾ e s,1618
a m o ɾ i o,946
a m o ɾ o s a,2666
a m o ɾ o s o,1954
a m o ɾ o s o s,515
a m o s,3210
a m p a ɾ o,508
a m p l j a,1812
a m p l j a s i o n,704
a m p l j a m e n t e,545
a m p l j a ɾ,1384
a m p l i f i k a d o ɾ,674
a m p l j o,1911
a m p o j a,657
a m p o j a s,996
a m u l e t o,2553
a n a,7368
a n a l,1212
a n a l x e s i k o s,1029
a n a l i s i s,13404
a n a l i s t a,1800
a n a l i s t a s,690
a n a l i s a,606
a n a l i s a d o,991
a n a l i s a m o s,598
a n a l i s a n d o,1422
a n a l i s a ɾ,3222
a n a l i s a ɾ l a,480
a n a l i s a ɾ l o,1074
a n a l o x i a,521
a n a ɾ a n x a d o,490
a n a ɾ k i a,1339
a n a ɾ k i s t a,657
a n a ɾ k i s t a s,534
a n a s t a s j a,693
a n a t o m i a,1205
a n s e s t ɾ a l,618
a n s e s t ɾ a l e s,482
a n s e s t ɾ o,473
a n s e s t ɾ o s,3017
a n tʃ a,1069
a n tʃ a s,623
a n tʃ o,2832
a n tʃ o a s,505
a n tʃ o s,480
a n s i a n a,4696
a n s i a n a s,847
a n s i a n o,7326
a n s i a n o s,5084
a n k l a,1516
a n k l a s,686
a n d a,48264
a n d a b a,3998
a n d a b a n,843
a n d a b a s,1330
a n d a d o,813
a n d a m o s,1110
a n d a n,4449
a n d a n d o,16727
a n d a n t e,810
a n d a ɾ,16195
a n d a ɾ a,487
a n d a s,5293
a n d a t e,895
a n d e,2040
a n d e n,897
a n d e n,1353
a n d e ɾ s o n,6293
a n d e s,1316
a n d o,3672
a n d ɾ e a,4086
a n d ɾ e s,1095
a n d ɾ o i d e,1100
a n d ɾ o i d e s,794
a n d ɾ o m e d a,680
a n d u b e,622
a n d u b o,948
a n e k d o t a,1053
a n e k d o t a s,668
a n e m j a,782
a n e s t e s j a,2180
a n e u ɾ i s m a,1304
a n e k s o,693
a n f e t a m i n a s,808
a n f i t ɾ j o n,3155
a n f i t ɾ j o n a,1371
a n f i t ɾ j o n e s,524
a n x e l,19864
a n x e l a,2377
a n x e l e s,22168
a n x e l i k a,695
a n x e l i n a,1017
a n x e l i t o,1301
a n x e l i t o s,664
a n g o l a,476
a n g i l a,734
a n g i l a s,484
a n g w l a ɾ,554
a n g w l o,4701
a n g w l o s,1394
a n g w s t j a,2786
a n g w s t j a d a,683
a n g w s t j a d o,715
a n e l a,504
a n e l o,1426
a n i b a l,471
a n i j o,31949
a n i j o s,5134
a n i m a,1221
a n i m a s i o n,1239
a n i m a d a,1039
a n i m a d o,2130
a n i m a d o ɾ,513
a n i m a d o ɾ a,1786
a n i m a d o ɾ a s,1505
a n i m a d o s,1433
a n i m a l,22273
a n i m a l e s,30093
a n i m a ɾ,1286
a n i m a ɾ l a,532
a n i m a ɾ l o,574
a n i m a ɾ m e,1096
a n i m a ɾ t e,1230
a n i m a t e,4708
a n i m e,605
a n i m e n s e,550
a n i m e s e,537
a n i m o,1241
a n i m o,453
a n i m o,7417
a n i m o s,1404
a n i k i l a s i o n,718
a n i k i l a ɾ,616
a n i t a,2999
a n i b e ɾ s a ɾ j o,8320
a n o,2171
a n o tʃ e,72473
a n o tʃ e s e ɾ,2887
a n o tʃ e s k a,1025
a n o m a l i a,2179
a n o m a l i a s,1202
a n o n i m a,1936
a n o n i m a s,604
a n o n i m a t o,850
a n o n i m o,2027
a n o n i m o s,1281
a n o ɾ m a l,2894
a n o ɾ m a l e s,852
a n o s,2716
a n o t a,2078
a n o t a s i o n,1199
a n o t a s i o n e s,708
a n o t a d o,1286
a n o t a n d o,460
a n o t a ɾ,2024
a n o t a ɾ e,464
a n o t a ɾ l o,790
a n o t e,731
a n o t e,864
a n o t o,645
a n o t o,829
a n s e l m o,584
a n s j a,850
a n s j a b a,454
a n s j a s,1103
a n s j e d a d,3746
a n s i o,689
a n s j o s a,2227
a n s j o s o,4841
a n s j o s o s,1612
a n t a ɲ o,1129
a n t a ɾ t i d a,1055
a n t e,43653
a n t e a i e ɾ,860
a n t e s e d e n t e s,7814
a n t e l a s i o n,647
a n t e m a n o,1047
a n t e n a,2397
a n t e n a s,809
a n t e o x o s,3426
a n t e p a s a d o,553
a n t e p a s a d o s,3143
a n t e ɾ j o ɾ,12407
a n t e ɾ j o ɾ e s,3488
a n t e ɾ j o ɾ m e n t e,7486
a n t e s,440999
a n t i,1336
a n t i b a l a s,960
a n t i b j o t i k o s,2209
a n t i s i p a s i o n,915
a n t i s i p a d o,875
a n t i s i p a ɾ,524
a n t i s i p o,1291
a n t i k o n s e p t i b o s,469
a n t i k ɾ i s t o,687
a n t i k w a d a,884
a n t i k w a d o,1918
a n t i k w e ɾ p o s,762
a n t i d e p ɾ e s i b o s,823
a n t i d o t o,2972
a n t i d ɾ o g a s,489
a n t i g w a,14982
a n t i g w a m e n t e,501
a n t i g w a s,4160
a n t i g w e d a d,2252
a n t i g w e d a d e s,2055
a n t i g w o,16637
a n t i g w o s,9055
a n t i m a t e ɾ j a,837
a n t i p a t i k o,538
a n t i s o s i a l,463
a n t o x a,711
a n t o x e,503
a n t o x o,1067
a n t o n j a,839
a n t o n j o,8586
a n t o ɾ tʃ a,2006
a n t o ɾ tʃ a s,1133
a n t ɾ a k s,503
a n t ɾ o,1561
a n t ɾ o p o l o x i a,527
a n w a l,3202
a n w a l e s,842
a n w a ɾ j o,1347
a n u b i s,1069
a n u l a,698
a n u l a s i o n,1267
a n u l a d o,814
a n u l a ɾ,1935
a n u l a ɾ l o,551
a n u n s i a,1484
a n u n s i a d o,1275
a n u n s i a n,548
a n u n s i a n d o,676
a n u n s i a ɾ,3517
a n u n s i a ɾ l e s,592
a n u n s i a ɾ l o,832
a n u n s i a ɾ o n,478
a n u n s i o,10323
a n u n s i o,1497
a n u n s i o s,3899
a n s w e l o,2300
a ɲ a d e,1152
a ɲ a d i d o,874
a ɲ a d i m o s,543
a ɲ a d j o,492
a ɲ a d i ɾ,3991
a ɲ a d i ɾ l e,488
a ɲ i k o s,897
a ɲ o,136594
a ɲ o s,448790
a o ɾ t a,798
a p a tʃ e,1283
a p a tʃ e s,1256
a p a s i b l e,765
a p a g a,9195
a p a g a d,474
a p a g a d a,1094
a p a g a d a s,853
a p a g a d o,4134
a p a g a d o s,602
a p a g a l a,2449
a p a g a l o,5323
a p a g a m o s,605
a p a g a n,955
a p a g a n d o,913
a p a g a ɾ,7023
a p a g a ɾ e,622
a p a g a ɾ l a,1172
a p a g a ɾ l o,2874
a p a g a ɾ o n,900
a p a g a ɾ s e,723
a p a g a s,570
a p a g o,1014
a p a g o,1941
a p a g o n,1725
a p a g e,2907
a p a g e,732
a p a g e l o,755
a p a g e n,2673
a p a g e n l o,617
a p a g e s,673
a p a ɾ a t o,6886
a p a ɾ a t o s,2730
a p a ɾ k a,460
a p a ɾ k a d o,1083
a p a ɾ k a m j e n t o,2545
a p a ɾ k a ɾ,1120
a p a ɾ e a m j e n t o,786
a p a ɾ e a ɾ s e,821
a p a ɾ e s e,15391
a p a ɾ e s e n,4289
a p a ɾ e s e ɾ,8469
a p a ɾ e s e ɾ a,2756
a p a ɾ e s e ɾ a n,620
a p a ɾ e s e ɾ i a,551
a p a ɾ e s e ɾ s e,520
a p a ɾ e s e ɾ t e,574
a p a ɾ e s e s,1945
a p a ɾ e s i,538
a p a ɾ e s i a,1317
a p a ɾ e s i d o,3611
a p a ɾ e s i e n d o,1205
a p a ɾ e s i e ɾ a,1085
a p a ɾ e s i e ɾ o n,2604
a p a ɾ e s i o,13566
a p a ɾ e s i s t e,1518
a p a ɾ e n t a,951
a p a ɾ e n t a ɾ,955
a p a ɾ e n t e,1504
a p a ɾ e n t e m e n t e,15046
a p a ɾ e s k a,3714
a p a ɾ e s k a n,974
a p a ɾ e s k a s,539
a p a ɾ e s k o,797
a p a ɾ i s i o n,2720
a p a ɾ i s i o n e s,821
a p a ɾ j e n s i a,6072
a p a ɾ j e n s i a s,2506
a p a ɾ t a,3523
a p a ɾ t a d o,2255
a p a ɾ t a m e n t o,27606
a p a ɾ t a m e n t o s,2393
a p a ɾ t a o s,2737
a p a ɾ t a ɾ,1235
a p a ɾ t a ɾ l o,508
a p a ɾ t a ɾ m e,991
a p a ɾ t a ɾ s e,1150
a p a ɾ t a ɾ t e,1042
a p a ɾ t a t e,11840
a p a ɾ t e,15004
a p a ɾ t e n s e,6267
a p a ɾ t e s,585
a p a ɾ t e s e,4170
a p a ɾ t o,528
a p a s j o n a,473
a p a s j o n a d a,1168
a p a s j o n a d a m e n t e,539
a p a s j o n a d o,2069
a p a s j o n a n t e,813
a p e g o,528
a p e l a s i o n,2032
a p e l a s i o n e s,624
a p e l a ɾ,1039
a p e j i d o,9787
a p e j i d o s,555
a p e n a,615
a p e n a d a,707
a p e n a d o,1178
a p e n a s,37000
a p e n d i s e,1207
a p e n d i s i t i s,614
a p e ɾ i t i b o,1549
a p e ɾ i t i b o s,886
a p e ɾ t u ɾ a,3098
a p e s t a,11190
a p e s t a b a,594
a p e s t a n,1750
a p e s t a ɾ,633
a p e s t a s,2389
a p e s t o,743
a p e s t o s a,1150
a p e s t o s o,2998
a p e s t o s o s,625
a p e t e s e,9653
a p e t e s i a,756
a p e t e s k a,836
a p e t i t o,5129
a p j a d e,875
a p j o,565
a p l a s t a,688
a p l a s t a d a,738
a p l a s t a d o,1634
a p l a s t a d o s,511
a p l a s t a l o,571
a p l a s t a n d o,593
a p l a s t a ɾ,1940
a p l a s t a ɾ e,616
a p l a s t a ɾ l o,546
a p l a s t a ɾ l o s,494
a p l a s t a ɾ t e,517
a p l a s t o,679
a p l a u d a n,614
a p l a u d i ɾ,680
a p l a u s o,4440
a p l a u s o s,1661
a p l a s a m j e n t o,698
a p l a s a ɾ,520
a p l a s a ɾ l o,510
a p l i k a,1893
a p l i k a s i o n,1672
a p l i k a s i o n e s,736
a p l i k a d a,503
a p l i k a d o,526
a p l i k a n,728
a p l i k a ɾ,1711
a p l i k a ɾ s e,552
a p o k a l i p s i s,2401
a p o d e ɾ a,551
a p o d e ɾ a d o,697
a p o d e ɾ a ɾ s e,2051
a p o d e ɾ o,740
a p o d o,3063
a p o d o s,680
a p o x e o,591
a p o l o,2612
a p o p l e x i a,515
a p o ɾ t a,581
a p o ɾ t a ɾ,891
a p o s e n t o s,1880
a p o s t a d o,1613
a p o s t a d o ɾ,829
a p o s t a m o s,943
a p o s t a n d o,1460
a p o s t a ɾ,8026
a p o s t a ɾ i a,1718
a p o s t a ɾ l o,1670
a p o s t a s t e,598
a p o s t e,1229
a p o s t o,763
a p o s t o l,602
a p o s t o l e s,538
a p o i a,3229
a p o i a b a,533
a p o i a d o,1623
a p o i a m o s,933
a p o i a n,1405
a p o i a n d o,935
a p o i a ɾ,3819
a p o i a ɾ a,541
a p o i a ɾ e,767
a p o i a ɾ l a,705
a p o i a ɾ l o,851
a p o i a ɾ m e,1889
a p o i a ɾ n o s,791
a p o i a ɾ s e,750
a p o i a ɾ t e,1932
a p o i a s,686
a p o i a t e,1168
a p o i e,1051
a p o i e,525
a p o i e n,491
a p o i o,20823
a p o i o,931
a p ɾ e s i a,2450
a p ɾ e s i a b a,539
a p ɾ e s i a d o,1078
a p ɾ e s i a m o s,1455
a p ɾ e s i a n,987
a p ɾ e s i a ɾ,2856
a p ɾ e s i a ɾ i a,1309
a p ɾ e s i a ɾ l o,672
a p ɾ e s i a s,761
a p ɾ e s i e,740
a p ɾ e s i o,10571
a p ɾ e n d a,1955
a p ɾ e n d a n,1186
a p ɾ e n d a s,1623
a p ɾ e n d e,7257
a p ɾ e n d e m o s,922
a p ɾ e n d e n,1725
a p ɾ e n d e ɾ,32290
a p ɾ e n d e ɾ a,1378
a p ɾ e n d e ɾ a n,1045
a p ɾ e n d e ɾ a s,2511
a p ɾ e n d e ɾ e,1115
a p ɾ e n d e ɾ e m o s,459
a p ɾ e n d e ɾ l o,1155
a p ɾ e n d e s,2570
a p ɾ e n d i,10505
a p ɾ e n d i d o,12271
a p ɾ e n d j e n d o,4963
a p ɾ e n d j e ɾ o n,1113
a p ɾ e n d i m o s,1519
a p ɾ e n d j o,4035
a p ɾ e n d i s t e,5181
a p ɾ e n d i s,3154
a p ɾ e n d i s a x e,1553
a p ɾ e n d o,1289
a p ɾ e s u ɾ a d o,788
a p ɾ e s u ɾ a ɾ m e,520
a p ɾ e s u ɾ a ɾ n o s,1618
a p ɾ e s u ɾ a ɾ s e,840
a p ɾ e s u ɾ a ɾ t e,615
a p ɾ e s u ɾ a t e,6153
a p ɾ e s u ɾ e n s e,1653
a p ɾ e s u ɾ e s,669
a p ɾ e s u ɾ e s e,1139
a p ɾ e t a d a,976
a p ɾ e t a d o,2665
a p ɾ e t a d o s,1010
a p ɾ e t a n d o,997
a p ɾ e t a ɾ,2876
a p ɾ e t e,538
a p ɾ e t o,708
a p ɾ e t o n,1418
a p ɾ j e t a,3841
a p ɾ j e t a l o,527
a p ɾ j e t a s,834
a p ɾ j e t e,1060
a p ɾ j e t e s,505
a p ɾ j e t o,2044
a p ɾ j e t o s,936
a p ɾ i s a,2815
a p ɾ o b a s i o n,4302
a p ɾ o b a d a,1019
a p ɾ o b a d o,2753
a p ɾ o b a ɾ,2021
a p ɾ o b a ɾ i a,531
a p ɾ o b a ɾ l o,492
a p ɾ o b e,628
a p ɾ o b o,1517
a p ɾ o p j a d a,3179
a p ɾ o p j a d a m e n t e,1623
a p ɾ o p j a d a s,694
a p ɾ o p j a d o,8666
a p ɾ o p j a d o s,692
a p ɾ o b e tʃ a,1869
a p ɾ o b e tʃ a d o,962
a p ɾ o b e tʃ a n,681
a p ɾ o b e tʃ a n d o,1120
a p ɾ o b e tʃ a n d o s e,516
a p ɾ o b e tʃ a ɾ,4010
a p ɾ o b e tʃ a ɾ l a,983
a p ɾ o b e tʃ a ɾ l o,862
a p ɾ o b e tʃ a ɾ m e,1001
a p ɾ o b e tʃ a ɾ s e,2177
a p ɾ o b e tʃ a ɾ t e,731
a p ɾ o b e tʃ a s,457
a p ɾ o b e tʃ e,1338
a p ɾ o b e tʃ e,627
a p ɾ o b e tʃ e n,532
a p ɾ o b e tʃ o,625
a p ɾ o b e tʃ o,1004
a p ɾ o k s i m a,2456
a p ɾ o k s i m a s i o n,1046
a p ɾ o k s i m a d a,555
a p ɾ o k s i m a d a m e n t e,6450
a p ɾ o k s i m a d o,478
a p ɾ o k s i m a n,682
a p ɾ o k s i m a n d o s e,1494
a p ɾ o k s i m a ɾ s e,465
a p ɾ w e b a,1640
a p ɾ w e b a s,476
a p ɾ w e b e,824
a p ɾ w e b o,1224
a p t i t u d,754
a p t i t u d e s,759
a p t o,1299
a p w e s t a,14094
a p w e s t a s,9985
a p w e s t o,35864
a p w e s t o s,496
a p u n t a,5363
a p u n t a b a,634
a p u n t a d o,1295
a p u n t a l o,484
a p u n t a m e,608
a p u n t a n,1251
a p u n t a n d o,3354
a p u n t a n d o l e,624
a p u n t a n d o m e,654
a p u n t a ɾ,2593
a p u n t a ɾ l e,586
a p u n t a ɾ m e,1228
a p u n t a s,1441
a p u n t e,1288
a p u n t e,641
a p u n t e n,2921
a p u n t e s,1953
a p u n t o,2770
a p u n t o,1253
a p u ɲ a l a d a,478
a p u ɲ a l a d o,1577
a p u ɲ a l a ɾ,798
a p u ɲ a l a ɾ o n,644
a p u ɲ a l o,1327
a p u ɾ a d a,753
a p u ɾ a d o,1651
a p u ɾ a d o s,533
a p u ɾ a ɾ,582
a p u ɾ a ɾ m e,812
a p u ɾ a ɾ n o s,2712
a p u ɾ a ɾ s e,1081
a p u ɾ a ɾ t e,1262
a p u ɾ a t e,27860
a p u ɾ e,591
a p u ɾ e m o n o s,727
a p u ɾ e n s e,764
a p u ɾ e n s e,10669
a p u ɾ e s,920
a p u ɾ e s e,2897
a p u ɾ o,3605
a p u ɾ o s,2774
a k e l,31457
a k e j a,24693
a k e j a,510
a k e j a s,4350
a k e j o,13076
a k e j o s,21515
a k e j o s,1322
a k i,1764186
a k i l e s,1831
a ɾ,1100
a ɾ a b e,4119
a ɾ a b e s,3127
a ɾ a b j a,1776
a ɾ a d o,570
a ɾ a n d a n o,756
a ɾ a n d a n o s,1193
a ɾ a ɲ a,7497
a ɾ a ɲ a s,2847
a ɾ a ɲ a s o,570
a ɾ a ɲ a s o s,693
a ɾ b i t ɾ o,2089
a ɾ b o l,24964
a ɾ b o l e s,16582
a ɾ b u s t o,1528
a ɾ b u s t o s,2461
a ɾ k a,2941
a ɾ k a n x e l,561
a ɾ s e,608
a ɾ tʃ i b a d o,456
a ɾ tʃ i b a ɾ,479
a ɾ tʃ i b o,10758
a ɾ tʃ i b o s,14940
a ɾ s i j a,1313
a ɾ k o,6666
a ɾ k o s,948
a ɾ d a,529
a ɾ d e,3473
a ɾ d e n,1486
a ɾ d e ɾ,1881
a ɾ d e ɾ a,587
a ɾ d j e n d o,4394
a ɾ d j e n t e,4322
a ɾ d j e n t e s,991
a ɾ d i j a,2717
a ɾ d i j a s,1770
a ɾ d o ɾ,736
a ɾ d w o,525
a ɾ e,9923
a ɾ e a,22626
a ɾ e a s,3392
a ɾ e n a,15168
a ɾ e n a s,1338
a ɾ e n k e,662
a ɾ e n k e s,495
a ɾ e s,857
a ɾ e t e,506
a ɾ e t e s,800
a ɾ x e l j a,1184
a ɾ x e n t i n a,2476
a ɾ x e n t i n o,521
a ɾ g w m e n t a ɾ,457
a ɾ g w m e n t o,3962
a ɾ g w m e n t o s,1953
a ɾ i s t o k ɾ a s i a,492
a ɾ i s t o k ɾ a t a,673
a ɾ i s t o k ɾ a t a s,739
a ɾ i s t o t e l e s,701
a ɾ i t m e t i k a,518
a ɾ i s o n a,4295
a ɾ k a n s a s,984
a ɾ m a,91393
a ɾ m a d a,8877
a ɾ m a d a s,2266
a ɾ m a d i j o,508
a ɾ m a d o,7934
a ɾ m a d o s,6271
a ɾ m a d u ɾ a,4333
a ɾ m a d u ɾ a s,527
a ɾ m a m e n t o,2463
a ɾ m a n d o,2133
a ɾ m a n i,624
a ɾ m a ɾ,3334
a ɾ m a ɾ j o,12505
a ɾ m a ɾ j o s,1197
a ɾ m a s,77941
a ɾ m e n j a,480
a ɾ m e n j o,515
a ɾ m e n j o s,583
a ɾ m e ɾ i a,781
a ɾ m i s t i s i o,467
a ɾ m o,953
a ɾ m o n i a,3053
a ɾ m o n i k a,858
a ɾ n e s,658
a ɾ o,1702
a ɾ o m a,3125
a ɾ o s,1241
a ɾ p a,890
a ɾ p i a,1109
a ɾ p o n,584
a ɾ k e o l o x i a,708
a ɾ k e o l o g o,610
a ɾ k e o l o g o s,572
a ɾ k e ɾ o,810
a ɾ k e ɾ o s,1280
a ɾ k i t e k t o,3530
a ɾ k i t e k t o s,655
a ɾ k i t e k t u ɾ a,1971
a r a n k a,5218
a r a n k a d a,525
a r a n k a d o,1446
a r a n k a n,598
a r a n k a n d o,547
a r a n k a ɾ,3651
a r a n k a ɾ a,512
a r a n k a ɾ e,1676
a r a n k a ɾ l e,1543
a r a n k a ɾ l o,544
a r a n k a ɾ m e,915
a r a n k a ɾ o n,716
a r a n k a ɾ t e,1362
a r a n k o,1023
a r a n k o,1906
a r a n k e,2199
a r a n k e,471
a r a n k e n,725
a r a s a ɾ,789
a r a s t ɾ a,1617
a r a s t ɾ a d a,481
a r a s t ɾ a d o,1730
a r a s t ɾ a n,611
a r a s t ɾ a n d o,1379
a r a s t ɾ a n d o s e,1524
a r a s t ɾ a n d o t e,492
a r a s t ɾ a ɾ,1543
a r a s t ɾ a ɾ l o,523
a r a s t ɾ a ɾ m e,1503
a r a s t ɾ a ɾ o n,539
a r a s t ɾ a ɾ s e,1092
a r a s t ɾ a ɾ t e,1098
a r a s t ɾ a t e,536
a r a s t ɾ e,1062
a r a s t ɾ o,1384
a r e,2099
a r e b a t a d o,646
a r e b a t o,660
a r e s i f e,1328
a r e g l a,4218
a r e g l a d a,1189
a r e g l a d o,9546
a r e g l a l o,2364
a r e g l a m o s,2444
a r e g l a n,1008
a r e g l a n d o,2854
a r e g l a ɾ,24145
a r e g l a ɾ a,514
a r e g l a ɾ a,2470
a r e g l a ɾ a s,577
a r e g l a ɾ e,4875
a r e g l a ɾ e m o s,3437
a r e g l a ɾ i a,572
a r e g l a ɾ l a,2126
a r e g l a ɾ l a s,488
a r e g l a ɾ l e,574
a r e g l a ɾ l o,16858
a r e g l a ɾ l o s,484
a r e g l a ɾ m e,2608
a r e g l a ɾ m e l a s,2340
a r e g l a ɾ n o s,857
a r e g l a ɾ n o s l a s,633
a r e g l a ɾ o n,1032
a r e g l a ɾ s e,2333
a r e g l a ɾ s e l a s,2064
a r e g l a ɾ t e,1750
a r e g l a ɾ t e l a s,1278
a r e g l a s,1486
a r e g l a s t e,1508
a r e g l a t e,1281
a r e g l a t e l a s,1152
a r e g l e,2891
a r e g l e,2670
a r e g l e m o s,732
a r e g l e n,1188
a r e g l e s,709
a r e g l o,8579
a r e g l o,2993
a r e g l o s,4009
a r e p e n t i d a,455
a r e p e n t i d o,1767
a r e p e n t i m j e n t o,1537
a r e p e n t i ɾ,1143
a r e p e n t i ɾ a,855
a r e p e n t i ɾ a s,1997
a r e p e n t i ɾ m e,1159
a r e p e n t i ɾ s e,1670
a r e p e n t i ɾ t e,988
a r e p j e n t a,652
a r e p j e n t e,692
a r e p j e n t e s,1163
a r e p j e n t o,2763
a r e s t a,644
a r e s t a d a,1558
a r e s t a d o,9832
a r e s t a d o s,2089
a r e s t a m o s,1127
a r e s t a n,1116
a r e s t a n d o,690
a r e s t a ɾ,4572
a r e s t a ɾ a n,582
a r e s t a ɾ a n,692
a r e s t a ɾ e,698
a r e s t a ɾ l a,730
a r e s t a ɾ l e,620
a r e s t a ɾ l o,3504
a r e s t a ɾ l o s,880
a r e s t a ɾ m e,2889
a r e s t a ɾ n o s,517
a r e s t a ɾ o n,4198
a r e s t a ɾ t e,1826
a r e s t e,881
a r e s t e n,2330
a r e s t e n l o,1112
a r e s t o,12254
a r e s t o,1367
a r e s t o s,1912
a r i b a,120000
a r j e s g a,1428
a r j e s g a d a,694
a r j e s g a d o,5248
a r j e s g a m o s,964
a r j e s g a n,588
a r j e s g a n d o,1977
a r j e s g a ɾ,4340
a r j e s g a ɾ e,1423
a r j e s g a ɾ i a,945
a r j e s g a ɾ l o,776
a r j e s g a ɾ m e,4849
a r j e s g a ɾ n o s,3550
a r j e s g a ɾ s e,3936
a r j e s g a ɾ t e,1466
a r j e s g a s,1206
a r j e s g a s t e,713
a r j e s g a t e,543
a r j e s g o,1026
a r j e s g o,865
a r j e s g e,624
a r j e s g e,821
a r j e s g e s,512
a r i t m j a,630
a r o d i j a ɾ m e,506
a r o d i j a ɾ s e,1004
a r o d i j a t e,3242
a r o d i j e n s e,587
a r o d i j e s e,536
a r o g a n s i a,2224
a r o g a n t e,4941
a r o g a n t e s,723
a r o x a,2142
a r o x a d o,1321
a r o x a l a,837
a r o x a l o,707
a r o x a m e,528
a r o x a n,495
a r o x a n d o,530
a r o x a ɾ,1966
a r o x a ɾ e,456
a r o x a ɾ l o,521
a r o x a ɾ m e,623
a r o x a ɾ o n,825
a r o x a s,455
a r o x e,918
a r o x e,660
a r o x e n,603
a r o x o,465
a r o x o,2280
a r o i o,3102
a r o i o s,499
a r o s,8841
a r u g a,533
a r u g a d a,555
a r u g a d o,571
a r u g a s,1280
a r w i n a,1851
a r w i n a d a,1653
a r w i n a d o,6585
a r w i n a d o s,962
a r w i n a m o s,458
a r w i n a n,561
a r w i n a n d o,2776
a r w i n a ɾ,7728
a r w i n a ɾ a,1167
a r w i n a ɾ a s,631
a r w i n a ɾ e,477
a r w i n a ɾ i a,913
a r w i n a ɾ l e,590
a r w i n a ɾ l o,2529
a r w i n a ɾ m e,1299
a r w i n a ɾ n o s,458
a r w i n a ɾ o n,1061
a r w i n a ɾ t e,884
a r w i n a s,1097
a r w i n a s t e,3260
a r w i n e,1796
a r w i n e,2544
a r w i n e s,1915
a r w i n o,631
a r w i n o,3909
a ɾ s e n a l,2130
a ɾ s e n i k o,732
a ɾ t e,29096
a ɾ t e f a k t o,2975
a ɾ t e f a k t o s,1523
a ɾ t e ɾ j a,2635
a ɾ t e ɾ j a l,1419
a ɾ t e ɾ j a s,1085
a ɾ t e s,5645
a ɾ t i k o,1406
a ɾ t i k u l a s i o n e s,759
a ɾ t i k u l o,1256
a ɾ t i k u l o,14444
a ɾ t i k u l o s,5984
a ɾ t i f i s i a l,3498
a ɾ t i f i s i a l e s,3849
a ɾ t i j e ɾ i a,3958
a ɾ t i j e ɾ o,836
a ɾ t i s t a,14460
a ɾ t i s t a s,5838
a ɾ t i s t i k a,1466
a ɾ t i s t i k o,2211
a ɾ t ɾ i t i s,961
a ɾ t u ɾ o,3986
a ɾ s o b i s p o,2081
a s,12415
a s a,737
a s a d a,1099
a s a d o,3036
a s a l t a d o,944
a s a l t a n t e,718
a s a l t a n t e s,588
a s a l t a ɾ,1473
a s a l t a ɾ o n,1253
a s a l t o,10560
a s a l t o,718
a s a l t o s,1446
a s a m b l e a,2570
a s a ɾ,524
a s s e n d e n t e,460
a s s e n d e ɾ,1780
a s s e n d i d o,1285
a s s e n d j e n d o,578
a s s e n d j e ɾ o n,754
a s s e n s j o n,655
a s s e n s o,5144
a s s e n s o ɾ,9974
a s s e n s o ɾ e s,1336
a s s i e n d e,778
a s k o,11476
a s e d j o,572
a s e g w ɾ a,3026
a s e g w ɾ a b a,480
a s e g w ɾ a d a,1296
a s e g w ɾ a d o,3479
a s e g w ɾ a d o ɾ a,950
a s e g w ɾ a d o s,623
a s e g w ɾ a m o s,664
a s e g w ɾ a n,832
a s e g w ɾ a n d o,775
a s e g w ɾ a n d o m e,658
a s e g w ɾ a n d o s e,502
a s e g w ɾ a o s,591
a s e g w ɾ a ɾ,6958
a s e g w ɾ a ɾ a,617
a s e g w ɾ a ɾ e,4007
a s e g w ɾ a ɾ e m o s,828
a s e g w ɾ a ɾ l e,2383
a s e g w ɾ a ɾ l e s,860
a s e g w ɾ a ɾ l o,1408
a s e g w ɾ a ɾ m e,19908
a s e g w ɾ a ɾ n o s,8497
a s e g w ɾ a ɾ o n,523
a s e g w ɾ a ɾ s e,9057
a s e g w ɾ a ɾ t e,4518
a s e g w ɾ a t e,22760
a s e g w ɾ e,1039
a s e g w ɾ e,816
a s e g w ɾ e m o n o s,762
a s e g w ɾ e n,1423
a s e g w ɾ e n s e,3547
a s e g w ɾ e s e,4808
a s e g w ɾ o,16731
a s e g w ɾ o,1681
a s e n t a m j e n t o,550
a s e n t a ɾ s e,456
a s e o,657
a s e r a d e ɾ o,582
a s e s,1565
a s e s i n a,6308
a s e s i n a d a,6705
a s e s i n a d a s,1278
a s e s i n a d o,17104
a s e s i n a d o s,4822
a s e s i n a n,683
a s e s i n a n d o,879
a s e s i n a ɾ,6170
a s e s i n a ɾ l a,599
a s e s i n a ɾ l o,1103
a s e s i n a ɾ m e,1419
a s e s i n a ɾ o n,4179
a s e s i n a ɾ t e,756
a s e s i n a s,943
a s e s i n a s t e,1774
a s e s i n a t o,45054
a s e s i n a t o s,12248
a s e s i n e,463
a s e s i n e,1081
a s e s i n o,59375
a s e s i n o,5928
a s e s i n o s,14952
a s e s o ɾ,3071
a s e s o ɾ a,560
a s e s o ɾ a m j e n t o,667
a s e s o ɾ e s,1004
a s f a l t o,936
a s f i k s j a,1077
a s i,1030180
a s j a,3608
a s j a t i k a,1057
a s j a t i k o,1422
a s j a t i k o s,1074
a s j e n t e,504
a s j e n t o,23538
a s j e n t o s,7009
a s i g n a s i o n,1627
a s i g n a d a,715
a s i g n a d o,2595
a s i g n a d o s,623
a s i g n a ɾ,604
a s i g n a ɾ o n,1036
a s i g n o,740
a s i l o,3983
a s i m i l a ɾ,681
a s i s t a,653
a s i s t e,695
a s i s t e n s i a,4813
a s i s t e n t a,693
a s i s t e n t e,13738
a s i s t e n t e s,1845
a s i s t i,530
a s i s t i d o,865
a s i s t j o,843
a s i s t i ɾ,4397
a s i s t i ɾ a,562
a s m a,1993
a s n o,1467
a s o s i a s i o n,5354
a s o s i a s i o n e s,463
a s o s i a d a,746
a s o s i a d o,1668
a s o s i a d o s,1710
a s o s i a ɾ s e,552
a s o m a,600
a s o m b ɾ a,1279
a s o m b ɾ a d a,490
a s o m b ɾ a d o,919
a s o m b ɾ o,909
a s o m b ɾ o s a,3155
a s o m b ɾ o s a s,753
a s o m b ɾ o s o,11169
a s o m b ɾ o s o s,650
a s p e k t o,19423
a s p e k t o s,3024
a s p e n,967
a s p e ɾ o,613
a s p i ɾ a,878
a s p i ɾ a s i o n e s,669
a s p i ɾ a d o ɾ a,1466
a s p i ɾ a n t e,1188
a s p i ɾ a n t e s,753
a s p i ɾ a ɾ,1134
a s p i ɾ i n a,2394
a s p i ɾ i n a s,1418
a s k e ɾ o s a,4023
a s k e ɾ o s a s,1004
a s k e ɾ o s o,13724
a s k e ɾ o s o s,1717
a s t a,1417
a s t e ɾ o i d e,1189
a s t e ɾ o i d e s,900
a s t i j a,1204
a s t i j a s,526
a s t i j e ɾ o,577
a s t o ɾ,1041
a s t ɾ a l,478
a s t ɾ o,980
a s t ɾ o n a u t a,2504
a s t ɾ o n a u t a s,2043
a s t ɾ o n o m i a,793
a s t u s i a,1186
a s t u t a,1546
a s t u t o,5210
a s t u t o s,894
a s u m a,584
a s u m e,1324
a s u m e s,587
a s u m i,1214
a s u m i d o,650
a s u m j e n d o,2327
a s u m i m o s,794
a s u m j o,835
a s u m i ɾ,5237
a s u m i ɾ e,554
a s u m i ɾ l o,506
a s u m o,4683
a s u n t o,64715
a s u n t o s,26267
a s u s t a,10492
a s u s t a b a,993
a s u s t a d a,11863
a s u s t a d o,18359
a s u s t a d o s,3077
a s u s t a m o s,521
a s u s t a n,2519
a s u s t a n d o,3223
a s u s t a ɾ,3470
a s u s t a ɾ l a,1650
a s u s t a ɾ l e,519
a s u s t a ɾ l o,1602
a s u s t a ɾ l o s,1040
a s u s t a ɾ m e,4678
a s u s t a ɾ n o s,1574
a s u s t a ɾ o n,668
a s u s t a ɾ s e,1594
a s u s t a ɾ t e,4530
a s u s t a s,2431
a s u s t a s t e,3888
a s u s t e,2030
a s u s t e,2961
a s u s t e n,706
a s u s t e s,2996
a s u s t o,1419
a s u s t o,4142
a t a,1178
a t a k a,4982
a t a k a d a,1749
a t a k a d o,5049
a t a k a d o s,1709
a t a k a m e,479
a t a k a m o s,1216
a t a k a n,4222
a t a k a n d o,3833
a t a k a n t e,1369
a t a k a n t e s,473
a t a k a ɾ,11893
a t a k a ɾ a,464
a t a k a ɾ a,1288
a t a k a ɾ a n,1159
a t a k a ɾ e m o s,1514
a t a k a ɾ l o,894
a t a k a ɾ l o s,1032
a t a k a ɾ m e,1452
a t a k a ɾ n o s,1848
a t a k a ɾ o n,4988
a t a k a ɾ t e,581
a t a k a s,719
a t a k o,764
a t a k o,7464
a t a d a,2169
a t a d a s,1571
a t a d o,4749
a t a d o s,1407
a t a d u ɾ a s,1145
a t a x o,3276
a t a x o s,469
a t a l o,689
a t a k e,46320
a t a k e m o s,558
a t a k e n,2780
a t a k e s,9403
a t a ɾ,2430
a t a ɾ d e s e ɾ,2932
a t a ɾ l a,514
a t a ɾ l o,1022
a t a ɾ l o s,464
a t a ɾ m e,1174
a t a ɾ o n,720
a t a ɾ t e,874
a t a s k a d a,1437
a t a s k a d o,3555
a t a s k a d o s,894
a t a s k o,610
a t a s k o,891
a l p a,1783
a t a u d,5560
a t a u d e s,1274
a t e,586
a t e,903
a t e n a s,1269
a t e n s i o n,64431
a t e n s i o n e s,768
a t e n d e ɾ,6851
a t e n d e ɾ a,804
a t e n d e ɾ e,751
a t e n d e ɾ l a,534
a t e n d e ɾ l o,998
a t e n d e ɾ m e,891
a t e n d e ɾ t e,536
a t e n d i d o,861
a t e n d j e n d o,1166
a t e n d j o,682
a t e n e a,474
a t e n e ɾ s e,489
a t e n t a,1149
a t e n t a d o,2570
a t e n t a d o s,660
a t e n t a m e n t e,3179
a t e n t o,3678
a t e n t o s,2837
a t e o,802
a t e r a,922
a t e r a d a,989
a t e r a d o,1280
a t e r a d o ɾ,3789
a t e r a d o ɾ a,1105
a t e r i s e,861
a t e r i s e m o s,501
a t e r i s a,1196
a t e r i s a d o,1253
a t e r i s a x e,5971
a t e r i s a m o s,749
a t e r i s a n d o,573
a t e r i s a ɾ,6496
a t e r i s a ɾ e m o s,621
a t e r i s o,1649
a t e r o ɾ i s a,725
a t e r o ɾ i s a d a,1201
a t e r o ɾ i s a d o,1476
a t e r o ɾ i s a d o s,555
a t e s t i g w a ɾ,475
a t i k o,3237
a t j e n d a,1066
a t j e n d a n,704
a t j e n d e,3456
a t j e n d o,1639
a t i l a,710
a t l a n t a,3143
a t l a n t i k o,2464
a t l a s,760
a t l e t a,2191
a t l e t a s,1432
a t l e t i k a,505
a t l e t i k o,620
a t l e t i s m o,661
a t m o s f e ɾ a,6034
a t o,889
a t o m i k a,2219
a t o m i k a s,751
a t o m i k o,553
a t o m o,834
a t o m o s,1050
a t o n t a d o,577
a t o ɾ a d a,754
a t o ɾ a d o,1339
a t o ɾ m e n t a,760
a t o ɾ m e n t a d o,883
a t o ɾ m e n t a ɾ m e,454
a t o ɾ o,614
a t ɾ a k a d o ɾ,455
a t ɾ a k a ɾ,940
a t ɾ a k s i o n,4069
a t ɾ a k s i o n e s,1023
a t ɾ a k o,2715
a t ɾ a k o s,464
a t ɾ a k t i b a,7537
a t ɾ a k t i b a s,1021
a t ɾ a k t i b o,8936
a t ɾ a k t i b o s,1088
a t ɾ a e,4328
a t ɾ a e n,1507
a t ɾ a e ɾ,3499
a t ɾ a e ɾ a,631
a t ɾ a e ɾ l o,653
a t ɾ a e ɾ l o s,554
a t ɾ a e s,585
a t ɾ a i a,626
a t ɾ a i d a,1026
a t ɾ a i d o,1589
a t ɾ a i g o,453
a t ɾ a x o,1425
a t ɾ a p a,3009
a t ɾ a p a d a,4941
a t ɾ a p a d a s,688
a t ɾ a p a d o,13302
a t ɾ a p a d o s,6539
a t ɾ a p a l a,1412
a t ɾ a p a l o,2727
a t ɾ a p a l o s,521
a t ɾ a p a m o s,2626
a t ɾ a p a n,2753
a t ɾ a p a n d o,462
a t ɾ a p a ɾ,11126
a t ɾ a p a ɾ a,747
a t ɾ a p a ɾ a n,537
a t ɾ a p a ɾ a n,1327
a t ɾ a p a ɾ e,1628
a t ɾ a p a ɾ e m o s,1880
a t ɾ a p a ɾ l a,1278
a t ɾ a p a ɾ l e,626
a t ɾ a p a ɾ l o,6571
a t ɾ a p a ɾ l o s,1804
a t ɾ a p a ɾ m e,2531
a t ɾ a p a ɾ n o s,768
a t ɾ a p a ɾ o n,3944
a t ɾ a p a ɾ t e,1887
a t ɾ a p a s,644
a t ɾ a p a s t e,1669
a t ɾ a p e,1518
a t ɾ a p e,2372
a t ɾ a p e m o s,712
a t ɾ a p e n,2483
a t ɾ a p e n l a,710
a t ɾ a p e n l o,3366
a t ɾ a p e n l o s,996
a t ɾ a p o,1042
a t ɾ a p o,3089
a t ɾ a s,106136
a t ɾ a s a d a,1149
a t ɾ a s a d o,2426
a t ɾ a s a d o s,1468
a t ɾ a s o,744
a t ɾ a b e s a d o,1621
a t ɾ a b e s a m o s,642
a t ɾ a b e s a n d o,2224
a t ɾ a b e s a ɾ,5649
a t ɾ a b e s a ɾ l a,634
a t ɾ a b e s a ɾ l o,886
a t ɾ a b e s a ɾ o n,462
a t ɾ a b e s e,525
a t ɾ a b e s o,2377
a t ɾ a b j e s a,2006
a t ɾ a b j e s a n,737
a t ɾ a b j e s e,570
a t ɾ a i e n d o,501
a t ɾ e b a,1070
a t ɾ e b a s,3880
a t ɾ e b e,5104
a t ɾ e b e n,1416
a t ɾ e b e ɾ i a,1640
a t ɾ e b e ɾ i a s,503
a t ɾ e b e ɾ s e,620
a t ɾ e b e s,8819
a t ɾ e b e t e,1139
a t ɾ e b i,599
a t ɾ e b i a,565
a t ɾ e b i d a,977
a t ɾ e b i d o,3096
a t ɾ e b i m j e n t o,644
a t ɾ e b j o,690
a t ɾ e b o,2289
a t ɾ i b u t o s,579
a t ɾ o s e s,548
a t ɾ o s i d a d,669
a t ɾ o s i d a d e s,979
a t ɾ o p e j a d o,1651
a t ɾ o p e j a ɾ,582
a t ɾ o p e j a ɾ o n,499
a t ɾ o p e j e,455
a t ɾ o p e j o,862
a t ɾ o p e j o,1653
a t ɾ o p i n a,558
a t ɾ o s,1666
a t w e n d o,1427
a t u n,2609
a t u ɾ d i d a,461
a t u ɾ d i d o,908
a u d a s i a,902
a u d a s,1745
a u d i s i o n,4755
a u d i s i o n e s,1150
a u d j e n s i a,9733
a u d j e n s i a s,1156
a u d i f o n o,468
a u d i f o n o s,520
a u d j o,2204
a u d i t o ɾ j o,982
a u g w ɾ j o,546
a u g w s t a,682
a u g w s t o,1455
a u l a,1617
a u j a n d o,452
a u m e n t a,3937
a u m e n t a d o,1820
a u m e n t a n,936
a u m e n t a n d o,2113
a u m e n t a ɾ,4363
a u m e n t a ɾ a,652
a u m e n t a ɾ o n,507
a u m e n t e,926
a u m e n t o,6896
a u m e n t o,1118
a u n,227747
a u n k e,114712
a u ɾ a,1121
a u ɾ e l j o,660
a u ɾ i k u l a ɾ,658
a u ɾ i k u l a ɾ e s,958
a u ɾ o ɾ a,1829
a u s e n s i a,5561
a u s e n t e,3075
a u s e n t e s,527
a u s t ɾ a l j a,5020
a u s t ɾ a l j a n o,1012
a u s t ɾ a l j a n o s,521
a u s t ɾ j a,2066
a u t e n t i k a,4385
a u t e n t i k a s,725
a u t e n t i s i d a d,631
a u t e n t i k o,7492
a u t e n t i k o s,1406
a u t o,120911
a u t o b j o g ɾ a f i a,487
a u t o b u s,22542
a u t o b u s e s,2752
a u t o k o n t ɾ o l,461
a u t o d e s t ɾ u k s i o n,1239
a u t o e s t i m a,1808
a u t o g ɾ a f o,3066
a u t o g ɾ a f o s,907
a u t o m a t i k a,1672
a u t o m a t i k a m e n t e,1838
a u t o m a t i k a s,820
a u t o m a t i k o,4029
a u t o m a t i k o s,566
a u t o m o b i l,3910
a u t o m o b i l e s,1340
a u t o m o b i l i s t i k o,785
a u t o n o m i a,563
a u t o p i s t a,6725
a u t o p i s t a s,793
a u t o p s j a,5186
a u t o p s j a s,646
a u t o ɾ,5456
a u t o ɾ a,551
a u t o ɾ e s,1147
a u t o ɾ i d a d,12468
a u t o ɾ i d a d e s,8877
a u t o ɾ i s a,655
a u t o ɾ i s a s i o n,7359
a u t o ɾ i s a d a,1433
a u t o ɾ i s a d o,4328
a u t o ɾ i s a d o s,808
a u t o ɾ i s a ɾ,677
a u t o ɾ i s o,1208
a u t o s,16488
a u t o s t o p,488
a u k s i l j a ɾ,1938
a u k s i l j a ɾ e s,870
a u k s i l j o,11063
a u k s i l j o s,1232
a b a l a n tʃ a,968
a b a n s e,4802
a b a n s e n,2505
a b a n s e s,1753
a b a n s a,3679
a b a n s a d a,3721
a b a n s a d a s,747
a b a n s a d o,3586
a b a n s a d o s,981
a b a n s a m o s,913
a b a n s a n,1011
a b a n s a n d o,4278
a b a n s a ɾ,4702
a b a n s o,491
a b a ɾ i s i a,1700
a b a ɾ o,717
a b a t a ɾ,3246
a b e,6564
a b e s i n a,993
a b e n a,1690
a b e n i d a,6241
a b e n t o n,1524
a b e n t u ɾ a,13665
a b e n t u ɾ a s,4199
a b e n t u ɾ e ɾ o,983
a b e ɾ g o n s a d a,3095
a b e ɾ g o n s a d o,5075
a b e ɾ g o n s a d o s,601
a b e ɾ g o n s a n d o,665
a b e ɾ g o n s a ɾ,680
a b e ɾ g o n s a ɾ m e,1930
a b e ɾ g o n s a ɾ s e,3428
a b e ɾ g o n s a ɾ t e,3084
a b e ɾ g w e n s e,486
a b e ɾ g w e n s e s,870
a b e ɾ g w e n s a,2164
a b e ɾ g w e n s a s,1155
a b e ɾ i a,1089
a b e ɾ j a d o,894
a b e ɾ i g w a,4395
a b e ɾ i g w a s i o n e s,508
a b e ɾ i g w a d o,2204
a b e ɾ i g w a l o,1299
a b e ɾ i g w a m o s,1124
a b e ɾ i g w a n d o,686
a b e ɾ i g w a ɾ,19887
a b e ɾ i g w a ɾ e,1766
a b e ɾ i g w a ɾ e m o s,1841
a b e ɾ i g w a ɾ l o,13840
a b e ɾ i g w a ɾ o n,482
a b e ɾ i g w a s,642
a b e ɾ i g w a s t e,1486
a b e ɾ i g w e,1725
a b e ɾ i g w e,1207
a b e ɾ i g w e m o s,958
a b e ɾ i g w e m o s l o,746
a b e ɾ i g w e n,861
a b e ɾ i g w e s,581
a b e ɾ i g w o,687
a b e ɾ i g w o,1347
a b e ɾ j o,631
a b e ɾ s j o n,625
a b e s,5537
a b e s t ɾ u s,619
a b i,617
a b j a s i o n,2015
a b j a d o ɾ,700
a b j o n,52399
a b j o n e s,13355
a b j o n e t a,494
a b i s a,2622
a b i s a d o,3329
a b i s a l e,881
a b i s a m e,7550
a b i s a m o s,460
a b i s a n d o,538
a b i s a n o s,641
a b i s a ɾ,5186
a b i s a ɾ e,3047
a b i s a ɾ e m o s,778
a b i s a ɾ l e,3764
a b i s a ɾ l e s,1428
a b i s a ɾ m e,2890
a b i s a ɾ n o s,1088
a b i s a ɾ o n,1121
a b i s a ɾ t e,2206
a b i s a s,718
a b i s a s t e,862
a b i s e,1832
a b i s e,1248
a b i s e m e,2557
a b i s e n,947
a b i s e n m e,1343
a b i s o,11954
a b i s o,2002
a b i s o s,1293
a b i s p a,725
a b i s p a s,641
a b i s p o n,1109
a k s i l a s,452
a i,75234
a i e ɾ,59232
a i u d a,144768
a i u d a b a,2211
a i u d a d m e,2978
a i u d a d o,8145
a i u d a l a,1374
a i u d a l e,1764
a i u d a l o,1684
a i u d a m e,57288
a i u d a m o s,2120
a i u d a n,3811
a i u d a n d o,10409
a i u d a n d o l o,476
a i u d a n d o m e,1127
a i u d a n d o n o s,554
a i u d a n d o t e,728
a i u d a n o s,4678
a i u d a n t e,9829
a i u d a n t e s,1861
a i u d a ɾ,75215
a i u d a ɾ a,3238
a i u d a ɾ a,12670
a i u d a ɾ a n,516
a i u d a ɾ a n,2085
a i u d a ɾ a s,953
a i u d a ɾ a s,2741
a i u d a ɾ e,9277
a i u d a ɾ e m o s,2179
a i u d a ɾ i a,6172
a i u d a ɾ i a n,532
a i u d a ɾ i a s,1168
a i u d a ɾ l a,21347
a i u d a ɾ l a s,978
a i u d a ɾ l e,31145
a i u d a ɾ l e s,8028
a i u d a ɾ l o,25287
a i u d a ɾ l o s,10682
a i u d a ɾ m e,56947
a i u d a ɾ n o s,25705
a i u d a ɾ o n,2223
a i u d a ɾ o s,2423
a i u d a ɾ s e,1235
a i u d a ɾ t e,73205
a i u d a s,7753
a i u d a s t e,3592
a i u d e,22481
a i u d e,4015
a i u d e l o,507
a i u d e m e,12280
a i u d e m o s,684
a i u d e n,2834
a i u d e n l o,953
a i u d e n m e,17656
a i u d e n n o s,1739
a i u d e n o s,2462
a i u d e s,4322
a i u d o,8494
a i u d o,10907
a i u n o,494
a i u n t a m j e n t o,4089
a s a f a t a,1362
a s a ɾ,5994
a s o t a d o,454
a s o t a ɾ,550
a s o t e,839
a s o t e a,2305
a s o t e s,899
a s t e k a,536
a s t e k a s,457
a s u k a ɾ,13072
a s u f ɾ e,1111
a s u l,33671
a s u l e s,8369
b a b a,2186
b a b e,1668
b a b i l o n j a,1465
b a b o ɾ,2466
b a b o s a,539
b a k a l a o,894
b a tʃ e,693
b a tʃ e s,666
b a tʃ i j e ɾ a t o,1790
b a k o n,1428
b a k t e ɾ j a,1146
b a k t e ɾ j a s,1461
b a a m a s,1140
b a i a,5917
b a i l a,8175
b a i l a b a,1093
b a i l a d o,1062
b a i l a m o s,2435
b a i l a n,1693
b a i l a n d o,8172
b a i l a ɾ,33699
b a i l a ɾ e,766
b a i l a ɾ e m o s,599
b a i l a ɾ i n,2818
b a i l a ɾ i n a,5277
b a i l a ɾ i n a s,1648
b a i l a ɾ i n e s,1511
b a i l a s,2632
b a i l e,35327
b a i l e,549
b a i l e m o s,1925
b a i l e n,832
b a i l e s,2687
b a i l o,2326
b a i l o,534
b a x a,43028
b a x a b a,1045
b a x a d,1266
b a x a d a,786
b a x a d o,4188
b a x a l a,3530
b a x a l o,3054
b a x a m e,3648
b a x a m o s,2626
b a x a n,2045
b a x a n d o,7340
b a x a ɾ,25191
b a x a ɾ a,744
b a x a ɾ a,1432
b a x a ɾ e,2684
b a x a ɾ e m o s,1155
b a x a ɾ l a,906
b a x a ɾ l e,964
b a x a ɾ l o,1651
b a x a ɾ m e,2136
b a x a ɾ n o s,578
b a x a ɾ o n,1488
b a x a ɾ s e,1737
b a x a ɾ t e,1432
b a x a s,7976
b a x a s t e,871
b a x a t e,8445
b a x e,9372
b a x e,2447
b a x e l a,510
b a x e m e,635
b a x e m o s,1675
b a x e n,7051
b a x e n l a s,494
b a x e n l o,1322
b a x e n m e,852
b a x e n s e,1245
b a x e s,2194
b a x e s e,1837
b a x i t o,1601
b a x o,124790
b a x o,4721
b a x o s,4623
b a l a,22776
b a l a d a,505
b a l a n s e,2387
b a l a n s a,1219
b a l a s,17194
b a l a s o,1817
b a l a s o s,1297
b a l b o a,1729
b a l k o n,3209
b a l d e,1590
b a l e a d o,452
b a l i,772
b a l i s t i k a,1485
b a l i s a,591
b a j e n a,3738
b a j e n a s,3005
b a j e s t a,498
b a j e t,4170
b a l n e a ɾ j o,582
b a l o n,5542
b a l o n s e s t o,3792
b a l s a,2046
b a l t i m o ɾ e,4083
b a m b u,1009
b a n a l,575
b a n a n a,2155
b a n a n a s,1114
b a n k a,2340
b a n k a ɾ j a,1836
b a n k a ɾ j a s,1029
b a n k a ɾ j o,1020
b a n k a ɾ j o s,725
b a n k a r o t a,2110
b a n k o,38752
b a n k o s,7746
b a n d a,27037
b a n d a d a,467
b a n d a s,4601
b a n d e x a,3514
b a n d e x a s,552
b a n d e ɾ a,10317
b a n d e ɾ a s,2068
b a n d i d o,3318
b a n d i d o s,3909
b a n d o,3345
b a n d o s,1118
b a n g,4408
b a n g k o k,1614
b a n x o,885
b a n k e ɾ o,2373
b a n k e ɾ o s,1326
b a n k e t e,3739
b a n k e t e s,469
b a n k i j o,929
b a ɲ a,510
b a ɲ a d o,943
b a ɲ a d o ɾ,637
b a ɲ a n d o,471
b a ɲ a n d o s e,458
b a ɲ a ɾ,790
b a ɲ a ɾ m e,2155
b a ɲ a ɾ n o s,684
b a ɲ a ɾ s e,2357
b a ɲ a ɾ t e,1546
b a ɲ e ɾ a,5084
b a ɲ o,57223
b a ɲ o s,4555
b a ɾ,35725
b a ɾ a x a,1136
b a ɾ a n d i j a,605
b a ɾ a t a,4342
b a ɾ a t a s,1781
b a ɾ a t i x a s,640
b a ɾ a t o,9193
b a ɾ a t o s,2266
b a ɾ b a,7651
b a ɾ b a k o a,2428
b a ɾ b a ɾ a,4537
b a ɾ b a ɾ i d a d,1029
b a ɾ b a ɾ o,2233
b a ɾ b a ɾ o s,1555
b a ɾ b a s,798
b a ɾ b e ɾ i a,704
b a ɾ b e ɾ o,1880
b a ɾ b j e,2165
b a ɾ b i j a,1939
b a ɾ k a,2956
b a ɾ k a s a,710
b a ɾ s e l o n a,1651
b a ɾ k o,53524
b a ɾ k o s,9396
b a ɾ e s,3433
b a ɾ m a n,1267
b a ɾ o n,7066
b a ɾ o n e s a,2075
b a ɾ k e ɾ o,479
b a r a,8040
b a r a k a,831
b a r a k a s,840
b a r a k o n e s,603
b a r a n k o,1185
b a r a s,3947
b a r e,616
b a r e ɾ,1116
b a r e ɾ a,3666
b a r e ɾ a s,1360
b a r i k a d a,1081
b a r i k a d a s,1065
b a r i d o,1147
b a r j e n d o,492
b a r i g a,3032
b a r i l,3411
b a r i l e s,2125
b a r j o,16576
b a r j o s,2144
b a r o,4396
b a r o t e s,1143
b a ɾ u j o,485
b a s a,2973
b a s a d a,3584
b a s a d a s,656
b a s a d o,4845
b a s a d o s,1172
b a s a n,666
b a s a n d o m e,1686
b a s a n d o n o s,1035
b a s a n d o s e,1707
b a s e,38314
b a s e b a j,1502
b a s e s,3990
b a s i k a,1962
b a s i k a m e n t e,1010
b a s i k a m e n t e,9954
b a s i k a s,1449
b a s i k o,3459
b a s i k o s,1461
b a s k e t b a j,560
b a s k e t,541
b a s t a,88247
b a s t a b a,780
b a s t a n,522
b a s t a n t e,106301
b a s t a n t e s,4595
b a s t a ɾ,664
b a s t a ɾ a,1907
b a s t a ɾ d o,19961
b a s t a ɾ d o s,6940
b a s t a ɾ i a,737
b a s t i d o ɾ e s,874
b a s t i j a,453
b a s t o,770
b a s t o n,3851
b a s u ɾ a,43145
b a s u ɾ a s,700
b a s u ɾ e ɾ o,3204
b a s u ɾ e ɾ o s,504
b a t a,4046
b a t a j a,29481
b a t a j a s,3788
b a t a j o n e s,468
b a t a s,492
b a t e,3999
b a t e a,661
b a t e a d o ɾ,1026
b a t e a n,655
b a t e a ɾ,962
b a t e n,482
b a t e o,474
b a t e ɾ i a,7567
b a t e ɾ i a s,2904
b a t e ɾ i s t a,1039
b a t e s,3076
b a t i d a,665
b a t i d o,2028
b a t i d o s,457
b a t i ɾ,1075
b a t i ɾ s e,472
b a t i s t a,1147
b a t m a n,6805
b a u l,3839
b a u t i s m o,836
b a u t i s t a,998
b a u t i s a d o,842
b a u t i s o,902
b a i a s,847
b a i o n e t a,754
b a i o n e t a s,686
b a s a ɾ,515
b a s o,1233
b e a,1249
b e a t ɾ i s,718
b e b a,3777
b e b a m o s,2204
b e b a n,1501
b e b a s,1869
b e b e,25723
b e b e,82879
b e b e d,557
b e b e d o ɾ,681
b e b e l o,1075
b e b e m o s,1397
b e b e n,2146
b e b e ɾ,36517
b e b e ɾ e,1350
b e b e ɾ e m o s,864
b e b e ɾ l a,492
b e b e ɾ l o,1044
b e b e s,5723
b e b e s,10407
b e b e t e,653
b e b e t e l o,1252
b e b i,2156
b e b i a,2034
b e b i d a,14611
b e b i d a s,6606
b e b i d o,7164
b e b j e n d o,10931
b e b i m o s,847
b e b j o,2179
b e b i s t e,1374
b e b i t a,459
b e b i t o,512
b e b o,6311
b e k a,4708
b e k a s,721
b e i x e,686
b e i x i n g,885
b e i ɾ u t,1233
b e i s b o l,8188
b e l e n,543
b e l f a s t,799
b e l g a,1099
b e l g a s,577
b e l x i k a,1456
b e l g ɾ a d o,977
b e l i n d a,710
b e j a,23534
b e j a s,3988
b e j e s a,23036
b e j e s a s,1250
b e j i s i m a,1079
b e j i s i m o,725
b e j o,8294
b e j o s,1545
b e m o l,554
b e n d e s i d a,530
b e n d e s i d o,1406
b e n d e s i d o s,562
b e n d e s i ɾ,686
b e n d e ɾ,2240
b e n d i s e,1460
b e n d i s e m e,454
b e n d i s i o n,6651
b e n d i s i o n e s,1736
b e n d i g a,10416
b e n d i g a m e,551
b e n d i t a,3424
b e n d i t o,4425
b e n d i t o s,870
b e n e f a k t o ɾ,767
b e n e f i k a,832
b e n e f i s e n s i a,1487
b e n e f i s i a,974
b e n e f i s i a ɾ s e,944
b e n e f i s i o,6095
b e n e f i s i o s,6140
b e n e f i s i o s o,585
b e n e f i k o,503
b e n g a l a,1294
b e n g a l a s,794
b e n i g n o,584
b e n i t o,685
b e n x a m i n,1748
b e ɾ l i n,9475
b e ɾ m u d a s,1028
b e ɾ n a ɾ d o,1146
b e ɾ t a,1325
b e s a,2811
b e s a b a,745
b e s a d o,2969
b e s a l a,1078
b e s a l o,745
b e s a m e,9141
b e s a m o s,1766
b e s a n,913
b e s a n d o,2450
b e s a n d o n o s,528
b e s a n d o s e,1015
b e s a ɾ,7065
b e s a ɾ a,466
b e s a ɾ e,622
b e s a ɾ i a,468
b e s a ɾ l a,2443
b e s a ɾ l e,1009
b e s a ɾ l o,1340
b e s a ɾ m e,5489
b e s a ɾ n o s,1376
b e s a ɾ s e,1505
b e s a ɾ t e,5783
b e s a s,1801
b e s a s t e,1821
b e s e,1498
b e s e,2150
b e s e s,829
b e s i t o,1575
b e s o,26807
b e s o,2577
b e s o s,5668
b e s t j a,14777
b e s t j a l,556
b e s t j a s,3788
b e t a,2119
b i,1393
b j a n k a,1993
b i b e ɾ o n,685
b i b l j a,10193
b i b l j a s,478
b i b l i k o,584
b i b l j o t e k a,11963
b i b l j o t e k a ɾ j a,552
b i b l j o t e k a ɾ j o,669
b i b l j o t e k a s,536
b i k a ɾ b o n a t o,608
b i s e p s,521
b i tʃ o,4451
b i tʃ o s,4015
b i s i,3291
b i s i k l e t a,8612
b i s i k l e t a s,1255
b j e n,2271161
b j e n a b e n t u ɾ a d o s,546
b j e n e s,6500
b j e n e s t a ɾ,3898
b j e n b e n i d a,25335
b j e n b e n i d a s,1265
b j e n b e n i d o,34087
b j e n b e n i d o s,20366
b i g o t e,4826
b i g o t e s,1057
b i k i n i,1526
b i j a ɾ,3285
b i j e t e,8184
b i j e t e ɾ a,4550
b i j e t e s,8592
b i j o n,1040
b i j o n e s,3564
b i n g o,5468
b i n o k u l a ɾ e s,742
b j o g ɾ a f i a,1183
b j o l o x i a,2177
b j o l o x i k a,1864
b j o l o x i k a s,871
b j o l o x i k o,2066
b j o l o x i k o s,883
b j o p s j a,1969
b j o k i m i k a,586
b i p,675
b i p o l a ɾ,461
b i ɾ m a n j a,811
b i s,505
b i s a b w e l a,493
b i s a b w e l o,1104
b i s e k s w a l,605
b i s t e k,2016
b i s t u ɾ i,1237
b i t,784
b i t a k o ɾ a,1959
b i s a r o,564
b i s k o tʃ o,1167
b i s k o tʃ o s,995
b l a,6300
b l a n k a,28260
b l a n k a n j e b e s,724
b l a n k a s,5655
b l a n k o,54234
b l a n k o s,16268
b l a n d a,1018
b l a n d o,2618
b l a n d o s,581
b l a n k i t o,1067
b l a s f e m j a,1127
b l a s f e m o,507
b l e d o,2109
b l i n d a d o,1438
b l i n d a d o s,689
b l i n d a x e,453
b l o k k,1131
b l o g,1581
b l o k e,3758
b l o k e a,1637
b l o k e a d a,1385
b l o k e a d a s,647
b l o k e a d o,3018
b l o k e a d o s,637
b l o k e a n d o,1622
b l o k e a ɾ,2044
b l o k e e n,585
b l o k e o,3954
b l o k e o,627
b l o k e s,1682
b l w e s,2656
b l u s a,2648
b o a,913
b o b a,1649
b o b a d a,533
b o b a d a s,1480
b o b i n a,498
b o b i n a s,524
b o b o,4189
b o b o s,844
b o k a,62578
b o k a d i j o,2077
b o k a d i j o s,1815
b o k a d o,2067
b o k a s,1719
b o k a s a,556
b o k a s a s,1217
b o s e t o,537
b o s e t o s,652
b o s i n a,1599
b o k o n,677
b o k o t a,660
b o d a,41819
b o d a s,7887
b o d e g a,4246
b o d i,647
b o f e t a d a,1993
b o f e t a d a s,634
b o e m j a,507
b o i n a,522
b o l,784
b o l a,15192
b o l a s,11111
b o l tʃ e b i k e,468
b o l tʃ e b i k e s,622
b o l e ɾ a,720
b o l e t i n,1850
b o l e t o,6221
b o l e t o s,5888
b o l i,824
b o l i tʃ e,783
b o l i g ɾ a f o,2564
b o l i t a s,667
b o l i b j a,1130
b o j o,1132
b o j o s,1258
b o l o n j a,467
b o l o s,2743
b o l s a,30509
b o l s a s,7418
b o l s i j o,15010
b o l s i j o s,5683
b o l s i t a,532
b o l s o,13220
b o l s o n,1535
b o l s o s,1357
b o l u d o,1065
b o m b a,32553
b o m b a ɾ d e a d o,543
b o m b a ɾ d e a n,453
b o m b a ɾ d e a ɾ,1126
b o m b a ɾ d e a ɾ o n,472
b o m b a ɾ d e o,2882
b o m b a ɾ d e o s,1016
b o m b a ɾ d e ɾ o,1266
b o m b a ɾ d e ɾ o s,1899
b o m b a s,13196
b o m b a i,1465
b o m b e a,495
b o m b e a ɾ,558
b o m b e ɾ o,2376
b o m b e ɾ o s,6051
b o m b i j a,1018
b o m b i j a s,498
b o m b o n,1786
b o m b o n s i t o,625
b o m b o n e s,1207
b o n,2558
b o n d a d,5552
b o n d a d o s a,486
b o n d a d o s o,973
b o n i f i k a s i o n,604
b o n i t a,38955
b o n i t a s,7472
b o n i t o,53746
b o n i t o s,5617
b o n o,1995
b o n o s,2914
b o o x i e,1171
b o o k,687
b o o m,2722
b o ɾ d a,2299
b o ɾ d a d o,546
b o ɾ d e,8794
b o ɾ d e n,667
b o ɾ d e s,1113
b o ɾ d o,19816
b o r a,1473
b o r a tʃ a,5649
b o r a tʃ e ɾ a,1172
b o r a tʃ o,22494
b o r a tʃ o s,4321
b o r a d a,493
b o r a d o,2581
b o r a d o ɾ,1291
b o r a d o s,569
b o r a n d o,533
b o r a ɾ,4121
b o r a ɾ l o,1135
b o r a ɾ o n,466
b o r e,534
b o r o,1019
b o r o n,1146
b o r o s a,857
b o r o s o,1149
b o s n j a,1085
b o s k e,26694
b o s k e x o,475
b o s k e s,4722
b o s t o n,9724
b o t a,3099
b o t a n i k o,489
b o t a ɾ,762
b o t a s,10995
b o t e,19614
b o t e j a,21854
b o t e j a s,5827
b o t e s,4062
b o t i n,3180
b o t i k i n,1343
b o t o n,10550
b o t o n e s,5382
b o u t i k e,502
b o b e d a,4028
b o k s e a d o ɾ,2845
b o k s e a d o ɾ e s,816
b o k s e a ɾ,1027
b o k s e o,3768
b o i a,587
b o i s,1693
b ɾ a g a,711
b ɾ a g a s,2513
b ɾ a g e t a,538
b ɾ a n d i,3730
b ɾ a s i l,4423
b ɾ a s i l e ɲ a,544
b ɾ a s i l e ɲ o,649
b ɾ a b a,514
b ɾ a b o,16410
b ɾ a b o s,487
b ɾ a s a l e t e,2557
b ɾ a s a l e t e s,746
b ɾ a s o,31068
b ɾ a s o s,25876
b ɾ e a,505
b ɾ e tʃ a,2431
b ɾ e t a ɲ a,3280
b ɾ e b e,8310
b ɾ e b e m e n t e,1201
b ɾ e b e s,906
b ɾ i b o n,1689
b ɾ i b o n e s,492
b ɾ i g a d a,4478
b ɾ i g a d a s,582
b ɾ i j a,4716
b ɾ i j a b a,808
b ɾ i j a n,1400
b ɾ i j a n d o,1525
b ɾ i j a n t e,26164
b ɾ i j a n t e s,5814
b ɾ i j a ɾ,2226
b ɾ i j a ɾ a,473
b ɾ i j e,933
b ɾ i j o,4356
b ɾ i n d a,920
b ɾ i n d a m o s,653
b ɾ i n d a ɾ,2342
b ɾ i n d e m o s,2665
b ɾ i n d i s,6713
b ɾ i n d o,2238
b ɾ i s a,3327
b ɾ i t a n i k a,3051
b ɾ i t a n i k a s,716
b ɾ i t a n i k o,5941
b ɾ i t a n i k o s,4487
b ɾ o tʃ e,1571
b ɾ o k o l i,540
b ɾ o m a,41586
b ɾ o m a s,7728
b ɾ o m e a,2368
b ɾ o m e a b a,3618
b ɾ o m e a n,464
b ɾ o m e a n d o,31505
b ɾ o m e a ɾ,2066
b ɾ o m e a s,9438
b ɾ o m e e s,1817
b ɾ o m e o,4161
b ɾ o m i s t a,1333
b ɾ o n k a,1155
b ɾ o n s e,1762
b ɾ o n s e a d o,1841
b ɾ o n k o,543
b ɾ o t e,1292
b ɾ o t e s,621
b ɾ u x a,14201
b ɾ u x a s,5820
b ɾ u x e ɾ i a,1937
b ɾ u x o,1747
b ɾ u x o s,544
b ɾ u x u l a,2549
b ɾ u m a,556
b ɾ u n o,4920
b ɾ u s k a m e n t e,546
b ɾ u s k o,1197
b ɾ u s e l a s,1298
b ɾ u t a,858
b ɾ u t a l,3856
b ɾ u t a l e s,799
b ɾ u t a l i d a d,1337
b ɾ u t a l m e n t e,1195
b ɾ u t o,4060
b ɾ u t o s,700
b u k a l,623
b u k a ɾ e s t,469
b u s e a ɾ,969
b u s e o,1342
b u d a,3365
b u d a p e s t,1218
b u d i n,909
b u d i s t a,962
b w e n,250826
b w e n a,263234
b w e n a s,179974
b w e n i s i m a,1296
b w e n i s i m o,2523
b w e n o,924565
b w e n o s,134106
b w e i,1807
b w e i e s,643
b u f a l o,2059
b u f a l o s,1164
b u f a n d a,1961
b u f e t e,1706
b u f f e t,1218
b u f o n,1382
b u o,1351
b u o s,452
b w i t ɾ e,1053
b w i t ɾ e s,1638
b u l e b a ɾ,592
b u l g a ɾ j a,550
b u j d o g,697
b u l t o,1395
b u l t o s,475
b u n k e ɾ,1311
b u k e,2423
b u k e s,918
b u ɾ b u x a,2255
b u ɾ b u x a s,2882
b u ɾ d e l,2254
b u ɾ d e o s,560
b u ɾ x e ɾ,1075
b u ɾ g e s,731
b u ɾ g e s a,619
b u ɾ g e s e s,509
b u ɾ g e s i a,586
b u ɾ l a,2596
b u ɾ l a d o,718
b u ɾ l a n,1077
b u ɾ l a n d o,1959
b u ɾ l a n d o s e,831
b u ɾ l a ɾ,698
b u ɾ l a ɾ m e,750
b u ɾ l a ɾ s e,2648
b u ɾ l a ɾ t e,1874
b u ɾ l a s,1624
b u ɾ l a t e,567
b u ɾ l e,475
b u ɾ l e s,1281
b u ɾ l o,488
b u ɾ o k ɾ a s i a,957
b u ɾ o k ɾ a t a,574
b u ɾ o k ɾ a t a s,610
b u r i t o,821
b u r o,5881
b u r o s,962
b u s,4002
b u s k a,42116
b u s k a b a,9321
b u s k a b a m o s,1238
b u s k a b a n,2178
b u s k a b a s,2200
b u s k a d,978
b u s k a d o,8727
b u s k a d o ɾ,2969
b u s k a d o ɾ e s,593
b u s k a d o s,1020
b u s k a i s,521
b u s k a l a,1108
b u s k a l e,534
b u s k a l o,2272
b u s k a m e,2198
b u s k a m o s,12260
b u s k a n,11552
b u s k a n d o,85406
b u s k a n d o l a,1992
b u s k a n d o l e,837
b u s k a n d o l o,3265
b u s k a n d o l o s,694
b u s k a n d o m e,1913
b u s k a n d o n o s,732
b u s k a n d o t e,4662
b u s k a ɾ,68767
b u s k a ɾ a,1383
b u s k a ɾ a,1379
b u s k a ɾ a n,1157
b u s k a ɾ a s,457
b u s k a ɾ e,7127
b u s k a ɾ e m o s,3172
b u s k a ɾ i a,1041
b u s k a ɾ l a,8228
b u s k a ɾ l a s,1754
b u s k a ɾ l e,4857
b u s k a ɾ l e s,578
b u s k a ɾ l o,17598
b u s k a ɾ l o s,4441
b u s k a ɾ m e,11095
b u s k a ɾ n o s,2654
b u s k a ɾ o n,1266
b u s k a ɾ o s,468
b u s k a ɾ s e,1020
b u s k a ɾ t e,13907
b u s k a s,12784
b u s k a s t e,1628
b u s k a t e,3722
b u s k o,18165
b u s k o,2787
b u s k e,6207
b u s k e,5340
b u s k e d a,17025
b u s k e d a s,548
b u s k e l o,521
b u s k e m o s,3321
b u s k e n,5800
b u s k e n l o,689
b u s k e s,2088
b u s k e s e,556
b u s t o,939
b u s o,992
b u s o n,3166
b u s o s,687
b i p a s s,816
k a b a l e s,1022
k a b a l g a,1064
k a b a l g a n d o,1107
k a b a l g a ɾ,1901
k a b a j e ɾ i a,4005
k a b a j e ɾ o,27934
k a b a j e ɾ o s,63784
k a b a j e ɾ o s o,467
k a b a j i t o,1102
k a b a j o,41304
k a b a j o s,23508
k a b a ɲ a,7861
k a b a ɲ a s,696
k a b a ɾ e t,1268
k a b e,4233
k a b e s e ɾ a,872
k a b e s i j a,467
k a b e s i t a,795
k a b e j e ɾ a,938
k a b e j o,22264
k a b e j o s,2019
k a b e j u d o,583
k a b e n,818
k a b e ɾ,536
k a b e s a,177317
k a b e s a s,12099
k a b e s o n,725
k a b e s o t a,1089
k a b i n a,8501
k a b i n a s,638
k a b l e,11705
k a b l e a d o,711
k a b l e s,5056
k a b o,23407
k a b o s,1890
k a b ɾ a,6024
k a b ɾ a s,2226
k a b ɾ e a d a,735
k a b ɾ e a d o,1708
k a b ɾ o n,25569
k a b ɾ o n a,937
k a b ɾ o n a s o,882
k a b ɾ o n e s,6875
k a k a,4283
k a k a w e t e,995
k a k a w e t e s,1014
k a k a o,814
k a s e ɾ i a,4079
k a s e ɾ o l a,462
k a tʃ a r o,1161
k a tʃ e m i ɾ a,744
k a tʃ o n d a,601
k a tʃ o n d o,1006
k a tʃ o r i t o,1266
k a tʃ o r o,3247
k a tʃ o r o s,1916
k a k t u s,1130
k a d a,225746
k a d a b e ɾ,16407
k a d a b e ɾ e s,8873
k a d e n a,15509
k a d e n a s,5129
k a d e ɾ a,2716
k a d e ɾ a s,2744
k a d e t e,1485
k a d e t e s,960
k a e,17871
k a e m o s,1218
k a e n,5968
k a e ɾ,24499
k a e ɾ a,4792
k a e ɾ a n,1693
k a e ɾ a s,771
k a e ɾ e,710
k a e ɾ e m o s,503
k a e ɾ i a,1504
k a e ɾ l e,870
k a e ɾ m e,1712
k a e ɾ s e,3462
k a e ɾ t e,1498
k a e s,4859
k a f e,72065
k a f e i n a,1269
k a f e s,2175
k a f e t e ɾ a,1263
k a f e t e ɾ i a,5899
k a g a,1326
k a g a d a,1824
k a g a d o,2195
k a g a n,564
k a g a n d o,1505
k a g a ɾ,3943
k a g a ɾ l a,682
k a g a ɾ m e,532
k a g a ɾ s e,636
k a g a s,765
k a g a s t e,906
k a g o,3306
k a g o,942
k a g o n,521
k a g e,548
k a g e,941
k a g e s,526
k a i,5345
k a i a,2936
k a i a n,806
k a i d a,8877
k a i d a s,804
k a i d o,15137
k a i d o s,1576
k a i g a,5959
k a i g a n,1496
k a i g a s,1322
k a i g o,3543
k a i m a n,1383
k a i m a n e s,681
k a i m o s,726
k a i n,664
k a i ɾ o,2107
k a i s t e,2496
k a x a,49270
k a x a s,11546
k a x e ɾ a,778
k a x e ɾ o,2654
k a x e ɾ o s,572
k a x i t a,996
k a x o n,5504
k a x o n e s,1383
k a x w e l a,776
k a l,5439
k a l a,533
k a l a b a s a,2526
k a l a b a s a s,858
k a l a b o s o,3182
k a l a b o s o s,463
k a l a d a,505
k a l a m a ɾ,988
k a l a m a ɾ e s,635
k a l a m b ɾ e,812
k a l a m b ɾ e s,621
k a l a m i d a d,679
k a l a ɲ a,626
k a l a b e ɾ a,1637
k a l a b e ɾ a s,562
k a l s e t i n,1061
k a l s e t i n e s,4487
k a l s i o,951
k a l k u l a,875
k a l k u l a d o,1534
k a l k u l a d o ɾ a,720
k a l k u l a n d o,522
k a l k u l a ɾ,1681
k a l k u l e,481
k a l k u l o,1281
k a l k u l o,2140
k a l k u l o s,3561
k a l k u t a,940
k a l d e ɾ a,1498
k a l d e ɾ a s,734
k a l d e ɾ o,514
k a l d o,1317
k a l e,610
k a l e f a k s i o n,2442
k a l e n d a ɾ j o,3419
k a l e n d a ɾ j o s,460
k a l e n t a d o ɾ,917
k a l e n t a m j e n t o,2360
k a l e n t a n d o,1375
k a l e n t a ɾ,2153
k a l e n t a ɾ m e,612
k a l e n t a ɾ s e,1128
k a l e n t a ɾ t e,752
k a l e n t i t o,577
k a l i b ɾ e,4099
k a l i d a,2028
k a l i d a d,9096
k a l i d a s,458
k a l i d e s,714
k a l i d o,2766
k a l i d o s,518
k a l j e n t a,1793
k a l j e n t e,35246
k a l j e n t e s,6065
k a l i f a,453
k a l i f i k a,562
k a l i f i k a s i o n,848
k a l i f i k a s i o n e s,1756
k a l i f i k a d a,566
k a l i f i k a d o,1381
k a l i f i k a ɾ,539
k a l i f o ɾ n j a,18351
k a l i g ɾ a f i a,909
k a l i s,916
k a j a,10825
k a j a d a,2740
k a j a d o,6533
k a j a d o s,1678
k a j a n,544
k a j a o s,1709
k a j a ɾ,4832
k a j a ɾ a,519
k a j a ɾ a s,566
k a j a ɾ e,560
k a j a ɾ m e,1540
k a j a ɾ o s,557
k a j a ɾ s e,2574
k a j a ɾ t e,5288
k a j a s,2546
k a j a t e,134641
k a j e,75422
k a j e x e ɾ a,1109
k a j e x e ɾ o,1680
k a j e x e ɾ o s,653
k a j e x o n,7446
k a j e x o n e s,772
k a j e n,1139
k a j e n s e,9143
k a j e s,20863
k a j e s e,11195
k a j o,1259
k a j o,558
k a j o s,589
k a l m a,37664
k a l m a d a,1223
k a l m a d o,3435
k a l m a d o s,767
k a l m a n t e,891
k a l m a n t e s,943
k a l m a o s,1055
k a l m a ɾ,2312
k a l m a ɾ a,781
k a l m a ɾ l a,668
k a l m a ɾ l o,800
k a l m a ɾ m e,2355
k a l m a ɾ n o s,1658
k a l m a ɾ s e,2690
k a l m a ɾ t e,4778
k a l m a s,639
k a l m a t e,55015
k a l m e,2458
k a l m e m o n o s,735
k a l m e n,572
k a l m e n s e,6684
k a l m e s,552
k a l m e s e,10349
k a l m o,902
k a l o ɾ,29509
k a l o ɾ i a s,1260
k a l u m n j a,589
k a l u ɾ o s a,636
k a l u ɾ o s o,1486
k a l b a,940
k a l b o,3176
k a l b o s,480
k a l s a d o,1049
k a l s o n,454
k a l s o n s i j o s,3366
k a l s o n e s,3256
k a m a,82240
k a m a l e o n,673
k a m a ɾ a,43629
k a m a ɾ a d a,10281
k a m a ɾ a d a s,5171
k a m a ɾ a d e ɾ i a,499
k a m a ɾ a s,14345
k a m a ɾ e ɾ a,5045
k a m a ɾ e ɾ a s,677
k a m a ɾ e ɾ o,6952
k a m a ɾ e ɾ o s,947
k a m a ɾ o g ɾ a f o,767
k a m a ɾ o n,919
k a m a ɾ o n e s,1737
k a m a ɾ o t e,2669
k a m a s,4469
k a m b j a,20376
k a m b j a b a,1037
k a m b j a d a,695
k a m b j a d o,35756
k a m b j a l o,757
k a m b j a m o s,3603
k a m b j a n,7315
k a m b j a n d o,8258
k a m b j a n t e,504
k a m b j a ɾ,58509
k a m b j a ɾ a,1628
k a m b j a ɾ a,6510
k a m b j a ɾ a n,453
k a m b j a ɾ a n,1219
k a m b j a ɾ a s,1044
k a m b j a ɾ e,2514
k a m b j a ɾ e m o s,1282
k a m b j a ɾ i a,3494
k a m b j a ɾ l a,2099
k a m b j a ɾ l a s,824
k a m b j a ɾ l e,1535
k a m b j a ɾ l o,6854
k a m b j a ɾ l o s,805
k a m b j a ɾ m e,7155
k a m b j a ɾ n o s,1042
k a m b j a ɾ o n,4431
k a m b j a ɾ s e,3042
k a m b j a ɾ t e,4278
k a m b j a s,3766
k a m b j a s t e,3777
k a m b j a t e,2515
k a m b j e,7153
k a m b j e,6185
k a m b j e m o s,1690
k a m b j e n,2457
k a m b j e s,2907
k a m b j o,70611
k a m b j o,14788
k a m b j o s,12375
k a m b o i a,1123
k a m e j o,3069
k a m e j o s,1397
k a m e ɾ i n o,1545
k a m i l a,557
k a m i j a,3371
k a m i n a,9918
k a m i n a b a,1833
k a m i n a d o,1489
k a m i n a m o s,1789
k a m i n a n,1615
k a m i n a n d o,15189
k a m i n a n t e,638
k a m i n a n t e s,526
k a m i n a ɾ,24165
k a m i n a ɾ e,1058
k a m i n a ɾ e m o s,633
k a m i n a s,2134
k a m i n a t a,2516
k a m i n a t a s,464
k a m i n e,2161
k a m i n e,1229
k a m i n e m o s,877
k a m i n e n,1267
k a m i n e s,558
k a m i n o,150079
k a m i n o,1045
k a m i n o s,7873
k a m j o n,26799
k a m j o n e ɾ o,1276
k a m j o n e ɾ o s,865
k a m j o n e s,6421
k a m j o n e t a,16307
k a m j o n e t a s,697
k a m i s a,18105
k a m i s a s,3289
k a m i s e t a,6683
k a m i s e t a s,2214
k a m i s o n,1387
k a m p a m e n t o,17097
k a m p a m e n t o s,1040
k a m p a n a,5542
k a m p a n a ɾ j o,606
k a m p a n a s,3556
k a m p a n i j a,766
k a m p a n i t a,476
k a m p a ɲ a,13342
k a m p a ɲ a s,902
k a m p e o n,15406
k a m p e o n a,1158
k a m p e o n a t o,5377
k a m p e o n a t o s,595
k a m p e o n e s,2533
k a m p e s i n a,907
k a m p e s i n o,2758
k a m p e s i n o s,4119
k a m p e s t ɾ e,612
k a m p i n g,805
k a m p i ɲ a,486
k a m p o,57967
k a m p o s,10542
k a m p u s,3520
k a m u f l a x e,1482
k a n,10614
k a n a,590
k a n a d a,6907
k a n a d j e n s e,2544
k a n a d j e n s e s,1565
k a n a l,14830
k a n a l e s,3656
k a n a j a,4745
k a n a j a s,1335
k a n a ɾ j o,1111
k a n a s,665
k a n a s t a,2480
k a n s e l a,2052
k a n s e l a s i o n,583
k a n s e l a d a,994
k a n s e l a d o,2709
k a n s e l a l o,609
k a n s e l a m o s,482
k a n s e l a ɾ,4857
k a n s e l a ɾ e,521
k a n s e l a ɾ l a,642
k a n s e l a ɾ l o,1725
k a n s e l a ɾ o n,1085
k a n s e l e,894
k a n s e l e,573
k a n s e l e n,598
k a n s e l o,463
k a n s e l o,1804
k a n s e ɾ,16594
k a n tʃ a,2498
k a n s i j e ɾ,4562
k a n s i o n,40483
k a n s i o n e s,13178
k a n d a d o,1355
k a n d e l a b ɾ o,663
k a n d e n t e,571
k a n d i d a t a,928
k a n d i d a t o,5828
k a n d i d a t o s,2833
k a n d i d a t u ɾ a,797
k a n e l a,1458
k a n g ɾ e x o,2629
k a n g ɾ e x o s,1374
k a n g w ɾ o,1786
k a n i b a l,628
k a n i b a l e s,771
k a n i b a l i s m o,461
k a n i k a s,629
k a n i n o,604
k a n n a b i s,521
k a n o a,1121
k a n s a,1504
k a n s a d a,17989
k a n s a d a s,456
k a n s a d o,27043
k a n s a d o s,3695
k a n s a n,596
k a n s a n s i o,1511
k a n s a n d o,1550
k a n s a ɾ m e,540
k a n s a ɾ s e,490
k a n s a s,1039
k a n s e,657
k a n s e,2464
k a n s e s,459
k a n s o,969
k a n s o,870
k a n t a,10411
k a n t a b a,2517
k a n t a b a n,599
k a n t a d o,1079
k a n t a l a,653
k a n t a m e,639
k a n t a m o s,1218
k a n t a n,2583
k a n t a n d o,7854
k a n t a n o s,512
k a n t a n t e,7556
k a n t a n t e s,1473
k a n t a ɾ,21975
k a n t a ɾ a,921
k a n t a ɾ e,1334
k a n t a ɾ e m o s,603
k a n t a ɾ l a,996
k a n t a ɾ l e,782
k a n t a ɾ o s,595
k a n t a s,2280
k a n t e,2396
k a n t e,638
k a n t e m o s,1061
k a n t e n,1375
k a n t e ɾ a,939
k a n t e s,724
k a n t i d a d,18568
k a n t i d a d e s,2788
k a n t i m p l o ɾ a,519
k a n t i n a,1918
k a n t i n e ɾ o,1272
k a n t o,6419
k a n t o,1224
k a n t o ɾ,639
k a n t o s,753
k a ɲ a,2414
k a ɲ e ɾ i a,740
k a ɲ e ɾ i a s,988
k a ɲ o,945
k a ɲ o n,8154
k a ɲ o n e s,4849
k a o,1371
k a o s,8718
k a o t i k o,523
k a p a,7570
k a p a s e s,9020
k a p a s i d a d,9959
k a p a s i d a d e s,1137
k a p a s i t a d o,895
k a p a ɾ a s o n,1005
k a p a s,2375
k a p a t a s,1749
k a p a s,36683
k a p e j a n,1120
k a p i j a,3315
k a p i t a l,8302
k a p i t a l e s,728
k a p i t a l i s m o,1272
k a p i t a l i s t a,1056
k a p i t a l i s t a s,507
k a p i t a n,117558
k a p i t a n a,2616
k a p i t a n e s,1630
k a p i t o l j o,952
k a p i t u l o,7082
k a p i t u l o s,913
k a p o,798
k a p o,979
k a p o n e,1516
k a p o t a,516
k a p o t e,479
k a p ɾ i,803
k a p ɾ i tʃ o,1725
k a p ɾ i tʃ o s,953
k a p ɾ i tʃ o s a,531
k a p ɾ i tʃ o s o,471
k a p ɾ i k o ɾ n j o,812
k a p s u l a,3067
k a p s u l a s,1160
k a p t a,624
k a p t a d o,1030
k a p t a n d o,722
k a p t a ɾ,1476
k a p t a s,666
k a p t o,771
k a p t o,584
k a p t u ɾ a,3349
k a p t u ɾ a d a,671
k a p t u ɾ a d o,4490
k a p t u ɾ a d o s,1411
k a p t u ɾ a m o s,825
k a p t u ɾ a n,593
k a p t u ɾ a ɾ,3786
k a p t u ɾ a ɾ l o,1217
k a p t u ɾ a ɾ l o s,470
k a p t u ɾ a ɾ o n,1591
k a p t u ɾ o,1010
k a p u tʃ a,1551
k a p u tʃ i n o,943
k a p u j o,6080
k a p u j o s,1437
k a ɾ a,124786
k a ɾ a b i n a,508
k a ɾ a k o l,1010
k a ɾ a k o l e s,1586
k a ɾ a k t e ɾ,8566
k a ɾ a k t e ɾ e s,583
k a ɾ a k t e ɾ i s t i k a,1070
k a ɾ a k t e ɾ i s t i k a s,2078
k a ɾ a x o,74477
k a ɾ a x o s,4700
k a ɾ a m b a,10267
k a ɾ a m e l o,3719
k a ɾ a m e l o s,4020
k a ɾ a s,12304
k a ɾ a b a n a,4014
k a ɾ a b a n a s,741
k a ɾ a i,15013
k a ɾ b o j d ɾ a t o s,711
k a ɾ b o n,4898
k a ɾ b o n o,2660
k a ɾ b u ɾ a d o ɾ,805
k a ɾ k a x a d a s,509
k a ɾ s e l,42747
k a ɾ s e l e ɾ o,945
k a ɾ s e l e s,1033
k a ɾ d e n a l,3795
k a ɾ d e n a l e s,938
k a ɾ d i a k a,799
k a ɾ d i a k o,3877
k a ɾ d i a k o s,491
k a ɾ e s e,1414
k a ɾ e s e n,557
k a ɾ e i,813
k a ɾ g a,23265
k a ɾ g a b a,461
k a ɾ g a d a,3852
k a ɾ g a d a s,962
k a ɾ g a d o,5274
k a ɾ g a d o ɾ,1882
k a ɾ g a d o ɾ e s,560
k a ɾ g a d o s,1128
k a ɾ g a l o,617
k a ɾ g a m e n t o,3937
k a ɾ g a m e n t o s,472
k a ɾ g a m o s,663
k a ɾ g a n,721
k a ɾ g a n d o,4148
k a ɾ g a ɾ,7940
k a ɾ g a ɾ e,599
k a ɾ g a ɾ l a,995
k a ɾ g a ɾ l o,1881
k a ɾ g a ɾ m e,794
k a ɾ g a ɾ o n,463
k a ɾ g a ɾ s e,868
k a ɾ g a ɾ t e,808
k a ɾ g a s,3277
k a ɾ g o,36303
k a ɾ g o,959
k a ɾ g o s,13601
k a ɾ g e,1127
k a ɾ g e,640
k a ɾ g e n,2137
k a ɾ g e ɾ o,1445
k a ɾ i b e,1767
k a ɾ i k a t u ɾ a,672
k a ɾ i k a t u ɾ a s,565
k a ɾ i s i a,500
k a ɾ i s i a s,776
k a ɾ i d a d,7615
k a ɾ j e s,481
k a ɾ i ɲ i t o,752
k a ɾ i ɲ o,163261
k a ɾ i ɲ o s,549
k a ɾ i ɲ o s a,1367
k a ɾ i ɲ o s o,1964
k a ɾ i s m a,716
k a ɾ i t a,1259
k a ɾ l a,5086
k a ɾ l o s,10209
k a ɾ m e l a,1269
k a ɾ m e n,3638
k a ɾ n a d a,2483
k a ɾ n a l,1161
k a ɾ n a b a l,2364
k a ɾ n e,39834
k a ɾ n e,1746
k a ɾ n e ɾ o,1052
k a ɾ n e s,969
k a ɾ n e t,1861
k a ɾ n i s e ɾ i a,1900
k a ɾ n i s e ɾ o,4890
k a ɾ n i s e ɾ o s,593
k a ɾ o,11062
k a ɾ o l,9076
k a ɾ o l i n a,3053
k a ɾ o s,2600
k a ɾ o t i d a,576
k a ɾ p a,2186
k a ɾ p e t a,1601
k a ɾ p i n t e ɾ i a,494
k a ɾ p i n t e ɾ o,2085
k a r e ɾ a,43566
k a r e ɾ a s,9166
k a r e t a,2159
k a r e t a s,706
k a r e t e,706
k a r e t e ɾ a,18312
k a r e t e ɾ a s,3053
k a r e t i j a,850
k a r i l,1480
k a r i t o,1798
k a r o,17251
k a r o ɲ a,508
k a r o s,3257
k a r o s a,1696
k a r w a x e,3287
k a r w a x e s,472
k a r u s e l,749
k a ɾ t a,50591
k a ɾ t a s,32661
k a ɾ t e l,6172
k a ɾ t e l,537
k a ɾ t e l e s,2635
k a ɾ t e ɾ,15468
k a ɾ t e ɾ a,9678
k a ɾ t e ɾ a s,791
k a ɾ t e ɾ o,2787
k a ɾ t o n,1706
k a ɾ t u tʃ o,960
k a ɾ t u tʃ o s,2027
k a s a,624136
k a s a b l a n k a,1258
k a s a d a,15131
k a s a d a s,1249
k a s a d o,27088
k a s a d o s,11823
k a s a m j e n t o,2915
k a s a m o s,4333
k a s a n,1976
k a s a n d o,547
k a s a n d o m e,487
k a s a n d o s e,1031
k a s a n d o t e,456
k a s a n o b a,1462
k a s a ɾ,13423
k a s a ɾ a,2131
k a s a ɾ a,2241
k a s a ɾ a s,704
k a s a ɾ a s,2094
k a s a ɾ e,3448
k a s a ɾ e m o s,1833
k a s a ɾ i a,2054
k a s a ɾ i a s,1276
k a s a ɾ m e,26459
k a s a ɾ n o s,11192
k a s a ɾ o n,1850
k a s a ɾ s e,32047
k a s a ɾ t e,20090
k a s a s,22877
k a s a s t e,3721
k a s a t e,5469
k a s k a b e l,1197
k a s k a d a,1512
k a s k a d a s,466
k a s k a ɾ a,1159
k a s k a ɾ o n,472
k a s k a r a b j a s,525
k a s k o,8535
k a s k o s,1800
k a s e,6229
k a s e,5531
k a s e m o n o s,1050
k a s e m o s,1114
k a s e n,690
k a s e ɾ a,2448
k a s e ɾ a s,544
k a s e ɾ o,2639
k a s e ɾ o s,704
k a s e s,2312
k a s e t a,893
k a s i,150378
k a s i j a,1060
k a s i j a s,764
k a s i j e ɾ o,1917
k a s i n o,7319
k a s i n o s,1460
k a s i t a,2445
k a s o,149288
k a s o,7695
k a s o s,18495
k a s k i j o,475
k a s k i j o s,743
k a s t a,1078
k a s t a ɲ a s,674
k a s t a ɲ o,1822
k a s t e j a n o,489
k a s t i d a d,918
k a s t i g a,1063
k a s t i g a d a,1667
k a s t i g a d o,4106
k a s t i g a d o s,1716
k a s t i g a m e,460
k a s t i g a n,562
k a s t i g a n d o,904
k a s t i g a ɾ,2293
k a s t i g a ɾ a,595
k a s t i g a ɾ l a,522
k a s t i g a ɾ l o,886
k a s t i g a ɾ l o s,528
k a s t i g a ɾ m e,1632
k a s t i g a ɾ t e,1475
k a s t i g o,12054
k a s t i g o s,838
k a s t i g e,483
k a s t i j o,16956
k a s t i j o s,932
k a s t i n g,746
k a s t o ɾ,1830
k a s t o ɾ e s,521
k a s t ɾ a d o,519
k a s t ɾ o,2005
k a s w a l,1849
k a s w a l i d a d,11996
k a s w a l m e n t e,1360
k a t a k u m b a s,559
k a t a l i n a,2699
k a t a l i s a d o ɾ,669
k a t a l o g o,1695
k a t a ɾ a t a s,1796
k a t a r o,587
k a t a s t ɾ o f e,2339
k a t a s t ɾ o f i k o,631
k a t e,1192
k a t e d ɾ a l,2176
k a t e g o ɾ i a,3912
k a t e g o ɾ i a s,631
k a t e ɾ i n g,756
k a t e t e ɾ,730
k a t o l i k a,2983
k a t o l i k o,2624
k a t o l i k o s,1743
k a t o ɾ s e,3307
k a t ɾ e,762
k a u k a s i k o,548
k a u tʃ o,598
k a u s a,36610
k a u s a d a,1211
k a u s a d a s,585
k a u s a d o,7072
k a u s a d o s,481
k a u s a n,1646
k a u s a n d o,3449
k a u s a n t e,475
k a u s a ɾ,7667
k a u s a ɾ a,1186
k a u s a ɾ i a,1002
k a u s a ɾ l e,1894
k a u s a ɾ l e s,466
k a u s a ɾ m e,460
k a u s a ɾ o n,896
k a u s a ɾ t e,1034
k a u s a s,3199
k a u s a s t e,713
k a u s e,1963
k a u s e,711
k a u s o,807
k a u s o,5515
k a u t e l a,841
k a u t e l o s o,726
k a u t i b a,528
k a u t i b e ɾ j o,805
k a u t i b o,613
k a b a,1350
k a b a n d o,1878
k a b a ɾ,3567
k a b e ɾ n a,991
k a b e ɾ n a s,889
k a b e ɾ n i k o l a,612
k a b j a ɾ,2108
k a b i d a d,992
k a i e n d o,6944
k a i e n d o s e,770
k a i e ɾ a,2065
k a i e ɾ o n,4271
k a i o,2241
k a i o,25477
k a s a,12327
k a s a d o,1129
k a s a d o ɾ,6555
k a s a d o ɾ a,1346
k a s a d o ɾ e s,4415
k a s a f a n t a s m a s,556
k a s a m o s,512
k a s a n,814
k a s a n d o,2975
k a s a ɾ,7985
k a s a ɾ l o,614
k a s a ɾ l o s,619
k a s a r e k o m p e n s a s,495
k a s a s,2186
k a s o,697
s e b a d a,521
s e b o,2311
s e b o j a,2638
s e b o j a s,1776
s e b ɾ a,940
s e s i l j a,1868
s e d e,793
s e d e ɾ,2238
s e d i d o,484
s e d j o,637
s e d o,651
s e g a d o,645
s e g e ɾ a,1098
s e x a,811
s e x a s,2260
s e l d a,13081
s e l d a s,2840
s e l e b ɾ a,1590
s e l e b ɾ a s i o n,4389
s e l e b ɾ a s i o n e s,601
s e l e b ɾ a d o,526
s e l e b ɾ a m o s,1959
s e l e b ɾ a n,905
s e l e b ɾ a n d o,3117
s e l e b ɾ a ɾ,10258
s e l e b ɾ a ɾ a,480
s e l e b ɾ a ɾ e m o s,996
s e l e b ɾ a ɾ l o,5470
s e l e b ɾ e,1187
s e l e b ɾ e m o s,813
s e l e b ɾ i d a d,1825
s e l e b ɾ i d a d e s,1534
s e l e b ɾ o,667
s e l e s t e,1892
s e l e s t j a l,2604
s e l e s t j a l e s,535
s e l j a,2411
s e l i b a t o,559
s e l o,1236
s e l o s,6137
s e l o s a,5838
s e l o s o,9222
s e l o s o s,833
s e l u l a,2798
s e l u l a ɾ,14678
s e l u l a ɾ e s,2928
s e l u l a s,6237
s e m e n t e ɾ j o,8650
s e m e n t e ɾ j o s,591
s e m e n t o,2795
s e n a,49254
s e n a d o,1428
s e n a m o s,2390
s e n a n d o,1959
s e n a ɾ,37688
s e n a ɾ e,507
s e n a ɾ e m o s,1223
s e n a s,2030
s e n e m o s,557
s e n i s e ɾ o,1323
s e n i s i e n t a,2080
s e n i s a,1154
s e n i s a s,6573
s e n s o,602
s e n s u ɾ a,1180
s e n t a b o,7328
s e n t a b o s,12487
s e n t e n a ɾ,765
s e n t e n a ɾ e s,1012
s e n t e n o,671
s e n t i m e t ɾ o,1705
s e n t i m e t ɾ o s,4306
s e n t i m o,1246
s e n t i m o s,1287
s e n t i n e l a,1175
s e n t i n e l a s,1318
s e n t ɾ a,524
s e n t ɾ a d o,848
s e n t ɾ a l,21638
s e n t ɾ a l e s,1405
s e n t ɾ a ɾ m e,613
s e n t ɾ a ɾ n o s,1004
s e n t ɾ a ɾ s e,690
s e n t ɾ a ɾ t e,644
s e n t ɾ a t e,927
s e n t ɾ e m o n o s,464
s e n t ɾ o,48133
s e n t ɾ o s,2605
s e n t u ɾ j o n,468
s e ɲ o,805
s e p a,796
s e p i j o,3893
s e p i j o s,548
s e ɾ a,2840
s e ɾ a m i k a,998
s e ɾ k a,121505
s e ɾ k a n a,4610
s e ɾ k a n a s,1243
s e ɾ k a n o,9058
s e ɾ k a n o s,2949
s e ɾ k a s,496
s e ɾ k o,642
s e ɾ d a,1211
s e ɾ d i t o,1604
s e ɾ d i t o s,499
s e ɾ d o,22519
s e ɾ d o s,8479
s e ɾ e a l,1920
s e ɾ e a l e s,2245
s e ɾ e b ɾ a l,8424
s e ɾ e b ɾ a l e s,1939
s e ɾ e b ɾ i t o,625
s e ɾ e b ɾ o,41440
s e ɾ e b ɾ o s,2847
s e ɾ e m o n j a,9602
s e ɾ e m o n j a l,554
s e ɾ e m o n j a s,1214
s e ɾ e s a,1928
s e ɾ e s a s,1206
s e ɾ i j a,1016
s e ɾ i j a s,1737
s e ɾ o,15061
s e ɾ o s,809
s e r a b a,628
s e r a d,1086
s e r a d a,15080
s e r a d a s,4031
s e r a d o,19407
s e r a d o s,4970
s e r a d u ɾ a,4260
s e r a d u ɾ a s,1600
s e r a x e ɾ o,1040
s e r a m o s,2768
s e r a n d o,3333
s e r a ɾ,20578
s e r a ɾ a,597
s e r a ɾ a,1003
s e r a ɾ a n,627
s e r a ɾ e,1343
s e r a ɾ e m o s,684
s e r a ɾ l a,1416
s e r a ɾ l e,504
s e r a ɾ l o,1453
s e r a ɾ o n,2197
s e r a ɾ s e,1036
s e r a s t e,999
s e r e,1979
s e r e m o s,732
s e r o,764
s e r o,4335
s e r o x o,1426
s e ɾ t e s a,5838
s e ɾ t i f i k a d o,4365
s e ɾ t i f i k a d o s,892
s e ɾ b e s a,36248
s e ɾ b e s a s,6447
s e s a ɾ,3389
s e s a ɾ,10314
s e s a ɾ e a,636
s e s e,1183
s e s e n,531
s e s p e d,4321
s e s t a,2235
s e s t o,1066
s e t ɾ o,800
tʃ a k a l,808
tʃ a k a l e s,464
tʃ a tʃ a ɾ a,640
tʃ a d,3351
tʃ a l a d o,871
tʃ a l e k o,4182
tʃ a l e k o s,866
tʃ a l e t,696
tʃ a m a n,589
tʃ a m b e l a n,602
tʃ a m p a g n e,3460
tʃ a m p a n,6931
tʃ a m p a ɲ a,4638
tʃ a m p i ɲ o n e s,853
tʃ a m p u,1350
tʃ a n s e,6286
tʃ a n s e s,1080
tʃ a n e l,989
tʃ a n t a x e,2989
tʃ a n t a x e a n d o,671
tʃ a n t a x e a ɾ,599
tʃ a n t a x e a ɾ m e,869
tʃ a n t a x i s t a,507
tʃ a o,2868
tʃ a p a,898
tʃ a k e t a,14454
tʃ a k e t a s,982
tʃ a ɾ k o,1687
tʃ a ɾ l a,11771
tʃ a ɾ l a m o s,660
tʃ a ɾ l a n d o,1181
tʃ a ɾ l a ɾ,4009
tʃ a ɾ l a s,1973
tʃ a ɾ l a t a n,1555
tʃ a ɾ l e s t o n,981
tʃ a s i s,494
tʃ a s k i d o,475
tʃ a t,850
tʃ a t a r a,3296
tʃ a b a l,5678
tʃ a b a l e s,1258
tʃ e,4077
tʃ e k a,652
tʃ e tʃ e n j a,590
tʃ e k o,544
tʃ e k o s l o b a k j a,646
tʃ e d d a ɾ,554
tʃ e f,5699
tʃ e l i n,722
tʃ e l i n e s,1755
tʃ e l o,518
tʃ e k e,15139
tʃ e k e a,660
tʃ e k e a ɾ,1338
tʃ e k e o,1612
tʃ e k e ɾ a,691
tʃ e k e s,5310
tʃ e ɾ o k e e,688
tʃ i k,799
tʃ i k a,180957
tʃ i k a g o,16342
tʃ i k a s,87034
tʃ i tʃ o n,473
tʃ i k l e,3680
tʃ i k l e s,778
tʃ i k o,154600
tʃ i k o s,153051
tʃ i f l a d a,1394
tʃ i f l a d o,4380
tʃ i f l a d o s,1216
tʃ i w a w a,758
tʃ i l e,2546
tʃ i l i,1429
tʃ i j a n d o,479
tʃ i j a ɾ,745
tʃ i m e n e a,4729
tʃ i m e n e a s,740
tʃ i m p a n s e,1006
tʃ i m p a n s e s,676
tʃ i n,1552
tʃ i n a,19655
tʃ i n a s,1193
tʃ i n o,12678
tʃ i n o s,7132
tʃ i p,5176
tʃ i p ɾ e,708
tʃ i p s,1376
tʃ i k i j a,1597
tʃ i k i j o,1403
tʃ i k i j o s,616
tʃ i k i t a,1637
tʃ i k i t i n,496
tʃ i k i t o,1601
tʃ i s m e,1301
tʃ i s m e s,2195
tʃ i s m o s a,530
tʃ i s p a,2840
tʃ i s p a s,1618
tʃ i s t e,11526
tʃ i s t e s,5098
tʃ i s t o s a,589
tʃ i s t o s o,4506
tʃ i t a,479
tʃ i b a t o,682
tʃ i b o,1673
tʃ o,2369
tʃ o k a,1859
tʃ o k a d o,791
tʃ o k a l a,1104
tʃ o k a m o s,605
tʃ o k a n,518
tʃ o k a n t e,602
tʃ o k a ɾ,1889
tʃ o k a ɾ o n,491
tʃ o tʃ o,600
tʃ o k o,525
tʃ o k o,2052
tʃ o k o l a t e,16932
tʃ o k o l a t e s,1832
tʃ o f e ɾ,2209
tʃ o f e ɾ,5724
tʃ o k e,5007
tʃ o k e,599
tʃ o k e s,743
tʃ o ɾ i s o,539
tʃ o ɾ l i t o,779
tʃ o r a d a,509
tʃ o r a d a s,1308
tʃ o r o,909
tʃ o r o s,562
tʃ o s a,1802
tʃ u tʃ o,748
tʃ u l e t a,888
tʃ u l e t a s,1136
tʃ u l o,2708
tʃ u l o s,505
tʃ u p a,2556
tʃ u p a d o,715
tʃ u p a m e,1424
tʃ u p a m e l a,1495
tʃ u p a n d o,930
tʃ u p a ɾ,2344
tʃ u p a ɾ m e,556
tʃ u p a ɾ m e l a,469
tʃ u p a ɾ s e,452
tʃ u p a ɾ s e l a,555
tʃ u p a ɾ t e,545
tʃ u p a s,641
tʃ u p a t e,698
tʃ u p a b e ɾ g a s,703
tʃ u p e,548
tʃ u p o,465
tʃ u s m a,1190
s i a,629
s i a n u ɾ o,1104
s i a o,1770
s i k a t ɾ i s e s,3547
s i k a t ɾ i s,4822
s i k l o,3551
s i k l o n,460
s i k l o p e,564
s i k l o s,950
s i e g a,5558
s i e g a m e n t e,638
s i e g a s,2511
s i e g o,14851
s i e g o s,3180
s i e l i t o,594
s i e l o,73499
s i e l o s,35498
s i e n,19821
s i e n a g a,982
s i e n s i a,17253
s i e n s i a s,4705
s i e n t i f i k a,3941
s i e n t i f i k a m e n t e,764
s i e n t i f i k a s,811
s i e n t i f i k o,9884
s i e n t i f i k o s,8989
s i e n t o,11511
s i e n t o s,17159
s i e r a,30618
s i e r a l a,1719
s i e r a l o,1018
s i e r a l o s,534
s i e r a n,2385
s i e r a s,2066
s i e r e,10399
s i e r e n,5805
s i e r e s,1955
s i e r o,2861
s i e ɾ t a,15050
s i e ɾ t a m e n t e,11848
s i e ɾ t a s,10749
s i e ɾ t o,200781
s i e ɾ t o s,7082
s i e ɾ b o,2396
s i e ɾ b o s,857
s i f ɾ a,2522
s i f ɾ a d o,508
s i f ɾ a s,3381
s i g a r i j o,12462
s i g a r i j o s,10490
s i g a r o,4809
s i g a r o s,2978
s i g w e ɲ a,525
s i l i n d ɾ o,885
s i l i n d ɾ o s,804
s i m a,8334
s i m j e n t o s,1758
s i n k o,119210
s i n k w e n t a,8526
s i n e,28241
s i n e a s t a,666
s i n e m a t o g ɾ a f i k a,544
s i n e s,792
s i n i k a,593
s i n i k o,1556
s i n i s m o,596
s i n t a,21409
s i n t a s,6276
s i n t o,581
s i n t u ɾ a,2832
s i n t u ɾ o n,9639
s i n t u ɾ o n e s,2544
s i ɾ k o,9042
s i ɾ k w i t o,4133
s i ɾ k w i t o s,2626
s i ɾ k u l a,549
s i ɾ k u l a s i o n,2191
s i ɾ k u l a n d o,718
s i ɾ k u l a ɾ,1937
s i ɾ k u l e n,480
s i ɾ k u l o,1264
s i ɾ k u l o,9442
s i ɾ k u l o s,3598
s i ɾ k u n s t a n s i a,1967
s i ɾ k u n s t a n s i a l,543
s i ɾ k u n s t a n s i a s,11778
s i ɾ w e l a,608
s i ɾ w e l a s,704
s i ɾ u x i a,14584
s i ɾ u x i a s,1345
s i ɾ u x a n a,798
s i ɾ u x a n o,6442
s i ɾ u x a n o s,1656
s i s k o,472
s i s n e,2028
s i s n e s,772
s i s t e ɾ n a,860
s i t a,51237
s i t a s i o n,1308
s i t a d o,1114
s i t a n d o,725
s i t a ɾ,1105
s i t a s,8366
s i t o,692
s i u d a d,141310
s i u d a d a n a,1106
s i u d a d a n i a,745
s i u d a d a n o,7100
s i u d a d a n o s,9698
s i u d a d e l a,764
s i u d a d e s,8936
s i b i k o,485
s i b i l,10940
s i b i l e s,9267
s i b i l i s a s i o n,5843
s i b i l i s a s i o n e s,1347
s i b i l i s a d a,1149
s i b i l i s a d o,1659
s i b i l i s a d o s,905
k l a n,5006
k l a n d e s t i n a,683
k l a n d e s t i n o,877
k l a n e s,847
k l a ɾ a,12625
k l a ɾ a m e n t e,14766
k l a ɾ a s,3410
k l a ɾ i d a d,3943
k l a ɾ i n e t e,657
k l a ɾ o,334545
k l a ɾ o s,2600
k l a s e,113011
k l a s e s,21287
k l a s i k a,2855
k l a s i k o,5911
k l a s i k o s,1530
k l a s i f i k a s i o n,921
k l a s i f i k a d a,931
k l a s i f i k a d o,1766
k l a s i f i k a d o s,826
k l a s i f i k a ɾ,494
k l a u d j a,3510
k l a u d j o,1608
k l a u s t ɾ o f o b j a,566
k l a u s u l a,1022
k l a b a,627
k l a b a d a,705
k l a b a d o,1707
k l a b a ɾ,1118
k l a b a ɾ l e,684
k l a b e,14894
k l a b e l e s,536
k l a b e s,1578
k l a b i k u l a,770
k l a b o,3016
k l a b o,870
k l a b o s,2220
k l a k s o n,462
k l e m e n s i a,1815
k l e ɾ i g o,1603
k l e ɾ o,724
k l i k,995
k l i tʃ e,1237
k l i e n t a,1364
k l i e n t e,30140
k l i e n t e l a,1212
k l i e n t e s,23926
k l i m a,8848
k l i m a t i k o,502
k l i m a k s,738
k l i n i k a,9906
k l i n i k a s,875
k l i n i k o,903
k l i p,633
k l i t o ɾ i s,764
k l o a k a,1271
k l o a k a s,1035
k l o n,1561
k l o n e s,1573
k l o ɾ o,771
k l o ɾ o f o ɾ m o,507
k l o s e t,954
k l u b,39657
k l u b e s,2450
k l u b s,1238
k o a k s i o n,487
k o a g w l o,960
k o a g w l o s,581
k o a l i s i o n,1130
k o a ɾ t a d a,5695
k o a ɾ t a d a s,476
k o b a ɾ d e,16136
k o b a ɾ d e s,4666
k o b a ɾ d i a,1236
k o b e ɾ t i s o,2260
k o b e ɾ t u ɾ a,4344
k o b i x a,627
k o b i x o,481
k o b ɾ a,4253
k o b ɾ a d o,965
k o b ɾ a d o ɾ,469
k o b ɾ a m o s,566
k o b ɾ a n,1350
k o b ɾ a n d o,1036
k o b ɾ a ɾ,5653
k o b ɾ a ɾ a,470
k o b ɾ a ɾ e,879
k o b ɾ a ɾ l e,771
k o b ɾ a ɾ l o,534
k o b ɾ a ɾ m e,514
k o b ɾ a ɾ t e,600
k o b ɾ a s,1170
k o b ɾ e,3004
k o b ɾ o,2099
k o b ɾ o,1118
k o k a,6597
k o k a i n a,6554
k o tʃ e,100382
k o tʃ e s i t o,831
k o tʃ e ɾ a,805
k o tʃ e ɾ o,1062
k o tʃ e s,12768
k o tʃ i n o,1098
k o tʃ i n o s,553
k o s i d o,960
k o s i n a,34729
k o s i n a b a,580
k o s i n a d o,1151
k o s i n a n,480
k o s i n a n d o,2636
k o s i n a ɾ,9461
k o s i n a ɾ e,707
k o s i n a s,1596
k o s i n e,574
k o s i n e,490
k o s i n e ɾ a,2970
k o s i n e ɾ o,4755
k o s i n e ɾ o s,865
k o s i n o,1388
k o s i n o,476
k o k o,4643
k o k o d ɾ i l o,2245
k o k o d ɾ i l o s,1219
k o k o s,932
k o k t e l,2255
k o k t e l e s,1175
k o d i s i a,2132
k o d i s i o s o,928
k o d i s i o s o s,462
k o d i f i k a d o,914
k o d i g o,27547
k o d i g o s,5158
k o d o,2853
k o d o ɾ n i s,527
k o d o s,1317
k o e f i s i e n t e,855
k o f ɾ e,2602
k o x e,17622
k o x e d,2013
k o x e d l e,1174
k o x e d l o,873
k o x e l a,3158
k o x e l e,847
k o x e l o,7217
k o x e m e,1870
k o x e m o s,1584
k o x e n,1914
k o x e ɾ,20959
k o x e ɾ a,818
k o x e ɾ a n,738
k o x e ɾ e,4217
k o x e ɾ e m o s,1543
k o x e ɾ i a,635
k o x e ɾ l a,2101
k o x e ɾ l a s,544
k o x e ɾ l e,1730
k o x e ɾ l o,4711
k o x e ɾ m e,2745
k o x e ɾ s e,868
k o x e ɾ t e,2470
k o x e s,2851
k o x e t e,562
k o x i,4877
k o x i a,761
k o x i d a,686
k o x i d o,8952
k o x i e n d o,2672
k o x i e ɾ a,539
k o x i e ɾ o n,1945
k o x i m o s,1060
k o x i o,5395
k o x i s t e,2598
k o e ɾ e n t e,766
k o e t e,4844
k o e t e s,3180
k o i n s i d e,3208
k o i n s i d e n,2177
k o i n s i d e n s i a,12635
k o i n s i d e n s i a s,1706
k o i n s i d i m o s,521
k o i n s i d i ɾ,782
k o i n s i d o,771
k o i t o,645
k o x a,5089
k o x a l a,510
k o x a m o s,879
k o x a n,1744
k o x a s,1341
k o x i n,890
k o x i n e s,638
k o x o,5375
k o x o n e s,7267
k o x o n u d o,813
k o l a,15400
k o l a b o ɾ a,455
k o l a b o ɾ a s i o n,2231
k o l a b o ɾ a d o ɾ,769
k o l a b o ɾ a d o ɾ e s,645
k o l a b o ɾ a ɾ,1623
k o l a d a,1490
k o l a d o,670
k o l a p s a ɾ,552
k o l a p s o,2975
k o l a p s o,750
k o l a ɾ m e,518
k o l a ɾ s e,818
k o l a s,1301
k o l a t e ɾ a l,884
k o l a t e ɾ a l e s,611
k o l tʃ o n,2797
k o l tʃ o n e s,733
k o l e,10336
k o l e a n d o,544
k o l e k s i o n,8084
k o l e k s i o n a,837
k o l e k s i o n a ɾ,536
k o l e k s i o n i s t a,1311
k o l e k s i o n i s t a s,470
k o l e k s i o n o,551
k o l e k t a,840
k o l e k t i b a,1135
k o l e k t i b o,1447
k o l e g a,18456
k o l e g a s,8420
k o l e x i a l,525
k o l e x i a l a,798
k o l e x i o,22014
k o l e x i o s,1014
k o l e ɾ a,2445
k o l e s,861
k o l e s t e ɾ o l,1063
k o l g a b a,556
k o l g a d a,1225
k o l g a d o,5300
k o l g a d o s,1000
k o l g a m o s,452
k o l g a n d o,3296
k o l g a n t e,904
k o l g a ɾ,7519
k o l g a ɾ a n,798
k o l g a ɾ e,672
k o l g a ɾ l e,539
k o l g a ɾ l o,1282
k o l g a ɾ l o s,452
k o l g a ɾ m e,1010
k o l g a ɾ o n,776
k o l g a ɾ s e,618
k o l g a ɾ t e,590
k o l g a s t e,476
k o l g o,1877
k o l g e,659
k o l i j a s,487
k o l i n a,8603
k o l i n a s,4801
k o l i s e o,799
k o l i s j o n,1334
k o l i t a,457
k o j a ɾ,8723
k o j a ɾ e s,807
k o l m e n a,1979
k o l m i j o s,1531
k o l m o,1723
k o l o k a,3195
k o l o k a d a,863
k o l o k a d o,3050
k o l o k a d o s,572
k o l o k a l o,647
k o l o k a m o s,797
k o l o k a n,682
k o l o k a n d o,909
k o l o k a ɾ,4211
k o l o k a ɾ l a,622
k o l o k a ɾ l e,540
k o l o k a ɾ l o,909
k o l o k a ɾ m e,740
k o l o k a ɾ o n,796
k o l o k a ɾ s e,752
k o l o k a ɾ t e,702
k o l o k a s,728
k o l o k a t e,788
k o l o k o,687
k o l o k o,1545
k o l o m b j a,1638
k o l o m b j a n o s,748
k o l o m b o,471
k o l o n,1136
k o l o n j a,6161
k o l o n j a l,1297
k o l o n j a s,2493
k o l o n o s,1362
k o l o k e,1201
k o l o k e,777
k o l o k e n,769
k o l o k e n s e,522
k o l o ɾ,30781
k o l o ɾ a d o,3666
k o l o ɾ e s,9416
k o l o ɾ i d o,693
k o l o s a l,904
k o l u m n a,8437
k o l u m n a s,2011
k o l u m p j o,868
k o m a,12194
k o m a d ɾ e x a,1063
k o m a m o s,2393
k o m a n,3279
k o m a n tʃ e,556
k o m a n tʃ e s,511
k o m a n d a n s i a,779
k o m a n d a n t e,37731
k o m a n d a n t e s,1153
k o m a n d a ɾ,461
k o m a n d o,7172
k o m a n d o s,1363
k o m a ɾ k a,2116
k o m a s,3146
k o m b a t e,17499
k o m b a t e s,1190
k o m b a t j e n d o,820
k o m b a t j e n t e,696
k o m b a t j e n t e s,1226
k o m b a t i ɾ,4130
k o m b a t i ɾ l o,668
k o m b i n a,1066
k o m b i n a s i o n,6705
k o m b i n a s i o n e s,708
k o m b i n a d a,460
k o m b i n a d o,1046
k o m b i n a n,659
k o m b i n a ɾ,983
k o m b o,460
k o m b u s t i b l e,11236
k o m b u s t i b l e s,511
k o m b u s t j o n,808
k o m e,30966
k o m e d,579
k o m e d j a,4935
k o m e d j a n t e,1535
k o m e d j a s,692
k o m e d o ɾ,6106
k o m e l o,945
k o m e m e,539
k o m e m j e ɾ d a,492
k o m e m o s,4474
k o m e n,7116
k o m e n s e,5492
k o m e n s e m o s,4312
k o m e n t a,547
k o m e n t a d o,724
k o m e n t a ɾ,1529
k o m e n t a ɾ j o,5547
k o m e n t a ɾ j o s,6523
k o m e n t a ɾ l o,578
k o m e n t o,791
k o m e n s a b a,1270
k o m e n s a d o,5679
k o m e n s a m o s,5415
k o m e n s a n d o,4829
k o m e n s a ɾ,20212
k o m e n s a ɾ a,813
k o m e n s a ɾ a,2629
k o m e n s a ɾ a n,776
k o m e n s a ɾ e,1680
k o m e n s a ɾ e m o s,2443
k o m e n s a ɾ o n,4855
k o m e n s a s t e,1381
k o m e n s o,19223
k o m e ɾ,94951
k o m e ɾ a,1827
k o m e ɾ a n,1216
k o m e ɾ a s,1289
k o m e ɾ s i a l,11093
k o m e ɾ s i a l e s,3800
k o m e ɾ s i a n t e,2247
k o m e ɾ s i a n t e s,1781
k o m e ɾ s i a ɾ,618
k o m e ɾ s i o,5590
k o m e ɾ e,3784
k o m e ɾ e m o s,2709
k o m e ɾ i a,1537
k o m e ɾ l a,1151
k o m e ɾ l a s,594
k o m e ɾ l o,2278
k o m e ɾ l o s,921
k o m e ɾ m e,4011
k o m e ɾ m e l o,562
k o m e ɾ n o s,1110
k o m e ɾ s e,3703
k o m e ɾ s e l a,655
k o m e ɾ s e l o,978
k o m e ɾ t e,3656
k o m e ɾ t e l o,723
k o m e s,7208
k o m e s t i b l e,494
k o m e s t i b l e s,1109
k o m e t a,4133
k o m e t a s,1950
k o m e t e,2894
k o m e t e,1978
k o m e t e l a,866
k o m e t e l o,2555
k o m e t e m o s,1037
k o m e t e n,1528
k o m e t e ɾ,7276
k o m e t e s,1123
k o m e t i,5660
k o m e t i d o,9716
k o m e t i d o s,768
k o m e t j e n d o,3613
k o m e t j e ɾ o n,1256
k o m e t i m o s,954
k o m e t j o,5718
k o m e t i s t e,1821
k o m e t o,562
k o m e s o n,584
k o m i,5114
k o m i a,2356
k o m i a m o s,612
k o m i a n,749
k o m i k,692
k o m i k a,991
k o m i k a s,561
k o m i k o,3861
k o m i k o s,571
k o m i k s,1498
k o m i d a,92649
k o m i d a s,4506
k o m i d o,14338
k o m j e n s e,4701
k o m j e n s e n,3116
k o m j e n s e s,902
k o m j e n d o,13251
k o m j e n d o s e,872
k o m j e n s a,17796
k o m j e n s a n,3261
k o m j e n s a s,2064
k o m j e n s o,18302
k o m j e n s o s,1151
k o m j e ɾ a,621
k o m j e ɾ o n,2263
k o m i m o s,1723
k o m i n o,1243
k o m j o,6207
k o m i s a ɾ j a,476
k o m i s a ɾ i a,7433
k o m i s a ɾ j o,11028
k o m i s j o n,8392
k o m i s j o n a d o,3565
k o m i s j o n e s,566
k o m i s t e,3505
k o m i t e,12208
k o m i t e s,537
k o m o,1772746
k o m o,939606
k o m o d a,6961
k o m o d a m e n t e,754
k o m o d a s,639
k o m o d i d a d,1737
k o m o d i d a d e s,1060
k o m o d o,12444
k o m o d o ɾ o,1226
k o m o d o s,3151
k o m p a d e s k o,990
k o m p a d ɾ e,1974
k o m p a ɲ e ɾ a,9080
k o m p a ɲ e ɾ a s,1480
k o m p a ɲ e ɾ o,34403
k o m p a ɲ e ɾ o s,18534
k o m p a ɲ i a,58436
k o m p a ɲ i a s,5856
k o m p a ɾ a,1283
k o m p a ɾ a b l e,479
k o m p a ɾ a s i o n,2635
k o m p a ɾ a d a,948
k o m p a ɾ a d o,4104
k o m p a ɾ a d o s,471
k o m p a ɾ a n d o,642
k o m p a ɾ a ɾ,2367
k o m p a ɾ a ɾ l o,632
k o m p a ɾ a ɾ s e,820
k o m p a ɾ e s e ɾ,476
k o m p a ɾ t a,810
k o m p a ɾ t a n,461
k o m p a ɾ t e,2578
k o m p a ɾ t e n,2088
k o m p a ɾ t e s,799
k o m p a ɾ t i a,556
k o m p a ɾ t i d a,684
k o m p a ɾ t i d o,1872
k o m p a ɾ t j e n d o,1388
k o m p a ɾ t i m e n t o,1518
k o m p a ɾ t i m o s,4009
k o m p a ɾ t j o,477
k o m p a ɾ t i ɾ,15252
k o m p a ɾ t i ɾ e,648
k o m p a ɾ t i ɾ e m o s,879
k o m p a ɾ t i ɾ l a,1519
k o m p a ɾ t i ɾ l o,3890
k o m p a ɾ t o,1675
k o m p a s,1276
k o m p a s j o n,7466
k o m p a s i b a,508
k o m p a s i b o,1027
k o m p a t i b l e,1260
k o m p a t i b l e s,733
k o m p a t ɾ j o t a s,1514
k o m p e n s a,781
k o m p e n s a s i o n,1842
k o m p e n s a ɾ,2222
k o m p e n s a ɾ e,924
k o m p e n s a ɾ l o,1242
k o m p e n s a ɾ t e,1482
k o m p e n s a ɾ t e l o,600
k o m p e t e n s i a,9973
k o m p e t e n s i a s,529
k o m p e t e n t e,1239
k o m p e t i s i o n,2755
k o m p e t i d o ɾ,863
k o m p e t i d o ɾ e s,1175
k o m p e t i ɾ,4758
k o m p e t i t i b a,461
k o m p e t i t i b o,790
k o m p i n tʃ e,693
k o m p i n tʃ e s,504
k o m p i t e n,513
k o m p i t j e n d o,1055
k o m p l a s e,2592
k o m p l a s e ɾ,1938
k o m p l a s e ɾ l a,613
k o m p l a s e ɾ l o,552
k o m p l a s e ɾ m e,830
k o m p l a s e ɾ t e,1200
k o m p l a s i d a,455
k o m p l a s i d o,1416
k o m p l e x a,1465
k o m p l e x a s,672
k o m p l e x i d a d,781
k o m p l e x o,6939
k o m p l e x o s,1113
k o m p l e t a,15252
k o m p l e t a d a,725
k o m p l e t a d o,1768
k o m p l e t a m e n t e,46830
k o m p l e t a ɾ,3974
k o m p l e t a s,1219
k o m p l e t e,726
k o m p l e t o,28014
k o m p l e t o s,1748
k o m p l i k a,1115
k o m p l i k a s i o n,1058
k o m p l i k a s i o n e s,2791
k o m p l i k a d a,4192
k o m p l i k a d a s,1478
k o m p l i k a d o,15374
k o m p l i k a d o s,934
k o m p l i k a ɾ,554
k o m p l i k a ɾ s e,518
k o m p l i s e,4705
k o m p l i s e s,1543
k o m p l i s i d a d,814
k o m p l o t,1899
k o m p o n e,593
k o m p o n e n t e,1252
k o m p o n e n t e s,1545
k o m p o n e ɾ,1018
k o m p o ɾ t a,2161
k o m p o ɾ t a d o,1113
k o m p o ɾ t a m j e n t o,12559
k o m p o ɾ t a m j e n t o s,459
k o m p o ɾ t a n,1037
k o m p o ɾ t a n d o,797
k o m p o ɾ t a ɾ m e,1626
k o m p o ɾ t a ɾ n o s,676
k o m p o ɾ t a ɾ s e,4204
k o m p o ɾ t a ɾ t e,2863
k o m p o ɾ t a s,1801
k o m p o ɾ t a t e,3901
k o m p o ɾ t e,573
k o m p o ɾ t e,576
k o m p o ɾ t e n s e,898
k o m p o ɾ t e s,543
k o m p o ɾ t e s e,648
k o m p o ɾ t o,578
k o m p o s i s i o n,1971
k o m p o s i t o ɾ,1944
k o m p o s i t o ɾ e s,454
k o m p o s t u ɾ a,707
k o m p ɾ a,14086
k o m p ɾ a b a,1098
k o m p ɾ a d a,533
k o m p ɾ a d o,10492
k o m p ɾ a d o ɾ,2929
k o m p ɾ a d o ɾ e s,1718
k o m p ɾ a l e,1202
k o m p ɾ a l o,598
k o m p ɾ a m e,1255
k o m p ɾ a m o s,4012
k o m p ɾ a n,2536
k o m p ɾ a n d o,4932
k o m p ɾ a ɾ,48448
k o m p ɾ a ɾ a,1027
k o m p ɾ a ɾ a,1451
k o m p ɾ a ɾ a s,557
k o m p ɾ a ɾ e,5697
k o m p ɾ a ɾ e m o s,1768
k o m p ɾ a ɾ i a,1556
k o m p ɾ a ɾ l a,3029
k o m p ɾ a ɾ l a s,940
k o m p ɾ a ɾ l e,5942
k o m p ɾ a ɾ l e s,676
k o m p ɾ a ɾ l o,4884
k o m p ɾ a ɾ l o s,1528
k o m p ɾ a ɾ m e,6956
k o m p ɾ a ɾ n o s,860
k o m p ɾ a ɾ o n,2079
k o m p ɾ a ɾ s e,1902
k o m p ɾ a ɾ t e,6336
k o m p ɾ a s,15072
k o m p ɾ a s t e,5804
k o m p ɾ a t e,3039
k o m p ɾ e,5441
k o m p ɾ e,15200
k o m p ɾ e m o s,625
k o m p ɾ e n,1705
k o m p ɾ e n d a,1473
k o m p ɾ e n d a n,477
k o m p ɾ e n d a s,798
k o m p ɾ e n d e,7676
k o m p ɾ e n d e l o,479
k o m p ɾ e n d e m o s,952
k o m p ɾ e n d e n,1699
k o m p ɾ e n d e ɾ,9364
k o m p ɾ e n d e ɾ a,1269
k o m p ɾ e n d e ɾ a s,878
k o m p ɾ e n d e ɾ l o,3162
k o m p ɾ e n d e ɾ m e,602
k o m p ɾ e n d e s,9327
k o m p ɾ e n d i,2307
k o m p ɾ e n d i a,730
k o m p ɾ e n d i d o,4848
k o m p ɾ e n d j o,986
k o m p ɾ e n d o,21161
k o m p ɾ e n s i b l e,2237
k o m p ɾ e n s j o n,2815
k o m p ɾ e n s i b a,988
k o m p ɾ e n s i b o,1618
k o m p ɾ e s,1440
k o m p ɾ e s e,520
k o m p ɾ e s j o n,615
k o m p ɾ i m i d o,544
k o m p ɾ o,5495
k o m p ɾ o,12057
k o m p ɾ o b a s i o n,836
k o m p ɾ o b a d o,3272
k o m p ɾ o b a m o s,596
k o m p ɾ o b a n d o,1766
k o m p ɾ o b a ɾ,6806
k o m p ɾ o b a ɾ e,948
k o m p ɾ o b a ɾ l o,5891
k o m p ɾ o b e,1324
k o m p ɾ o b o,476
k o m p ɾ o m e t e,622
k o m p ɾ o m e t e ɾ,1165
k o m p ɾ o m e t e ɾ m e,1087
k o m p ɾ o m e t e ɾ n o s,596
k o m p ɾ o m e t e ɾ s e,1696
k o m p ɾ o m e t e ɾ t e,984
k o m p ɾ o m e t i d a,3616
k o m p ɾ o m e t i d o,4708
k o m p ɾ o m e t i d o s,2315
k o m p ɾ o m e t j o,581
k o m p ɾ o m e t o,501
k o m p ɾ o m i s o,13366
k o m p ɾ o m i s o s,2116
k o m p ɾ w e b a,2863
k o m p ɾ w e b a l o,1973
k o m p ɾ w e b e,1249
k o m p ɾ w e b e l o,608
k o m p ɾ w e b e n,645
k o m p w e ɾ t a,1187
k o m p w e ɾ t a s,777
k o m p w e s t a,760
k o m p w e s t o,2526
k o m p w e s t o s,770
k o m p u l s i b o,632
k o m p u s o,628
k o m p u t a s i o n,891
k o m p u t a d o ɾ,1161
k o m p u t a d o ɾ a,18245
k o m p u t a d o ɾ a s,5478
k o m u n,29522
k o m u n a,720
k o m u n e s,4145
k o m u n i k a,1153
k o m u n i k a s i o n,9182
k o m u n i k a s i o n e s,6186
k o m u n i k a d o,3258
k o m u n i k a d o ɾ,786
k o m u n i k a m e,2301
k o m u n i k a n,698
k o m u n i k a n d o,531
k o m u n i k a ɾ,1459
k o m u n i k a ɾ e,726
k o m u n i k a ɾ l e,966
k o m u n i k a ɾ l e s,460
k o m u n i k a ɾ m e,3931
k o m u n i k a ɾ n o s,2505
k o m u n i k a ɾ s e,6065
k o m u n i k a ɾ t e,1516
k o m u n i k a t e,819
k o m u n i k o,728
k o m u n i k o,665
k o m u n i d a d,13380
k o m u n i d a d e s,1082
k o m u n j o n,1458
k o m u n i k e,633
k o m u n i k e m e,1942
k o m u n i k e s e,682
k o m u n i s m o,1675
k o m u n i s t a,5897
k o m u n i s t a s,4408
k o m u n i t a ɾ j o,1460
k o m u n m e n t e,536
k o n,3249288
k o n s e b i d o,939
k o n s e b i ɾ,970
k o n s e d a,605
k o n s e d e,1765
k o n s e d e m e,787
k o n s e d e ɾ,855
k o n s e d e ɾ l e,778
k o n s e d e ɾ m e,758
k o n s e d i d a,472
k o n s e d i d o,2958
k o n s e d j o,579
k o n s e d o,871
k o n s e x a l,2720
k o n s e x o,1178
k o n s e n t ɾ a,628
k o n s e n t ɾ a s i o n,5144
k o n s e n t ɾ a d a,857
k o n s e n t ɾ a d o,2310
k o n s e n t ɾ a d o s,534
k o n s e n t ɾ a n d o,487
k o n s e n t ɾ a ɾ,1161
k o n s e n t ɾ a ɾ m e,5409
k o n s e n t ɾ a ɾ n o s,2647
k o n s e n t ɾ a ɾ s e,2964
k o n s e n t ɾ a ɾ t e,3320
k o n s e n t ɾ a s,531
k o n s e n t ɾ a t e,10988
k o n s e n t ɾ e,572
k o n s e n t ɾ e m o n o s,1351
k o n s e n t ɾ e n s e,1390
k o n s e n t ɾ e s,514
k o n s e n t ɾ e s e,1316
k o n s e p s i o n,952
k o n s e p t o,6167
k o n s e p t o s,937
k o n s e ɾ n j e n t e,459
k o n s e ɾ t a ɾ,517
k o n s e s j o n,918
k o n s e s j o n e s,769
k o n tʃ a,2078
k o n tʃ a s,1058
k o n s i e n s i a,14064
k o n s i e ɾ n e,4116
k o n s i e ɾ t o,11006
k o n s i e ɾ t o s,2168
k o n s i l j o,628
k o n s i u d a d a n o s,510
k o n k l a b e,488
k o n k l u i d o,1102
k o n k l u i ɾ,1406
k o n k l u s j o n,5440
k o n k l u s j o n e s,2952
k o n k l u i e,897
k o n k l u i e n t e,679
k o n k ɾ e t a,860
k o n k ɾ e t a m e n t e,594
k o n k ɾ e t a s,515
k o n k ɾ e t o,3628
k o n k u b i n a,683
k o n k w e ɾ d a,2447
k o n k w e ɾ d a n,1181
k o n k w e ɾ d o,835
k o n k u ɾ s a n t e,795
k o n k u ɾ s a n t e s,673
k o n k u ɾ s o,8581
k o n k u ɾ s o s,811
k o n d a d o,10342
k o n d a d o s,716
k o n d e,11833
k o n d e k o ɾ a d o,955
k o n d e n a,6508
k o n d e n a d a,2868
k o n d e n a d a m e n t e,730
k o n d e n a d o,9047
k o n d e n a d o s,3403
k o n d e n a n,516
k o n d e n a ɾ,1280
k o n d e n a ɾ l o,670
k o n d e n a ɾ m e,474
k o n d e n a ɾ o n,879
k o n d e n a s,974
k o n d e n o,609
k o n d e n o,643
k o n d e s a,5781
k o n d e s s e n d j e n t e,1251
k o n d i s i o n,12070
k o n d i s i o n a l,6550
k o n d i s i o n e s,15352
k o n d o l e n s i a s,1865
k o n d o m i n j o,809
k o n d o n,2452
k o n d o n e s,2411
k o n d o ɾ,516
k o n d u k s i o n,1039
k o n d u s e,9798
k o n d u s e n,1277
k o n d u s e s,2302
k o n d u s i a,2783
k o n d u s i d o,1694
k o n d u s i e n d o,6209
k o n d u s i ɾ,19043
k o n d u s i ɾ a,975
k o n d u s i ɾ e,1379
k o n d u s i ɾ l o,990
k o n d u k t a,7578
k o n d u k t o,2387
k o n d u k t o ɾ,11625
k o n d u k t o ɾ a,623
k o n d u k t o ɾ e s,2150
k o n d u k t o s,1628
k o n d u x e,985
k o n d u x o,2068
k o n d u s k a,1866
k o n d u s k a s,462
k o n d u s k o,2759
k o n e k t a,2309
k o n e k t a d a,1936
k o n e k t a d a s,799
k o n e k t a d o,5894
k o n e k t a d o s,3099
k o n e k t a m o s,787
k o n e k t a n,565
k o n e k t a n d o,818
k o n e k t a ɾ,3104
k o n e k t a ɾ l o,829
k o n e k t a ɾ m e,1066
k o n e k t a ɾ n o s,604
k o n e k t a ɾ s e,1006
k o n e k t a ɾ t e,562
k o n e k t e,750
k o n e k t o,543
k o n e x i j o,604
k o n e x i t a,970
k o n e x i t o,1719
k o n e x i t o s,473
k o n e x o,9093
k o n e x o s,3902
k o n e k s j o n,14774
k o n e k s j o n e s,3678
k o n f e d e ɾ a s i o n,623
k o n f e ɾ e n s i a,10864
k o n f e ɾ e n s i a s,2716
k o n f e s a d o,1479
k o n f e s a ɾ,5035
k o n f e s a ɾ l e,832
k o n f e s a ɾ l o,869
k o n f e s a ɾ m e,1306
k o n f e s a ɾ s e,866
k o n f e s a ɾ t e,1932
k o n f e s j o n,7296
k o n f e s j o n a ɾ j o,483
k o n f e s j o n e s,1077
k o n f e s o,2440
k o n f e s o ɾ,491
k o n f i a,18780
k o n f i a b a,2532
k o n f j a b l e,3044
k o n f j a b l e s,811
k o n f i a d a,642
k o n f i a d o,3087
k o n f i a m o s,1951
k o n f i a n,1987
k o n f i a n d o,853
k o n f i a n s a,25764
k o n f i a ɾ,32114
k o n f i a ɾ i a,621
k o n f i a ɾ e,587
k o n f i a ɾ i a,802
k o n f j a ɾ l e,702
k o n f j a ɾ t e,518
k o n f i a s,6413
k o n f i a s t e,619
k o n f i d e n s i a,507
k o n f i d e n s i a l,4873
k o n f i d e n s i a l e s,831
k o n f i d e n s i a l i d a d,1437
k o n f i d e n t e,859
k o n f i e,2482
k o n f i e,3347
k o n f i e n,1139
k o n f i e s,2392
k o n f j e s a,1746
k o n f j e s e,1013
k o n f j e s o,2618
k o n f i g w ɾ a s i o n,811
k o n f i n a d o,634
k o n f i n a m j e n t o,710
k o n f i n e s,724
k o n f i o,1868
k o n f i o,14653
k o n f i ɾ m a,3137
k o n f i ɾ m a s i o n,3150
k o n f i ɾ m a d a,1287
k o n f i ɾ m a d o,5016
k o n f i ɾ m a d o s,517
k o n f i ɾ m a n,1168
k o n f i ɾ m a n d o,673
k o n f i ɾ m a ɾ,5186
k o n f i ɾ m a ɾ l o,2515
k o n f i ɾ m a ɾ o n,599
k o n f i ɾ m e,1260
k o n f i ɾ m e n,626
k o n f i ɾ m o,597
k o n f i ɾ m o,1792
k o n f i s k a d o,691
k o n f i s k a ɾ,576
k o n f l i k t o,5573
k o n f l i k t o s,2003
k o n f o ɾ m a ɾ m e,542
k o n f o ɾ m a ɾ s e,1025
k o n f o ɾ m a ɾ t e,470
k o n f o ɾ m e,2584
k o n f o ɾ m o,705
k o n f o ɾ t,682
k o n f o ɾ t a b l e,1526
k o n f ɾ o n t a s i o n,945
k o n f u n d a,515
k o n f u n d a s,779
k o n f u n d e,2103
k o n f u n d e n,840
k o n f u n d e s,793
k o n f u n d i,1009
k o n f u n d i d a,3766
k o n f u n d i d o,7978
k o n f u n d i d o s,853
k o n f u n d j e n d o,1030
k o n f u n d j o,1046
k o n f u n d i ɾ,1383
k o n f u n d i ɾ l o,470
k o n f u n d i ɾ m e,866
k o n f u n d i ɾ s e,610
k o n f u n d i ɾ t e,482
k o n f u n d o,621
k o n f u s a,1819
k o n f u s a s,543
k o n f u s j o n,5555
k o n f u s o,4668
k o n f u s o s,499
k o n x e l a,803
k o n x e l a s i o n,498
k o n x e l a d a,1930
k o n x e l a d a s,722
k o n x e l a d o,3245
k o n x e l a d o ɾ,1847
k o n x e l a d o s,1519
k o n x e l a n d o,1195
k o n x e l a ɾ,1027
k o n x e l a ɾ s e,500
k o n x e l e,464
k o n x e l o,666
k o n g o,1004
k o n g ɾ e g a s i o n,1213
k o n g ɾ e s i s t a,3068
k o n g ɾ e s o,7343
k o n x e t u ɾ a,684
k o n x e t u ɾ a s,803
k o n x u n t a,850
k o n x u n t o,4940
k o n x u ɾ o,1058
k o n j e b a,1086
k o n m i g o,247719
k o n m o s i o n,2316
k o n m o s i o n a d a,470
k o n m o s i o n a d o,583
k o n m o b e d o ɾ,2132
k o n m o b e d o ɾ a,995
k o n m o b i d o,1099
k o n m o b j o,608
k o n m w e b e,910
k o n o,1131
k o n o s e,56715
k o n o s e i s,2455
k o n o s e m o s,18827
k o n o s e n,17493
k o n o s e ɾ,37603
k o n o s e ɾ a,1544
k o n o s e ɾ a n,803
k o n o s e ɾ a s,1945
k o n o s e ɾ e,1079
k o n o s e ɾ e m o s,855
k o n o s e ɾ i a,805
k o n o s e ɾ l a,15708
k o n o s e ɾ l a s,1248
k o n o s e ɾ l e,9305
k o n o s e ɾ l e s,1155
k o n o s e ɾ l o,20685
k o n o s e ɾ l o s,5984
k o n o s e ɾ m e,4976
k o n o s e ɾ n o s,6555
k o n o s e ɾ o s,1354
k o n o s e ɾ s e,1972
k o n o s e ɾ t e,41687
k o n o s e s,70408
k o n o s i,30403
k o n o s i a,20781
k o n o s i a m o s,1826
k o n o s i a n,2773
k o n o s i a s,4570
k o n o s i d a,6435
k o n o s i d a s,1454
k o n o s i d o,38897
k o n o s i d o s,4392
k o n o s i e n d o,2191
k o n o s i e n d o t e,549
k o n o s i e ɾ a,3741
k o n o s i e ɾ a m o s,606
k o n o s i e ɾ a n,639
k o n o s i e ɾ a s,1637
k o n o s i e ɾ o n,3825
k o n o s i m j e n t o,12534
k o n o s i m j e n t o s,3618
k o n o s i m o s,11351
k o n o s i o,8731
k o n o s i s t e,8148
k o n o s k a,6764
k o n o s k a m o s,1330
k o n o s k a n,2924
k o n o s k a s,5381
k o n o s k o,104114
k o n k e,3884
k o n k i s t a,2220
k o n k i s t a d o,1147
k o n k i s t a d o ɾ,1025
k o n k i s t a ɾ,3691
k o n k i s t a ɾ l a,540
k o n k i s t a s,756
k o n k i s t o,552
k o n s s i e n s i a,1649
k o n s s i e n t e,8914
k o n s s i e n t e m e n t e,491
k o n s s i e n t e s,1616
k o n s e k w e n s i a,2996
k o n s e k w e n s i a s,9977
k o n s e k u t i b o s,558
k o n s e g i,15157
k o n s e g i a,1340
k o n s e g i d o,17823
k o n s e g i m o s,9135
k o n s e g i ɾ,62073
k o n s e g i ɾ a,3414
k o n s e g i ɾ a n,1048
k o n s e g i ɾ a s,3909
k o n s e g i ɾ e,8483
k o n s e g i ɾ e m o s,4746
k o n s e g i ɾ i a,1706
k o n s e g i ɾ i a s,615
k o n s e g i ɾ l a,2635
k o n s e g i ɾ l a s,1042
k o n s e g i ɾ l e,3395
k o n s e g i ɾ l e s,662
k o n s e g i ɾ l o,11691
k o n s e g i ɾ l o s,1134
k o n s e g i ɾ m e,4347
k o n s e g i ɾ n o s,1541
k o n s e g i ɾ s e,596
k o n s e g i ɾ t e,6640
k o n s e g i s t e,14199
k o n s e x e ɾ a,1763
k o n s e x e ɾ o,5102
k o n s e x e ɾ o s,1381
k o n s e x o,38041
k o n s e x o s,6949
k o n s e n s o,539
k o n s e n t i d o,723
k o n s e n t i m j e n t o,3279
k o n s e n t i ɾ,456
k o n s e ɾ x e,3177
k o n s e ɾ b a,2042
k o n s e ɾ b a s i o n,711
k o n s e ɾ b a d o,759
k o n s e ɾ b a d o ɾ,1582
k o n s e ɾ b a d o ɾ a,689
k o n s e ɾ b a d o ɾ e s,764
k o n s e ɾ b a ɾ,4816
k o n s e ɾ b a ɾ l a,694
k o n s e ɾ b a ɾ l o,1460
k o n s e ɾ b a s,976
k o n s e ɾ b a t o ɾ j o,756
k o n s e ɾ b e,600
k o n s e ɾ b o,714
k o n s i d e ɾ a,7550
k o n s i d e ɾ a b a,1450
k o n s i d e ɾ a b a n,541
k o n s i d e ɾ a b l e,1966
k o n s i d e ɾ a b l e m e n t e,795
k o n s i d e ɾ a s i o n,2893
k o n s i d e ɾ a s i o n e s,452
k o n s i d e ɾ a d a,1565
k o n s i d e ɾ a d o,7982
k o n s i d e ɾ a d o s,1064
k o n s i d e ɾ a l o,2775
k o n s i d e ɾ a m e,531
k o n s i d e ɾ a m o s,1359
k o n s i d e ɾ a n,2555
k o n s i d e ɾ a n d o,7564
k o n s i d e ɾ a ɾ,6921
k o n s i d e ɾ a ɾ e,977
k o n s i d e ɾ a ɾ i a,1218
k o n s i d e ɾ a ɾ l o,2847
k o n s i d e ɾ a ɾ m e,636
k o n s i d e ɾ a ɾ s e,1498
k o n s i d e ɾ a s,1630
k o n s i d e ɾ a t e,1155
k o n s i d e ɾ e,2299
k o n s i d e ɾ e,1037
k o n s i d e ɾ e l o,980
k o n s i d e ɾ e m o s,480
k o n s i d e ɾ e n,838
k o n s i d e ɾ e s,703
k o n s i d e ɾ e s e,523
k o n s i d e ɾ o,4667
k o n s i d e ɾ o,963
k o n s j e n t e,491
k o n s i g a,6671
k o n s i g a m e,734
k o n s i g a m o s,2016
k o n s i g a n,1602
k o n s i g a s,2287
k o n s i g o,15011
k o n s i g e,16164
k o n s i g e l e,584
k o n s i g e l o,704
k o n s i g e m e,3940
k o n s i g e n,3306
k o n s i g e n o s,518
k o n s i g e s,6755
k o n s i g e t e,1527
k o n s i g i e n d o,1951
k o n s i g i e n t e,913
k o n s i g i e ɾ a,1066
k o n s i g i e ɾ o n,3016
k o n s i g i o,14008
k o n s i s t e,3104
k o n s i s t e n t e,1185
k o n s i s t i a,595
k o n s o l a,993
k o n s o l a d o ɾ,553
k o n s o l a ɾ,524
k o n s o l a ɾ l a,548
k o n s o l a ɾ m e,772
k o n s o l a ɾ t e,550
k o n s o ɾ s i o,584
k o n s o ɾ t e,671
k o n s p i ɾ a s i o n,5782
k o n s p i ɾ a s i o n e s,626
k o n s p i ɾ a d o ɾ e s,634
k o n s p i ɾ a n d o,511
k o n s t a,949
k o n s t a n s i a,967
k o n s t a n t e,5596
k o n s t a n t e m e n t e,6387
k o n s t a n t e s,1545
k o n s t e,2234
k o n s t e l a s i o n,597
k o n s t e l a s i o n e s,484
k o n s t i t u s i o n,3306
k o n s t i t u s i o n a l,597
k o n s t i t u i e,850
k o n s t ɾ u k s i o n,7832
k o n s t ɾ u k s i o n e s,878
k o n s t ɾ u k t o ɾ,881
k o n s t ɾ u k t o ɾ e s,952
k o n s t ɾ u i,1856
k o n s t ɾ u i d a,1968
k o n s t ɾ u i d a s,461
k o n s t ɾ u i d o,5064
k o n s t ɾ u i d o s,483
k o n s t ɾ u i m o s,2282
k o n s t ɾ u i ɾ,14692
k o n s t ɾ u i ɾ e,711
k o n s t ɾ u i ɾ e m o s,976
k o n s t ɾ w i ɾ l a,668
k o n s t ɾ w i ɾ l o,1125
k o n s t ɾ w i ɾ s e,460
k o n s t ɾ u i s t e,614
k o n s t ɾ u i a,480
k o n s t ɾ u i e,1721
k o n s t ɾ u i e n,1164
k o n s t ɾ u i e n d o,4096
k o n s t ɾ u i e ɾ o n,2754
k o n s t ɾ u i e s,457
k o n s t ɾ u i o,736
k o n s t ɾ u i o,4654
k o n s w e l a,862
k o n s w e l o,5614
k o n s u l,1629
k o n s u l a d o,2099
k o n s u l t a,4397
k o n s u l t a d o,772
k o n s u l t a ɾ,2010
k o n s u l t a ɾ l o,1102
k o n s u l t a ɾ m e,1218
k o n s u l t a s,684
k o n s u l t o ɾ,1117
k o n s u l t o ɾ j o,1851
k o n s u m a d o,562
k o n s u m e,1496
k o n s u m e n,583
k o n s u m i a,482
k o n s u m i d o,1062
k o n s u m i d o ɾ,954
k o n s u m i d o ɾ e s,811
k o n s u m j e n d o,817
k o n s u m j o,461
k o n s u m i ɾ,1112
k o n s u m o,2278
k o n t a b a,3720
k o n t a b a n,616
k o n t a b i l i d a d,2182
k o n t a b l e,2423
k o n t a k t a,1029
k o n t a k t a d o,1590
k o n t a k t a ɾ,5184
k o n t a k t a ɾ e,617
k o n t a k t a ɾ l a,620
k o n t a k t a ɾ l o,1186
k o n t a k t a ɾ m e,1191
k o n t a k t a ɾ n o s,618
k o n t a k t a ɾ s e,597
k o n t a k t a ɾ t e,990
k o n t a k t e,1112
k o n t a k t o,40691
k o n t a k t o,1257
k o n t a k t o s,6505
k o n t a d o,15353
k o n t a d o ɾ,3600
k o n t a d o ɾ e s,648
k o n t a d o s,933
k o n t a x i o,525
k o n t a x i o s a,845
k o n t a x i o s o,1550
k o n t a m i n a s i o n,2270
k o n t a m i n a d a,1210
k o n t a m i n a d o,1143
k o n t a m i n a ɾ,523
k o n t a m o s,2814
k o n t a n d o,8664
k o n t a n d o l e,692
k o n t a n d o m e,695
k o n t a ɾ,30132
k o n t a ɾ a,1526
k o n t a ɾ a,1590
k o n t a ɾ a n,489
k o n t a ɾ a s,619
k o n t a ɾ a s,1211
k o n t a ɾ e,8451
k o n t a ɾ e m o s,698
k o n t a ɾ i a,1246
k o n t a ɾ l a,848
k o n t a ɾ l e,13545
k o n t a ɾ l e s,4847
k o n t a ɾ l o,4539
k o n t a ɾ l o s,920
k o n t a ɾ m e,11398
k o n t a ɾ m e l o,4776
k o n t a ɾ n o s,4006
k o n t a ɾ n o s l o,699
k o n t a ɾ o n,1943
k o n t a ɾ s e l o,8985
k o n t a ɾ t e,13094
k o n t a ɾ t e l o,4060
k o n t a s t e,6072
k o n t e,8863
k o n t e m p l a,693
k o n t e m p l a n d o,778
k o n t e m p l a ɾ,1303
k o n t e m p l e n,511
k o n t e n s i o n,1896
k o n t e n e d o ɾ,2962
k o n t e n e d o ɾ e s,1427
k o n t e n e ɾ,2633
k o n t e n e ɾ l o,822
k o n t e n e ɾ l o s,470
k o n t e n e ɾ m e,1008
k o n t e n e ɾ s e,459
k o n t e n i a,1291
k o n t e n i d a,460
k o n t e n i d o,4378
k o n t e n i d o s,455
k o n t e n j e n d o,563
k o n t e n t a,13112
k o n t e n t o,21058
k o n t e n t o s,5496
k o n t e o,1671
k o n t e s t a,11438
k o n t e s t a b a,487
k o n t e s t a d o,2084
k o n t e s t a d o ɾ,1917
k o n t e s t a d o ɾ a,779
k o n t e s t a l e,560
k o n t e s t a m e,5755
k o n t e s t a n,853
k o n t e s t a n d o,643
k o n t e s t a ɾ,9431
k o n t e s t a ɾ a,571
k o n t e s t a ɾ e,1058
k o n t e s t a ɾ l e,976
k o n t e s t a ɾ m e,1226
k o n t e s t a ɾ t e,690
k o n t e s t a s,2050
k o n t e s t a s t e,1079
k o n t e s t e,4161
k o n t e s t e,928
k o n t e s t e m e,975
k o n t e s t e n,1064
k o n t e s t e s,2092
k o n t e s t o,1658
k o n t e s t o,2522
k o n t e k s t o,2167
k o n t j e n d a,530
k o n t j e n e,6211
k o n t j e n e n,1549
k o n t i g o,221759
k o n t i n e n t a l,1034
k o n t i n e n t e,3322
k o n t i n e n t e s,990
k o n t i n w a,5525
k o n t i n u a,16952
k o n t i n u a b a,682
k o n t i n w a s i o n,4732
k o n t i n u a d,513
k o n t i n u a d o,577
k o n t i n w a m e n t e,2708
k o n t j u a m o s,2072
k o n t i n u a n,2255
k o n t i n u a n d o,460
k o n t i n u a ɾ,18210
k o n t i n u a ɾ i a,458
k o n t i n u a ɾ a,2771
k o n t i n w a ɾ a n,497
k o n t i n u a ɾ e,857
k o n t i n u a ɾ e m o s,1642
k o n t i n u a ɾ o n,532
k o n t i n w a s,789
k o n t i n u a s,1112
k o n t i n u e,552
k o n t i n u e,7028
k o n t i n u e m o s,2287
k o n t i n u e n,3044
k o n t i n w i d a d,839
k o n t i n w o,2132
k o n t i n u o,1645
k o n t i n u o,843
k o n t o,17108
k o n t ɾ a,153677
k o n t ɾ a a t a k a ɾ,559
k o n t ɾ a a t a k e,812
k o n t ɾ a b a n d i s t a,949
k o n t ɾ a b a n d i s t a s,960
k o n t ɾ a b a n d o,3056
k o n t ɾ a k s i o n,506
k o n t ɾ a k s i o n e s,965
k o n t ɾ a d i k s i o n,934
k o n t ɾ a d i k s i o n e s,523
k o n t ɾ a d i s e,464
k o n t ɾ a e ɾ,602
k o n t ɾ a x o,539
k o n t ɾ a m a e s t ɾ e,1224
k o n t ɾ a ɾ j a,1423
k o n t ɾ a ɾ j o,22649
k o n t ɾ a r e s t a ɾ,484
k o n t ɾ a s,596
k o n t ɾ a s e ɲ a,4334
k o n t ɾ a s e ɲ a s,476
k o n t ɾ a s t e,965
k o n t ɾ a t a,1563
k o n t ɾ a t a d a,646
k o n t ɾ a t a d o,4659
k o n t ɾ a t a d o s,580
k o n t ɾ a t a m o s,981
k o n t ɾ a t a n,823
k o n t ɾ a t a n d o,732
k o n t ɾ a t a ɾ,5661
k o n t ɾ a t a ɾ e,512
k o n t ɾ a t a ɾ i a,552
k o n t ɾ a t a ɾ l a,600
k o n t ɾ a t a ɾ l o,808
k o n t ɾ a t a ɾ m e,1114
k o n t ɾ a t a ɾ o n,1918
k o n t ɾ a t a ɾ t e,1028
k o n t ɾ a t a s t e,1362
k o n t ɾ a t e,697
k o n t ɾ a t e,2526
k o n t ɾ a t j e m p o,973
k o n t ɾ a t i s t a,1595
k o n t ɾ a t i s t a s,745
k o n t ɾ a t o,21172
k o n t ɾ a t o,5696
k o n t ɾ a t o s,3708
k o n t ɾ i b u s i o n,2021
k o n t ɾ i b u s i o n e s,769
k o n t ɾ i b u i d o,473
k o n t ɾ i b u i ɾ,1397
k o n t ɾ i b u i e n t e,458
k o n t ɾ i b u i e n t e s,1060
k o n t ɾ i n k a n t e,489
k o n t ɾ o l,65736
k o n t ɾ o l a,6959
k o n t ɾ o l a b a,783
k o n t ɾ o l a d a,1832
k o n t ɾ o l a d a s,567
k o n t ɾ o l a d o,4480
k o n t ɾ o l a d o ɾ,958
k o n t ɾ o l a d o s,771
k o n t ɾ o l a m o s,1032
k o n t ɾ o l a n,2405
k o n t ɾ o l a n d o,1745
k o n t ɾ o l a ɾ,15794
k o n t ɾ o l a ɾ l a,1735
k o n t ɾ o l a ɾ l o,5547
k o n t ɾ o l a ɾ l o s,1290
k o n t ɾ o l a ɾ m e,2329
k o n t ɾ o l a ɾ s e,1016
k o n t ɾ o l a ɾ t e,2120
k o n t ɾ o l a s,1183
k o n t ɾ o l a t e,3362
k o n t ɾ o l e,1442
k o n t ɾ o l e n,629
k o n t ɾ o l e s,3849
k o n t ɾ o l e s e,556
k o n t ɾ o l o,1670
k o n t ɾ o b e ɾ s j a,835
k o n t u n d e n t e,932
k o n t u s j o n,963
k o n t u s j o n e s,866
k o n b e n s e,1739
k o n b e n s e ɾ,6813
k o n b e n s e ɾ a,554
k o n b e n s e ɾ e,454
k o n b e n s e ɾ l a,2673
k o n b e n s e ɾ l e,1960
k o n b e n s e ɾ l e s,700
k o n b e n s e ɾ l o,3912
k o n b e n s e ɾ l o s,2318
k o n b e n s e ɾ m e,5022
k o n b e n s e ɾ n o s,617
k o n b e n s e ɾ s e,558
k o n b e n s e ɾ t e,2984
k o n b e n s i,1816
k o n b e n s i d a,2155
k o n b e n s i d o,7789
k o n b e n s i d o s,1120
k o n b e n s i e ɾ o n,640
k o n b e n s i o,2885
k o n b e n s i o n,3796
k o n b e n s i o n a l,1881
k o n b e n s i o n a l e s,648
k o n b e n s i o n e s,839
k o n b e n s i s t e,1154
k o n b e n d ɾ i a,769
k o n b e n g a,740
k o n b e n j e n s i a,849
k o n b e n j e n t e,4355
k o n b e n j e n t e m e n t e,571
k o n b e n j o,845
k o n b e n t o,2726
k o n b e n s a,830
k o n b e ɾ s a s i o n,23131
k o n b e ɾ s a s i o n e s,4230
k o n b e ɾ s a m o s,857
k o n b e ɾ s a n d o,1460
k o n b e ɾ s a ɾ,5400
k o n b e ɾ s j o n,850
k o n b e ɾ t i,3072
k o n b e ɾ t i a,675
k o n b e ɾ t i b l e,868
k o n b e ɾ t i d a,467
k o n b e ɾ t i d o,13792
k o n b e ɾ t i m o s,1172
k o n b e ɾ t i ɾ,6468
k o n b e ɾ t i ɾ a,3524
k o n b e ɾ t i ɾ a n,828
k o n b e ɾ t i ɾ a s,1300
k o n b e ɾ t i ɾ e,1816
k o n b e ɾ t i ɾ e m o s,732
k o n b e ɾ t i ɾ i a,1499
k o n b e ɾ t i ɾ l a,1299
k o n b e ɾ t i ɾ l o,2862
k o n b e ɾ t i ɾ l o s,801
k o n b e ɾ t i ɾ m e,8031
k o n b e ɾ t i ɾ n o s,1645
k o n b e ɾ t i ɾ s e,15989
k o n b e ɾ t i ɾ t e,7305
k o n b e ɾ t i s t e,2151
k o n b i k s i o n,1409
k o n b i k s i o n e s,1065
k o n b i k t o,2105
k o n b i k t o s,1188
k o n b j e n e,6250
k o n b j e ɾ t a,3091
k o n b j e ɾ t a n,725
k o n b j e ɾ t a s,1000
k o n b j e ɾ t e,13531
k o n b j e ɾ t e n,2800
k o n b j e ɾ t e s,1753
k o n b j e ɾ t e t e,785
k o n b j e ɾ t o,1010
k o n b i n s e n t e,3404
k o n b i ɾ t j e n d o,3697
k o n b i ɾ t j e n d o s e,1084
k o n b i ɾ t j e ɾ a,751
k o n b i ɾ t j e ɾ o n,2308
k o n b i ɾ t j o,12392
k o n b i b i ɾ,755
k o n b o k a,479
k o n b o k a d o,1166
k o n b o k a ɾ,689
k o n b o k o,591
k o n b o i,2325
k o n b u l s j o n,480
k o n b u l s j o n e s,1253
k o n i u g a l,616
k o ɲ a,2179
k o ɲ a k,3033
k o ɲ a s o,972
k o ɲ o,24970
k o ɲ o s,850
k o o p e ɾ a,956
k o o p e ɾ a s i o n,3852
k o o p e ɾ a n d o,740
k o o p e ɾ a ɾ,3165
k o o p e ɾ a t i b a,894
k o o p e ɾ e,514
k o o ɾ d e n a d a s,5941
k o o ɾ d i n a s i o n,1168
k o o ɾ d i n a d o ɾ,576
k o o ɾ d i n a ɾ,802
k o p a,27066
k o p a s,6105
k o p e n a g e,689
k o p j a,14273
k o p j a d o,2898
k o p j a n,688
k o p j a n d o,605
k o p j a ɾ,1336
k o p j a s,7154
k o p i l o t o,1366
k o p j o,582
k o p i t a,723
k o p o,559
k o p o s,729
k o k e t a,453
k o k e t e a n d o,1371
k o k e t e a ɾ,1123
k o k e t e o,600
k o ɾ a,2075
k o ɾ a x e,8914
k o ɾ a l,1917
k o ɾ a n,787
k o ɾ a s a,672
k o ɾ a s o n,131616
k o ɾ a s o n a d a,2461
k o ɾ a s o n s i t o,548
k o ɾ a s o n e s,10441
k o ɾ b a t a,7961
k o ɾ b a t a s,1079
k o ɾ s e l,572
k o ɾ tʃ o,815
k o ɾ d e l j a,1010
k o ɾ d e ɾ i t o,607
k o ɾ d e ɾ o,4538
k o ɾ d e ɾ o s,824
k o ɾ d j a l,953
k o ɾ d o n,2045
k o ɾ d o n e s,1420
k o ɾ d u ɾ a,1641
k o ɾ e a,4801
k o ɾ e a n a,621
k o ɾ e a n o,1647
k o ɾ e a n o s,876
k o ɾ e o g ɾ a f i a,644
k o ɾ n e t a,841
k o ɾ n i s a,551
k o ɾ n u d o,877
k o ɾ o,5291
k o ɾ o n a,8863
k o ɾ o n a s i o n,1113
k o ɾ o n a d o,682
k o ɾ o n a s,1880
k o ɾ o n e l,48165
k o ɾ o s,518
k o ɾ p i ɲ o,540
k o ɾ p o ɾ a s i o n,3809
k o ɾ p o ɾ a s i o n e s,1904
k o ɾ p o ɾ a l,2617
k o ɾ p o ɾ a l e s,806
k o ɾ p o ɾ a t i b a,1045
k o ɾ p o ɾ a t i b o,1223
k o ɾ p o ɾ a t i b o s,653
k o ɾ p u s,628
k o r a,3474
k o r a l,1986
k o r a m o s,834
k o r a n,10198
k o r a s,2637
k o r e,39585
k o r e a,2414
k o r e a s,839
k o r e k s i o n,2192
k o r e k s i o n a l,991
k o r e k s i o n e s,503
k o r e k t a,13184
k o r e k t a m e n t e,4864
k o r e k t a s,2443
k o r e k t o,74583
k o r e k t o s,1777
k o r e d,1909
k o r e d o ɾ,7548
k o r e d o ɾ e s,2439
k o r e x i d o,1175
k o r e x i d o s,767
k o r e x i ɾ,2358
k o r e x i ɾ l o,762
k o r e m o s,1641
k o r e n,3729
k o r e o,17052
k o r e o s,4130
k o r e ɾ,28547
k o r e ɾ a,1054
k o r e ɾ e,1186
k o r e ɾ e m o s,489
k o r e ɾ i a,465
k o r e s,3037
k o r e s p o n d a,467
k o r e s p o n d e,4964
k o r e s p o n d e n,680
k o r e s p o n d e n s i a,2569
k o r e s p o n d i a,551
k o r e s p o n s a l,1052
k o r e t e,1042
k o r i,2876
k o r i a,2592
k o r i a n,726
k o r i d a,868
k o r i d o,1989
k o r j e n d o,23909
k o r j e n t e,16465
k o r j e n t e s,2305
k o r j e ɾ o n,774
k o r i x e m e,825
k o r i m o s,555
k o r j o,3568
k o r i s t e,861
k o r o,2295
k o r o b o ɾ a ɾ,497
k o r o m p e ɾ,486
k o r o m p i d o,651
k o r u p s i o n,3713
k o r u p t a,722
k o r u p t o,2630
k o r u p t o s,1758
k o ɾ s e,642
k o ɾ s o,742
k o ɾ t a,17111
k o ɾ t a b a,749
k o ɾ t a d a,2906
k o ɾ t a d a s,1370
k o ɾ t a d o,6996
k o ɾ t a d o ɾ,498
k o ɾ t a d o s,853
k o ɾ t a f w e g o s,454
k o ɾ t a l a,1447
k o ɾ t a l e,1131
k o ɾ t a l o,1382
k o ɾ t a m e,717
k o ɾ t a m o s,1770
k o ɾ t a n,1976
k o ɾ t a n d o,2996
k o ɾ t a ɾ,15282
k o ɾ t a ɾ a,571
k o ɾ t a ɾ a,940
k o ɾ t a ɾ a n,665
k o ɾ t a ɾ e,2763
k o ɾ t a ɾ e m o s,702
k o ɾ t a ɾ i a,769
k o ɾ t a ɾ l a,1498
k o ɾ t a ɾ l e,3638
k o ɾ t a ɾ l e s,505
k o ɾ t a ɾ l o,2131
k o ɾ t a ɾ m e,2981
k o ɾ t a ɾ o n,3353
k o ɾ t a ɾ s e,1490
k o ɾ t a ɾ t e,3220
k o ɾ t a s,3729
k o ɾ t a s t e,1725
k o ɾ t a t e,815
k o ɾ t e,36252
k o ɾ t e,2646
k o ɾ t e x a ɾ,570
k o ɾ t e x o,893
k o ɾ t e m o s,587
k o ɾ t e n,5975
k o ɾ t e s,5280
k o ɾ t e s,2559
k o ɾ t e s a n a,578
k o ɾ t e s i a,5199
k o ɾ t e s a,2437
k o ɾ t i n a,3117
k o ɾ t i n a s,4866
k o ɾ t o,16627
k o ɾ t o,6407
k o ɾ t o s i ɾ k w i t o,694
k o ɾ t o s,3228
k o s a,290469
k o s a k o,623
k o s a k o s,516
k o s a s,450763
k o s e tʃ a,4954
k o s e tʃ a ɾ,748
k o s e tʃ a s,1387
k o s e ɾ,2091
k o s j e n d o,521
k o s i t a,3392
k o s i t a s,1194
k o s m e t i k o s,877
k o s m i k a,738
k o s m i k o,720
k o s m o,1283
k o s m o s,1286
k o s k i j a s,3310
k o s k i j e o,474
k o s t a,20640
k o s t a b a,1208
k o s t a d o,8386
k o s t a d o s,594
k o s t a n d o,1038
k o s t a ɾ,3525
k o s t a ɾ a,495
k o s t a ɾ a,5042
k o s t a ɾ i a,1636
k o s t a ɾ l e,636
k o s t a ɾ m e,512
k o s t a ɾ o n,592
k o s t a ɾ t e,626
k o s t a s,1979
k o s t e,1224
k o s t e a ɾ,516
k o s t e ɾ a,1452
k o s t e s,591
k o s t i j a,1385
k o s t i j a s,4323
k o s t o,5147
k o s t o,7665
k o s t o s,1586
k o s t o s a,862
k o s t o s o,1432
k o s t u m b ɾ e,9432
k o s t u m b ɾ e s,3578
k o s t u ɾ a,1146
k o s t u ɾ e ɾ a,487
k o t i d j a n a,657
k o w b o i,1319
k o w b o i s,482
k o i o t e,1526
k o i o t e s,843
k ɾ a k k,3244
k ɾ a k o b j a,511
k ɾ a n e a l,757
k ɾ a n e o,6009
k ɾ a n e o s,723
k ɾ a s o,892
k ɾ a t e ɾ,1347
k ɾ e a,15482
k ɾ e a s i o n,5538
k ɾ e a d a,1607
k ɾ e a d a s,537
k ɾ e a d o,8858
k ɾ e a d o ɾ,3569
k ɾ e a d o ɾ e s,642
k ɾ e a d o s,1317
k ɾ e a m e,11838
k ɾ e a m o s,3036
k ɾ e a n,5380
k ɾ e a n d o,3914
k ɾ e a n m e,527
k ɾ e a n m e,4568
k ɾ e a ɾ,17392
k ɾ e a ɾ a,704
k ɾ e a ɾ e m o s,467
k ɾ e a ɾ l o,496
k ɾ e a ɾ o n,2240
k ɾ e a s,12836
k ɾ e a s t e,1148
k ɾ e a t i b a,1644
k ɾ e a t i b i d a d,1222
k ɾ e a t i b o,2840
k ɾ e a t i b o s,638
k ɾ e s e,6012
k ɾ e s e n,3691
k ɾ e s e ɾ,10626
k ɾ e s e ɾ a,1181
k ɾ e s e s,858
k ɾ e s i,4534
k ɾ e s i a,991
k ɾ e s i d o,6540
k ɾ e s i e n d o,5740
k ɾ e s i e n t e,1857
k ɾ e s i e ɾ a,494
k ɾ e s i e ɾ o n,1260
k ɾ e s i m j e n t o,4124
k ɾ e s i m o s,1360
k ɾ e s i o,4133
k ɾ e s i s t e,1367
k ɾ e d e n s i a l,457
k ɾ e d e n s i a l e s,1510
k ɾ e d i b i l i d a d,1901
k ɾ e d i t o,15255
k ɾ e d i t o s,2109
k ɾ e d o,851
k ɾ e e,114901
k ɾ e e,1635
k ɾ e e d,1018
k ɾ e e d m e,1376
k ɾ e e i s,3781
k ɾ e e l o,1731
k ɾ e e m e,40533
k ɾ e e m o s,17228
k ɾ e e n,40256
k ɾ e e n s i a,2466
k ɾ e e n s i a s,3562
k ɾ e e ɾ,93522
k ɾ e e ɾ a,4442
k ɾ e e ɾ a n,2751
k ɾ e e ɾ a s,3261
k ɾ e e ɾ e,1270
k ɾ e e ɾ i a,3600
k ɾ e e ɾ i a n,698
k ɾ e e ɾ i a s,2467
k ɾ e e ɾ l a,596
k ɾ e e ɾ l e,3154
k ɾ e e ɾ l o,44226
k ɾ e e ɾ m e,10790
k ɾ e e ɾ m e l o,1138
k ɾ e e ɾ n o s,564
k ɾ e e ɾ s e,708
k ɾ e e ɾ t e,4992
k ɾ e e ɾ t e l o,645
k ɾ e e s,253910
k ɾ e i,58920
k ɾ e i a,40673
k ɾ e i a m o s,2962
k ɾ e i a n,3355
k ɾ e i a s,5137
k ɾ e i b l e,1914
k ɾ e i d o,6422
k ɾ e i m o s,2270
k ɾ e i s t e,5349
k ɾ e m a,9500
k ɾ e m a j e ɾ a,1056
k ɾ e m a t o ɾ j o,569
k ɾ e o,698685
k ɾ e o,6679
k ɾ e p u s k u l o,1162
k ɾ e s t a,1154
k ɾ e t i n o,6256
k ɾ e t i n o s,1327
k ɾ e i e n d o,3475
k ɾ e i e n t e,1629
k ɾ e i e n t e s,1024
k ɾ e i e ɾ a,2213
k ɾ e i e ɾ a s,701
k ɾ e i e ɾ o n,2885
k ɾ e i o,7631
k ɾ e s k a,2561
k ɾ e s k a n,962
k ɾ e s k a s,908
k ɾ i a,2925
k ɾ i a d a,4587
k ɾ i a d a s,678
k ɾ i a d o,4848
k ɾ i a d o s,1944
k ɾ i a m o s,548
k ɾ i a n d o,990
k ɾ i a n s a,793
k ɾ i a ɾ,4026
k ɾ i a ɾ l o,736
k ɾ i a ɾ l o s,469
k ɾ i a ɾ o n,1194
k ɾ i a s,1478
k ɾ i a s t e,636
k ɾ i a t u ɾ a,14135
k ɾ i a t u ɾ a s,9754
k ɾ i k k e t,1040
k ɾ i e,2255
k ɾ i m e n,38240
k ɾ i m e n e s,9802
k ɾ i m i n a l,16252
k ɾ i m i n a l e s,11920
k ɾ i o,2368
k ɾ i o,3364
k ɾ i o s,2197
k ɾ i p t a,1158
k ɾ i k e t,494
k ɾ i s,504
k ɾ i s i s,12276
k ɾ i s t a l,11299
k ɾ i s t a l e s,2633
k ɾ i s t j a n a,2844
k ɾ i s t j a n d a d,478
k ɾ i s t j a n i s m o,1115
k ɾ i s t j a n o,4674
k ɾ i s t j a n o s,3905
k ɾ i s t i n a,3418
k ɾ i s t o,13255
k ɾ i s t o b a l,658
k ɾ i t e ɾ j o,1971
k ɾ i t i k a,4769
k ɾ i t i k a n d o,547
k ɾ i t i k a ɾ,1383
k ɾ i t i k a ɾ m e,468
k ɾ i t i k a s,534
k ɾ i t i k a s,2201
k ɾ i t i k o,3986
k ɾ i t i k o s,1899
k ɾ o m o,704
k ɾ o n i k a,1184
k ɾ o n i k o,485
k ɾ o n o m e t ɾ o,737
k ɾ o s s,2693
k ɾ u s e,4702
k ɾ u s e,1361
k ɾ u s e m o s,664
k ɾ u s e n,936
k ɾ u s e ɾ o,4272
k ɾ u s e ɾ o s,978
k ɾ u s e s,2020
k ɾ u s i a l,2511
k ɾ u s i a l e s,459
k ɾ u s i f i k a d o,983
k ɾ u s i f i x o,731
k ɾ u s i f i k s j o n,702
k ɾ u s i g ɾ a m a,661
k ɾ u s i g ɾ a m a s,626
k ɾ u d a,1416
k ɾ u d o,2035
k ɾ u e l,12984
k ɾ u e l d a d,2816
k ɾ u e l e s,2259
k ɾ u x j e n t e,770
k ɾ u s,12474
k ɾ u s a,3440
k ɾ u s a d a,2109
k ɾ u s a d a s,1176
k ɾ u s a d o,4838
k ɾ u s a d o s,1651
k ɾ u s a m o s,1690
k ɾ u s a n,1435
k ɾ u s a n d o,4712
k ɾ u s a ɾ,12272
k ɾ u s a ɾ e m o s,835
k ɾ u s a ɾ l a,510
k ɾ u s a ɾ l o,736
k ɾ u s a ɾ m e,459
k ɾ u s a ɾ o n,1235
k ɾ u s a ɾ s e,604
k ɾ u s a s,763
k ɾ u s a s t e,618
k ɾ u s o,821
k ɾ u s o,2644
k w a d e ɾ n o,2692
k w a d e ɾ n o s,808
k w a d ɾ a,4075
k w a d ɾ a d a,864
k w a d ɾ a d o,1998
k w a d ɾ a d o s,1710
k w a d ɾ a n t e,2375
k w a d ɾ a s,3389
k w a d ɾ i l a t e ɾ o,973
k w a d ɾ i j a,1134
k w a d ɾ o,9568
k w a d ɾ o s,4854
k w a l,74347
k w a l,141594
k w a l e s,9839
k w a l e s,13985
k w a l i d a d,1645
k w a l i d a d e s,3163
k w a l i f i k a d o,672
k w a l k j e ɾ,154570
k w a l k j e ɾ a,45560
k w a n,4553
k w a n,11304
k w a n d o,1000476
k w a n d o,116353
k w a n t a,2498
k w a n t a,6668
k w a n t a s,13206
k w a n t a s,26388
k w a n t i k a,1130
k w a n t i k o,481
k w a n t o,86454
k w a n t o,142711
k w a n t o s,15755
k w a n t o s,40235
k w a ɾ e n t a,6886
k w a ɾ e n t e n a,3870
k w a ɾ t a,6150
k w a ɾ t e l,7776
k w a ɾ t e l e s,1063
k w a ɾ t e t o,827
k w a ɾ t o,81011
k w a ɾ t o s,6782
k w a t ɾ o,111322
k w a t ɾ o s i e n t o s,700
k u b a,5609
k u b a n a,578
k u b a n o,1292
k u b a n o s,1475
k u b e t a,665
k u b i k o s,512
k u b i k u l o,656
k u b j e ɾ t a,13009
k u b j e ɾ t a s,2398
k u b j e ɾ t o,8926
k u b j e ɾ t o s,2701
k u b o,5245
k u b o s,1395
k u b ɾ a,1295
k u b ɾ a n,1544
k u b ɾ a n m e,832
k u b ɾ a n s e,3423
k u b ɾ e,5289
k u b ɾ e l o,659
k u b ɾ e m e,2922
k u b ɾ e n,1163
k u b ɾ e n o s,662
k u b ɾ e s,644
k u b ɾ e t e,2102
k u b ɾ i,560
k u b ɾ i a,710
k u b ɾ j e n d o,2403
k u b ɾ i m o s,868
k u b ɾ j o,1068
k u b ɾ i ɾ,7184
k u b ɾ i ɾ a,1294
k u b ɾ i ɾ e,1398
k u b ɾ i ɾ e m o s,787
k u b ɾ i ɾ l a,559
k u b ɾ i ɾ l o,1606
k u b ɾ i ɾ m e,1561
k u b ɾ i ɾ n o s,671
k u b ɾ i ɾ s e,1215
k u b ɾ i ɾ t e,1222
k u b ɾ o,1625
k u k a ɾ a tʃ a,2090
k u k a ɾ a tʃ a s,2273
k u tʃ a ɾ a,2960
k u tʃ a ɾ a d a,654
k u tʃ a ɾ a s,869
k u tʃ i j a,1558
k u tʃ i j a s,587
k u tʃ i j o,21832
k u tʃ i j o s,4228
k u k o,619
k u k u,501
k w e l g a,3977
k w e l g a n,1067
k w e l g a s,527
k w e l g o,593
k w e l g e,1819
k w e l g e n,1155
k w e l g e n l o,460
k w e l g e s,1789
k w e j o,29445
k w e j o s,875
k w e n k o,630
k w e n t a,175253
k w e n t a l e,3783
k w e n t a l e s,1979
k w e n t a l o,1265
k w e n t a m e,21394
k w e n t a m e l o,5195
k w e n t a n,5315
k w e n t a n o s,5172
k w e n t a n o s l o,553
k w e n t a s,26156
k w e n t a s e l o,2087
k w e n t e,6944
k w e n t e l e,469
k w e n t e m e,4375
k w e n t e m e l o,746
k w e n t e n,1436
k w e n t e n m e,492
k w e n t e n o s,1590
k w e n t e s,4690
k w e n t o,21960
k w e n t o s,6797
k w e ɾ d a,12913
k w e ɾ d a s,5600
k w e ɾ d o,1511
k w e ɾ n o,3169
k w e ɾ n o s,3497
k w e ɾ o,5640
k w e ɾ p o,101126
k w e ɾ p o s,18283
k w e ɾ b o,2611
k w e ɾ b o s,1654
k w e s t a,21950
k w e s t a n,2759
k w e s t a s,747
k w e s t e,3566
k w e s t j o n,30104
k w e s t j o n a,730
k w e s t j o n a b l e,488
k w e s t j o n a n d o,857
k w e s t j o n a ɾ,1906
k w e s t j o n a ɾ j o,636
k w e s t j o n e s,3095
k w e s t j o n o,482
k w e b a,7696
k w e b a s,2851
k w i d a,13499
k w i d a b a,1482
k w i d a d,1335
k w i d a d o,141916
k w i d a d o ɾ,1114
k w i d a d o s,3058
k w i d a d o s a,1423
k w i d a d o s a m e n t e,3787
k w i d a d o s o,3887
k w i d a d o s o s,1446
k u i d a l a,1447
k u i d a l o,1382
k u i d a m e,497
k w i d a m o s,958
k w i d a n,1202
k w i d a n d o,5615
k w i d a n d o m e,482
k w i d a n d o t e,594
k w i d a ɾ,19493
k w i d a ɾ a,1265
k w i d a ɾ a,2267
k w i d a ɾ a n,592
k w i d a ɾ a s,775
k w i d a ɾ e,4248
k w i d a ɾ e m o s,1433
k w i d a ɾ i a,1011
k w i d a ɾ l a,2863
k w i d a ɾ l e,591
k w i d a ɾ l o,2897
k w i d a ɾ l o s,1166
k w i d a ɾ m e,5041
k w i d a ɾ n o s,1484
k w i d a ɾ s e,3682
k w i d a ɾ t e,5468
k w i d a s,1612
k u i d a t e,24338
k w i d e,4742
k w i d e,713
k w i d e n,1629
k u i d e n s e,2803
k w i d e s,1561
k u i d e s e,3742
k w i d o,2620
k w i d o,1189
k u l a t a,855
k u l e b ɾ a,465
k u l i t o,1037
k u l o,47948
k u l o s,2828
k u l p a,94660
k u l p a b i l i d a d,2571
k u l p a b l e,29559
k u l p a b l e s,4418
k u l p a d o,560
k u l p a n,876
k u l p a n d o,908
k u l p a ɾ,4588
k u l p a ɾ l a,946
k u l p a ɾ l e,470
k u l p a ɾ l o,1042
k u l p a ɾ l o s,688
k u l p a ɾ m e,2505
k u l p a ɾ s e,490
k u l p a ɾ t e,2542
k u l p a s,1998
k u l p e,746
k u l p e n,456
k u l p e s,2251
k u l p o,5207
k u l p o,551
k u l t a,462
k u l t i b a ɾ,1710
k u l t i b o,1637
k u l t i b o s,1419
k u l t o,3119
k u l t u ɾ a,8769
k u l t u ɾ a l,2578
k u l t u ɾ a l e s,668
k u l t u ɾ a s,2019
k u m b ɾ e,2322
k u m b ɾ e s,476
k u m p l a,2476
k u m p l a n,839
k u m p l a s,1237
k u m p l e,4684
k u m p l e a ɲ o s,43887
k u m p l e n,1428
k u m p l e s,1114
k u m p l i,2225
k u m p l i a,767
k u m p l i d a,1548
k u m p l i d o,7909
k u m p l i d o s,1405
k u m p l j e n d o,2269
k u m p l i m j e n t o,930
k u m p l i m o s,946
k u m p l j o,2713
k u m p l i ɾ,13619
k u m p l i ɾ a,1217
k u m p l i ɾ e,1290
k u m p l i ɾ l a,674
k u m p l i ɾ l o,552
k u m p l i ɾ s e,605
k u m p l i s t e,752
k u m p l o,2157
k u n a,3819
k u n d a,830
k u n e t a,681
k u ɲ a d a,2600
k u ɲ a d o,3883
k w o t a,2030
k w o t a s,921
k u p i d o,1044
k u p o n,663
k u p o n e s,1304
k u p u l a,1118
k u ɾ a,17164
k u ɾ a s i o n,1138
k u ɾ a d a,1024
k u ɾ a d o,3228
k u ɾ a n,462
k u ɾ a n d e ɾ o,675
k u ɾ a n d o,695
k u ɾ a ɾ,5498
k u ɾ a ɾ a,1023
k u ɾ a ɾ l a,1070
k u ɾ a ɾ l e,574
k u ɾ a ɾ l o,1667
k u ɾ a ɾ m e,1979
k u ɾ a ɾ s e,2033
k u ɾ a ɾ t e,1968
k u ɾ a s,2013
k u ɾ e,1117
k u ɾ j o s a,2571
k u ɾ j o s a m e n t e,883
k u ɾ j o s i d a d,13299
k u ɾ j o s o,13295
k u ɾ j o s o s,1039
k u ɾ o,1262
k u r i k u l u m,1454
k u r o,582
k u ɾ ɾ i,1285
k u ɾ s i,1577
k u ɾ s o,16818
k u ɾ s o s,1480
k u ɾ b a,4352
k u ɾ b a s,1713
k u s t o d j a,9303
k u s t o d j o,844
k u t i s,454
k u t t e ɾ,1041
k u i a,5638
k u i a s,1498
k u i o,7054
k u i o s,2173
d a,151016
d a b a,13473
d a b a m o s,583
d a b a n,3151
d a b a s,987
d a k t i l a ɾ,453
d a k t i l a ɾ e s,1513
d a d,1755
d a d a,4074
d a d a s,2295
d a d l e,2258
d a d m e,3496
d a d n o s,561
d a d o,73263
d a d o s,4324
d a g a,2986
d a g a s,817
d a i s,1532
d a l a i,530
d a l e,88600
d a l e s,7459
d a l j a,512
d a l o,1481
d a m a,24664
d a m a s,29413
d a m a s k o,952
d a m e,216808
d a m e l a,12316
d a m e l a s,2241
d a m e l o,24330
d a m e l o s,1967
d a m i s e l a,505
d a m o s,11743
d a n,53797
d a n d o,27257
d a n d o l e,7184
d a n d o l e s,1378
d a n d o m e,2887
d a n d o n o s,984
d a n d o s e,1018
d a n d o t e,1761
d a n d i,777
d a n e s,874
d a n i,915
d a n j e l,18158
d a n o s,11827
d a n o s l o,671
d a n s a,4636
d a ɲ a,778
d a ɲ a d a,1710
d a ɲ a d a s,508
d a ɲ a d o,3542
d a ɲ a d o s,893
d a ɲ a ɾ,2435
d a ɲ a ɾ t e,594
d a ɲ o,57239
d a ɲ o,1007
d a ɲ o s,9689
d a o s,3650
d a ɾ,100203
d a ɾ a,22585
d a ɾ a n,8412
d a ɾ a s,5809
d a ɾ d o,1258
d a ɾ d o s,1528
d a ɾ e,42361
d a ɾ e m o s,9092
d a ɾ i a,15766
d a ɾ i a m o s,459
d a ɾ i a n,2050
d a ɾ i a s,2577
d a ɾ l a,1984
d a ɾ l e,106408
d a ɾ l e s,24041
d a ɾ l o,2084
d a ɾ m e,60679
d a ɾ m e l a,1174
d a ɾ m e l o,1779
d a ɾ n o s,20974
d a ɾ o s,3045
d a ɾ s e,11354
d a ɾ s e l a,4150
d a ɾ s e l a s,1219
d a ɾ s e l o,7752
d a ɾ s e l o s,1291
d a ɾ t e,63262
d a ɾ t e l a,1443
d a ɾ t e l o,2992
d a ɾ t e l o s,465
d a s,46605
d a s e l a,2563
d a s e l a s,795
d a s e l o,5698
d a s e l o s,708
d a t a,3794
d a t e,21174
d a t o,2135
d a t o s,21707
d e,15232279
d e,22452
d e a m b u l a n d o,583
d e b a,10207
d e b a x o,33037
d e b a m o s,5529
d e b a n,1042
d e b a s,4314
d e b a t e,4443
d e b a t e s,685
d e b a t i ɾ,741
d e b e,248676
d e b e i s,3851
d e b e m o s,117508
d e b e n,62791
d e b e ɾ,20101
d e b e ɾ a,6158
d e b e ɾ a n,2873
d e b e ɾ a s,3236
d e b e ɾ e,1415
d e b e ɾ e m o s,1432
d e b e ɾ e s,6077
d e b e ɾ i a,172209
d e b e ɾ i a i s,2581
d e b e ɾ i a m o s,67030
d e b e ɾ i a n,27302
d e b e ɾ i a s,101771
d e b e s,138509
d e b i,25085
d e b i a,30282
d e b i a m o s,3822
d e b i a n,3931
d e b i a s,5027
d e b i d a,836
d e b i d a m e n t e,1071
d e b i d o,28050
d e b j e ɾ a,2567
d e b j e ɾ a s,969
d e b j e ɾ o n,4279
d e b i l,18665
d e b i l e s,6104
d e b i l i d a d,7418
d e b i l i d a d e s,1511
d e b i l i t a,826
d e b i l i t a d o,619
d e b i l u tʃ o,712
d e b i m o s,4836
d e b j o,21283
d e b i s t e,13141
d e b o,179950
d e b u t,1091
d e k a d a,3055
d e k a d a s,2879
d e k a d e n s i a,1127
d e k a d e n t e,630
d e k a n o,2451
d e k a p i t a d o,823
d e s e n a s,1620
d e s e n s i a,2306
d e s e n t e,10043
d e s e n t e s,1564
d e s e p s i o n,2836
d e s e p s i o n a,715
d e s e p s i o n a d a,1488
d e s e p s i o n a d o,5468
d e s e p s i o n a d o s,472
d e s e p s i o n a n t e,1389
d e s e p s i o n a ɾ,988
d e s e p s i o n a ɾ e,477
d e s e p s i o n a ɾ l o,598
d e s e p s i o n a ɾ m e,456
d e s e p s i o n a ɾ t e,2032
d e s e p s i o n a s,724
d e s e p s i o n e,523
d e s e p s i o n e s,1118
d e s i,7485
d e s i a,39827
d e s i a m o s,928
d e s i a n,6611
d e s i a s,6636
d e s i d a,4250
d e s i d a m o s,551
d e s i d a n,1418
d e s i d a s,1641
d e s i d a s e,601
d e s i d e,8824
d e s i d e n,1930
d e s i d e s,4585
d e s i d e t e,1468
d e s i d i,12313
d e s i d i d a,1665
d e s i d i d a m e n t e,570
d e s i d i d o,24114
d e s i d i d o s,715
d e s i d j e n d o,744
d e s i d j e ɾ a,725
d e s i d j e ɾ o n,3670
d e s i d i m o s,6489
d e s i d j o,11452
d e s i d i ɾ,13431
d e s i d i ɾ a,1727
d e s i d i ɾ a n,488
d e s i d i ɾ e,1017
d e s i d i ɾ e m o s,670
d e s i d i ɾ l o,2429
d e s i d i ɾ m e,1060
d e s i d i ɾ s e,1530
d e s i d i ɾ t e,1146
d e s i d i s t e,3680
d e s i d l e,1840
d e s i d m e,2784
d e s i d m e l o,639
d e s i d o,3115
d e s i d s e l o,500
d e s i m a,1159
d e s i m o,1640
d e s i m o s,8676
d e s i ɾ,481889
d e s i ɾ l a,808
d e s i ɾ l a s,652
d e s i ɾ l e,116671
d e s i ɾ l e s,32895
d e s i ɾ l o,58441
d e s i ɾ m e,91248
d e s i ɾ m e l o,21218
d e s i ɾ n o s,20545
d e s i ɾ n o s l o,2061
d e s i ɾ o s,3810
d e s i ɾ s e,5274
d e s i ɾ s e l o,43655
d e s i ɾ s e l o s,930
d e s i ɾ t e,118102
d e s i ɾ t e l o,34910
d e s i s,2860
d e s i s j o n,42793
d e s i s j o n e s,12710
d e s i s i b a,587
d e s i s i b o,1229
d e k l a ɾ a,2602
d e k l a ɾ a s i o n,15897
d e k l a ɾ a s i o n e s,3816
d e k l a ɾ a d a,581
d e k l a ɾ a d o,3897
d e k l a ɾ a m o s,576
d e k l a ɾ a n,622
d e k l a ɾ a n d o,579
d e k l a ɾ a ɾ,4373
d e k l a ɾ a ɾ a,522
d e k l a ɾ a ɾ m e,498
d e k l a ɾ a ɾ o n,801
d e k l a ɾ a ɾ s e,904
d e k l a ɾ e,985
d e k l a ɾ o,3690
d e k l a ɾ o,3016
d e k o ɾ a s i o n,1922
d e k o ɾ a d o,1692
d e k o ɾ a d o ɾ,661
d e k o ɾ a d o s,636
d e k o ɾ a ɾ,877
d e k o ɾ o,568
d e k ɾ e t o,1489
d e d i k a,4535
d e d i k a b a,827
d e d i k a s i o n,1780
d e d i k a d a,1766
d e d i k a d o,4015
d e d i k a d o s,551
d e d i k a m o s,952
d e d i k a n,928
d e d i k a ɾ,1443
d e d i k a ɾ e,571
d e d i k a ɾ l e,900
d e d i k a ɾ m e,1736
d e d i k a ɾ s e,1742
d e d i k a ɾ t e,1146
d e d i k a s,3295
d e d i k a t e,649
d e d i k o,2593
d e d i k o,1042
d e d i k e,748
d e d o,20290
d e d o s,22371
d e d u k s i o n,679
d e d u s i ɾ,1262
d e d u s k o,650
d e f e k t o,2951
d e f e k t o s,3018
d e f e k t u o s a,626
d e f e k t u o s o,786
d e f e n d e m o s,489
d e f e n d e ɾ,7848
d e f e n d e ɾ e,616
d e f e n d e ɾ l a,1068
d e f e n d e ɾ l o,1446
d e f e n d e ɾ m e,3618
d e f e n d e ɾ n o s,2570
d e f e n d e ɾ s e,5683
d e f e n d e ɾ t e,2052
d e f e n d i,634
d e f e n d i d o,1372
d e f e n d j e n d o,2242
d e f e n d j o,1013
d e f e n s a,27765
d e f e n s a s,2745
d e f e n s i b a,2039
d e f e n s i b o,540
d e f e n s o ɾ,2931
d e f e n s o ɾ e s,994
d e f i s i e n s i a,705
d e f i s i e n t e,512
d e f i s i t,924
d e f j e n d a,745
d e f j e n d a n,513
d e f j e n d e,2049
d e f j e n d e n,639
d e f j e n d e s,1087
d e f j e n d e t e,807
d e f j e n d o,818
d e f i n e,2350
d e f i n i s i o n,3003
d e f i n i d o,844
d e f i n i ɾ,1225
d e f i n i t i b a,2483
d e f i n i t i b a m e n t e,25010
d e f i n i t i b o,2079
d e f o ɾ m e,754
d e f ɾ a u d a d o,755
d e f ɾ a u d a ɾ,475
d e f u n s i o n,1102
d e x e n e ɾ a d o,1526
d e x e n e ɾ a d o s,664
d e g ɾ a d a s i o n,704
d e g ɾ a d a d o,532
d e g ɾ a d a n t e,579
d e i s,566
d e x a,134891
d e x a b a,6074
d e x a b a n,1720
d e x a b a s,622
d e x a d,4527
d e x a d a,555
d e x a d l a,1075
d e x a d l e,1967
d e x a d l o,2601
d e x a d m e,10112
d e x a d o,44367
d e x a i s,862
d e x a l a,21440
d e x a l a s,1745
d e x a l e,7650
d e x a l e s,1239
d e x a l o,57988
d e x a l o s,5879
d e x a m e,242759
d e x a m e l a,604
d e x a m e l o,5026
d e x a m o s,15345
d e x a n,16241
d e x a n d o,11340
d e x a n d o l a,516
d e x a n d o l e,486
d e x a n d o l o,1028
d e x a n d o m e,1461
d e x a n d o n o s,570
d e x a n d o t e,935
d e x a n o s,10390
d e x a ɾ,123390
d e x a ɾ a,7509
d e x a ɾ a,10785
d e x a ɾ a m o s,455
d e x a ɾ a n,2628
d e x a ɾ a n,5651
d e x a ɾ a s,4150
d e x a ɾ a s,6195
d e x a ɾ e,30583
d e x a ɾ e m o s,7640
d e x a ɾ i a,9200
d e x a ɾ i a n,1528
d e x a ɾ i a s,2542
d e x a ɾ l a,17166
d e x a ɾ l a s,2348
d e x a ɾ l e,11059
d e x a ɾ l e s,2841
d e x a ɾ l o,42286
d e x a ɾ l o s,8913
d e x a ɾ m e,30365
d e x a ɾ n o s,8775
d e x a ɾ o n,15081
d e x a ɾ o s,1218
d e x a ɾ s e,2941
d e x a ɾ s e l o,990
d e x a ɾ t e,26861
d e x a s,27274
d e x a s e,880
d e x a s e l o,906
d e x a s t e,23004
d e x a t e,9391
d e x e,40794
d e x e,32455
d e x e i s,1520
d e x e l a,3662
d e x e l e,1470
d e x e l o,9636
d e x e l o s,1440
d e x e m e,53175
d e x e m e l o,1512
d e x e m o n o s,1125
d e x e m o s,9356
d e x e m o s l e,601
d e x e m o s l o,4723
d e x e n,21612
d e x e n l a,2551
d e x e n l e,671
d e x e n l o,7805
d e x e n l o s,1762
d e x e n m e,29525
d e x e n m e l o,556
d e x e n n o s,2839
d e x e n o s,5249
d e x e n s e,631
d e x e s,34071
d e x e s e,1917
d e x o,30037
d e x o,55840
d e l,3533213
d e l a n t a l,1157
d e l a n t e,38967
d e l a n t e ɾ a,3263
d e l a n t e ɾ o,1635
d e l a n t e ɾ o s,453
d e l a t a,536
d e l a t a d o,522
d e l a t a ɾ,865
d e l a t a ɾ m e,540
d e l a t o,1247
d e l e,3262
d e l e g a s i o n,1804
d e l e g a d o,1576
d e l e g a d o s,1303
d e l e i t e,705
d e l e t ɾ e a,770
d e l e t ɾ e a ɾ,952
d e l e t ɾ e a ɾ l o,506
d e l f i n,1604
d e l f i n e s,2084
d e l g a d a,3100
d e l g a d a s,692
d e l g a d o,4474
d e l g a d o s,656
d e l i,1711
d e l j a,1340
d e l i b e ɾ a d a m e n t e,2267
d e l i b e ɾ a d o,524
d e l i k a d a,3859
d e l i k a d a m e n t e,552
d e l i k a d a s,776
d e l i k a d e s a,1486
d e l i k a d o,5272
d e l i k a d o s,995
d e l i s i a,1277
d e l i s i a s,553
d e l i s i o s a,3797
d e l i s i o s a s,1163
d e l i s i o s o,9429
d e l i s i o s o s,1423
d e l i n k w e n s i a,765
d e l i n k w e n t e,3515
d e l i n k w e n t e s,3281
d e l i ɾ a n d o,1318
d e l i ɾ a n t e,589
d e l i ɾ j o,1136
d e l i ɾ j o s,1024
d e l i t o,8920
d e l i t o s,3342
d e l t a,4802
d e m a n d a,7806
d e m a n d a d o,853
d e m a n d a m e,602
d e m a n d a n,475
d e m a n d a n d o,651
d e m a n d a n t e,1161
d e m a n d a ɾ,2141
d e m a n d a ɾ e,710
d e m a n d a ɾ l o,515
d e m a n d a ɾ l o s,584
d e m a n d a ɾ m e,670
d e m a n d a ɾ t e,660
d e m a n d a s,3075
d e m a n d o,631
d e m a n d o,524
d e m a s,67681
d e m a s j a d a,9899
d e m a s j a d a s,7567
d e m a s j a d o,197209
d e m a s j a d o s,8215
d e m e,11915
d e m e l a,2134
d e m e l a s,460
d e m e l o,3351
d e m e n s i a,1612
d e m e n t e,3884
d e m e n t e s,887
d e m e n t o ɾ e s,543
d e m o,1125
d e m o k ɾ a s i a,5414
d e m o k ɾ a t a,1540
d e m o k ɾ a t a s,1397
d e m o k ɾ a t i k a,673
d e m o k ɾ a t i k o,898
d e m o l e ɾ,613
d e m o l i s i o n,1203
d e m o n i a k a,456
d e m o n j o,21303
d e m o n j o s,78063
d e m o n o s,1720
d e m o ɾ a,3265
d e m o ɾ a d o,681
d e m o ɾ a n d o,538
d e m o ɾ a ɾ,941
d e m o ɾ a ɾ a,627
d e m o ɾ a s,551
d e m o ɾ o,530
d e m o s,5134
d e m o s l e,4991
d e m o s l e s,886
d e m o s t ɾ a s i o n,4131
d e m o s t ɾ a d o,4175
d e m o s t ɾ a n d o,730
d e m o s t ɾ a ɾ,10311
d e m o s t ɾ a ɾ a,666
d e m o s t ɾ a ɾ e,1768
d e m o s t ɾ a ɾ l e,2763
d e m o s t ɾ a ɾ l e s,978
d e m o s t ɾ a ɾ l o,4459
d e m o s t ɾ a ɾ m e,904
d e m o s t ɾ a ɾ o n,461
d e m o s t ɾ a ɾ s e l o,891
d e m o s t ɾ a ɾ t e,1542
d e m o s t ɾ a ɾ t e l o,909
d e m o s t ɾ a s t e,482
d e m o s t ɾ o,1692
d e m w e s t ɾ a,6156
d e m w e s t ɾ a l e,523
d e m w e s t ɾ a l o,1481
d e m w e s t ɾ a m e,642
d e m w e s t ɾ a m e l o,880
d e m w e s t ɾ a n,1330
d e m w e s t ɾ a s,603
d e m w e s t ɾ e,1256
d e n,16808
d e n e g a d a,1512
d e n e g a d o,1160
d e n l e,8242
d e n l e s,1258
d e n m e,9358
d e n o s,1185
d e n s a,808
d e n s e,4602
d e n s i d a d,1197
d e n s o,928
d e n t a d u ɾ a,1061
d e n t a l,2745
d e n t a l e s,826
d e n t i s t a,5572
d e n t i s t a s,452
d e n t ɾ o,152509
d e n u n s i a,3314
d e n u n s i a d o,873
d e n u n s i a ɾ,1736
d e n u n s i a ɾ e,569
d e n u n s i a ɾ l o,1256
d e n u n s i a ɾ m e,554
d e n u n s i a ɾ t e,494
d e n u n s i a s,796
d e n u n s i o,1057
d e p a ɾ a,550
d e p a ɾ t a m e n t o,38860
d e p a ɾ t a m e n t o s,1713
d e p e n d e,27201
d e p e n d e m o s,580
d e p e n d e n,1763
d e p e n d e n s i a,652
d e p e n d e ɾ,1715
d e p e n d e ɾ a,858
d e p e n d i a,772
d e p e n d j e n d o,1820
d e p e n d j e n t e,1001
d e p e n d j e ɾ a,794
d e p e n d o,619
d e p l o ɾ a b l e,510
d e p o ɾ t e,6593
d e p o ɾ t e s,5802
d e p o ɾ t i s t a,953
d e p o ɾ t i s t a s,632
d e p o ɾ t i b a,1023
d e p o ɾ t i b a s,603
d e p o ɾ t i b o,2666
d e p o ɾ t i b o s,1095
d e p o s i t a d o,452
d e p o s i t a ɾ,666
d e p o s i t o,924
d e p o s i t o,9498
d e p o s i t o s,1936
d e p ɾ a b a d o,659
d e p ɾ e d a d o ɾ,1126
d e p ɾ e d a d o ɾ e s,1098
d e p ɾ e s j o n,4641
d e p ɾ e s i b o,547
d e p ɾ i m e,837
d e p ɾ i m e n t e,2897
d e p ɾ i m i d a,2152
d e p ɾ i m i d o,4260
d e p ɾ i s a,21435
d e ɾ b i,1083
d e ɾ e tʃ a,43978
d e ɾ e tʃ a s,516
d e ɾ e tʃ a s o,476
d e ɾ e tʃ o,65126
d e ɾ e tʃ o s,17476
d e ɾ i b a,2257
d e ɾ i b a d o,467
d e r a m a,628
d e r a m a d a,794
d e r a m a d o,946
d e r a m a m j e n t o,978
d e r a m a ɾ,1435
d e r a m e,1708
d e r a m o,896
d e r e t i d o,938
d e r e t i ɾ,536
d e r e t i ɾ s e,574
d e r i b a,623
d e r i b a d o,1501
d e r i b a l o,474
d e r i b a ɾ,2906
d e r i b a ɾ l o,1114
d e r i b a ɾ l o s,452
d e r i b a ɾ o n,693
d e r i b o,861
d e r i t e,1077
d e r i t j e n d o,639
d e r o k a ɾ,821
d e r o t a,4897
d e r o t a d o,2924
d e r o t a d o s,886
d e r o t a ɾ,3405
d e r o t a ɾ l o,1116
d e r o t a ɾ l o s,862
d e r o t a ɾ m e,582
d e r o t a s,548
d e r o t o,748
d e r u m b a,792
d e r u m b a ɾ,528
d e r u m b a ɾ s e,764
d e r u m b e,862
d e r u m b o,829
d e s,17726
d e s a k a t o,923
d e s a k t i b a d o,903
d e s a k t i b a ɾ,1470
d e s a k t i b a ɾ l a,466
d e s a k t i b a ɾ l o,566
d e s a k w e ɾ d o,2099
d e s a f i a,845
d e s a f i a d o,507
d e s a f i a n d o,795
d e s a f i a n t e,767
d e s a f i a ɾ,1549
d e s a f j a ɾ m e,836
d e s a f i o,730
d e s a f i o,7044
d e s a f i o s,1217
d e s a f o ɾ t u n a d a,953
d e s a f o ɾ t u n a d a m e n t e,8250
d e s a f o ɾ t u n a d o,2899
d e s a f o ɾ t u n a d o s,547
d e s a g ɾ a d a,589
d e s a g ɾ a d a b l e,10640
d e s a g ɾ a d a b l e s,1961
d e s a g ɾ a d e s i d a,522
d e s a g ɾ a d e s i d o,810
d e s a g w e,1306
d e s a o g a ɾ m e,492
d e s a o g a ɾ s e,540
d e s a o g a t e,484
d e s a l m a d o,469
d e s a l o x e n,461
d e s a l o x o,490
d e s a m p a ɾ a d o s,568
d e s a n g ɾ a d o,460
d e s a n g ɾ a n d o,467
d e s a p a ɾ e s e,7658
d e s a p a ɾ e s e n,2356
d e s a p a ɾ e s e ɾ,11322
d e s a p a ɾ e s e ɾ a,2277
d e s a p a ɾ e s e ɾ a n,815
d e s a p a ɾ e s e ɾ i a,476
d e s a p a ɾ e s e s,885
d e s a p a ɾ e s i a,511
d e s a p a ɾ e s i d a,3775
d e s a p a ɾ e s i d a s,1634
d e s a p a ɾ e s i d o,19160
d e s a p a ɾ e s i d o s,2655
d e s a p a ɾ e s i e n d o,1375
d e s a p a ɾ e s i e ɾ a,1280
d e s a p a ɾ e s i e ɾ o n,3919
d e s a p a ɾ e s i o,18448
d e s a p a ɾ e s i s t e,1469
d e s a p a ɾ e s k a,2690
d e s a p a ɾ e s k a n,901
d e s a p a ɾ e s k a s,484
d e s a p a ɾ e s k o,529
d e s a p a ɾ i s i o n,4325
d e s a p a ɾ i s i o n e s,614
d e s a p e ɾ s i b i d o,1016
d e s a ɾ m a d o,1996
d e s a ɾ m a d o s,643
d e s a ɾ m a ɾ,956
d e s a ɾ m e,455
d e s a r o j a,1187
d e s a r o j a d a,533
d e s a r o j a d o,2776
d e s a r o j a n,734
d e s a r o j a n d o,1263
d e s a r o j a ɾ,2984
d e s a r o j a ɾ o n,755
d e s a r o j a ɾ s e,724
d e s a r o j o,6171
d e s a r o j o,1254
d e s a s t ɾ e,22334
d e s a s t ɾ e s,1514
d e s a s t ɾ o s o,895
d e s a t a,623
d e s a t a d o,546
d e s a t a m e,1361
d e s a t a ɾ,628
d e s a t o,526
d e s a i u n a,517
d e s a i u n a d o,882
d e s a i u n a n d o,633
d e s a i u n a ɾ,7206
d e s a i u n o,18291
d e s k a b e j a d o,674
d e s k a f e i n a d o,1043
d e s k a l s a,553
d e s k a l s o,614
d e s k a n s a,8391
d e s k a n s a d o,913
d e s k a n s a n,733
d e s k a n s a n d o,3171
d e s k a n s a ɾ,19331
d e s k a n s a ɾ e,818
d e s k a n s a ɾ e m o s,639
d e s k a n s a s,681
d e s k a n s e,5193
d e s k a n s e m o s,520
d e s k a n s e n,3111
d e s k a n s e s,927
d e s k a n s o,20652
d e s k a p o t a b l e,768
d e s k a ɾ a d a,853
d e s k a ɾ a d a m e n t e,550
d e s k a ɾ a d o,1304
d e s k a ɾ g a,3571
d e s k a ɾ g a d o,1236
d e s k a ɾ g a n d o,700
d e s k a ɾ g a ɾ,2049
d e s k a ɾ g a s,973
d e s k a ɾ o,1110
d e s k a ɾ t a,674
d e s k a ɾ t a d o,1099
d e s k a ɾ t a ɾ,1538
d e s s e n d e n s i a,840
d e s s e n d e ɾ,1257
d e s s e n d j e n d o,857
d e s s e n d j e n t e,1558
d e s s e n d j e n t e s,1225
d e s s e n s o,2233
d e s s i e n d e,1341
d e s s i f ɾ a d o,614
d e s s i f ɾ a ɾ,2659
d e s s i f ɾ a ɾ l o,1212
d e s k o m p o s i s i o n,1144
d e s k o m p w e s t o,756
d e s k o m p u s o,719
d e s k o n s e ɾ t a d o,733
d e s k o n s e ɾ t a n t e,892
d e s k o n e k t a,572
d e s k o n e k t a d o,1620
d e s k o n e k t a ɾ,1288
d e s k o n f i a d o,541
d e s k o n f i a n s a,905
d e s k o n o s e,718
d e s k o n o s i d a,4139
d e s k o n o s i d a s,1137
d e s k o n o s i d o,9289
d e s k o n o s i d o s,3597
d e s k o n o s k o,717
d e s k o n s i d e ɾ a d o,581
d e s k o n t a m i n a s i o n,492
d e s k o n t e n t o,997
d e s k o n t ɾ o l a d o,608
d e s k o ɾ t e s,1562
d e s k ɾ i b a,657
d e s k ɾ i b e,2550
d e s k ɾ i b e n,679
d e s k ɾ i b j e n d o,505
d e s k ɾ i b j o,1390
d e s k ɾ i b i ɾ,3555
d e s k ɾ i b i ɾ i a,691
d e s k ɾ i b i ɾ l a,628
d e s k ɾ i b i ɾ l o,2459
d e s k ɾ i p s i o n,5782
d e s k ɾ i p s i o n e s,553
d e s k ɾ i t o,1015
d e s k u b j e ɾ t a,1158
d e s k u b j e ɾ t o,12886
d e s k u b j e ɾ t o s,793
d e s k u b ɾ a,2842
d e s k u b ɾ a m o s,651
d e s k u b ɾ a n,1642
d e s k u b ɾ a s,760
d e s k u b ɾ e,4441
d e s k u b ɾ e n,2192
d e s k u b ɾ e s,1200
d e s k u b ɾ i,8251
d e s k u b ɾ j e n d o,842
d e s k u b ɾ j e ɾ a,863
d e s k u b ɾ j e ɾ o n,3720
d e s k u b ɾ i m j e n t o,5175
d e s k u b ɾ i m j e n t o s,1294
d e s k u b ɾ i m o s,4011
d e s k u b ɾ j o,8926
d e s k u b ɾ i ɾ,17217
d e s k u b ɾ i ɾ a,1259
d e s k u b ɾ i ɾ a n,1121
d e s k u b ɾ i ɾ a s,1062
d e s k u b ɾ i ɾ e,777
d e s k u b ɾ i ɾ e m o s,1134
d e s k u b ɾ i ɾ l o,4677
d e s k u b ɾ i s t e,2330
d e s k u b ɾ o,1383
d e s k w e n t o,3435
d e s k w e n t o s,486
d e s k w i d a,4853
d e s k w i d a d a,763
d e s k w i d a d o,2435
d e s k w i d a d o s,460
d e s k w i d e,1417
d e s k w i d o,1131
d e s d e,325391
d e s d e n,494
d e s d i tʃ a,464
d e s d i tʃ a d a,640
d e s d i tʃ a d o,918
d e s e,2636
d e s e a,25740
d e s e a b a,5691
d e s e a b a n,459
d e s e a b a s,809
d e s e a b l e,689
d e s e a d a,488
d e s e a d o,3796
d e s e a m e,1936
d e s e a m o s,3129
d e s e a n,5754
d e s e a n d o,5280
d e s e a ɾ,3874
d e s e a ɾ a,496
d e s e a ɾ a s,563
d e s e a ɾ i a,15030
d e s e a ɾ i a s,713
d e s e a ɾ l e,1248
d e s e a ɾ l e s,622
d e s e a ɾ l o,847
d e s e a ɾ m e,568
d e s e a ɾ t e,1769
d e s e a s,10285
d e s e a s t e,542
d e s e tʃ o,599
d e s e tʃ o s,1467
d e s e e,4589
d e s e e,1024
d e s e e n,889
d e s e e s,2422
d e s e l a,593
d e s e l o,1255
d e s e m b a ɾ k a ɾ,847
d e s e m b a ɾ k o,877
d e s e m p a k a ɾ,579
d e s e m p e ɲ o,1032
d e s e m p l e a d o,1096
d e s e m p l e a d o s,544
d e s e m p l e o,1370
d e s e n t e r a ɾ,764
d e s e o,43900
d e s e o,464
d e s e o s,11622
d e s e o s o,497
d e s e k i l i b ɾ j o,619
d e s e ɾ s i o n,592
d e s e ɾ t a ɾ,597
d e s e ɾ t o ɾ,1394
d e s e ɾ t o ɾ e s,857
d e s e s p e ɾ a s i o n,3845
d e s e s p e ɾ a d a,4378
d e s e s p e ɾ a d a m e n t e,2982
d e s e s p e ɾ a d a s,885
d e s e s p e ɾ a d o,6243
d e s e s p e ɾ a d o s,2376
d e s f i b ɾ i l a d o ɾ,527
d e s f i l a d e ɾ o,747
d e s f i l a ɾ,494
d e s f i l e,6022
d e s f i l e s,641
d e s g a r a d o,536
d e s g a s t e,469
d e s g ɾ a s i a,12787
d e s g ɾ a s i a d a,2415
d e s g ɾ a s i a d a m e n t e,4091
d e s g ɾ a s i a d o,16025
d e s g ɾ a s i a d o s,3769
d e s g ɾ a s i a s,1152
d e s a s e,667
d e s a s e ɾ,2334
d e s a s e ɾ l o,672
d e s a s e ɾ m e,5731
d e s a s e ɾ n o s,4539
d e s a s e ɾ s e,8962
d e s a s e ɾ t e,4792
d e s a g a,679
d e s a g a m o n o s,507
d e s a g a n s e,1085
d e s a g a s e,741
d e s a ɾ e,710
d e s a ɾ e m o s,462
d e s a s t e,6435
d e s e tʃ o,1463
d e s i s e,736
d e s i d ɾ a t a s i o n,577
d e s i s o,1037
d e s o n e s t o,1116
d e s o n o ɾ,485
d e s o n ɾ a,1537
d e s o n ɾ a d o,832
d e s j e ɾ t a,1382
d e s j e ɾ t o,15461
d e s j e ɾ t o s,698
d e s i g n a d o,1213
d e s i l u s j o n,1045
d e s i l u s j o n a d o,893
d e s i l u s j o n a ɾ t e,614
d e s i n f e k t a n t e,636
d e s i n t e ɾ e s a d o,461
d e s i s t i ɾ,707
d e s l e a l,599
d e s l i s,509
d e s l i s a,875
d e s l i s a n d o s e,508
d e s l i s a ɾ s e,1021
d e s l i s a t e,480
d e s l u m b ɾ a n t e,947
d e s m a n t e l a ɾ,509
d e s m a i a,513
d e s m a i a d o,1798
d e s m a i a ɾ,682
d e s m a i a ɾ m e,1322
d e s m a i a ɾ s e,1012
d e s m a i a s t e,669
d e s m a i e,1076
d e s m a i o,1783
d e s m a i o,1914
d e s m a i o s,651
d e s m o n t a ɾ,551
d e s m o ɾ o n a,608
d e s m o ɾ o n a n d o,561
d e s m o ɾ o n a ɾ s e,676
d e s n u d a,8694
d e s n u d a ɾ m e,756
d e s n u d a ɾ s e,1076
d e s n u d a ɾ t e,628
d e s n u d a s,2451
d e s n u d a t e,1418
d e s n u d e s,636
d e s n u d i s t a,709
d e s n u d i s t a s,583
d e s n u d o,9096
d e s n u d o s,3894
d e s o b e d e s e ɾ,858
d e s o b e d j e n s i a,642
d e s o d o ɾ a n t e,890
d e s o l a s i o n,459
d e s o l a d a,490
d e s o l a d o,972
d e s o ɾ d e n,6044
d e s o ɾ d e n a d a,546
d e s o ɾ d e n a d o,1070
d e s o ɾ d e n e s,536
d e s o ɾ j e n t a d o,765
d e s p a tʃ o,13726
d e s p a tʃ o s,465
d e s p a s i o,23684
d e s p a s i t o,1051
d e s p e tʃ o,529
d e s p e d i,1350
d e s p e d i d a,10403
d e s p e d i d a s,1042
d e s p e d i d o,9815
d e s p e d i d o s,1098
d e s p e d i m o s,1055
d e s p e d i ɾ,5071
d e s p e d i ɾ a n,690
d e s p e d i ɾ e,633
d e s p e d i ɾ l a,972
d e s p e d i ɾ l e,481
d e s p e d i ɾ l o,1392
d e s p e d i ɾ m e,10596
d e s p e d i ɾ n o s,2458
d e s p e d i ɾ s e,4204
d e s p e d i ɾ t e,5066
d e s p e d i s t e,814
d e s p e g a,836
d e s p e g a d o,474
d e s p e g a ɾ,3453
d e s p e g o,483
d e s p e g e,3419
d e s p e x a,786
d e s p e x a d a,1667
d e s p e x a d o,8905
d e s p e x a ɾ,1535
d e s p e x e,592
d e s p e x e n,4144
d e s p e n s a,1215
d e s p e ɾ d i s i a,493
d e s p e ɾ d i s i a d o,1088
d e s p e ɾ d i s i a n d o,1217
d e s p e ɾ d i s i a ɾ,2730
d e s p e ɾ d i s i a ɾ l a,530
d e s p e ɾ d i s i a ɾ l o,490
d e s p e ɾ d i s i e s,912
d e s p e ɾ d i s i o,3417
d e s p e ɾ d i s i o s,709
d e s p e ɾ t a b a,874
d e s p e ɾ t a d o,5001
d e s p e ɾ t a d o ɾ,1168
d e s p e ɾ t a m o s,920
d e s p e ɾ t a n d o,1275
d e s p e ɾ t a ɾ,10940
d e s p e ɾ t a ɾ a,653
d e s p e ɾ t a ɾ a,1625
d e s p e ɾ t a ɾ a s,1025
d e s p e ɾ t a ɾ e,895
d e s p e ɾ t a ɾ l a,1460
d e s p e ɾ t a ɾ l e,684
d e s p e ɾ t a ɾ l o,2106
d e s p e ɾ t a ɾ l o s,564
d e s p e ɾ t a ɾ m e,3573
d e s p e ɾ t a ɾ o n,821
d e s p e ɾ t a ɾ s e,2376
d e s p e ɾ t a ɾ t e,4030
d e s p e ɾ t a s t e,1702
d e s p e ɾ t e,6950
d e s p e ɾ t o,4767
d e s p j a d a d a,886
d e s p j a d a d o,1785
d e s p j a d a d o s,635
d e s p i d a,805
d e s p i d a n,1333
d e s p i d a n s e,603
d e s p i d e,1283
d e s p i d e m e,574
d e s p i d e n,1022
d e s p i d e s,604
d e s p i d e t e,3129
d e s p i d j e n d o,1101
d e s p i d j e ɾ a n,496
d e s p i d j e ɾ o n,3588
d e s p i d j o,2598
d e s p i d o,2980
d e s p i d o s,494
d e s p j e ɾ t a,31215
d e s p j e ɾ t a l o,619
d e s p j e ɾ t a m e,1235
d e s p j e ɾ t a n,857
d e s p j e ɾ t a s,2162
d e s p j e ɾ t a t e,2334
d e s p j e ɾ t e,5879
d e s p j e ɾ t e n,2071
d e s p j e ɾ t e s,1817
d e s p j e ɾ t o,14053
d e s p j e ɾ t o s,1777
d e s p i s t a d o,519
d e s p l a s a m j e n t o,665
d e s p l e g a ɾ,542
d e s p l j e g e,1203
d e s p l o m o,517
d e s p ɾ e s i a,902
d e s p ɾ e s i a b l e,3016
d e s p ɾ e s i a b l e s,566
d e s p ɾ e s i a s,535
d e s p ɾ e s i o,2997
d e s p ɾ e o k u p a d o,527
d e s p ɾ e o k u p a t e,604
d e s p ɾ e b e n i d o,538
d e s p w e s,318550
d e s k i s i a d o,580
d e s t a k a,546
d e s t a k a d o,886
d e s t a k a m e n t o,1795
d e s t a k a ɾ,691
d e s t e j o,1503
d e s t e j o s,634
d e s t e r a d o,712
d e s t i n a d a,1389
d e s t i n a d o,3712
d e s t i n a d o s,1574
d e s t i n o,41802
d e s t i n o s,1295
d e s t o ɾ n i j a d o ɾ,1083
d e s t ɾ e s a,1599
d e s t ɾ i p a d o ɾ,1594
d e s t ɾ o s a,866
d e s t ɾ o s a d a,1876
d e s t ɾ o s a d o,4635
d e s t ɾ o s a d o s,1049
d e s t ɾ o s a n d o,1196
d e s t ɾ o s a ɾ,2373
d e s t ɾ o s a ɾ l o,458
d e s t ɾ o s a ɾ o n,707
d e s t ɾ o s o,465
d e s t ɾ o s o,1553
d e s t ɾ u k s i o n,8958
d e s t ɾ u k t i b a,626
d e s t ɾ u k t i b o,670
d e s t ɾ u k t o ɾ,2079
d e s t ɾ u k t o ɾ e s,739
d e s t ɾ u i,876
d e s t ɾ u i d a,3632
d e s t ɾ u i d a s,1049
d e s t ɾ u i d o,8898
d e s t ɾ u i d o s,2213
d e s t ɾ u i m o s,1157
d e s t ɾ u i ɾ,18351
d e s t ɾ u i ɾ a,2486
d e s t ɾ w i ɾ a n,1014
d e s t ɾ u i ɾ e,1405
d e s t ɾ u i ɾ e m o s,1026
d e s t u ɾ i ɾ i a,1017
d e s t ɾ w i ɾ l a,2520
d e s t ɾ w i ɾ l o,5197
d e s t ɾ w i ɾ l o s,2062
d e s t ɾ w i ɾ m e,1519
d e s t ɾ w i ɾ n o s,1654
d e s t ɾ w i ɾ s e,666
d e s t ɾ w i ɾ t e,1440
d e s t ɾ u i s t e,1070
d e s t ɾ u i a,1893
d e s t ɾ u i a n,1261
d e s t ɾ u i a s,484
d e s t ɾ u i e,3804
d e s t ɾ u i e l o,764
d e s t ɾ u i e n,1432
d e s t ɾ u i e n d o,2815
d e s t ɾ u i e ɾ o n,2235
d e s t ɾ u i e s,590
d e s t ɾ u i o,747
d e s t ɾ u i o,4249
d e s b a n,1097
d e s b a n e s e,874
d e s b a n e s e ɾ s e,841
d e s b a n e s i d o,546
d e s b a n e s i o,660
d e s b e n t a x a,1466
d e s b e ɾ g o n s a d a,482
d e s b e s t i ɾ s e,498
d e s b i a,578
d e s b j a s i o n,861
d e s b j a d o,1147
d e s b j a n d o,454
d e s b j a ɾ,1171
d e s b j a ɾ s e,494
d e s b j o,549
d e s b i o,1618
d e s b i s t e t e,751
d e t a j a d a,851
d e t a j a d o,932
d e t a j e,9821
d e t a j e s,21597
d e t e k s i o n,725
d e t e k t a,838
d e t e k t a d a,468
d e t e k t a d o,2141
d e t e k t a m o s,709
d e t e k t a n,795
d e t e k t a n d o,568
d e t e k t a ɾ,2113
d e t e k t a ɾ o n,524
d e t e k t i b e,34274
d e t e k t i b e s,5506
d e t e k t o,1866
d e t e k t o,635
d e t e k t o ɾ,2393
d e t e k t o ɾ e s,998
d e t e n,3682
d e t e n s i o n,3859
d e t e n s i o n e s,502
d e t e n d ɾ a,3785
d e t e n d ɾ a n,1277
d e t e n d ɾ a s,490
d e t e n d ɾ e,1837
d e t e n d ɾ e m o s,1416
d e t e n d ɾ i a,727
d e t e n e m o s,2027
d e t e n e o s,1119
d e t e n e ɾ,17805
d e t e n e ɾ l a,4540
d e t e n e ɾ l e,2457
d e t e n e ɾ l e s,638
d e t e n e ɾ l o,16775
d e t e n e ɾ l o s,7490
d e t e n e ɾ m e,10023
d e t e n e ɾ n o s,4813
d e t e n e ɾ s e,4580
d e t e n e ɾ t e,5920
d e t e n g a,6208
d e t e n g a l o,1367
d e t e n g a m o s,585
d e t e n g a n,5415
d e t e n g a n l a,853
d e t e n g a n l o,3801
d e t e n g a n l o s,1555
d e t e n g a n s e,8490
d e t e n g a s,2682
d e t e n g a s e,9911
d e t e n g o,1215
d e t e n i d a,1238
d e t e n i d a m e n t e,1181
d e t e n i d o,10590
d e t e n i d o s,2146
d e t e n j e n d o,1022
d e t e n l a,940
d e t e n l o,3555
d e t e n l o s,930
d e t e n m e,557
d e t e n t e,25560
d e t e ɾ x e n t e,727
d e t e ɾ j o ɾ o,772
d e t e ɾ m i n a,845
d e t e ɾ m i n a s i o n,2137
d e t e ɾ m i n a d a,994
d e t e ɾ m i n a d o,2572
d e t e ɾ m i n a d o s,511
d e t e ɾ m i n a ɾ,4750
d e t e s t a,1095
d e t e s t a b l e,824
d e t e s t o,5257
d e t j e n e,5699
d e t j e n e n,1770
d e t j e n e s,1509
d e t o n a s i o n,1160
d e t o n a d o ɾ,2551
d e t o n a d o ɾ e s,807
d e t o n a ɾ,1123
d e t ɾ a s,66319
d e t u b e,2020
d e t u b j e ɾ a,854
d e t u b j e ɾ o n,2927
d e t u b i m o s,1389
d e t u b i s t e,1037
d e t u b o,7012
d e u d a,11047
d e u d a s,6903
d e b a s t a s i o n,587
d e b a s t a d a,574
d e b a s t a d o,657
d e b a s t a d o ɾ,1021
d e b o s i o n,2320
d e b o l u s i o n,804
d e b o l b e m o s,765
d e b o l b e ɾ,7878
d e b o l b e ɾ a,1476
d e b o l b e ɾ a n,590
d e b o l b e ɾ a s,552
d e b o l b e ɾ e,4890
d e b o l b e ɾ e m o s,1079
d e b o l b e ɾ i a,574
d e b o l b e ɾ l a,1688
d e b o l b e ɾ l e,4472
d e b o l b e ɾ l e s,942
d e b o l b e ɾ l o,4234
d e b o l b e ɾ l o s,784
d e b o l b e ɾ m e,3258
d e b o l b e ɾ m e l o,919
d e b o l b e ɾ n o s,692
d e b o l b e ɾ s e l a,1071
d e b o l b e ɾ s e l o,2058
d e b o l b e ɾ t e,3212
d e b o l b e ɾ t e l o,879
d e b o l b i,1139
d e b o l b j e n d o,654
d e b o l b j e ɾ a,452
d e b o l b j e ɾ o n,761
d e b o l b j o,2020
d e b o l b i s t e,894
d e b o ɾ a,633
d e b o ɾ a d o,607
d e b o ɾ a ɾ,494
d e b o t a,721
d e b o t o,1176
d e b o t o s,466
d e b w e l t a,930
d e b w e l t o,2943
d e b w e l b a,2711
d e b w e l b a m e,1178
d e b w e l b a m e l o,622
d e b w e l b a n,1552
d e b w e l b a n m e,714
d e b w e l b a s,1597
d e b w e l b e,3400
d e b w e l b e l a,844
d e b w e l b e l e,1135
d e b w e l b e l o,1756
d e b w e l b e m e,6353
d e b w e l b e m e l a,1742
d e b w e l b e m e l o,4212
d e b w e l b e n,841
d e b w e l b e s,1777
d e b w e l b e s e l o,656
d e b w e l b o,2713
d i a,427166
d j a b e t e s,1597
d i a b e t i k o,695
d j a b l i j o,556
d i a b l o,36987
d i a b l o s,87670
d i a b o l i k a,732
d i a b o l i k o,1316
d j a k o n o,461
d j a f ɾ a g m a,823
d i a g n o s t i k a d o,494
d i a g n o s t i k a ɾ,505
d i a g n o s t i k a ɾ o n,577
d i a g n o s t i k o,464
d i a g n o s t i k o,4376
d i a g n o s t i k o s,574
d j a g ɾ a m a,742
d j a l e k t o,756
d j a l i s i s,685
d j a l o g o,2366
d j a l o g o s,715
d j a m a n t e,5681
d j a m a n t e s,10929
d j a m e t ɾ o,931
d j a n a,6961
d j a n t ɾ e s,653
d i a p o s i t i b a s,547
d j a ɾ j a,1770
d i a ɾ j a m e n t e,1199
d j a ɾ j a s,1460
d j a ɾ j o,21168
d j a ɾ j o s,5814
d j a r e a,1641
d i a s,269349
d i b u x a,890
d i b u x a d o,780
d i b u x a n d o,1030
d i b u x a n t e,534
d i b u x a ɾ,2893
d i b u x a s,510
d i b u x e,626
d i b u x o,6449
d i b u x o,971
d i b u x o s,6140
d i k s i o n a ɾ j o,2017
d i s e,260834
d i s e n,96144
d i s e s,115297
d i tʃ a,3209
d i tʃ a s,582
d i tʃ o,191380
d i tʃ o s,549
d i tʃ o s a,662
d i tʃ o s o,766
d i s i e m b ɾ e,6283
d i s i e n d o,81445
d i s i e n d o l e,4078
d i s i e n d o l e s,1111
d i s i e n d o l o,1002
d i s i e n d o m e,5609
d i s i e n d o n o s,750
d i s i e n d o s e l o,489
d i s i e n d o t e,2062
d i k t a,854
d i k t a d o,630
d i k t a d o ɾ,1443
d i k t a d u ɾ a,1131
d i k t a ɾ,537
d j e s i n w e b e,1146
d j e s i o tʃ o,2159
d j e s i s e i s,2502
d j e s i s j e t e,2061
d j e g o,6207
d j e n t e,4893
d j e n t e s,25924
d j e ɾ a,7925
d j e ɾ a m o s,473
d j e ɾ a n,2222
d j e ɾ a s,1875
d j e ɾ o n,29325
d j e s e,834
d j e s e l,921
d j e s t ɾ o,727
d j e t a,5495
d j e s,69907
d i f a m a s i o n,689
d i f e ɾ e n s i a,32746
d i f e ɾ e n s i a l,688
d i f e ɾ e n s i a ɾ,762
d i f e ɾ e n s i a s,4478
d i f e ɾ e n t e,56530
d i f e ɾ e n t e s,26684
d i f i s i l,105033
d i f i s i l e s,11105
d i f i s i l m e n t e,2036
d i f i k u l t a,465
d i f i k u l t a d,3003
d i f i k u l t a d e s,5191
d i f u n d e,516
d i f u n d i ɾ,663
d i f u n t a,940
d i f u n t o,3268
d i f u n t o s,698
d i f u s j o n,492
d i g a,81770
d i g a i s,877
d i g a l e,29432
d i g a l e s,6517
d i g a l o,3242
d i g a m e,45492
d i g a m e l o,7058
d i g a m o s,21622
d i g a m o s l o,809
d i g a n,11792
d i g a n l e,4163
d i g a n l e s,1331
d i g a n l o,930
d i g a n m e,5870
d i g a n m e l o,859
d i g a n o s,4981
d i g a n o s l o,662
d i g a n s e l o,504
d i g a s,77480
d i g a s e l o,5485
d i x e ɾ i ɾ,771
d i x e s t j o n,666
d i x i t a l,3088
d i x i t a l e s,3052
d i x i t o s,875
d i g n a,2337
d i g n i d a d,6499
d i g n o,6288
d i g n o s,997
d i g o,167508
d i x e,249570
d i x e ɾ a,13218
d i x e ɾ a n,1099
d i x e ɾ a s,3662
d i x e ɾ o n,47436
d i x e s e,1113
d i x i m o s,7388
d i x i s t e,128801
d i x i s t e i s,623
d i x o,343385
d i l a,499
d i l a t a s i o n,458
d i l a t a d a s,465
d i l e,126019
d i l e m a,1990
d i l e s,29023
d i l i x e n s i a,2502
d i l o,22915
d i l u b j o,735
d i m e,196963
d i m e l a,657
d i m e l o,42801
d i m e n s j o n,2577
d i m e n s j o n e s,1719
d i m i n u t a,963
d i m i n u t a s,497
d i m i n u t i b o,453
d i m i n u t o,1090
d i m i n u t o s,536
d i m i s j o n,1099
d i m i t i ɾ,667
d i m o s,7860
d i n,1192
d i n a,1245
d i n a m a ɾ k a,1355
d i n a m i k a,1062
d i n a m i k o,650
d i n a m i t a,4147
d i n a s t i a,1351
d i n e ɾ a l,599
d i n e ɾ o,336514
d i n g,1205
d i n o,962
d i n o s,9438
d i n o s a u ɾ j o,2105
d i n o s a u ɾ j o s,2136
d i n o s l o,1741
d j o,80763
d j o s,554211
d j o s a,5206
d j o s e s,18739
d j o k s i d o,703
d i p l o m a,1687
d i p l o m a s i a,1129
d i p l o m a t i k a,1386
d i p l o m a t i k a s,469
d i p l o m a t i k o,2183
d i p l o m a t i k o s,1044
d i p u t a d o,2380
d i p u t a d o s,605
d i k e,1043
d i ɾ a,16978
d i ɾ a n,5252
d i ɾ a s,11311
d i ɾ e,73762
d i ɾ e k s i o n,45279
d i ɾ e k s i o n e s,5022
d i ɾ e k t a,6325
d i ɾ e k t a m e n t e,19039
d i ɾ e k t a s,854
d i ɾ e k t i b a,2158
d i ɾ e k t i b o s,551
d i ɾ e k t o,21220
d i ɾ e k t o ɾ,37840
d i ɾ e k t o ɾ a,5041
d i ɾ e k t o ɾ e s,2747
d i ɾ e k t o ɾ j o,1440
d i ɾ e k t o s,1378
d i ɾ e m o s,4745
d i ɾ i a,40569
d i ɾ i a m o s,490
d i ɾ i a n,2014
d i ɾ i a s,6195
d i ɾ i x e,11508
d i ɾ i x e n,3857
d i ɾ i x e n t e,527
d i ɾ i x e n t e s,691
d i ɾ i x e s,1590
d i ɾ i x e t e,1258
d i ɾ i x i,838
d i ɾ i x i a,2877
d i ɾ i x i a n,626
d i ɾ i x i b l e,502
d i ɾ i x i d a,2990
d i ɾ i x i d a s,517
d i ɾ i x i d o,2959
d i ɾ i x i d o s,573
d i ɾ i x i e n d o,2201
d i ɾ i x i e n d o s e,1923
d i ɾ i x i m o s,2416
d i ɾ i x i o,2269
d i ɾ i x i ɾ,6785
d i ɾ i x i ɾ a,1206
d i ɾ i x i ɾ e,573
d i ɾ i x i ɾ l a,594
d i ɾ i x i ɾ l o,590
d i ɾ i x i ɾ m e,1370
d i ɾ i x i ɾ n o s,977
d i ɾ i x i ɾ s e,2997
d i ɾ i x i ɾ t e,680
d i ɾ i x a,1607
d i ɾ i x a n,458
d i ɾ i x a n s e,2004
d i ɾ i x a s,495
d i ɾ i x a s e,1135
d i ɾ i x o,3633
d i s k a p a s i d a d,554
d i s k a p a s i t a d o,595
d i s k a p a s i t a d o s,660
d i s s i p l i n a,5201
d i s s i p u l o,1191
d i s s i p u l o s,1480
d i s k o,15380
d i s k o g ɾ a f i k a,557
d i s k o s,7240
d i s k o t e k a,1534
d i s k ɾ e s i o n,3565
d i s k ɾ e t a,1169
d i s k ɾ e t a m e n t e,1144
d i s k ɾ e t o,2685
d i s k ɾ e t o s,942
d i s k ɾ i m i n a s i o n,1026
d i s k u l p a,43214
d i s k u l p a d,977
d i s k u l p a d m e,1906
d i s k u l p a d o,509
d i s k u l p a m e,19978
d i s k u l p a n,2992
d i s k u l p a n o s,1229
d i s k u l p a ɾ,1174
d i s k u l p a ɾ e,511
d i s k u l p a ɾ m e,15635
d i s k u l p a ɾ n o s,1412
d i s k u l p a ɾ s e,4120
d i s k u l p a ɾ t e,5067
d i s k u l p a s,18978
d i s k u l p a t e,2552
d i s k u l p e,63431
d i s k u l p e m e,26127
d i s k u l p e n,16816
d i s k u l p e n m e,925
d i s k u l p e n m e,8836
d i s k u l p e n n o s,747
d i s k u l p e n o s,2147
d i s k u l p e s,1693
d i s k u l p o,3989
d i s k u l p o,469
d i s k u ɾ s o,16094
d i s k u ɾ s o s,3253
d i s k u s j o n,8928
d i s k u s j o n e s,2010
d i s k u t a,563
d i s k u t a m o s,1125
d i s k u t a s,1427
d i s k u t e,1001
d i s k u t e n,1000
d i s k u t i d o,2124
d i s k u t j e n d o,4729
d i s k u t j e ɾ o n,776
d i s k u t i m o s,3364
d i s k u t j o,548
d i s k u t i ɾ,17490
d i s k u t i ɾ e,658
d i s k u t i ɾ e m o s,1820
d i s k u t i ɾ l o,5623
d i s k u t o,623
d i s e k s i o n,508
d i s e l o,26783
d i s e l o s,557
d i s e n t e ɾ i a,492
d i s e ɲ a d a,1577
d i s e ɲ a d a s,593
d i s e ɲ a d o,3499
d i s e ɲ a d o ɾ,2103
d i s e ɲ a d o ɾ a,731
d i s e ɲ a d o ɾ e s,660
d i s e ɲ a d o s,919
d i s e ɲ a n d o,572
d i s e ɲ a ɾ,1422
d i s e ɲ e,1112
d i s e ɲ o,7669
d i s e ɲ o,1729
d i s e ɲ o s,1834
d i s f ɾ a s e s,2697
d i s f ɾ a s,5830
d i s f ɾ a s a d a,783
d i s f ɾ a s a d o,2144
d i s f ɾ a s a d o s,922
d i s f ɾ a s a ɾ s e,668
d i s f ɾ u t a,7250
d i s f ɾ u t a b a,821
d i s f ɾ u t a d o,2429
d i s f ɾ u t a l a,587
d i s f ɾ u t a l o,3058
d i s f ɾ u t a m o s,711
d i s f ɾ u t a n,1012
d i s f ɾ u t a n d o,4951
d i s f ɾ u t a ɾ,8973
d i s f ɾ u t a ɾ a,492
d i s f ɾ u t a ɾ e,556
d i s f ɾ u t a ɾ i a,470
d i s f ɾ u t a ɾ l a,624
d i s f ɾ u t a ɾ l o,2492
d i s f ɾ u t a s,1710
d i s f ɾ u t a s t e,895
d i s f ɾ u t e,3947
d i s f ɾ u t e,1811
d i s f ɾ u t e l o,490
d i s f ɾ u t e m o s,554
d i s f ɾ u t e n,4052
d i s f ɾ u t e n l o,794
d i s f ɾ u t e s,1161
d i s f ɾ u t o,3093
d i s f ɾ u t o,806
d i s f u n s i o n,576
d i s g w s t a,1164
d i s g w s t a d a,1316
d i s g w s t a d o,1800
d i s g w s t o,1183
d i s i m u l a ɾ,725
d i s m i n u s i o n,538
d i s m i n u i d o,854
d i s m i n u i ɾ,980
d i s m i n u i e,1156
d i s m i n u i e n d o,737
d i s n e i,1543
d i s n e i l a n d j a,1029
d i s o l b e ɾ,464
d i s p a ɾ a,13816
d i s p a ɾ a b a,731
d i s p a ɾ a b a n,663
d i s p a ɾ a d,804
d i s p a ɾ a d a,828
d i s p a ɾ a d o,9713
d i s p a ɾ a d o ɾ,598
d i s p a ɾ a l e,6752
d i s p a ɾ a l e s,997
d i s p a ɾ a m e,3012
d i s p a ɾ a m o s,1728
d i s p a ɾ a n,3987
d i s p a ɾ a n d o,6438
d i s p a ɾ a n d o l e,913
d i s p a ɾ a ɾ,20777
d i s p a ɾ a ɾ a,769
d i s p a ɾ a ɾ a,1193
d i s p a ɾ a ɾ a n,848
d i s p a ɾ a ɾ a n,1178
d i s p a ɾ a ɾ e,2859
d i s p a ɾ a ɾ e m o s,781
d i s p a ɾ a ɾ i a,819
d i s p a ɾ a ɾ l e,10986
d i s p a ɾ a ɾ l e s,1892
d i s p a ɾ a ɾ m e,4992
d i s p a ɾ a ɾ n o s,1106
d i s p a ɾ a ɾ o n,10828
d i s p a ɾ a ɾ s e,766
d i s p a ɾ a ɾ t e,2788
d i s p a ɾ a s,2554
d i s p a ɾ a s t e,3766
d i s p a ɾ a t e,1110
d i s p a ɾ a t e s,601
d i s p a ɾ e,5812
d i s p a ɾ e,4186
d i s p a ɾ e i s,637
d i s p a ɾ e l e,817
d i s p a ɾ e n,11575
d i s p a ɾ e n l e,1927
d i s p a ɾ e n l e s,507
d i s p a ɾ e s,4024
d i s p a ɾ o,17495
d i s p a ɾ o,14357
d i s p a ɾ o s,9429
d i s p e ɾ s e n s e,1963
d i s p e ɾ s j o n,529
d i s p o n e,1099
d i s p o n e m o s,717
d i s p o n e ɾ,961
d i s p o n g o,587
d i s p o n i b l e,9620
d i s p o n i b l e s,3277
d i s p o s i s i o n,4953
d i s p o s i t i b o,8784
d i s p o s i t i b o s,1659
d i s p w e s t a,6306
d i s p w e s t a s,558
d i s p w e s t o,17465
d i s p w e s t o s,4524
d i s p u t a,1952
d i s p u t a s,769
d i s t a n s i a,20619
d i s t a n s i a s,1335
d i s t a n t e,2712
d i s t a n t e s,676
d i s t e,21267
d i s t i n s i o n,1181
d i s t i n g e,999
d i s t i n g i d a,666
d i s t i n g i d o,1862
d i s t i n g i d o s,646
d i s t i n g i ɾ,2880
d i s t i n t a,5741
d i s t i n t a s,5710
d i s t i n t i b o,585
d i s t i n t o,12758
d i s t i n t o s,5375
d i s t o ɾ s j o n,827
d i s t ɾ a k s i o n,3594
d i s t ɾ a k s i o n e s,1056
d i s t ɾ a e,896
d i s t ɾ a e ɾ,1055
d i s t ɾ a e ɾ l o,612
d i s t ɾ a e ɾ l o s,761
d i s t ɾ a e ɾ m e,1225
d i s t ɾ a e ɾ n o s,500
d i s t ɾ a e ɾ s e,576
d i s t ɾ a e ɾ t e,833
d i s t ɾ a i d a,875
d i s t ɾ a i d o,2010
d i s t ɾ a i g a,594
d i s t ɾ a x o,503
d i s t ɾ i b u s i o n,2485
d i s t ɾ i b w i d o ɾ,1051
d i s t ɾ i b u i ɾ,924
d i s t ɾ i t o,11292
d i s t ɾ i t o s,885
d i s t u ɾ b j o,1056
d i s t u ɾ b j o s,2481
d i b a,797
d i b e ɾ s a s,927
d i b e ɾ s i d a d,910
d i b e ɾ s j o n,14474
d i b e ɾ s j o n e s,1110
d i b e ɾ s o s,833
d i b e ɾ t i,1282
d i b e ɾ t i a,720
d i b e ɾ t i d a,7707
d i b e ɾ t i d a s,1877
d i b e ɾ t i d i s i m o,648
d i b e ɾ t i d o,55563
d i b e ɾ t i d o s,1783
d i b e ɾ t i m o s,2002
d i b e ɾ t i ɾ,1870
d i b e ɾ t i ɾ e m o s,1155
d i b e ɾ t i ɾ m e,5689
d i b e ɾ t i ɾ n o s,8348
d i b e ɾ t i ɾ s e,9591
d i b e ɾ t i ɾ t e,5628
d i b e ɾ t i s t e,1161
d i b i d e,1324
d i b i d i d a,897
d i b i d i d o,1869
d i b i d i d o s,608
d i b i d i m o s,1117
d i b i d i ɾ,2102
d i b i d i ɾ e m o s,725
d i b i d i ɾ l o,611
d i b i d i ɾ n o s,1165
d i b j e ɾ t a,915
d i b j e ɾ t a n,1341
d i b j e ɾ t a n s e,4172
d i b j e ɾ t a s,1786
d i b j e ɾ t a s e,705
d i b j e ɾ t e,3094
d i b j e ɾ t e n,1296
d i b j e ɾ t e s,1595
d i b j e ɾ t e t e,8581
d i b j e ɾ t o,1096
d i b i n a,4397
d i b i n i d a d,732
d i b i n o,4293
d i b i n o s,485
d i b i ɾ t a m o n o s,754
d i b i ɾ t j e n d o,5030
d i b i ɾ t j e n d o m e,517
d i b i ɾ t j e n d o n o s,647
d i b i ɾ t j e n d o s e,1449
d i b i ɾ t j e n d o t e,583
d i b i ɾ t j o,471
d i b i s j o n,10653
d i b i s j o n e s,1534
d i b o ɾ s i a d a,1354
d i b o ɾ s i a d o,2088
d i b o ɾ s i a d o s,1092
d i b o ɾ s i a m o s,581
d i b o ɾ s i a n d o,641
d i b o ɾ s i a ɾ,924
d i b o ɾ s i a ɾ m e,1244
d i b o ɾ s i a ɾ n o s,560
d i b o ɾ s i a ɾ o n,799
d i b o ɾ s i a ɾ s e,2055
d i b o ɾ s i a ɾ t e,941
d i b o ɾ s i e,463
d i b o ɾ s i o,12526
d i b o ɾ s i o,789
d i b o ɾ s i o s,953
d i b u l g a ɾ,628
d o b l a,2865
d o b l a d a,489
d o b l a d o,861
d o b l a n d o,754
d o b l a ɾ,2534
d o b l e,29653
d o b l e m e n t e,649
d o b l e s,2633
d o b l o,512
d o b l o,525
d o s e,13825
d o s e n a,7783
d o s e n a s,4467
d o s i l,725
d o k t o ɾ,109351
d o k t o ɾ a,15219
d o k t o ɾ a d o,1763
d o k t o ɾ e s,8567
d o k t ɾ i n a,870
d o k u m e n t a s i o n,2531
d o k u m e n t a d o,583
d o k u m e n t a l,2896
d o k u m e n t a l e s,590
d o k u m e n t a ɾ,464
d o k u m e n t o,6508
d o k u m e n t o s,11994
d o l a ɾ,8544
d o l a ɾ e s,91557
d o l e n s i a,454
d o l e ɾ,4094
d o l e ɾ a,2344
d o l e ɾ t e,582
d o l i a,1432
d o l i d a,454
d o l i d o,1501
d o l j e n d o,545
d o l j o,3468
d o l o ɾ,56683
d o l o ɾ e s,6310
d o l o ɾ i d o,570
d o l o ɾ o s a,2045
d o l o ɾ o s a m e n t e,482
d o l o ɾ o s a s,453
d o l o ɾ o s o,5606
d o l o ɾ o s o s,456
d o m,2886
d o m e s t i k a,1380
d o m e s t i k a s,618
d o m e s t i k o,1040
d o m e s t i k o s,773
d o m i s i l j a ɾ j o,602
d o m i s i l j o,2531
d o m i n a,2067
d o m i n a s i o n,677
d o m i n a d o,1198
d o m i n a n,530
d o m i n a n t e,1590
d o m i n a ɾ,3100
d o m i n e,527
d o m i n g o,18844
d o m i n g o s,3906
d o m i n i k a l,550
d o m i n j o,3873
d o m i n j o s,791
d o m i n o,788
d o m i n o,1256
d o m o,1047
d o n,49638
d o n a,1128
d o n a s i o n,2275
d o n a s i o n e s,1344
d o n a d o,560
d o n a n t e,2725
d o n a n t e s,982
d o n a ɾ,1741
d o n a s,1193
d o n s e j a,3281
d o n s e j a s,926
d o n d e,324393
d o n d e,596484
d o n d e k j e ɾ a,3014
d o n e,1286
d o n e s,1311
d o n g,1904
d o n x w a n,461
d o n n a,8285
d o n o,573
d o n u t,609
d o n u t s,1061
d o ɲ a,3505
d o p a m i n a,491
d o k j e ɾ,1143
d o ɾ a d a,3284
d o ɾ a d a s,992
d o ɾ a d o,5759
d o ɾ a d o s,1405
d o ɾ m i,4402
d o ɾ m i a,4222
d o ɾ m i a m o s,452
d o ɾ m i a n,683
d o ɾ m i a s,1244
d o ɾ m i d a,7124
d o ɾ m i d o,20848
d o ɾ m i d o s,2212
d o ɾ m i l o n,705
d o ɾ m i m o s,2162
d o ɾ m i ɾ,82869
d o ɾ m i ɾ a,1769
d o ɾ m i ɾ a n,553
d o ɾ m i ɾ a s,1334
d o ɾ m i ɾ e,2629
d o ɾ m i ɾ e m o s,970
d o ɾ m i ɾ i a,526
d o ɾ m i ɾ m e,1809
d o ɾ m i ɾ s e,1482
d o ɾ m i ɾ t e,1761
d o ɾ m i s t e,3720
d o ɾ m i t o ɾ j o,9398
d o ɾ m i t o ɾ j o s,1817
d o ɾ s a l,843
d o s,607838
d o s s i e n t a s,559
d o s s i e n t o s,3034
d o s i s,7039
d o t a d o,1024
d o t e,1435
d o t e s,628
d o i,43851
d p t o,1218
d ɾ a,21602
d ɾ a k u l a,2774
d ɾ a g o n,9745
d ɾ a g o n e s,3271
d ɾ a m a,6475
d ɾ a m a s,556
d ɾ a m a t i k a,1552
d ɾ a m a t i k o,2693
d ɾ a s t i k o,555
d ɾ e n a x e,1212
d ɾ e n a ɾ,454
d ɾ o g a,17196
d ɾ o g a d a,1692
d ɾ o g a d i k t a,1039
d ɾ o g a d i k t o,2818
d ɾ o g a d i k t o s,1657
d ɾ o g a d o,4269
d ɾ o g a d o s,750
d ɾ o g a ɾ m e,578
d ɾ o g a ɾ s e,1026
d ɾ o g a ɾ t e,680
d ɾ o g a s,37891
d ɾ o g o,511
d ɾ o g o,502
d ɾ o i d e,969
d ɾ o i d e s,1829
d u b a i,875
d u b l i n,1005
d u tʃ a,11392
d u tʃ a ɾ m e,2156
d u tʃ a ɾ s e,876
d u tʃ a ɾ t e,1050
d u tʃ a s,1847
d u d a,36818
d u d a b a,453
d u d a d o,1019
d u d a n,620
d u d a n d o,655
d u d a ɾ,3198
d u d a ɾ l o,1658
d u d a s,11909
d u d e,3884
d u d e,923
d u d e s,1633
d u d o,17351
d u d o s a,571
d u d o s o,778
d w e l a,1977
d w e l e,32614
d w e l e n,2517
d w e l o,5007
d w e n d e,1899
d w e n d e s,1572
d w e ɲ a,3463
d w e ɲ o,19895
d w e ɲ o s,4534
d w e ɾ m a,3636
d w e ɾ m a n,1281
d w e ɾ m a s,3512
d w e ɾ m e,16782
d w e ɾ m e n,3373
d w e ɾ m e s,5322
d w e ɾ m e t e,5330
d w e ɾ m o,6188
d u l s e,42375
d u l s e m e n t e,814
d u l s e s,12123
d u l s u ɾ a,4593
d u n a s,577
d u o,1013
d u p l i k a d o,969
d u p l i k a ɾ,616
d u k e,8010
d u k e s a,2991
d u ɾ a,20170
d u ɾ a s i o n,1103
d u ɾ a d e ɾ a,618
d u ɾ a d e ɾ o,501
d u ɾ a d o,1355
d u ɾ a m e n t e,1131
d u ɾ a n,2114
d u ɾ a n t e,138981
d u ɾ a ɾ,5247
d u ɾ a ɾ a,570
d u ɾ a ɾ a,4743
d u ɾ a ɾ a n,557
d u ɾ a ɾ i a,991
d u ɾ a s,3937
d u ɾ a s n o,751
d u ɾ a s n o s,496
d u ɾ e,2543
d u ɾ e s a,794
d u ɾ m a m o s,489
d u ɾ m j e n d o,17498
d u ɾ m j e n t e,1285
d u ɾ m j e ɾ a,588
d u ɾ m j e ɾ o n,716
d u ɾ m j o,3719
d u ɾ o,64993
d u ɾ o,3706
d u ɾ o s,6192
e,124445
e b ɾ j a,1462
e b ɾ j o,4420
e b ɾ j o s,826
e tʃ a,10383
e tʃ a b a,1915
e tʃ a d,539
e tʃ a d a,576
e tʃ a d l e,466
e tʃ a d o,9024
e tʃ a l e,3264
e tʃ a l o,831
e tʃ a m e,1864
e tʃ a m o s,2893
e tʃ a n,2553
e tʃ a n d o,3867
e tʃ a ɾ,20135
e tʃ a ɾ a,753
e tʃ a ɾ a,1675
e tʃ a ɾ a n,756
e tʃ a ɾ a n,1406
e tʃ a ɾ a s,839
e tʃ a ɾ e,5108
e tʃ a ɾ e m o s,1595
e tʃ a ɾ i a,1174
e tʃ a ɾ l a,1616
e tʃ a ɾ l e,10679
e tʃ a ɾ l e s,1078
e tʃ a ɾ l o,3042
e tʃ a ɾ l o s,1022
e tʃ a ɾ m e,6811
e tʃ a ɾ n o s,2076
e tʃ a ɾ o n,4645
e tʃ a ɾ s e,1758
e tʃ a ɾ t e,4947
e tʃ a s,4128
e tʃ a s t e,2056
e tʃ a t e,2363
e tʃ e,5098
e tʃ e,3894
e tʃ e l e,483
e tʃ e m o s,2392
e tʃ e m o s l e,594
e tʃ e n,2870
e tʃ e n s e,716
e tʃ e s,2438
e tʃ e s e,544
e tʃ o,12269
e tʃ o,5974
e k l i p s e,1509
e k o,3984
e k o g ɾ a f i a,774
e k o n o m i a,6023
e k o n o m i k a,2255
e k o n o m i k a m e n t e,774
e k o n o m i k a s,827
e k o n o m i k o,2091
e k o n o m i k o s,1098
e k w a s i o n,2047
e k w a s i o n e s,1000
e k w a d o ɾ,869
e d a d,51674
e d a d e s,1092
e d e m a,597
e d e n,1204
e d i s i o n,4546
e d i s i o n e s,564
e d i f i s i o,40974
e d i f i s i o s,6925
e d i m b u ɾ g o,789
e d i t a d o,741
e d i t a ɾ,512
e d i t o ɾ,5459
e d i t o ɾ a,1101
e d i t o ɾ e s,1032
e d i t o ɾ j a l,1930
e d w a ɾ d o,2821
e d u k a s i o n,13479
e d u k a d a,1917
e d u k a d o,4130
e d u k a d o s,1051
e d u k a ɾ,1234
e d u k a t i b o,854
e e u u,5228
e f e k t i b a,1632
e f e k t i b a m e n t e,2986
e f e k t i b o,16112
e f e k t i b o s,850
e f e k t o,19829
e f e k t o s,9420
e f e k t u a ɾ,613
e f i k a s i a,814
e f i k a s,1793
e f i s i e n s i a,1222
e f i s i e n t e,2391
e f i s i e n t e s,614
e x i p s i a,753
e x i p s i o,1576
e x i p s i o s,1434
e x i p t o,5392
e g o,4532
e g o s e n t ɾ i k o,562
e g o i s m o,1048
e g o i s t a,8020
e g o i s t a s,1266
e,197376
e x e,1994
e x e k u s i o n,6168
e x e k u s i o n e s,944
e x e k u t a,583
e x e k u t a d a,668
e x e k u t a d o,2606
e x e k u t a d o s,1040
e x e k u t a n d o,500
e x e k u t a ɾ,2482
e x e k u t a ɾ l o,494
e x e k u t e n,576
e x e k u t i b a,1524
e x e k u t i b o,4284
e x e k u t i b o s,1917
e x e m,467
e x e m p l a ɾ,2390
e x e m p l a ɾ e s,847
e x e m p l o,33784
e x e m p l o s,1243
e x e ɾ s e,654
e x e ɾ s e ɾ,1745
e x e ɾ s i s i o,9795
e x e ɾ s i s i o s,3685
e x e ɾ s i e n d o,471
e x e ɾ s i t a ɾ,556
e x e ɾ s i t o,5215
e x e ɾ s i t o,49111
e x e ɾ s i t o s,3037
e l,8357879
e l,921292
e l a b o ɾ a d a,488
e l a b o ɾ a d o,870
e l a b o ɾ a ɾ,552
e l e k s i o n,23739
e l e k s i o n e s,8039
e l e k t o,925
e l e k t o ɾ a l,1153
e l e k t o ɾ e s,501
e l e k t ɾ i k a,6397
e l e k t ɾ i k a s,1365
e l e k t ɾ i s i d a d,8119
e l e k t ɾ i s i s t a,980
e l e k t ɾ i k o,3607
e l e k t ɾ i k o s,1730
e l e k t ɾ o,535
e l e k t ɾ o d o s,511
e l e k t ɾ o m a g n e t i k a,662
e l e k t ɾ o m a g n e t i k o,1144
e l e k t ɾ o n e s,726
e l e k t ɾ o n i k a,2204
e l e k t ɾ o n i k o,3009
e l e k t ɾ o n i k o s,1454
e l e f a n t e,5609
e l e f a n t e s,2822
e l e g a n s i a,1735
e l e g a n t e,11040
e l e g a n t e s,1974
e l e x i,4018
e l e x i d a,1866
e l e x i d o,14030
e l e x i d o s,1848
e l e x i m o s,1763
e l e x i ɾ,17990
e l e x i ɾ e,596
e l e x i ɾ i a,925
e l e x i s t e,3288
e l e m e n t a l,1042
e l e m e n t o,4629
e l e m e n t o s,5764
e l e n a,5496
e l e n k o,796
e l e s,698
e l e b a,1427
e l e b a s i o n,692
e l e b a d a,1262
e l e b a d o,2533
e l e b a d o ɾ,3025
e l e b a d o ɾ e s,471
e l e b a d o s,718
e l e b a ɾ,1041
e l e b a ɾ s e,922
e l e b a t e,475
e l f o,1431
e l f o s,2035
e l i a s,834
e l i x e,7262
e l i x e n,1670
e l i x e s,2635
e l i x i e n d o,884
e l i x i e ɾ o n,2381
e l i x i o,5828
e l i x a,2527
e l i x a n,1210
e l i x a s,761
e l i x e,502
e l i x o,2918
e l i m i n a,1681
e l i m i n a s i o n,1221
e l i m i n a d a,614
e l i m i n a d o,3049
e l i m i n a d o s,1109
e l i m i n a m o s,788
e l i m i n a n d o,737
e l i m i n a ɾ,6703
e l i m i n a ɾ l a,584
e l i m i n a ɾ l o,1819
e l i m i n a ɾ l o s,1081
e l i m i n a ɾ o n,511
e l i m i n o,781
e l i s a,953
e l i t e,1588
e l i k s i ɾ,757
e j a,780227
e j a s,49475
e j o,80586
e j o s,353732
e l o k w e n t e,745
e l o x i o,927
e l o x i o s,797
e l s a,2493
e l u d i ɾ,841
e l b i ɾ a,1159
e m a i l,1722
e m a i l s,783
e m b a x a d a,5805
e m b a x a d o ɾ,8595
e m b a x a d o ɾ a,601
e m b a x a d o ɾ e s,1095
e m b a ɾ a s a d a,24153
e m b a ɾ a s a d a s,1266
e m b a ɾ a s a d o,555
e m b a ɾ a s o,4806
e m b a ɾ a s o,471
e m b a ɾ a s o s a,541
e m b a ɾ a s o s o,3007
e m b a ɾ k a s i o n,656
e m b a ɾ k a d e ɾ o,762
e m b a ɾ k a ɾ,769
e m b a ɾ g o,36781
e m b a ɾ k e,1697
e m b l e m a,901
e m b o l j a,722
e m b o r a tʃ a,620
e m b o r a tʃ a ɾ,467
e m b o r a tʃ a ɾ m e,2008
e m b o r a tʃ a ɾ n o s,1314
e m b o r a tʃ a ɾ s e,1596
e m b o r a tʃ a ɾ t e,1085
e m b o r a tʃ e,524
e m b o r a tʃ o,696
e m b o s k a d a,3802
e m b o t e j a d a,459
e m b ɾ a g e,945
e m b ɾ j o n,505
e m b ɾ o j o,496
e m b ɾ u x a d a,885
e m b ɾ u x a d o,771
e m b u s t e ɾ o,1373
e m e ɾ x e n s i a,24262
e m e ɾ x e n s i a s,5312
e m e ɾ x e ɾ,483
e m i l j o,1321
e m i n e n s i a,3375
e m i ɾ,452
e m i s a ɾ j o,910
e m i s j o n,1685
e m i s j o n e s,812
e m i s o ɾ,548
e m i s o ɾ a,1479
e m i s o ɾ a s,453
e m i t e,1127
e m i t e n,461
e m i t i d o,702
e m i t j e n d o,643
e m i t j o,617
e m i t i ɾ,1500
e m o s i o n,8653
e m o s i o n a,1366
e m o s i o n a d a,3721
e m o s i o n a d o,5159
e m o s i o n a d o s,1435
e m o s i o n a l,6224
e m o s i o n a l e s,1526
e m o s i o n a l m e n t e,2716
e m o s i o n a n t e,10724
e m o s i o n a n t e s,732
e m o s i o n e s,9787
e m o t i b a,495
e m o t i b o,917
e m p a k a,1371
e m p a k a d o,591
e m p a k a n d o,920
e m p a k a ɾ,3148
e m p a p a d a,985
e m p a p a d o,1531
e m p a p a d o s,453
e m p a k e,621
e m p a k e,621
e m p a k e n,495
e m p a k e t a ɾ,459
e m p a ɾ e d a d o,1192
e m p a ɾ e d a d o s,713
e m p a t a d o s,799
e m p a t e,1672
e m p a t i a,877
e m p e s e,13185
e m p e s e m o s,9668
e m p e ɲ a d o,704
e m p e ɲ a ɾ,463
e m p e ɲ o,1606
e m p e ɲ o s,688
e m p e o ɾ a,1601
e m p e o ɾ a d o,908
e m p e o ɾ a n d o,2046
e m p e o ɾ a ɾ,2261
e m p e o ɾ a ɾ a,579
e m p e o ɾ e,477
e m p e o ɾ o,756
e m p e ɾ a d o ɾ,14312
e m p e ɾ a d o ɾ e s,527
e m p e ɾ a t ɾ i s,2473
e m p e s a b a,3506
e m p e s a b a n,539
e m p e s a d,739
e m p e s a d o,10551
e m p e s a m o s,14918
e m p e s a n d o,14907
e m p e s a ɾ,62254
e m p e s a ɾ a,1409
e m p e s a ɾ a,2741
e m p e s a ɾ a n,463
e m p e s a ɾ a n,1163
e m p e s a ɾ a s,768
e m p e s a ɾ e,3288
e m p e s a ɾ e m o s,4145
e m p e s a ɾ i a,969
e m p e s a ɾ o n,7594
e m p e s a s t e,4134
e m p e s o,30145
e m p j e s e,8950
e m p j e s e n,4432
e m p j e s e s,7442
e m p j e s a,32972
e m p j e s a n,6511
e m p j e s a s,6697
e m p j e s o,8988
e m p l e a,700
e m p l e a d a,2509
e m p l e a d a s,494
e m p l e a d o,8325
e m p l e a d o ɾ,645
e m p l e a d o s,9669
e m p l e a ɾ,932
e m p l e o,17898
e m p l e o s,2331
e m p ɾ e n d e ɾ,855
e m p ɾ e s a,20237
e m p ɾ e s a ɾ j a l,695
e m p ɾ e s a ɾ j o,2326
e m p ɾ e s a ɾ j o s,1023
e m p ɾ e s a s,5186
e m p u x a,5130
e m p u x a d o,1212
e m p u x a l o,763
e m p u x a m e,455
e m p u x a n,542
e m p u x a n d o,1561
e m p u x a ɾ,2793
e m p u x a ɾ l a,494
e m p u x a ɾ l o,981
e m p u x a ɾ m e,1024
e m p u x a ɾ o n,508
e m p u x a s,598
e m p u x a s t e,519
e m p u x e,2243
e m p u x e,803
e m p u x e n,1714
e m p u x e s,1221
e m p u x o,659
e m p u x o,2026
e m p u x o n,1585
e n,7244684
e n a m o ɾ a,1512
e n a m o ɾ a d a,13486
e n a m o ɾ a d a s,554
e n a m o ɾ a d o,21752
e n a m o ɾ a d o s,5082
e n a m o ɾ a m j e n t o,495
e n a m o ɾ a m o s,710
e n a m o ɾ a n,713
e n a m o ɾ a n d o,1189
e n a m o ɾ a ɾ,759
e n a m o ɾ a ɾ m e,3251
e n a m o ɾ a ɾ n o s,512
e n a m o ɾ a ɾ s e,3477
e n a m o ɾ a ɾ t e,1647
e n a m o ɾ a s,656
e n a m o ɾ a s t e,1026
e n a m o ɾ e,1092
e n a m o ɾ e,3615
e n a m o ɾ e s,462
e n a m o ɾ o,655
e n a m o ɾ o,2181
e n a n a,833
e n a n o,5827
e n a n o s,2650
e n k a d e n a d o,1224
e n k a d e n a d o s,459
e n k a x a,5354
e n k a x a b a,596
e n k a x a n,1110
e n k a x a ɾ,1943
e n k a x e,1407
e n k a x o,703
e n k a n t a,53202
e n k a n t a b a,4057
e n k a n t a b a n,828
e n k a n t a d a,11571
e n k a n t a d o,25681
e n k a n t a d o ɾ,14089
e n k a n t a d o ɾ a,12872
e n k a n t a d o ɾ a s,1064
e n k a n t a d o ɾ e s,1514
e n k a n t a d o s,1875
e n k a n t a m j e n t o,602
e n k a n t a n,11432
e n k a n t a ɾ,4079
e n k a n t a ɾ a,4879
e n k a n t a ɾ i a,24313
e n k a n t o,10963
e n k a n t o,5300
e n k a n t o s,1692
e n k a ɾ a ɾ,938
e n k a ɾ s e l a d o,1421
e n k a ɾ s e l a m j e n t o,563
e n k a ɾ s e l a ɾ,465
e n k a ɾ g a,2581
e n k a ɾ g a b a,496
e n k a ɾ g a d a,1225
e n k a ɾ g a d o,8014
e n k a ɾ g a d o s,598
e n k a ɾ g a m o s,1260
e n k a ɾ g a n,524
e n k a ɾ g a n d o,593
e n k a ɾ g a ɾ,1771
e n k a ɾ g a ɾ a,491
e n k a ɾ g a ɾ a,2391
e n k a ɾ g a ɾ a n,601
e n k a ɾ g a ɾ a s,536
e n k a ɾ g a ɾ e,8499
e n k a ɾ g a ɾ e m o s,2211
e n k a ɾ g a ɾ i a,476
e n k a ɾ g a ɾ m e,6130
e n k a ɾ g a ɾ n o s,1716
e n k a ɾ g a ɾ o n,481
e n k a ɾ g a ɾ s e,3781
e n k a ɾ g a ɾ t e,3277
e n k a ɾ g a s,1039
e n k a ɾ g a s t e,454
e n k a ɾ g a t e,6326
e n k a ɾ g o,13362
e n k a ɾ g o,1838
e n k a ɾ g e,2457
e n k a ɾ g e,1434
e n k a ɾ g e n s e,735
e n k a ɾ g e s,489
e n k a ɾ g e s e,1293
e n k a ɾ n a s i o n,520
e n s e n d e d o ɾ,2078
e n s e n d e ɾ,5692
e n s e n d e ɾ e,856
e n s e n d e ɾ l a,646
e n s e n d e ɾ l o,1551
e n s e n d i,548
e n s e n d i d a,3304
e n s e n d i d a s,1669
e n s e n d i d o,5405
e n s e n d i d o s,685
e n s e n d j e n d o,678
e n s e n d j o,1478
e n s e r a d a,3039
e n s e r a d o,8816
e n s e r a d o s,2696
e n s e r a m o s,548
e n s e r a ɾ,2092
e n s e r a ɾ a n,571
e n s e r a ɾ l a,672
e n s e r a ɾ l o,1575
e n s e r a ɾ l o s,674
e n s e r a ɾ m e,1589
e n s e r a ɾ n o s,624
e n s e r a ɾ o n,1561
e n s e r a ɾ t e,1268
e n s e r e,455
e n s e r o,1881
e n tʃ u f e,774
e n s i a s,563
e n s i k l o p e d j a,773
e n s i e n d a,1789
e n s i e n d a n,1381
e n s i e n d a s,456
e n s i e n d e,6251
e n s i e n d e l a,883
e n s i e n d e l o,1862
e n s i e n d e n,712
e n s i e n d e s,789
e n s i e n d o,876
e n s i e r a,875
e n s i e r a n,752
e n s i e r e n,948
e n s i e r e n l o,563
e n s i e r o,1070
e n s i m a,63999
e n s i n t a,690
e n k o n t ɾ a b a,4944
e n k o n t ɾ a b a n,844
e n k o n t ɾ a d a,2451
e n k o n t ɾ a d a s,885
e n k o n t ɾ a d o,53366
e n k o n t ɾ a d o s,1772
e n k o n t ɾ a m o s,38812
e n k o n t ɾ a n d o,1545
e n k o n t ɾ a ɾ,111446
e n k o n t ɾ a ɾ a,3419
e n k o n t ɾ a ɾ a,10071
e n k o n t ɾ a ɾ a m o s,707
e n k o n t ɾ a ɾ a n,1582
e n k o n t ɾ a ɾ a n,6459
e n k o n t ɾ a ɾ a s,1937
e n k o n t ɾ a ɾ a s,9055
e n k o n t ɾ a ɾ e,847
e n k o n t ɾ a ɾ e,12216
e n k o n t ɾ a ɾ e i s,461
e n k o n t ɾ a ɾ e m o s,15858
e n k o n t ɾ a ɾ i a,4188
e n k o n t ɾ a ɾ i a m o s,985
e n k o n t ɾ a ɾ i a n,756
e n k o n t ɾ a ɾ i a s,822
e n k o n t ɾ a ɾ l a,17461
e n k o n t ɾ a ɾ l a s,1681
e n k o n t ɾ a ɾ l e,6971
e n k o n t ɾ a ɾ l e s,872
e n k o n t ɾ a ɾ l o,28461
e n k o n t ɾ a ɾ l o s,6284
e n k o n t ɾ a ɾ m e,14972
e n k o n t ɾ a ɾ n o s,9161
e n k o n t ɾ a ɾ o n,23589
e n k o n t ɾ a ɾ o s,522
e n k o n t ɾ a ɾ s e,7630
e n k o n t ɾ a ɾ t e,13423
e n k o n t ɾ a s e,592
e n k o n t ɾ a s t e,19199
e n k o n t ɾ e,53917
e n k o n t ɾ e m o n o s,715
e n k o n t ɾ e m o s,7211
e n k o n t ɾ o,32301
e n k ɾ u s i x a d a,871
e n k u b j e ɾ t a,1551
e n k u b j e ɾ t o,3071
e n k u b j e ɾ t o s,844
e n k u b ɾ j e n d o,561
e n k u b ɾ i m j e n t o,884
e n k u b ɾ i ɾ,867
e n k u b ɾ i ɾ l o,606
e n k w e n t ɾ a,40801
e n k w e n t ɾ a l a,1621
e n k w e n t ɾ a l o,2653
e n k w e n t ɾ a l o s,700
e n k w e n t ɾ a m e,3011
e n k w e n t ɾ a n,11339
e n k w e n t ɾ a s,19235
e n k w e n t ɾ e,14401
e n k w e n t ɾ e l o,612
e n k w e n t ɾ e n,7607
e n k w e n t ɾ e n l a,588
e n k w e n t ɾ e n l o,1654
e n k w e n t ɾ e n l o s,558
e n k w e n t ɾ e s,5921
e n k w e n t ɾ o,36122
e n k w e n t ɾ o s,1892
e n k w e s t a,1333
e n k w e s t a s,1287
e n d e,537
e n d e ɾ e s a ɾ,643
e n e,936
e n e m a,556
e n e m i g a,2012
e n e m i g a s,1884
e n e m i g o,33292
e n e m i g o s,19019
e n e ɾ x e t i k a,884
e n e ɾ x i a,37634
e n e ɾ x i a s,1283
e n e ɾ x i k o,465
e n e ɾ o,5307
e n f a d a,1399
e n f a d a d a,7367
e n f a d a d o,10563
e n f a d a d o s,1066
e n f a d a ɾ,1906
e n f a d a ɾ a,679
e n f a d a ɾ m e,1362
e n f a d a ɾ s e,1103
e n f a d a ɾ t e,1044
e n f a d a s,816
e n f a d e,1250
e n f a d e,457
e n f a d e s,3072
e n f a d o,1253
e n f a d o,923
e n f a s i s,679
e n f e ɾ m a,21908
e n f e ɾ m a d o,492
e n f e ɾ m a n,622
e n f e ɾ m a ɾ,1378
e n f e ɾ m a ɾ s e,614
e n f e ɾ m a s,1283
e n f e ɾ m e,486
e n f e ɾ m e d a d,23538
e n f e ɾ m e d a d e s,6424
e n f e ɾ m e ɾ a,16647
e n f e ɾ m e ɾ a s,4295
e n f e ɾ m e ɾ i a,5669
e n f e ɾ m e ɾ o,2252
e n f e ɾ m e ɾ o s,590
e n f e ɾ m i s a,569
e n f e ɾ m i s o,1194
e n f e ɾ m o,35411
e n f e ɾ m o,2194
e n f e ɾ m o s,6835
e n f o k a,551
e n f o k a d o,576
e n f o k a ɾ,667
e n f o k a ɾ n o s,626
e n f o k a t e,556
e n f o k e,2352
e n f ɾ e n t a,2820
e n f ɾ e n t a d o,1502
e n f ɾ e n t a l o,710
e n f ɾ e n t a m j e n t o,1466
e n f ɾ e n t a m o s,2881
e n f ɾ e n t a n,1344
e n f ɾ e n t a n d o,1203
e n f ɾ e n t a n d o s e,611
e n f ɾ e n t a ɾ,5917
e n f ɾ e n t a ɾ a,684
e n f ɾ e n t a ɾ e,523
e n f ɾ e n t a ɾ e m o s,586
e n f ɾ e n t a ɾ l o,2182
e n f ɾ e n t a ɾ l o s,860
e n f ɾ e n t a ɾ m e,3984
e n f ɾ e n t a ɾ n o s,2158
e n f ɾ e n t a ɾ o n,491
e n f ɾ e n t a ɾ s e,6417
e n f ɾ e n t a ɾ t e,3346
e n f ɾ e n t a s,1254
e n f ɾ e n t a t e,557
e n f ɾ e n t e,12256
e n f ɾ e n t e,495
e n f ɾ e n t e m o s l o,838
e n f ɾ e n t o,824
e n f ɾ e n t o,1277
e n f ɾ i a,1007
e n f ɾ j a m j e n t o,467
e n f ɾ j a n d o,748
e n f ɾ j a ɾ,941
e n f ɾ j a ɾ s e,656
e n f ɾ i e,929
e n f u ɾ e s e,633
e n f u ɾ e s i d o,481
e n f u ɾ e s i o,680
e n g a n tʃ a d a,530
e n g a n tʃ a d o,1578
e n g a n tʃ a ɾ,516
e n g a n tʃ e,519
e n g a n tʃ o,536
e n g a ɲ a,2903
e n g a ɲ a b a,805
e n g a ɲ a d a,681
e n g a ɲ a d o,5941
e n g a ɲ a d o s,744
e n g a ɲ a m o s,630
e n g a ɲ a n,1767
e n g a ɲ a n d o,4286
e n g a ɲ a n d o m e,660
e n g a ɲ a ɾ,7647
e n g a ɲ a ɾ l a,717
e n g a ɲ a ɾ l o,951
e n g a ɲ a ɾ l o s,812
e n g a ɲ a ɾ m e,5586
e n g a ɲ a ɾ n o s,1754
e n g a ɲ a ɾ o n,1303
e n g a ɲ a ɾ t e,2416
e n g a ɲ a s,2081
e n g a ɲ a s t e,2342
e n g a ɲ e,1492
e n g a ɲ e,1773
e n g a ɲ e n,532
e n g a ɲ e s,1246
e n g a ɲ o,6747
e n g a ɲ o,3959
e n g a ɲ o s,1275
e n g a ɲ o s a,467
e n g a ɲ o s o,535
e n x e n d ɾ o,546
e n g o ɾ d a d o,766
e n g o ɾ d a n d o,492
e n g o ɾ d a ɾ,794
e n g ɾ a n a x e,454
e n g ɾ a n a x e s,486
e n g ɾ e i d a,476
e n g ɾ e i d o,1554
e n o ɾ a b w e n a,7532
e n i g m a,1487
e n x a m b ɾ e,574
e n x a u l a d o,468
e n l a s e,4286
e n l a s e s,551
e n l o k e s e,1352
e n l o k e s e n,530
e n l o k e s e ɾ,1683
e n l o k e s i d o,1286
e n l o k e s i e n d o,1673
e n l o k e s i o,1840
e n m a s k a ɾ a d o,1030
e n m e n d a ɾ,567
e n m j e n d a,2013
e n o x a,1378
e n o x a d a,8969
e n o x a d o,14596
e n o x a d o s,1740
e n o x a ɾ,4341
e n o x a ɾ a,549
e n o x a ɾ m e,1140
e n o x a ɾ s e,1116
e n o x a ɾ t e,930
e n o x a s,831
e n o x e,841
e n o x e,535
e n o x e s,2563
e n o x o,2943
e n o x o,1298
e n o ɾ g w j e s e,1371
e n o ɾ g w j e s k o,452
e n o ɾ m e,24705
e n o ɾ m e m e n t e,1417
e n o ɾ m e s,6518
e n ɾ e d a d o,825
e n ɾ e d o,736
e n ɾ i k e,2873
e n s a l a d a,6996
e n s a l a d a s,734
e n s a n g ɾ e n t a d a,498
e n s a n g ɾ e n t a d o,452
e n s a i a d o,566
e n s a i a m o s,689
e n s a i a n d o,1577
e n s a i a ɾ,2645
e n s a i o,8298
e n s a i o s,2900
e n s e g i d a,45948
e n s e ɲ a,5904
e n s e ɲ a b a,1244
e n s e ɲ a d o,6074
e n s e ɲ a l e,3537
e n s e ɲ a l e s,1280
e n s e ɲ a m e,7932
e n s e ɲ a m e l a,732
e n s e ɲ a m e l o,2025
e n s e ɲ a m o s,997
e n s e ɲ a n,2900
e n s e ɲ a n d o,3381
e n s e ɲ a n d o l e,771
e n s e ɲ a n o s,1401
e n s e ɲ a n s a,1644
e n s e ɲ a n s a s,1336
e n s e ɲ a ɾ,10896
e n s e ɲ a ɾ a,750
e n s e ɲ a ɾ a,1997
e n s e ɲ a ɾ a s,571
e n s e ɲ a ɾ e,8946
e n s e ɲ a ɾ e m o s,843
e n s e ɲ a ɾ i a,624
e n s e ɲ a ɾ l e,11487
e n s e ɲ a ɾ l e s,5694
e n s e ɲ a ɾ m e,8089
e n s e ɲ a ɾ n o s,2072
e n s e ɲ a ɾ o n,3092
e n s e ɲ a ɾ o s,792
e n s e ɲ a ɾ s e l a,535
e n s e ɲ a ɾ s e l o,1434
e n s e ɲ a ɾ t e,13658
e n s e ɲ a ɾ t e l o,759
e n s e ɲ a s,2254
e n s e ɲ a s e l o,891
e n s e ɲ a s t e,2920
e n s e ɲ e,3461
e n s e ɲ e,3867
e n s e ɲ e m e,1640
e n s e ɲ e n,481
e n s e ɲ e s,955
e n s e ɲ o,5289
e n s e ɲ o,11726
e n s u s i a ɾ,850
e n s u s i a ɾ m e,500
e n s u s i a ɾ s e,826
e n s u s i a ɾ t e,524
e n s w e ɲ o,1148
e n t a b l a ɾ,564
e n t e,803
e n t e n d a m o s,624
e n t e n d e i s,1343
e n t e n d e m o s,5525
e n t e n d e ɾ,36629
e n t e n d e ɾ a,3236
e n t e n d e ɾ a n,1061
e n t e n d e ɾ a s,2606
e n t e n d e ɾ e,1355
e n t e n d e ɾ i a,2356
e n t e n d e ɾ i a s,2260
e n t e n d e ɾ l a,1090
e n t e n d e ɾ l e,608
e n t e n d e ɾ l o,14505
e n t e n d e ɾ l o s,677
e n t e n d e ɾ m e,1880
e n t e n d e ɾ n o s,1020
e n t e n d e ɾ s e,696
e n t e n d e ɾ t e,1560
e n t e n d i,11607
e n t e n d i a,2993
e n t e n d i a n,461
e n t e n d i b l e,493
e n t e n d i d o,54752
e n t e n d j e n d o,1775
e n t e n d j e ɾ a,739
e n t e n d j e ɾ o n,1939
e n t e n d i m j e n t o,1978
e n t e n d i m o s,888
e n t e n d j o,3752
e n t e n d i s t e,7415
e n t e ɾ a,17147
e n t e ɾ a d a,566
e n t e ɾ a d o,7342
e n t e ɾ a m e n t e,1073
e n t e ɾ a m o s,1246
e n t e ɾ a n,1217
e n t e ɾ a ɾ,2945
e n t e ɾ a ɾ a,1100
e n t e ɾ a ɾ a,1419
e n t e ɾ a ɾ i a,512
e n t e ɾ a ɾ m e,4724
e n t e ɾ a ɾ n o s,732
e n t e ɾ a ɾ o n,1068
e n t e ɾ a ɾ s e,5097
e n t e ɾ a ɾ t e,1055
e n t e ɾ a s,2698
e n t e ɾ a s t e,2267
e n t e ɾ a t e,935
e n t e ɾ e,4336
e n t e ɾ e,6285
e n t e ɾ e n,1116
e n t e ɾ o,19967
e n t e ɾ o,3905
e n t e ɾ o s,1491
e n t e r a d a,2222
e n t e r a d a s,538
e n t e r a d o,6802
e n t e r a d o s,1993
e n t e r a m o s,1243
e n t e r a n d o,516
e n t e r a ɾ,3963
e n t e r a ɾ e,479
e n t e r a ɾ e m o s,461
e n t e r a ɾ l a,868
e n t e r a ɾ l o,2567
e n t e r a ɾ l o s,872
e n t e r a ɾ m e,484
e n t e r a ɾ o n,1330
e n t e r a ɾ t e,674
e n t e r a s t e,497
e n t e r e,1033
e n t e r o,1167
e n t i d a d,1298
e n t j e n d a,5072
e n t j e n d a n,1773
e n t j e n d a s,4148
e n t j e n d e,31285
e n t j e n d e l o,1470
e n t j e n d e m e,500
e n t j e n d e n,10890
e n t j e n d e s,73758
e n t j e n d o,143936
e n t j e r a,721
e n t j e r a n,581
e n t j e r e n,746
e n t j e r o,3545
e n t o n s e s,607363
e n t o ɾ n o,3117
e n t ɾ a,47828
e n t ɾ a b a,2193
e n t ɾ a b a n,526
e n t ɾ a d,1777
e n t ɾ a d a,29500
e n t ɾ a d a s,9250
e n t ɾ a d o,10171
e n t ɾ a m o s,7527
e n t ɾ a n,5816
e n t ɾ a n d o,9952
e n t ɾ a n t e,1940
e n t ɾ a ɲ a s,2585
e n t ɾ a ɾ,108960
e n t ɾ a ɾ a,2104
e n t ɾ a ɾ a,2874
e n t ɾ a ɾ a n,527
e n t ɾ a ɾ a n,1128
e n t ɾ a ɾ a s,598
e n t ɾ a ɾ a s,1055
e n t ɾ a ɾ e,2490
e n t ɾ a ɾ e m o s,2604
e n t ɾ a ɾ i a,1017
e n t ɾ a ɾ o n,5437
e n t ɾ a s,5602
e n t ɾ a s t e,5212
e n t ɾ e,195916
e n t ɾ e,8208
e n t ɾ e g a,11845
e n t ɾ e g a d a,792
e n t ɾ e g a d o,4175
e n t ɾ e g a d o s,559
e n t ɾ e g a l e,510
e n t ɾ e g a l o,561
e n t ɾ e g a m e,1160
e n t ɾ e g a m e l o,753
e n t ɾ e g a m o s,1354
e n t ɾ e g a n,834
e n t ɾ e g a n d o,1260
e n t ɾ e g a ɾ,9364
e n t ɾ e g a ɾ a,979
e n t ɾ e g a ɾ a,1375
e n t ɾ e g a ɾ a n,491
e n t ɾ e g a ɾ a s,459
e n t ɾ e g a ɾ e,2053
e n t ɾ e g a ɾ e m o s,697
e n t ɾ e g a ɾ i a,610
e n t ɾ e g a ɾ l a,1154
e n t ɾ e g a ɾ l e,3016
e n t ɾ e g a ɾ l e s,610
e n t ɾ e g a ɾ l o,2688
e n t ɾ e g a ɾ l o s,640
e n t ɾ e g a ɾ m e,3516
e n t ɾ e g a ɾ n o s,896
e n t ɾ e g a ɾ o n,1206
e n t ɾ e g a ɾ s e,2254
e n t ɾ e g a ɾ s e l a,612
e n t ɾ e g a ɾ s e l o,1371
e n t ɾ e g a ɾ t e,2923
e n t ɾ e g a s,3028
e n t ɾ e g a s t e,1060
e n t ɾ e g a t e,1265
e n t ɾ e g o,2876
e n t ɾ e g o,3846
e n t ɾ e g e,2988
e n t ɾ e g e,1652
e n t ɾ e g e n,1195
e n t ɾ e g e s,909
e n t ɾ e m o s,4293
e n t ɾ e n,9963
e n t ɾ e n a,909
e n t ɾ e n a d a,894
e n t ɾ e n a d o,3985
e n t ɾ e n a d o ɾ,16205
e n t ɾ e n a d o ɾ a,1057
e n t ɾ e n a d o ɾ e s,896
e n t ɾ e n a d o s,1921
e n t ɾ e n a m j e n t o,14406
e n t ɾ e n a m j e n t o s,554
e n t ɾ e n a m o s,591
e n t ɾ e n a n,562
e n t ɾ e n a n d o,2634
e n t ɾ e n a ɾ,4583
e n t ɾ e n a ɾ l o,578
e n t ɾ e n a ɾ l o s,544
e n t ɾ e n a ɾ m e,522
e n t ɾ e n a ɾ o n,643
e n t ɾ e n a ɾ s e,490
e n t ɾ e n a ɾ t e,904
e n t ɾ e n e,744
e n t ɾ e n o,804
e n t ɾ e n o,916
e n t ɾ e p j e ɾ n a,1253
e n t ɾ e s,4470
e n t ɾ e t a n t o,855
e n t ɾ e t e n e ɾ,1348
e n t ɾ e t e n e ɾ m e,677
e n t ɾ e t e n e ɾ s e,647
e n t ɾ e t e n e ɾ t e,618
e n t ɾ e t e n i d a,590
e n t ɾ e t e n i d o,1852
e n t ɾ e t j e n e,465
e n t ɾ e b i s t a,14349
e n t ɾ e b i s t a d o,590
e n t ɾ e b i s t a n d o,619
e n t ɾ e b i s t a ɾ,1592
e n t ɾ e b i s t a ɾ l o,470
e n t ɾ e b i s t a ɾ m e,583
e n t ɾ e b i s t a ɾ t e,478
e n t ɾ e b i s t a s,3891
e n t ɾ i s t e s e,1000
e n t ɾ o,6417
e n t ɾ o,19333
e n t ɾ o m e t e ɾ m e,1872
e n t ɾ o m e t e ɾ s e,730
e n t ɾ o m e t e ɾ t e,536
e n t ɾ o m e t i d a,505
e n t ɾ o m e t i d o,982
e n t u s j a s m a,731
e n t u s j a s m a d a,1084
e n t u s j a s m a d o,2045
e n t u s j a s m a d o s,590
e n t u s j a s m o,4194
e n t u s j a s t a,1411
e n b a s e,526
e n b e x e s e,739
e n b e x e s e n,514
e n b e x e s e ɾ,1763
e n b e x e s i d o,1155
e n b e x e s i e n d o,966
e n b e x e s i m j e n t o,591
e n b e n e n a d a,1234
e n b e n e n a d o,2672
e n b e n e n a m j e n t o,1450
e n b e n e n a ɾ,892
e n b e n e n a ɾ m e,553
e n b e n e n a ɾ o n,477
e n b e n e n o,1080
e n b i a,12606
e n b i a b a,926
e n b i a d a,1950
e n b i a d a s,697
e n b i a d o,16325
e n b i a d o s,2299
e n b i a l a,586
e n b i a l e,1348
e n b i a l o,1476
e n b i a l o s,489
e n b i a m e,2713
e n b i a m e l o,590
e n b i a m o s,3594
e n b i a n,3456
e n b i a n d o,4236
e n b i a n o s,463
e n b i a ɾ,16635
e n b i a ɾ a,1058
e n b i a ɾ a,2269
e n b i a ɾ a n,814
e n b i a ɾ a n,2058
e n b i a ɾ e,8327
e n b i a ɾ e m o s,2771
e n b i a ɾ i a,1187
e n b i a ɾ l a,2050
e n b i a ɾ l a s,576
e n b i a ɾ l e,3743
e n b i a ɾ l e s,790
e n b i a ɾ l o,3503
e n b i a ɾ l o s,1438
e n b i a ɾ m e,3944
e n b i a ɾ n o s,1308
e n b i a ɾ o n,7609
e n b j a ɾ s e l o,558
e n b i a ɾ t e,3651
e n b i a s,1311
e n b i a s t e,3592
e n b i d j a,4286
e n b i d j o,2769
e n b i e,7911
e n b i e,4820
e n b i e l o,640
e n b i e m e,828
e n b i e m o s,656
e n b i e n,4198
e n b i e n l o,469
e n b i e s,904
e n b i o,20355
e n b i o,5483
e n b i o s,800
e n b o l t o ɾ j o,621
e n b o l t u ɾ a,554
e n b o l b e ɾ,910
e n b o l b e ɾ l o,569
e n b w e l t a,1352
e n b w e l t o,3161
e n b w e l t o s,758
e n b w e l b e,819
e n s i m a,576
e n s i m a s,545
e p a,1378
e p i k a,655
e p i k o,613
e p i d e m j a,2424
e p i f a n i a,511
e p i l e p s j a,819
e p i n e f ɾ i n a,884
e p i s o d j o,7087
e p i s o d j o s,1269
e p o k a,22132
e p o k a s,1479
e k i l i b ɾ a d a,464
e k i l i b ɾ a d o,507
e k i l i b ɾ a ɾ,565
e k i l i b ɾ j o,4936
e k i p a d a,524
e k i p a d o,1127
e k i p a d o s,640
e k i p a x e,9079
e k i p a x e s,471
e k i p a m j e n t o,1475
e k i p o,106118
e k i p o s,11774
e k i b a l e,886
e k i b a l e n t e,1602
e k i b o k a,6378
e k i b o k a b a,827
e k i b o k a s i o n,1852
e k i b o k a d a,14940
e k i b o k a d a s,2281
e k i b o k a d o,36174
e k i b o k a d o s,4128
e k i b o k a m o s,1610
e k i b o k a n,1863
e k i b o k a n d o,456
e k i b o k a ɾ m e,1936
e k i b o k a ɾ o n,1152
e k i b o k a ɾ s e,1969
e k i b o k a ɾ t e,864
e k i b o k a s,8579
e k i b o k a s t e,2044
e k i b o k o,6283
e k i b o k o,2705
e k i b o k e,1762
e k i b o k e,6608
e k i b o k e s,793
e ɾ a,802515
e ɾ a m o s,20510
e ɾ a n,94615
e ɾ a s,51785
e ɾ a s e,836
e ɾ e,1955
e ɾ e k s i o n,2285
e ɾ e s,726195
e ɾ g o,489
e ɾ i k a,4294
e ɾ m i t a ɲ o,686
e ɾ n e s t o,1426
e ɾ o,689
e ɾ o t i k a,726
e ɾ o t i k o,1115
e r a d i k a ɾ,645
e r a d o,1146
e r a n t e,1273
e r a ɾ,455
e r o n e a,924
e r o n e o,702
e r o ɾ,59247
e r o ɾ e s,15904
e ɾ u d i t o,844
e ɾ u d i t o s,476
e ɾ u p s i o n,1992
e ɾ u p s i o n e s,563
e s,7595196
e s a,584590
e s a,37972
e s a s,152902
e s a s,5001
e s k a b u j i ɾ m e,496
e s k a b u j i ɾ s e,774
e s k a b u j i ɾ t e,693
e s k a l a,6367
e s k a l a d a,849
e s k a l a n d o,589
e s k a l a ɾ,2466
e s k a l a s,716
e s k a l e ɾ a,11924
e s k a l e ɾ a s,14075
e s k a l o f ɾ j a n t e,1512
e s k a l o f ɾ i o,482
e s k a l o f ɾ i o s,2332
e s k a l o n,1636
e s k a l o n e s,2023
e s k a l p e l o,586
e s k a m a s,593
e s k a n d a l o,8053
e s k a n d a l o s,1038
e s k a n d a l o s a,578
e s k a n d a l o s o,1274
e s k a n e a n d o,554
e s k a n e a ɾ,487
e s k a n e o,969
e s k a n e ɾ,2665
e s k a p a,5964
e s k a p a b a,644
e s k a p a d a,687
e s k a p a d o,7520
e s k a p a m o s,1397
e s k a p a n,1731
e s k a p a n d o,3082
e s k a p a ɾ,29582
e s k a p a ɾ a,956
e s k a p a ɾ a,1097
e s k a p a ɾ a s,728
e s k a p a ɾ a t e,785
e s k a p a ɾ m e,2927
e s k a p a ɾ n o s,1054
e s k a p a ɾ o n,2651
e s k a p a ɾ s e,4969
e s k a p a ɾ t e,2504
e s k a p a s,843
e s k a p a s t e,2023
e s k a p a t e,452
e s k a p a t o ɾ j a,1331
e s k a p e,10302
e s k a p e,2316
e s k a p e n,917
e s k a p e s,941
e s k a p o,1374
e s k a p o,12315
e s k a ɾ a b a x o,1180
e s k a ɾ a b a x o s,704
e s k a ɾ l a t a,1122
e s k a s a,595
e s k a s a s,465
e s k a s e s,1252
e s k a s o,717
e s k a s o s,790
e s s e n a,38243
e s s e n a ɾ j o,15640
e s s e n a ɾ j o s,1030
e s s e n a s,6219
e s s e p t i s i s m o,463
e s s e p t i k o,820
e s k l a b a,3011
e s k l a b a s,648
e s k l a b i t u d,2639
e s k l a b o,7118
e s k l a b o s,9728
e s k l e ɾ o s i s,633
e s k l u s a,729
e s k o b a,2650
e s k o b a ɾ,483
e s k o b a s,559
e s k o s e s,3115
e s k o s e s a,675
e s k o s e s e s,811
e s k o s i a,4084
e s k o x e,3740
e s k o x e n,544
e s k o x e ɾ,7195
e s k o x e ɾ i a,501
e s k o x e s,996
e s k o x i,2224
e s k o x i d o,3673
e s k o x i e n d o,514
e s k o x i e ɾ o n,1039
e s k o x i o,3006
e s k o x i s t e,1815
e s k o x a,1167
e s k o x a n,506
e s k o x o,1037
e s k o l a ɾ,5286
e s k o l a ɾ e s,1303
e s k o l t a,3582
e s k o l t a s,501
e s k o m b ɾ o s,2218
e s k o n d a,841
e s k o n d a m o n o s,461
e s k o n d a n s e,1541
e s k o n d a s,863
e s k o n d a s e,716
e s k o n d e,6306
e s k o n d e l o,569
e s k o n d e m o s,675
e s k o n d e n,2004
e s k o n d e ɾ,7219
e s k o n d e ɾ e,639
e s k o n d e ɾ e m o s,457
e s k o n d e ɾ l a,874
e s k o n d e ɾ l o,2545
e s k o n d e ɾ l o s,470
e s k o n d e ɾ m e,4203
e s k o n d e ɾ n o s,3443
e s k o n d e ɾ s e,8068
e s k o n d e ɾ t e,5166
e s k o n d e s,2940
e s k o n d e t e,4585
e s k o n d i,1965
e s k o n d i a,1346
e s k o n d i d a,3284
e s k o n d i d a s,4254
e s k o n d i d o,9712
e s k o n d i d o s,2572
e s k o n d j e n d o,4283
e s k o n d j e n d o m e,771
e s k o n d j e n d o s e,1596
e s k o n d j e n d o t e,762
e s k o n d j e ɾ o n,646
e s k o n d j o,2485
e s k o n d i s t e,1228
e s k o n d i t e,4422
e s k o n d o,1227
e s k o p e t a,4187
e s k o p e t a s,917
e s k o ɾ j a,4155
e s k o ɾ p j o n,1606
e s k o ɾ p j o n e s,601
e s k o t e,765
e s k o t i j a,3173
e s k o t i j a s,533
e s k ɾ i b a,4232
e s k ɾ i b a n,980
e s k ɾ i b a s,1350
e s k ɾ i b e,13006
e s k ɾ i b e l e,686
e s k ɾ i b e l o,1497
e s k ɾ i b e m e,1443
e s k ɾ i b e n,1670
e s k ɾ i b e s,4335
e s k ɾ i b i,10552
e s k ɾ i b i a,2570
e s k ɾ i b j e n d o,9175
e s k ɾ i b j e ɾ a,1016
e s k ɾ i b j e ɾ o n,1517
e s k ɾ i b i m o s,1286
e s k ɾ i b j o,16344
e s k ɾ i b i ɾ,33873
e s k ɾ i b i ɾ a,824
e s k ɾ i b i ɾ a s,809
e s k ɾ i b i ɾ e,3704
e s k ɾ i b i ɾ e m o s,457
e s k ɾ i b i ɾ i a,776
e s k ɾ i b i ɾ l a,1187
e s k ɾ i b i ɾ l e,2866
e s k ɾ i b i ɾ l o,3034
e s k ɾ i b i ɾ m e,1176
e s k ɾ i b i ɾ t e,1434
e s k ɾ i b i s t e,4952
e s k ɾ i b o,6140
e s k ɾ i t a,4075
e s k ɾ i t a s,1508
e s k ɾ i t o,25935
e s k ɾ i t o ɾ,10260
e s k ɾ i t o ɾ a,2178
e s k ɾ i t o ɾ e s,2849
e s k ɾ i t o ɾ j o,13052
e s k ɾ i t o s,1926
e s k ɾ i t u ɾ a,3742
e s k ɾ i t u ɾ a s,1958
e s k ɾ o t o,611
e s k ɾ u p u l o s,1274
e s k w a d ɾ a,713
e s k w a d ɾ o n,7091
e s k w a d ɾ o n e s,1046
e s k u tʃ a,117132
e s k u tʃ a b a,2631
e s k u tʃ a d,5492
e s k u tʃ a d m e,3664
e s k u tʃ a d o,18676
e s k u tʃ a l a,715
e s k u tʃ a l o,1450
e s k u tʃ a m e,74858
e s k u tʃ a m o s,4118
e s k u tʃ a n,5198
e s k u tʃ a n d o,18992
e s k u tʃ a n d o m e,842
e s k u tʃ a n d o t e,584
e s k u tʃ a n o s,474
e s k u tʃ a ɾ,38635
e s k u tʃ a ɾ a,984
e s k u tʃ a ɾ a,1953
e s k u tʃ a ɾ a n,984
e s k u tʃ a ɾ a s,536
e s k u tʃ a ɾ a s,787
e s k u tʃ a ɾ e,1497
e s k u tʃ a ɾ e m o s,776
e s k u tʃ a ɾ i a,795
e s k u tʃ a ɾ l a,3704
e s k u tʃ a ɾ l a s,657
e s k u tʃ a ɾ l e,1277
e s k u tʃ a ɾ l o,8933
e s k u tʃ a ɾ l o s,1769
e s k u tʃ a ɾ m e,12666
e s k u tʃ a ɾ n o s,1211
e s k u tʃ a ɾ o n,3708
e s k u tʃ a ɾ t e,6732
e s k u tʃ a s,13751
e s k u tʃ a s t e,13111
e s k u tʃ a t e,1409
e s k u tʃ e,26702
e s k u tʃ e,24747
e s k u tʃ e m e,11885
e s k u tʃ e m o s,1382
e s k u tʃ e n,20183
e s k u tʃ e n m e,6498
e s k u tʃ e s,5855
e s k u tʃ o,15862
e s k u tʃ o,6418
e s k u d e ɾ o,992
e s k u d o,6935
e s k u d o s,5859
e s k w e l a,90413
e s k w e l a s,6077
e s k u l t o ɾ,630
e s k u l t u ɾ a,1515
e s k u l t u ɾ a s,724
e s k u p e,1449
e s k u p e l o,1562
e s k u p j e n d o,575
e s k u p j o,758
e s k u p i ɾ,1604
e s k u r i d i s o,760
e s e,668619
e s e,54793
e s e n s i a,4212
e s e n s i a l,4261
e s e n s i a l e s,827
e s e n s i a l m e n t e,1274
e s f e ɾ a,2670
e s f e ɾ a s,1053
e s f i n x e,583
e s f o ɾ s e,531
e s f o ɾ s a d o,767
e s f o ɾ s a n d o,689
e s f o ɾ s a ɾ m e,1006
e s f o ɾ s a ɾ n o s,551
e s f o ɾ s a ɾ s e,1536
e s f o ɾ s a ɾ t e,1310
e s f w e ɾ s e s,567
e s f w e ɾ s a,685
e s f w e ɾ s a s,638
e s f w e ɾ s a t e,1073
e s f w e ɾ s o,13833
e s f w e ɾ s o s,4740
e s f u m a d o,663
e s f u m a t e,560
e s f u m o,680
e s g ɾ i m a,927
e s l a b o n,1146
e s l o g a n,667
e s m a l t e,690
e s m e ɾ a l d a,1667
e s m e ɾ a l d a s,618
e s m o k i n,1539
e s n o b,491
e s o,2163331
e s o,3732
e s o s,191145
e s o s,4700
e s p a b i l a,533
e s p a s i a l,10020
e s p a s i a l e s,2474
e s p a s i o,37693
e s p a s i o s,2039
e s p a d a,25306
e s p a d a tʃ i n,687
e s p a d a s,4687
e s p a g e t i,1159
e s p a g e t i s,933
e s p a l d a,32611
e s p a l d a s,8773
e s p a n t a,705
e s p a n t a p a x a ɾ o s,1246
e s p a n t a ɾ,657
e s p a n t o,756
e s p a n t o s a,2349
e s p a n t o s a s,641
e s p a n t o s o,5484
e s p a n t o s o s,514
e s p a ɲ a,8216
e s p a ɲ o l,8858
e s p a ɲ o l a,2190
e s p a ɲ o l a s,461
e s p a ɲ o l e s,2036
e s p a ɾ s e,528
e s p a ɾ s i d o,519
e s p a ɾ s i e n d o,468
e s p a ɾ s i ɾ,696
e s p a r a g o s,594
e s p a ɾ t a n o,690
e s p a ɾ t a n o s,1114
e s p a s m o,480
e s p a s m o s,735
e s p e s i a,1478
e s p e s i a l,70417
e s p e s i a l e s,13306
e s p e s i a l i d a d,4346
e s p e s i a l i s t a,4962
e s p e s i a l i s t a s,1787
e s p e s i a l i s a,543
e s p e s i a l i s a d a,516
e s p e s i a l i s a d o,917
e s p e s i a l m e n t e,23504
e s p e s i a s,1039
e s p e s i e,31378
e s p e s i e s,4168
e s p e s i f i k a,500
e s p e s i f i k a,1814
e s p e s i f i k a s i o n e s,976
e s p e s i f i k a m e n t e,3379
e s p e s i f i k a s,937
e s p e s i f i k o,526
e s p e s i f i k o,3528
e s p e s i f i k o s,1018
e s p e s i m e n,1083
e s p e s i m e n e s,500
e s p e k t a k u l a ɾ,4854
e s p e k t a k u l a ɾ e s,725
e s p e k t a k u l o,19785
e s p e k t a k u l o s,1531
e s p e k t a d o ɾ,1050
e s p e k t a d o ɾ e s,1700
e s p e k t ɾ o,2930
e s p e k t ɾ o s,3474
e s p e k u l a s i o n,1040
e s p e k u l a s i o n e s,675
e s p e k u l a ɾ,713
e s p e x i s m o,506
e s p e x o,14461
e s p e x o s,2796
e s p e l u s n a n t e,2338
e s p e ɾ a,286291
e s p e ɾ a b a,40486
e s p e ɾ a b a m o s,4650
e s p e ɾ a b a n,2828
e s p e ɾ a b a s,6729
e s p e ɾ a d,6339
e s p e ɾ a d m e,1598
e s p e ɾ a d o,9912
e s p e ɾ a i s,675
e s p e ɾ a l o,481
e s p e ɾ a m e,14099
e s p e ɾ a m o s,16816
e s p e ɾ a n,14840
e s p e ɾ a n d o,84320
e s p e ɾ a n d o l a,1139
e s p e ɾ a n d o l e,1450
e s p e ɾ a n d o l o,2105
e s p e ɾ a n d o l o s,792
e s p e ɾ a n d o m e,3947
e s p e ɾ a n d o n o s,1730
e s p e ɾ a n d o t e,7006
e s p e ɾ a n o s,653
e s p e ɾ a n s a,31004
e s p e ɾ a n s a s,9415
e s p e ɾ a ɾ,83058
e s p e ɾ a ɾ a,1546
e s p e ɾ a ɾ a,2311
e s p e ɾ a ɾ a n,904
e s p e ɾ a ɾ a s,823
e s p e ɾ a ɾ a s,1202
e s p e ɾ a ɾ e,10848
e s p e ɾ a ɾ e m o s,5131
e s p e ɾ a ɾ i a,2175
e s p e ɾ a ɾ i a s,511
e s p e ɾ a ɾ l a,882
e s p e ɾ a ɾ l e,860
e s p e ɾ a ɾ l o,1960
e s p e ɾ a ɾ m e,2443
e s p e ɾ a ɾ n o s,510
e s p e ɾ a ɾ o n,642
e s p e ɾ a ɾ s e,1656
e s p e ɾ a ɾ t e,2254
e s p e ɾ a s,16677
e s p e ɾ a s t e,1205
e s p e ɾ a t e,1921
e s p e ɾ e,52617
e s p e ɾ e,5365
e s p e ɾ e m e,2138
e s p e ɾ e m o s,10225
e s p e ɾ e n,33050
e s p e ɾ e n m e,2473
e s p e ɾ e s,4414
e s p e ɾ m a,3067
e s p e ɾ o,144994
e s p e ɾ o,2150
e s p e s a,832
e s p e s o,522
e s p e s o ɾ,474
e s p i a,10727
e s p j a n d o,2407
e s p j a n d o m e,560
e s p j a ɾ,1967
e s p j a ɾ m e,854
e s p i a s,5271
e s p i n a,2514
e s p i n a k a s,623
e s p i n a l,1081
e s p i n a s,1276
e s p j o n a x e,2358
e s p i ɾ a l,1475
e s p i ɾ i t u,26567
e s p i ɾ i t w a l,5677
e s p i ɾ i t w a l e s,926
e s p i ɾ i t w a l m e n t e,455
e s p i ɾ i t u s,6653
e s p l e n d i d a,1579
e s p l e n d i d o,3803
e s p l e n d o ɾ,1309
e s p o n x a,2062
e s p o n t a n e a,1020
e s p o n t a n e a m e n t e,510
e s p o n t a n e o,1013
e s p o ɾ a s,542
e s p o s a,136202
e s p o s a d o,1053
e s p o s a l o,600
e s p o s a s,12174
e s p o s i t o,590
e s p o s o,44902
e s p o s o s,1613
e s p u m a,2618
e s k e l e t o,2322
e s k e l e t o s,988
e s k e m a,1379
e s k e m a s,580
e s k i,1237
e s k j a ɾ,1766
e s k i m a l,618
e s k i n a,18269
e s k i n a s,2228
e s k i b a ɾ,1039
e s k i s o f ɾ e n j a,1090
e s k i s o f ɾ e n i k o,582
e s t a,1184451
e s t a,2631459
e s t a,74358
e s t a b a,617483
e s t a b a i s,589
e s t a b a m o s,48865
e s t a b a n,75227
e s t a b a s,96804
e s t a b i l i d a d,1499
e s t a b i l i s a d o,519
e s t a b i l i s a ɾ,586
e s t a b l e,6114
e s t a b l e s e,1363
e s t a b l e s e ɾ,4906
e s t a b l e s e ɾ m e,513
e s t a b l e s e ɾ s e,944
e s t a b l e s i d a,808
e s t a b l e s i d o,3097
e s t a b l e s i e n d o,505
e s t a b l e s i m j e n t o,1821
e s t a b l e s i o,1166
e s t a b l e s,1151
e s t a b l e s k a,573
e s t a b l o,3310
e s t a b l o s,1068
e s t a k a,1760
e s t a k a s,597
e s t a s i o n,33773
e s t a s i o n a,694
e s t a s i o n a d o,1610
e s t a s i o n a m j e n t o,7017
e s t a s i o n a ɾ,1785
e s t a s i o n a ɾ s e,488
e s t a s i o n a t e,922
e s t a s i o n e s,4880
e s t a d,704
e s t a d i a,1041
e s t a d j o,4521
e s t a d i s t i k a,723
e s t a d i s t i k a m e n t e,616
e s t a d i s t i k a s,2381
e s t a d o,289018
e s t a d o s,28707
e s t a d o u n i d e n s e,7298
e s t a d o u n i d e n s e s,5632
e s t a f a,3334
e s t a f a d o,589
e s t a f a d o ɾ,2334
e s t a f a d o ɾ e s,909
e s t a f a ɾ,734
e s t a f a s,607
e s t a i s,23676
e s t a j a,1015
e s t a j a d o,584
e s t a j a ɾ,3957
e s t a j e,525
e s t a j i d o,883
e s t a j o,1630
e s t a m b u l,1204
e s t a m o s,402308
e s t a m p i d a,758
e s t a m p i j a s,684
e s t a n,526747
e s t a n k a d o,537
e s t a n s i a,2855
e s t a n d a ɾ,2850
e s t a n d a ɾ e s,1133
e s t a n d a ɾ t e,759
e s t a n d o,10086
e s t a n k e,2585
e s t a n t e,1676
e s t a n t e ɾ i a,738
e s t a n t e s,799
e s t a ɾ,410828
e s t a ɾ a,84014
e s t a ɾ a n,23724
e s t a ɾ a s,33308
e s t a ɾ e,63926
e s t a ɾ e i s,1211
e s t a ɾ e m o s,31044
e s t a ɾ i a,50745
e s t a ɾ i a m o s,7293
e s t a ɾ i a n,6189
e s t a ɾ i a s,12262
e s t a ɾ l o,11673
e s t a ɾ s e,540
e s t a ɾ t e,788
e s t a s,257055
e s t a s,948379
e s t a s,10077
e s t a t a l,6215
e s t a t a l e s,1334
e s t a t e,7863
e s t a t i k a,1124
e s t a t w a,6229
e s t a t w a s,1883
e s t a t u ɾ a,1574
e s t a t u s,1434
e s t a t u t o,685
e s t a t u t o s,538
e s t e,901930
e s t e,94927
e s t e,89497
e s t e b a n,1553
e s t e i s,1539
e s t e l a,982
e s t e l a ɾ,7081
e s t e l a ɾ e s,647
e s t e m o s,14526
e s t e n,26668
e s t e ɾ e o,902
e s t e ɾ e o t i p o,499
e s t e ɾ i l,1280
e s t e ɾ n o n,532
e s t e ɾ o i d e s,3337
e s t e s,42721
e s t e t i k a,966
e s t j e ɾ k o l,1372
e s t i l i s t a,570
e s t i l o,28732
e s t i l o s,938
e s t i m a,2189
e s t i m a s i o n,657
e s t i m a d a,1107
e s t i m a d o,4362
e s t i m a d o s,604
e s t i m o,666
e s t i m u l a,647
e s t i m u l a s i o n,673
e s t i m u l a n t e,1692
e s t i m u l a n t e s,738
e s t i m u l a ɾ,731
e s t i m u l o,995
e s t i ɾ a,1088
e s t i ɾ a d a,464
e s t i ɾ a d o,803
e s t i ɾ a ɾ,1477
e s t i ɾ a t e,516
e s t o,1382359
e s t o,12677
e s t o k o l m o,1378
e s t o f a d o,1605
e s t o m a k a l,513
e s t o m a g o,14925
e s t o m a g o s,498
e s t o ɾ b o,923
e s t o ɾ n u d a ɾ,494
e s t o ɾ n u d o,479
e s t o s,184226
e s t o s,10573
e s t o i,1139918
e s t ɾ a d o,2979
e s t ɾ a g o s,791
e s t ɾ a n g w l a d a,603
e s t ɾ a n g w l a d o,715
e s t ɾ a n g w l a d o ɾ,612
e s t ɾ a n g w l a ɾ,666
e s t ɾ a n g w l a ɾ m e,482
e s t ɾ a n g w l o,503
e s t ɾ a t e x i a,7278
e s t ɾ a t e x i a s,992
e s t ɾ a t e x i k a,762
e s t ɾ a t e x i k o,664
e s t ɾ e tʃ a,1755
e s t ɾ e tʃ a ɾ,769
e s t ɾ e tʃ o,2016
e s t ɾ e tʃ o s,500
e s t ɾ e j a,32189
e s t ɾ e j a d o,890
e s t ɾ e j a ɾ,578
e s t ɾ e j a ɾ s e,1071
e s t ɾ e j a s,23851
e s t ɾ e j o,2553
e s t ɾ e n a ɾ,458
e s t ɾ e n o,3328
e s t ɾ e s,5836
e s t ɾ e s a d a,901
e s t ɾ e s a d o,1406
e s t ɾ e s a n t e,1139
e s t ɾ i b i j o,522
e s t ɾ i b o ɾ,3202
e s t ɾ i b o s,1129
e s t ɾ i k t a,1579
e s t ɾ i k t a m e n t e,2772
e s t ɾ i k t a s,989
e s t ɾ i k t o,1765
e s t ɾ i k t o s,611
e s t ɾ o p e a,802
e s t ɾ o p e a d a,544
e s t ɾ o p e a d o,2864
e s t ɾ o p e a ɾ,1902
e s t ɾ o p e a ɾ l o,1485
e s t ɾ o p e e,616
e s t ɾ o p e e s,766
e s t ɾ o p e o,963
e s t ɾ u k t u ɾ a,7073
e s t ɾ u k t u ɾ a l,787
e s t ɾ u k t u ɾ a s,1375
e s t ɾ w e n d o,520
e s t u tʃ e,1029
e s t u d j a,2959
e s t u d j a b a,1456
e s t u d j a d o,3731
e s t u d j a m o s,1233
e s t u d j a n,721
e s t u d j a n d o,6534
e s t u d j a n t e,14283
e s t u d j a n t e s,13883
e s t u d j a n t i l,1379
e s t u d j a ɾ,13971
e s t u d j a ɾ l a,452
e s t u d j a ɾ l o,1198
e s t u d j a s,1411
e s t u d j a s t e,1339
e s t u d j e,702
e s t u d j e,3151
e s t u d j o,23217
e s t u d j o,2030
e s t u d j o s,11512
e s t u d j o s o,467
e s t u f a,1541
e s t u p e n d a,7147
e s t u p e n d a m e n t e,1661
e s t u p e n d a s,957
e s t u p e n d o,30003
e s t u p e n d o s,1161
e s t u p i d a,20626
e s t u p i d a s,3852
e s t u p i d e s e s,3940
e s t u p i d e s,9756
e s t u p i d o,50927
e s t u p i d o s,7949
e s t u b e,58380
e s t u b j e ɾ a,34106
e s t u b j e ɾ a m o s,3131
e s t u b j e ɾ a n,5210
e s t u b j e ɾ a s,9239
e s t u b j e ɾ o n,10315
e s t u b j e s e,6116
e s t u b j e s e m o s,573
e s t u b j e s e n,799
e s t u b j e s e s,1274
e s t u b i m o s,13311
e s t u b i s t e,27132
e s t u b o,82347
e t a,8928
e t a p a,5079
e t a p a s,1161
e t s e t e ɾ a,1960
e t e ɾ,741
e t e ɾ n a,6124
e t e ɾ n a m e n t e,3712
e t e ɾ n i d a d,6311
e t e ɾ n o,4692
e t e ɾ n o s,572
e t i k a,3155
e t i k o,1386
e t j o p i a,666
e t i k e t a,4198
e t i k e t a s,1533
e u f e m i s m o,635
e u f o ɾ j a,551
e u n u k o,630
e u ɾ e k a,1205
e u ɾ o p a,17187
e u ɾ o p e a,1837
e u ɾ o p e a s,699
e u ɾ o p e o,1654
e u ɾ o p e o s,1591
e u ɾ o s,3556
e b a,8100
e b a k w a s i o n,3828
e b a k w a d o,698
e b a k w a d o s,513
e b a k w a n d o,583
e b a k u a ɾ,2991
e b a k w e n,855
e b a d i ɾ,920
e b a l w a s i o n,3061
e b a l w a s i o n e s,494
e b a l u a ɾ,1588
e b a n x e l j o,1109
e b a s j o n,1084
e b a s i b a,590
e b a s i b a s,754
e b e n t o,8041
e b e n t o s,5530
e b e n t w a l m e n t e,3821
e b i d e n s i a,19949
e b i d e n s i a s,4017
e b i d e n t e,5510
e b i d e n t e m e n t e,3965
e b i t a,2778
e b i t a d o,1829
e b i t a m o s,697
e b i t a n,559
e b i t a n d o,2397
e b i t a n d o m e,502
e b i t a ɾ,28194
e b i t a ɾ a,879
e b i t a ɾ l a,560
e b i t a ɾ l e,638
e b i t a ɾ l o,16813
e b i t a ɾ l o s,534
e b i t a ɾ m e,726
e b i t a ɾ s e,676
e b i t a ɾ t e,520
e b i t a s,561
e b i t e,878
e b i t o,633
e b i t o,796
e b o l u s i o n,3745
e b o l u s i o n a d o,975
e b o l u s i o n a n d o,453
e b o l u s i o n a ɾ,686
e k s,21027
e k s a k t a,4399
e k s a k t a m e n t e,93702
e k s a k t a s,1247
e k s a k t i t u d,1160
e k s a k t o,30765
e k s a k t o s,1691
e k s a x e ɾ a,789
e k s a x e ɾ a s i o n,737
e k s a x e ɾ a d a,798
e k s a x e ɾ a d o,2060
e k s a x e ɾ a n d o,2921
e k s a x e ɾ a ɾ,1067
e k s a x e ɾ a s,639
e k s a x e ɾ e,517
e k s a x e ɾ e s,1087
e k s a x e ɾ o,503
e k s a m e n,16766
e k s a m e n e s,6206
e k s a m i n a,572
e k s a m i n a d o,1343
e k s a m i n a n d o,1065
e k s a m i n a ɾ,3610
e k s a m i n a ɾ l a,814
e k s a m i n a ɾ l o,1294
e k s a m i n a ɾ t e,598
e k s a m i n e,993
e k s a m i n e,539
e k s a m i n e n,577
e k s a m i n o,620
e k s k a b a s i o n,1241
e k s k a b a d o ɾ a,458
e k s k a b a n d o,633
e k s k a b a ɾ,1163
e k s s e d e,468
e k s s e l e n s i a,11310
e k s s e l e n t e,39414
e k s s e l e n t e s,3611
e k s s e n t ɾ i k o,1223
e k s s e p s i o n,6049
e k s s e p s i o n a l,3535
e k s s e p s i o n a l e s,728
e k s s e p s i o n a l m e n t e,548
e k s s e p s i o n e s,1616
e k s s e p t o,34597
e k s s e p t u a n d o,552
e k s s e s i b a,911
e k s s e s i b a m e n t e,574
e k s s e s i b o,1434
e k s s e s o,3377
e k s s e s o s,502
e k s s i t a,2291
e k s s i t a s i o n,1372
e k s s i t a d a,1070
e k s s i t a d o,1928
e k s s i t a n,459
e k s s i t a n t e,5120
e k s s i t a n t e s,499
e k s s i t a ɾ m e,475
e k s k l u i d o,575
e k s k l u s i b a,2663
e k s k l u s i b a m e n t e,1377
e k s k l u s i b o,1391
e k s k l u s i b o s,551
e k s k ɾ e m e n t o,1113
e k s k ɾ e m e n t o s,562
e k s k u ɾ s j o n,2778
e k s k u ɾ s j o n e s,489
e k s k u s a,12409
e k s k u s a d o,772
e k s k u s a ɾ m e,562
e k s k u s a s,5373
e k s k u s e,793
e k s k u s e m e,1403
e k s a l a,482
e k s a u s t a,1152
e k s a u s t o,1749
e k s i b i s i o n,3376
e k s i x e,3289
e k s i x e n,915
e k s i x e n s i a s,1089
e k s i x e n t e,1856
e k s i x i e n d o,464
e k s i x i m o s,580
e k s i x i o,533
e k s i x i ɾ,1018
e k s i x o,2931
e k s i l j a d o,695
e k s i l j o,1916
e k s i s t a,2639
e k s i s t a n,712
e k s i s t e,40873
e k s i s t e n,12300
e k s i s t e n s i a,8948
e k s i s t e n t e,609
e k s i s t e s,1219
e k s i s t i a,3716
e k s i s t i a n,1163
e k s i s t i d o,2725
e k s i s t j e ɾ a,1638
e k s i s t i m o s,612
e k s i s t j o,1912
e k s i s t i ɾ,4714
e k s i s t i ɾ a,593
e k s i s t o,1552
e k s i t o,31980
e k s i t o s,1677
e k s i t o s a,2034
e k s i t o s a m e n t e,504
e k s i t o s o,2745
e k s i t o s o s,674
e k s o ɾ s i s m o,1457
e k s o ɾ s i s t a,609
e k s o t i k a,888
e k s o t i k a s,675
e k s o t i k o,1025
e k s o t i k o s,564
e k s p a n d e,694
e k s p a n d j e n d o,484
e k s p a n d i ɾ,993
e k s p a n d i ɾ s e,761
e k s p a n s j o n,1790
e k s p e k t a t i b a,779
e k s p e k t a t i b a s,2899
e k s p e d i s i o n,3946
e k s p e d j e n t e,9107
e k s p e d j e n t e s,3141
e k s p e n s a s,774
e k s p e ɾ j e n s i a,30231
e k s p e ɾ j e n s i a s,4011
e k s p e ɾ i m e n t a,607
e k s p e ɾ i m e n t a d o,2373
e k s p e ɾ i m e n t a l,1811
e k s p e ɾ i m e n t a l e s,505
e k s p e ɾ i m e n t a n d o,1754
e k s p e ɾ i m e n t a ɾ,2904
e k s p e ɾ i m e n t o,8560
e k s p e ɾ i m e n t o,535
e k s p e ɾ i m e n t o s,4990
e k s p e ɾ t a,2647
e k s p e ɾ t o,11628
e k s p e ɾ t o s,5075
e k s p j a t o ɾ j o,973
e k s p l i k a,10381
e k s p l i k a b a,581
e k s p l i k a s i o n,11814
e k s p l i k a s i o n e s,3321
e k s p l i k a d o,2548
e k s p l i k a l e,1025
e k s p l i k a m e,3014
e k s p l i k a m e l o,2071
e k s p l i k a n,596
e k s p l i k a n d o,1143
e k s p l i k a ɾ,18233
e k s p l i k a ɾ a,1233
e k s p l i k a ɾ e,5082
e k s p l i k a ɾ i a,2549
e k s p l i k a ɾ l e,7089
e k s p l i k a ɾ l e s,2152
e k s p l i k a ɾ l o,11864
e k s p l i k a ɾ m e,6375
e k s p l i k a ɾ m e l o,1785
e k s p l i k a ɾ n o s,1178
e k s p l i k a ɾ s e,1132
e k s p l i k a ɾ s e l o,4362
e k s p l i k a ɾ t e,8814
e k s p l i k a ɾ t e l o,5025
e k s p l i k a s,1955
e k s p l i k a s e l o,1205
e k s p l i k a t e,1602
e k s p l i k o,3532
e k s p l i k o,1976
e k s p l i k e,4035
e k s p l i k e,1606
e k s p l i k e m e,976
e k s p l i k e m e l o,498
e k s p l i k e s,688
e k s p l i k e s e,1039
e k s p l o ɾ a s i o n,1955
e k s p l o ɾ a d o ɾ,2866
e k s p l o ɾ a d o ɾ a,550
e k s p l o ɾ a d o ɾ e s,2333
e k s p l o ɾ a n d o,1013
e k s p l o ɾ a ɾ,3699
e k s p l o s j o n,13803
e k s p l o s j o n e s,2276
e k s p l o s i b a,1098
e k s p l o s i b a s,523
e k s p l o s i b o,2908
e k s p l o s i b o s,6129
e k s p l o t a,2387
e k s p l o t a s i o n,1146
e k s p l o t a d o,1154
e k s p l o t a n,950
e k s p l o t a n d o,934
e k s p l o t a ɾ,8471
e k s p l o t a ɾ a,563
e k s p l o t a ɾ a,1274
e k s p l o t a ɾ o n,467
e k s p l o t e,1580
e k s p l o t o,464
e k s p l o t o,3429
e k s p o,627
e k s p o n e,674
e k s p o n e ɾ,1791
e k s p o n e ɾ m e,464
e k s p o n e ɾ s e,698
e k s p o n e ɾ t e,483
e k s p o ɾ t a s i o n,580
e k s p o s i s i o n,5923
e k s p o s i s i o n e s,468
e k s p ɾ e s a,1391
e k s p ɾ e s a d o,1040
e k s p ɾ e s a n d o,479
e k s p ɾ e s a ɾ,4231
e k s p ɾ e s a ɾ l e,618
e k s p ɾ e s a ɾ l o,1158
e k s p ɾ e s a ɾ m e,905
e k s p ɾ e s a ɾ s e,1486
e k s p ɾ e s a ɾ t e,640
e k s p ɾ e s j o n,8184
e k s p ɾ e s j o n e s,910
e k s p ɾ e s o,2348
e k s p ɾ e s o,583
e k s p ɾ e s s,1760
e k s p w e s t a,1265
e k s p w e s t o,2908
e k s p w e s t o s,1416
e k s p u l s a d a,941
e k s p u l s a d o,3126
e k s p u l s a d o s,914
e k s p u l s a ɾ,1595
e k s p u l s a ɾ l o,462
e k s p u l s a ɾ m e,458
e k s p u l s a ɾ o n,1188
e k s p u l s a ɾ t e,456
e k s p u l s j o n,964
e k s p u l s o,509
e k s p u s o,526
e k s k i s i t a,1075
e k s k i s i t o,1482
e k s t a s i s,2887
e k s t e n d e ɾ,1522
e k s t e n d e ɾ s e,726
e k s t e n d i d o,1208
e k s t e n d j e n d o,574
e k s t e n d j e n d o s e,457
e k s t e n d j o,944
e k s t e n s a,618
e k s t e n s j o n,2679
e k s t e n s j o n e s,512
e k s t e n s o,657
e k s t e ɾ j o ɾ,11823
e k s t e ɾ j o ɾ e s,2957
e k s t e ɾ m i n a d o ɾ,709
e k s t e ɾ m i n a ɾ,896
e k s t e ɾ m i n j o,604
e k s t e ɾ n a,1358
e k s t e ɾ n a s,661
e k s t e ɾ n o,1189
e k s t e ɾ n o s,644
e k s t j e n d a,598
e k s t j e n d e,2730
e k s t j e n d e n,651
e k s t i n s i o n,1977
e k s t o ɾ s j o n,1422
e k s t ɾ a,16875
e k s t ɾ a k s i o n,1840
e k s t ɾ a k t o,598
e k s t ɾ a d i s i o n,762
e k s t ɾ a e,478
e k s t ɾ a e ɾ,2080
e k s t ɾ a e ɾ l o,456
e k s t ɾ a i d o,602
e k s t ɾ a n x e ɾ a,2600
e k s t ɾ a n x e ɾ a s,1066
e k s t ɾ a n x e ɾ o,10301
e k s t ɾ a n x e ɾ o s,5343
e k s t ɾ a ɲ a,22823
e k s t ɾ a ɲ a b a,1515
e k s t ɾ a ɲ a d o,1217
e k s t ɾ a ɲ a m e n t e,1512
e k s t ɾ a ɲ a m o s,1595
e k s t ɾ a ɲ a n,494
e k s t ɾ a ɲ a ɾ,4026
e k s t ɾ a ɲ a ɾ a,505
e k s t ɾ a ɲ a ɾ e,1985
e k s t ɾ a ɲ a ɾ e m o s,612
e k s t ɾ a ɲ a ɾ i a,903
e k s t ɾ a ɲ a ɾ l o,514
e k s t ɾ a ɲ a ɾ t e,1233
e k s t ɾ a ɲ a s,8970
e k s t ɾ a ɲ a s t e,1165
e k s t ɾ a ɲ e,905
e k s t ɾ a ɲ e,4368
e k s t ɾ a ɲ o,69190
e k s t ɾ a ɲ o s,10572
e k s t ɾ a o f i s i a l,679
e k s t ɾ a o f i s i a l m e n t e,1093
e k s t ɾ a o ɾ d i n a ɾ j a,4192
e k s t ɾ a o ɾ d i n a ɾ j a m e n t e,825
e k s t ɾ a o ɾ d i n a ɾ j a s,1389
e k s t ɾ a o ɾ d i n a ɾ j o,8084
e k s t ɾ a o ɾ d i n a ɾ j o s,1102
e k s t ɾ a s,3763
e k s t ɾ a t e r e s t ɾ e,3716
e k s t ɾ a t e r e s t ɾ e s,4241
e k s t ɾ a b a g a n t e,1161
e k s t ɾ a b a g a n t e s,454
e k s t ɾ a b j a d o,548
e k s t ɾ e m a,2490
e k s t ɾ e m a d a m e n t e,6822
e k s t ɾ e m a s,981
e k s t ɾ e m i d a d e s,1022
e k s t ɾ e m i s t a s,834
e k s t ɾ e m o,6755
e k s t ɾ e m o s,1776
e i,17406
e s e k j e l,500
f a,1234
f a b ɾ i k a,14146
f a b ɾ i k a s i o n,1106
f a b ɾ i k a d o,952
f a b ɾ i k a n,888
f a b ɾ i k a n d o,487
f a b ɾ i k a n t e,1745
f a b ɾ i k a n t e s,1095
f a b ɾ i k a ɾ,1727
f a b ɾ i k a s,2523
f a b ɾ i k o,469
f a b u l a,559
f a b u l o s a,3484
f a b u l o s a s,654
f a b u l o s o,9247
f a b u l o s o s,907
f a k s i o n,524
f a k s i o n e s,715
f a s e b o o k,1931
f a tʃ a d a,1687
f a s i a l,2073
f a s i a l e s,717
f a s i l,92476
f a s i l e s,4636
f a s i l i d a d,2895
f a s i l i t a,655
f a s i l i t a ɾ,947
f a s i l m e n t e,11801
f a k t i b l e,633
f a k t o ɾ,3198
f a k t o ɾ e s,1285
f a k t u ɾ a,4051
f a k t u ɾ a s,3258
f a k u l t a d,4859
f a k u l t a d e s,905
f a e n a,607
f a i s a n,524
f a x a,707
f a l d a,4390
f a l d a s,1365
f a l d e ɾ o,493
f a j a,9219
f a j a d o,5929
f a j a m o s,1153
f a j a n,1165
f a j a n d o,1711
f a j a ɾ,3950
f a j a ɾ a,610
f a j a ɾ e,600
f a j a ɾ l e,476
f a j a ɾ o n,1183
f a j a s,2327
f a j a s t e,1835
f a j e,1116
f a j e,2302
f a j e s i d a,515
f a j e s i d o,2210
f a j e s i d o s,455
f a j e s i m j e n t o,514
f a j e s i o,3445
f a j e s,957
f a j i d o,798
f a j o,5804
f a j o,4103
f a j o s,1173
f a l s a,11240
f a l s a m e n t e,461
f a l s a s,5129
f a l s e d a d,543
f a l s i f i k a s i o n,1483
f a l s i f i k a s i o n e s,572
f a l s i f i k a d o ɾ,643
f a l s i f i k a ɾ,864
f a l s o s,4945
f a l t a,76980
f a l t a b a,4986
f a l t a b a n,1133
f a l t a d o,1292
f a l t a n,10940
f a l t a n d o,1008
f a l t a ɾ,2132
f a l t a ɾ a,713
f a l t a ɾ i a,755
f a l t a ɾ l e,1014
f a l t a s,1480
f a l t e,1050
f a l t o,725
f a l t o,2028
f a m a,6975
f a m i l j a,180242
f a m i l j a ɾ,20796
f a m i l j a ɾ e s,8558
f a m i l j a ɾ i s a d a,579
f a m i l j a ɾ i s a d o,1817
f a m i l j a s,15383
f a m o s a,7311
f a m o s a s,1371
f a m o s o,17154
f a m o s o s,4961
f a n,5050
f a n a t i k a,1088
f a n a t i k o,2981
f a n a t i k o s,2501
f a n f a r o n,911
f a n g o,1242
f a n s,4088
f a n t a s i a,7777
f a n t a s i a s,3315
f a n t a s m a,19223
f a n t a s m a s,10812
f a n t a s t i k a,7347
f a n t a s t i k a s,1193
f a n t a s t i k o,33230
f a n t a s t i k o s,1866
f a ɾ a o n,1757
f a ɾ a o n e s,520
f a ɾ m a s e u t i k a,838
f a ɾ m a s e u t i k o,967
f a ɾ m a s i a,3659
f a ɾ m a k o s,560
f a ɾ o,2744
f a ɾ o l,1776
f a ɾ o s,955
f a ɾ s a,3797
f a ɾ s a n t e,1947
f a s s i n a,991
f a s s i n a s i o n,763
f a s s i n a d o,914
f a s s i n a n t e,7851
f a s s i n a n t e s,958
f a s s i s m o,1026
f a s s i s t a,2126
f a s s i s t a s,1707
f a s e,7447
f a s e s,646
f a s t i d j a,1030
f a s t i d j a d o,1026
f a s t i d j a n d o,878
f a s t i d j a ɾ,1464
f a s t i d j a ɾ l o,474
f a s t i d j a ɾ m e,1644
f a s t i d j a ɾ t e,486
f a s t i d j e s,1144
f a s t i d j o,1698
f a s t i d j o s o,645
f a t,1106
f a t a l,8050
f a t a l e s,503
f a t i g a,1193
f a u n a,567
f a u s t o,1239
f a b e l a,817
f a b o ɾ,595366
f a b o ɾ a b l e,1127
f a b o ɾ e s e,1120
f a b o ɾ e s,3959
f a b o ɾ i t a,10364
f a b o ɾ i t a s,2911
f a b o ɾ i t o,14448
f a b o ɾ i t o s,3813
f a k s,3462
f a s,2128
f b i,28898
f e,28452
f e a,8443
f e a l d a d,613
f e a s,3018
f e b ɾ e ɾ o,4284
f e tʃ a,14127
f e tʃ a s,2893
f e d e ɾ a s i o n,4892
f e d e ɾ a l,12874
f e d e ɾ a l e s,7313
f e e l i n g,513
f e l i s e s,23739
f e l i s i d a d,18722
f e l i s i d a d e s,16582
f e l i s i t a s i o n,458
f e l i s i t a s i o n e s,16228
f e l i s i t a ɾ,873
f e l i s i t a ɾ l a,494
f e l i s i t a ɾ l e,650
f e l i s i t a ɾ l o,1032
f e l i s i t a ɾ m e,620
f e l i s i t a ɾ t e,1997
f e l i s i t o,4436
f e l i p e,1963
f e l i k s,2854
f e l i s,131289
f e l i s m e n t e,2188
f e l p u d o,585
f e m e n i n a,3831
f e m e n i n a s,1024
f e m e n i n o,3763
f e m e n i n o s,887
f e m i n i s t a,685
f e m o ɾ a l,510
f e m u ɾ,585
f e n i k s,1310
f e n o m e n a l,3770
f e n o m e n o,6142
f e n o m e n o s,1954
f e o,13697
f e o s,1755
f e ɾ j a,5519
f e ɾ n a n d o,2127
f e ɾ o s e s,748
f e ɾ o m o n a s,531
f e ɾ o s,2526
f e r a ɾ i,2304
f e r e t e ɾ i a,933
f e r o k a r i l,3641
f e r o k a r i l e s,633
f e r o b j a ɾ j o,755
f e ɾ ɾ i,2319
f e ɾ t i l,955
f e ɾ t i l i d a d,1034
f e ɾ t i l i s a n t e,792
f e ɾ b o ɾ,564
f e s t e x a ɾ,1452
f e s t i n,1339
f e s t i b a l,6098
f e s t i b o,875
f e t a l,482
f e t i tʃ e,551
f e t o,1315
f i,2571
f i a,607
f i a b l e,1221
f i a b l e s,454
f i a m b ɾ e,633
f i a n s a,6501
f i a ɾ,2181
f i a ɾ m e,986
f i a ɾ n o s,498
f i a ɾ s e,719
f i a ɾ t e,806
f i a s,562
f i a s k o,822
f i b ɾ a,2185
f i b ɾ a s,1808
f i k s i o n,4368
f i tʃ a,2628
f i tʃ a d o,554
f i tʃ a s,2978
f i k t i s i o,498
f i d e i k o m i s o,548
f i d e l,966
f i d e l i d a d,1831
f i d e o s,2643
f j e b ɾ e,11940
f j e l,7758
f j e l e s,2464
f j e l m e n t e,601
f j e ɾ a,1298
f j e ɾ a s,458
f j e s t a,95970
f j e s t a s,12447
f i g w ɾ a,7657
f i g w ɾ a b a,468
f i g w ɾ a s,2513
f i g w ɾ a t e,546
f i x a,3009
f i x a s i o n,777
f i x a d o,3759
f i x a m e n t e,2706
f i x a m o s,551
f i x a n,581
f i x a o s,2012
f i x a ɾ,1844
f i x a ɾ m e,990
f i x a ɾ s e,1022
f i x a ɾ t e,842
f i x a s,1292
f i x a s t e,703
f i x a t e,18584
f i x e,1108
f i x e,1280
f i x e n,467
f i x e n s e,2889
f i x e s e,4460
f i x o,3774
f i x o,869
f i x o s,571
f i l a,12524
f i l a s,4348
f i l e t e,3260
f i l e t e s,1295
f i l i p i n a s,986
f i l m,4046
f i l m a,768
f i l m a s i o n,1880
f i l m a d o,897
f i l m a m o s,740
f i l m a n d o,2720
f i l m a ɾ,4258
f i l m a ɾ l o,846
f i l m e,3673
f i l m e s,1432
f i l m o,828
f i l m s,1098
f i l o,1670
f i l o s o f i a,4875
f i l o s o f o,1604
f i l o s o f o s,693
f i l t ɾ a s i o n,888
f i l t ɾ a d o,496
f i l t ɾ a ɾ,459
f i l t ɾ o,2024
f i l t ɾ o,506
f i l t ɾ o s,745
f i n,118276
f i n a,2754
f i n a l,98579
f i n a l e s,6874
f i n a l i d a d,458
f i n a l i s t a s,633
f i n a l i s a d o,714
f i n a l i s a ɾ,1262
f i n a l m e n t e,34253
f i n a n s i a,576
f i n a n s i a s i o n,952
f i n a n s i a m j e n t o,505
f i n a n s i a ɾ,1221
f i n a n s i e ɾ a,2476
f i n a n s i e ɾ a m e n t e,483
f i n a n s i e ɾ a s,853
f i n a n s i e ɾ o,3001
f i n a n s i e ɾ o s,2030
f i n a n s a s,2956
f i n a s,1001
f i n k a,2074
f i n e s,6454
f i n x e,2773
f i n x e n,596
f i n x e s,800
f i n x i,760
f i n x i a,799
f i n x i d o,709
f i n x i e n d o,4952
f i n x i m o s,472
f i n x i o,796
f i n x i ɾ,7897
f i n x i ɾ e,535
f i n x a,601
f i n x a s,958
f i n x o,759
f i n l a n d j a,781
f i n o,3291
f i n o s,1018
f i o,1754
f i ɾ m a,17615
f i ɾ m a d a,1535
f i ɾ m a d o,5269
f i ɾ m a d o s,539
f i ɾ m a l o,869
f i ɾ m a m o s,686
f i ɾ m a n d o,933
f i ɾ m a ɾ,11758
f i ɾ m a ɾ a,488
f i ɾ m a ɾ a,642
f i ɾ m a ɾ e,1535
f i ɾ m a ɾ l o,1326
f i ɾ m a ɾ m e,544
f i ɾ m a ɾ o n,785
f i ɾ m a s,2806
f i ɾ m a s t e,1126
f i ɾ m e,14952
f i ɾ m e,1682
f i ɾ m e m e n t e,1636
f i ɾ m e n,850
f i ɾ m e s,4237
f i ɾ m e s a,1067
f i ɾ m o,1608
f i ɾ m o,3468
f i s k a l,17255
f i s k a l e s,1172
f i s k a l i a,2882
f i s i k a,10044
f i s i k a m e n t e,4054
f i s i k a s,1338
f i s i k o,7563
f i s i k o s,1745
f i s j o l o x i a,516
f i s u ɾ a,774
f l a k a,1144
f l a k o,2766
f l a k u tʃ o,477
f l a m e n k o,502
f l a n,698
f l a n k o,2296
f l a n k o s,612
f l a ʃ,3738
f l a s e s,469
f l a u t a,1851
f l e tʃ a,4278
f l e tʃ a s,2661
f l e k s i b i l i d a d,579
f l e k s i b l e,1781
f l e k s i b l e s,474
f l e k s j o n e s,966
f l i ɾ t e a ɾ,468
f l o x a,1438
f l o x o,1834
f l o x o s,548
f l o ɾ,11699
f l o ɾ a,1773
f l o ɾ e s e,733
f l o ɾ e s e n,567
f l o ɾ e s e ɾ,776
f l o ɾ e s i e n d o,473
f l o ɾ e n s e,1622
f l o ɾ e n s i a,1450
f l o ɾ e ɾ o,505
f l o ɾ e s,28827
f l o ɾ i d a,9784
f l o ɾ i n e s,473
f l o ɾ i s t a,922
f l o t a,15467
f l o t a n,459
f l o t a n d o,3705
f l o t a n t e,1187
f l o t a ɾ,1075
f l o t e,1296
f l u k t w a s i o n e s,547
f l u i d o,1972
f l u i d o s,1756
f l u i ɾ,863
f l u x o,4292
f l u i a,544
f l u i e,1955
f l u i e n d o,744
f o b j a,649
f o k a,1086
f o k a s,771
f o k o,1885
f o k o s,815
f o g a t a,1548
f o g e o,521
f o l k,668
f o j a,728
f o j a d o,854
f o j a m e,975
f o j a n d o,1177
f o j a ɾ,3371
f o j a ɾ m e,1115
f o j a ɾ t e,1039
f o j a s,470
f o j e n,675
f o j e t o,1458
f o j e t o s,1258
f o j o n,791
f o n d o,33088
f o n d o s,9313
f o n d w e,472
f o n t a n e ɾ o,1085
f o o t b a j,1609
f o ɾ a x i d o,550
f o ɾ a x i d o s,609
f o ɾ a s t e ɾ o,2224
f o ɾ a s t e ɾ o s,1058
f o ɾ d,7402
f o ɾ e n s e,7307
f o ɾ e n s e s,2159
f o ɾ e s t a l,590
f o ɾ x a d o,598
f o ɾ x a ɾ,524
f o ɾ m a,155115
f o ɾ m a b a,1004
f o ɾ m a s i o n,5764
f o ɾ m a s i o n e s,452
f o ɾ m a d a,812
f o ɾ m a d o,2231
f o ɾ m a l,3618
f o ɾ m a l e s,573
f o ɾ m a l i d a d,1426
f o ɾ m a l i d a d e s,967
f o ɾ m a l m e n t e,1228
f o ɾ m a m o s,933
f o ɾ m a n,3174
f o ɾ m a n d o,1522
f o ɾ m a ɾ,6982
f o ɾ m a ɾ o n,828
f o ɾ m a ɾ s e,832
f o ɾ m a s,33590
f o ɾ m a t o,766
f o ɾ m e,640
f o ɾ m e n,1962
f o ɾ m e n s e,1392
f o ɾ m i d a b l e,2700
f o ɾ m o,688
f o ɾ m o,1404
f o ɾ m u l a,4328
f o ɾ m u l a ɾ,508
f o ɾ m u l a ɾ j o,2651
f o ɾ m u l a ɾ j o s,1926
f o ɾ o,1468
f o r a d o,626
f o r o,576
f o ɾ t a l e s e,507
f o ɾ t a l e s e ɾ,741
f o ɾ t a l e s a,6282
f o ɾ t u n a,17041
f o ɾ t u n a s,929
f o ɾ t u n e,655
f o ɾ s a d a,1705
f o ɾ s a d o,2857
f o ɾ s a d o s,1567
f o ɾ s a n d o,858
f o ɾ s a ɾ,2211
f o ɾ s a ɾ l a,684
f o ɾ s a ɾ l o,902
f o ɾ s a ɾ m e,596
f o ɾ s a ɾ o n,726
f o ɾ s a ɾ t e,630
f o ɾ s o,1231
f o s a,1623
f o s a s,908
f o s f o ɾ o,1614
f o s f o ɾ o s,1403
f o s i l,613
f o s i l e s,808
f o s o,1526
f o t o,48895
f o t o k o p j a d o ɾ a,547
f o t o k o p j a s,484
f o t o g ɾ a f a,674
f o t o g ɾ a f i a,10110
f o t o g ɾ a f i a ɾ,1066
f o t o g ɾ a f i a s,6961
f o t o g ɾ a f i k a,816
f o t o g ɾ a f o,4254
f o t o g ɾ a f o s,1050
f o t o s,43000
f o k s t ɾ o t,603
f ɾ a k a s a,698
f ɾ a k a s a d a,621
f ɾ a k a s a d o,5227
f ɾ a k a s a d o s,1103
f ɾ a k a s a ɾ,1411
f ɾ a k a s a ɾ o n,516
f ɾ a k a s e,597
f ɾ a k a s o,7438
f ɾ a k a s o,1286
f ɾ a k a s o s,971
f ɾ a k s i o n,934
f ɾ a k t u ɾ a,2775
f ɾ a k t u ɾ a d o,476
f ɾ a k t u ɾ a s,1346
f ɾ a g a n s i a,805
f ɾ a g a t a,452
f ɾ a x i l,3667
f ɾ a x i l e s,885
f ɾ a g m e n t o,2249
f ɾ a g m e n t o s,2782
f ɾ a i l e,777
f ɾ a m b w e s a,774
f ɾ a n,2184
f ɾ a n k a,1273
f ɾ a n k a m e n t e,8307
f ɾ a n s e s,18492
f ɾ a n s e s a,7480
f ɾ a n s e s a s,1700
f ɾ a n s e s e s,8900
f ɾ a n s i a,21463
f ɾ a n s i s,7012
f ɾ a n s i s k o,12085
f ɾ a n k o,5333
f ɾ a n k o s,7208
f ɾ a n k o t i ɾ a d o ɾ,2991
f ɾ a n k o t i ɾ a d o ɾ e s,1784
f ɾ a n e l a,535
f ɾ a n x a,700
f ɾ a n x a s,498
f ɾ a n k e s a,1592
f ɾ a n k i s i a,706
f ɾ a s k o,3216
f ɾ a s k o s,929
f ɾ a s e,9223
f ɾ a s e s,3043
f ɾ a t e ɾ n a l,478
f ɾ a t e ɾ n i d a d,3477
f ɾ a t e ɾ n i d a d e s,490
f ɾ a u d e,6481
f ɾ a u d e s,554
f ɾ e k w e n s i a,9023
f ɾ e k w e n s i a s,1812
f ɾ e k w e n t e,1356
f ɾ e k w e n t e m e n t e,1240
f ɾ e k w e n t e s,811
f ɾ e g a d e ɾ o,1349
f ɾ e g a d o,455
f ɾ e g a ɾ,950
f ɾ e g o n a,454
f ɾ e i ɾ,976
f ɾ e n a,1733
f ɾ e n a ɾ,1303
f ɾ e n tʃ,1071
f ɾ e n e s i,567
f ɾ e n o,3028
f ɾ e n o s,3397
f ɾ e n t e,65780
f ɾ e n t e s,849
f ɾ e s a,1805
f ɾ e s a s,2467
f ɾ e s k a,6439
f ɾ e s k a s,1915
f ɾ e s k o,11539
f ɾ e s k o s,2024
f ɾ e s k u ɾ a,462
f ɾ e s n o,916
f ɾ i a,15931
f ɾ j a l d a d,571
f ɾ i a s,2485
f ɾ i k s i o n,658
f ɾ j e n d s,870
f ɾ i g o ɾ i f i k o,1076
f ɾ i x o l e s,2681
f ɾ i o,782
f ɾ i o,39598
f ɾ i o s,1787
f ɾ i t a,808
f ɾ i t a s,4690
f ɾ i t o,3792
f ɾ i t o s,1933
f ɾ o n t a l,2057
f ɾ o n t e ɾ a,14179
f ɾ o n t e ɾ a s,3202
f ɾ o n t e ɾ i s a,588
f ɾ o t a,457
f ɾ o t a ɾ,469
f ɾ u s t ɾ a s i o n,1408
f ɾ u s t ɾ a d a,702
f ɾ u s t ɾ a d o,1679
f ɾ u s t ɾ a n t e,1656
f ɾ u t a,6480
f ɾ u t a s,3513
f ɾ u t o,2695
f ɾ u t o s,2296
f w e,802558
f w e g o,83708
f w e g o s,4966
f w e n t e,19968
f w e n t e s,6300
f w e ɾ a,321684
f w e ɾ a m o s,5042
f w e ɾ a n,13996
f w e ɾ a s,19065
f w e ɾ o n,89003
f w e ɾ t e,98371
f w e ɾ t e m e n t e,1869
f w e ɾ t e s,16374
f w e ɾ s a,61306
f w e ɾ s a s,25479
f w e s e,19013
f w e s e m o s,935
f w e s e n,1798
f w e s e s,1901
f u g a,6836
f u g a d o,1022
f u g a ɾ m e,455
f u g a ɾ s e,1337
f u g a s,706
f u g a s,1148
f u x i t i b a,798
f u x i t i b o,3383
f u x i t i b o s,1826
f u g o,763
f u ɾ e ɾ,6736
f w i,104925
f w i m o s,26848
f w i s t e,52507
f w i s t e i s,1032
f u l a n a,1108
f u l a n o,1130
f u m a,3984
f u m a b a,1112
f u m a d o,1416
f u m a d o ɾ,911
f u m a d o ɾ e s,972
f u m a m o s,551
f u m a n,830
f u m a n d o,4686
f u m a ɾ,15489
f u m a ɾ m e,589
f u m a s,2817
f u m e,961
f u m e,620
f u m e s,801
f u m o,3996
f u n s i o n,8822
f u n s i o n a,53348
f u n s i o n a b a,2430
f u n s i o n a b a n,550
f u n s i o n a d o,3875
f u n s i o n a l,894
f u n s i o n a m j e n t o,2398
f u n s i o n a n,8533
f u n s i o n a n d o,10666
f u n s i o n a ɾ,17095
f u n s i o n a ɾ a,2052
f u n s i o n a ɾ a,8584
f u n s i o n a ɾ i a,2234
f u n s i o n a ɾ j o,2281
f u n s i o n a ɾ j o s,2140
f u n s i o n a ɾ o n,650
f u n s i o n e,9300
f u n s i o n e n,902
f u n s i o n e s,3753
f u n s i o n o,1149
f u n s i o n o,12727
f u n d a,1398
f u n d a s i o n,3791
f u n d a d a,594
f u n d a d o,609
f u n d a d o ɾ,1402
f u n d a d o ɾ e s,1184
f u n d a m e n t a l,2597
f u n d a m e n t a l e s,781
f u n d a m e n t a l m e n t e,566
f u n d a m e n t o,874
f u n d a m e n t o s,606
f u n d a ɾ,559
f u n d a s,456
f u n d i s i o n,607
f u n d i d o,1311
f u n d o,1014
f u n e b ɾ e,1073
f u n e ɾ a l,15625
f u n e ɾ a l e s,1427
f u n e ɾ a ɾ j a,2179
f u n k,711
f u n k i,531
f u ɾ g o n,966
f u ɾ g o n e t a,4881
f u ɾ j a,4875
f u ɾ j o s a,3464
f u ɾ j o s o,6466
f u ɾ j o s o s,1307
f u s e l a x e,452
f u s i b l e,796
f u s i b l e s,857
f u s i l,1888
f u s i l a d o,467
f u s i l a m j e n t o,609
f u s i l e s,758
f u s j o n,3755
f u t b o l,16839
f u t b o l i s t a,661
f u t u ɾ a,3422
f u t u ɾ a s,1679
f u t u ɾ o,61594
f u t u ɾ o s,2182
g a b a ɾ d i n a,757
g a b i n e t e,2621
g a b ɾ j e l,5597
g a s e l a,534
g a tʃ a s,487
g a f a s,8721
g a x e,603
g a l a,2097
g a l a k t i k a,1788
g a l a k t i k o,481
g a l a n,1516
g a l a n t e,786
g a l a k s j a,5986
g a l a k s j a s,1862
g a l e ɾ i a,5034
g a l e ɾ i a s,647
g a l e s,1279
g a l i l e a,504
g a j a ɾ d o,457
g a j e t a,4039
g a j e t a s,9912
g a j e t i t a,567
g a j e t i t a s,1314
g a j i n a,7739
g a j i n a s,3624
g a j i n e ɾ o,940
g a j o,3220
g a j o s,740
g a l o,544
g a l o n,614
g a l o n e s,1409
g a l o p e,661
g a m a,1030
g a m b a s,988
g a m b e r o,734
g a m b e r o s,577
g a m m a,1807
g a n a,22699
g a n a b a,2191
g a n a d a,553
g a n a d o,27546
g a n a d o ɾ,10928
g a n a d o ɾ a,2298
g a n a d o ɾ e s,2618
g a n a m o s,8477
g a n a n,5651
g a n a n s i a,2392
g a n a n s i a s,6066
g a n a n d o,6959
g a n a ɾ,51407
g a n a ɾ a,1015
g a n a ɾ a,3566
g a n a ɾ a n,862
g a n a ɾ a s,1942
g a n a ɾ e,2369
g a n a ɾ e m o s,2498
g a n a ɾ i a,1887
g a n a ɾ i a s,501
g a n a ɾ l a,772
g a n a ɾ l e,4172
g a n a ɾ l e s,1034
g a n a ɾ l o,1260
g a n a ɾ m e,5186
g a n a ɾ n o s,1090
g a n a ɾ o n,2752
g a n a ɾ s e,5784
g a n a ɾ t e,3948
g a n a ɾ t e l o,597
g a n a s,32882
g a n a s t e,6116
g a n tʃ o,3619
g a n tʃ o s,974
g a n e,5834
g a n e,9761
g a n e m o s,1213
g a n e n,981
g a n e s,1526
g a n g a,1497
g a n g ɾ e n a,511
g a n g s t e ɾ,1402
g a n g s t e ɾ s,777
g a n o,8906
g a n o,12249
g a n s o,2218
g a n s o s,1047
g a ɾ a b a t o s,572
g a ɾ a x e,1719
g a ɾ a x e,8498
g a ɾ a n t i a,4284
g a ɾ a n t i a s,1623
g a ɾ a n t i s a,1614
g a ɾ a n t i s a d a,586
g a ɾ a n t i s a d o,1517
g a ɾ a n t i s a ɾ,2786
g a ɾ a n t i s a ɾ l e,542
g a ɾ a n t i s o,5045
g a ɾ f j o,995
g a ɾ g a n t a,11555
g a ɾ g a n t a s,585
g a ɾ i t o,517
g a r a,1432
g a r a s,3640
g a r o t e,499
g a ɾ s a,924
g a s,18036
g a s a,695
g a s e o s a,1388
g a s e s,2898
g a s o l i n a,12027
g a s o l i n e ɾ a,2802
g a s t a,1889
g a s t a d o,3841
g a s t a m o s,1269
g a s t a n,1041
g a s t a n d o,1716
g a s t a ɾ,5884
g a s t a ɾ l o,1630
g a s t a ɾ s e,468
g a s t a s,926
g a s t a s t e,844
g a s t e,700
g a s t e,1715
g a s t e s,855
g a s t o,2235
g a s t o,1424
g a s t o n,561
g a s t o s,8622
g a t a,2089
g a t e s,3350
g a t i j o,7450
g a t i t a,2146
g a t i t o,5413
g a t i t o s,1419
g a t o,25430
g a t o s,8866
g a b e t a,485
g a b j o t a,749
g a b j o t a s,912
g a i,24399
g a i s,4692
g a s a,477
x e i s a,967
x e l,983
x e l a t i n a,2308
x e m a,691
x e m a s,509
x e m e l a,2472
x e m e l a s,3047
x e m e l o,1807
x e m e l o s,4758
x e m i n i s,638
x e n,2010
x e n e ɾ a,1348
x e n e ɾ a s i o n,7630
x e n e ɾ a s i o n e s,4665
x e n e ɾ a d o,537
x e n e ɾ a d o ɾ,4785
x e n e ɾ a d o ɾ e s,1356
x e n e ɾ a l,76708
x e n e ɾ a l e s,3908
x e n e ɾ a l m e n t e,6225
x e n e ɾ a n,457
x e n e ɾ a n d o,457
x e n e ɾ a ɾ,1646
x e n e ɾ o,2460
x e n e ɾ o s a,3314
x e n e ɾ o s a m e n t e,713
x e n e ɾ o s i d a d,2877
x e n e ɾ o s o,6782
x e n e ɾ o s o s,948
x e n e s,2770
x e n e s i s,1503
x e n e t i k a,3610
x e n e t i k a m e n t e,1364
x e n e t i k a s,512
x e n e t i k o,2270
x e n e t i k o s,627
x e n j a l,130637
x e n j a l e s,5081
x e n j a l i d a d,739
x e n j o,19306
x e n j o s,1823
x e n i t a l e s,1412
x e n o s i d j o,1161
x e n o b a,612
x e n t e,398764
x e n t e s,1565
x e n t i l,4570
x e n t i l e s,670
x e n t i l e s a,1236
x e n t i l m e n t e,645
x e n t i o,455
x e n t u s a,695
x e n w i n a,766
x e n w i n o,1169
x e o g ɾ a f i a,1170
x e o l o x i a,525
x e o m e t ɾ i a,733
x e ɾ e n s i a,987
x e ɾ e n t e,7703
x e ɾ m e n e s,1563
x e s t a p o,2332
x e s t j o n,868
x e s t o,5885
x e s t o s,1638
x i b ɾ a l t a ɾ,575
x i g a n t e,11729
x i g a n t e s,4250
x i g a n t e s k a,1107
x i g a n t e s k o,1308
x i l i p o j a s,9286
x i l i p o j e s e s,1427
x i l i p o j e s,728
x i m n a s j a,2638
x i m n a s j o,8170
x i n,1670
x i n e b ɾ a,4285
x i n e k o l o g o,939
x i ɾ a,14201
x i ɾ a b a,501
x i ɾ a d o,508
x i ɾ a l o,589
x i ɾ a n,865
x i ɾ a n d o,2805
x i ɾ a ɾ,4969
x i ɾ a s,1267
x i ɾ a t e,949
x i ɾ e,2169
x i ɾ e,478
x i ɾ e n,758
x i ɾ o,5963
x i ɾ o,787
x i ɾ o s,786
x i t a n a,1148
x i t a n o,1648
x i t a n o s,2009
g l a s i a ɾ,858
g l a d j a d o ɾ,1150
g l a d j a d o ɾ e s,1195
g l a m o u ɾ,855
g l a n d u l a,663
g l a n d u l a s,747
g l o b a l,5819
g l o b a l e s,486
g l o b o,5271
g l o b o s,2938
g l o b u l o s,883
g l o ɾ j a,18457
g l o ɾ j o s a,1713
g l o ɾ j o s o,2702
g l o ɾ j o s o s,498
g l u k o s a,538
g n o m o,888
g n o m o s,591
g o b e ɾ n a d o,554
g o b e ɾ n a d o ɾ,13023
g o b e ɾ n a d o ɾ a,516
g o b e ɾ n a n t e,700
g o b e ɾ n a n t e s,484
g o b e ɾ n a ɾ,2813
g o b j e ɾ n a,966
g o b j e ɾ n a n,460
g o b j e ɾ n o,48458
g o b j e ɾ n o s,2226
g o f ɾ e s,477
g o l,3044
g o l e s,649
g o l f,9950
g o l f a,576
g o l f i s t a,499
g o l f o,2976
g o l o n d ɾ i n a,466
g o l o s i n a s,1230
g o l p e,29278
g o l p e a,5681
g o l p e a b a,1194
g o l p e a b a n,455
g o l p e a d a,1289
g o l p e a d o,6439
g o l p e a d o s,566
g o l p e a l a,496
g o l p e a l o,1867
g o l p e a m e,2498
g o l p e a m o s,744
g o l p e a n,1372
g o l p e a n d o,3232
g o l p e a ɾ,8554
g o l p e a ɾ a,587
g o l p e a ɾ a,557
g o l p e a ɾ e,1250
g o l p e a ɾ l a,1092
g o l p e a ɾ l e,792
g o l p e a ɾ l o,2561
g o l p e a ɾ l o s,704
g o l p e a ɾ m e,4065
g o l p e a ɾ o n,2823
g o l p e a ɾ s e,498
g o l p e a ɾ t e,2631
g o l p e a s,1560
g o l p e a s t e,2524
g o l p e e,2091
g o l p e e,2569
g o l p e e n,925
g o l p e e s,886
g o l p e o,1972
g o l p e o,9249
g o l p e s,10895
g o l p i s a,717
g o m a,5108
g o m a s,469
g o m o r a,455
g o n o r e a,832
g o n s a l o,603
g o o g l e,1470
g o ɾ d a,9016
g o ɾ d a s,1464
g o ɾ d i n f l o n,778
g o ɾ d i t a,637
g o ɾ d i t o,1659
g o ɾ d o,21017
g o ɾ d o s,3505
g o ɾ e,1243
g o ɾ i l a,2441
g o ɾ i l a s,1377
g o r a,4257
g o r a s,577
g o r j o n,833
g o r o,2338
g o t a,6274
g o t a s,3146
g o t e a,529
g o t e a n d o,654
g o t e o,650
g o t e ɾ a,464
g o t i k a,2019
g o t i k o,454
g o u ɾ m e t,510
g o s a,648
g o s a ɾ,1106
g o s o,1001
g ɾ a b a,1253
g ɾ a b a s i o n,7026
g ɾ a b a s i o n e s,2135
g ɾ a b a d a,1196
g ɾ a b a d a s,596
g ɾ a b a d o,4397
g ɾ a b a d o ɾ,453
g ɾ a b a d o ɾ a,1842
g ɾ a b a d o s,896
g ɾ a b a m o s,891
g ɾ a b a n d o,3429
g ɾ a b a ɾ,5015
g ɾ a b a ɾ l o,972
g ɾ a b a ɾ o n,545
g ɾ a b a s t e,579
g ɾ a b e,495
g ɾ a b e,991
g ɾ a b o,462
g ɾ a b o,1739
g ɾ a s i a,19874
g ɾ a s i a s,857794
g ɾ a s i o s a,6271
g ɾ a s i o s a s,963
g ɾ a s i o s o,46800
g ɾ a s i o s o s,1573
g ɾ a d a s,727
g ɾ a d o,12540
g ɾ a d o s,12146
g ɾ a d w a s i o n,6374
g ɾ a d u a d o,1797
g ɾ a d u a d o s,755
g ɾ a d w a l m e n t e,1005
g ɾ a d w a ɾ m e,1443
g ɾ a d w a ɾ s e,1250
g ɾ a d w a ɾ t e,844
g ɾ a d u e,1059
g ɾ a d u o,1170
g ɾ a f f i t i,536
g ɾ a f i k a,777
g ɾ a f i k o,1331
g ɾ a f i k o s,835
g ɾ a m a t i k a,675
g ɾ a m o,934
g ɾ a m o s,2699
g ɾ a n,273843
g ɾ a n a d a,3928
g ɾ a n a d a s,2777
g ɾ a n d e,117257
g ɾ a n d e s,71297
g ɾ a n d e s a,3274
g ɾ a n d j o s a,2792
g ɾ a n d j o s a s,613
g ɾ a n d j o s o,19994
g ɾ a n d j o s o s,814
g ɾ a n d i s i m o,562
g ɾ a n d o t e,2818
g ɾ a n d u j o n,1243
g ɾ a n d u l o n,1120
g ɾ a n e ɾ o,4044
g ɾ a n i t o,862
g ɾ a n i s o,538
g ɾ a n x a,15590
g ɾ a n x a s,1928
g ɾ a n x e ɾ o,4780
g ɾ a n x e ɾ o s,2805
g ɾ a n o,9416
g ɾ a n o s,2387
g ɾ a n u x a,1337
g ɾ a n u x a s,557
g ɾ a s a,5721
g ɾ a s a s,572
g ɾ a s j e n t o,565
g ɾ a t a,740
g ɾ a t i f i k a n t e,826
g ɾ a t i s,19602
g ɾ a t i t u d,4071
g ɾ a t o,472
g ɾ a t w i t a,1153
g ɾ a t w i t o,805
g ɾ a b a,572
g ɾ a b e,21770
g ɾ a b e d a d,6739
g ɾ a b e m e n t e,1938
g ɾ a b e s,6001
g ɾ a b i t a s i o n a l,602
g ɾ e s i a,3579
g ɾ e m j o,1099
g ɾ j a l,2186
g ɾ j e g a,1800
g ɾ j e g a s,460
g ɾ j e g o,4959
g ɾ j e g o s,3249
g ɾ j e t a,2042
g ɾ j e t a s,1214
g ɾ i f o,1618
g ɾ i j,498
g ɾ i j e t e s,710
g ɾ i j o,934
g ɾ i j o s,584
g ɾ i m e s,1433
g ɾ i n g o,1043
g ɾ i p e,3793
g ɾ i s,7992
g ɾ i s e s,1519
g ɾ i t a,5311
g ɾ i t a b a,2334
g ɾ i t a b a n,744
g ɾ i t a d o,1362
g ɾ i t a n,1557
g ɾ i t a n d o,8766
g ɾ i t a n d o l e,504
g ɾ i t a n d o m e,534
g ɾ i t a ɾ,12240
g ɾ i t a ɾ e,860
g ɾ i t a ɾ l e,1653
g ɾ i t a ɾ m e,1802
g ɾ i t a ɾ t e,662
g ɾ i t a s,2009
g ɾ i t a s t e,665
g ɾ i t e,1949
g ɾ i t e,1468
g ɾ i t e n,883
g ɾ i t e s,3485
g ɾ i t o,5593
g ɾ i t o,2609
g ɾ i t o s,7957
g ɾ o s e ɾ a,1872
g ɾ o s e ɾ i a,623
g ɾ o s e ɾ i a s,577
g ɾ o s e ɾ o,5616
g ɾ o s e ɾ o s,458
g ɾ o s o ɾ,527
g ɾ o t e s k o,879
g ɾ u a,2382
g ɾ w e s a,1100
g ɾ w e s a s,602
g ɾ w e s o,1604
g ɾ w e s o s,554
g ɾ u j a,492
g ɾ u ɲ o n,1558
g ɾ u ɲ o n a,524
g ɾ u p o,58019
g ɾ u p o s,8635
g ɾ u t a,487
g w a n t a n a m o,793
g w a n t e,3547
g w a n t e ɾ a,1208
g w a n t e s,7199
g w a p a,18162
g w a p a s,2164
g w a p i s i m a,1229
g w a p i s i m o,828
g w a p o,18289
g w a p o s,1909
g w a ɾ d a,13735
g w a ɾ d a b a,1862
g w a ɾ d a b o s k e s,670
g w a ɾ d a k o s t a s,865
g w a ɾ d a d a,653
g w a ɾ d a d o,3763
g w a ɾ d a d o s,590
g w a ɾ d a e s p a l d a s,4931
g w a ɾ d a l a,1469
g w a ɾ d a l o,2871
g w a ɾ d a m e,1038
g w a ɾ d a m o s,1476
g w a ɾ d a n,2178
g w a ɾ d a n d o,2381
g w a ɾ d a ɾ,10629
g w a ɾ d a ɾ e,2017
g w a ɾ d a ɾ l a,824
g w a ɾ d a ɾ l a s,556
g w a ɾ d a ɾ l o,2595
g w a ɾ d a ɾ l o s,616
g w a ɾ d a ɾ m e,724
g w a ɾ d a r o p a,960
g w a ɾ d a ɾ s e,652
g w a ɾ d a ɾ t e,634
g w a ɾ d a s,3462
g w a ɾ d a s t e,735
g w a ɾ d a t e,2052
g w a ɾ d a t e l o,1517
g w a ɾ d e,3333
g w a ɾ d e,1893
g w a ɾ d e l o,552
g w a ɾ d e n,1629
g w a ɾ d e ɾ i a,2355
g w a ɾ d e s,1041
g w a ɾ d e s e,601
g w a ɾ d j a,31695
g w a ɾ d j a n,4790
g w a ɾ d j a n e s,2555
g w a ɾ d j a s,15500
g w a ɾ d o,4084
g w a ɾ d o,1303
g w a ɾ i d a,2439
g w a ɾ n i s i o n,1304
g w a r a,915
g w a s o n,1198
g w a t e m a l a,840
g w a u,10339
g w a i,5339
g w b e ɾ n a m e n t a l,1022
g w b e ɾ n a m e n t a l e s,734
g e r a,129295
g e r a s,5614
g e r e ɾ a,1532
g e r e ɾ o,9910
g e r e ɾ o s,6956
g e r i j a,888
g e r i j a s,496
g e r i j e ɾ o s,736
g e t o,1210
g i a,12148
g i a d a,557
g i a d o,1070
g i a m e,574
g i a n d o,658
g i a n o s,628
g i a ɾ,1930
g i a ɾ a,1332
g i a ɾ e,588
g i a ɾ l o s,817
g i a ɾ m e,614
g i a ɾ n o s,1288
g i a ɾ t e,750
g i a s,1059
g i d o,2467
g i e,1148
g i j e ɾ m o,1091
g i j o t i n a,916
g i n e a,986
g i n e a s,1132
g i n n e s s,469
g i ɲ o,535
g i o,1130
g i o n,10161
g i o n e s,1351
g i o n i s t a,1043
g i o n i s t a s,486
g i s a d o,577
g i s a n t e s,1283
g i s o,881
g i t a,504
g i t a r a,7578
g i t a r a s,767
g i t a r i s t a,1077
g w ɾ u,1062
g w s a n i t o,519
g w s a n o,6609
g w s a n o s,4772
g w s t a,264123
g w s t a b a,21758
g w s t a b a n,3963
g w s t a b a s,989
g w s t a d o,11111
g w s t a m o s,707
g w s t a n,53166
g w s t a n d o,1076
g w s t a ɾ,8047
g w s t a ɾ a,2431
g w s t a ɾ a,8247
g w s t a ɾ a n,554
g w s t a ɾ i a,124791
g w s t a ɾ i a n,679
g w s t a ɾ l e,3633
g w s t a ɾ l e s,709
g w s t a ɾ m e,3515
g w s t a ɾ o n,1968
g w s t a ɾ t e,2704
g w s t a s,14647
g w s t a s t e,697
g w s t a b o,480
g w s t e,16638
g w s t e,492
g w s t e n,2477
g w s t e s,1507
g w s t o,65962
g w s t o,20166
g w s t o s,2319
a,1123818
a b a n a,1536
a b e i s,27913
a b e ɾ,231494
a b e ɾ l a,16003
a b e ɾ l a s,2016
a b e ɾ l e,20376
a b e ɾ l e s,3166
a b e ɾ l o,54078
a b e ɾ l o s,5699
a b e ɾ m e,35531
a b e ɾ m e l o,5061
a b e ɾ n o s,7422
a b e ɾ o s,1460
a b e ɾ s e,19213
a b e ɾ s e l a,687
a b e ɾ s e l o,3498
a b e ɾ t e,46536
a b e ɾ t e l o,4982
a b i a,302974
a b i a i s,905
a b i a m o s,14102
a b i a n,33337
a b i a s,27390
a b i d o,18974
a b j e n d o,3289
a b i l,3057
a b i l e s,583
a b i l i d a d,11472
a b i l i d a d e s,10162
a b i t a,668
a b i t a b l e,465
a b i t a s i o n,79905
a b i t a s i o n e s,10000
a b i t a n,456
a b i t a n t e s,4177
a b i t a t,958
a b i t o,3558
a b i t o s,2480
a b i t w a l,5224
a b i t w a l e s,1482
a b i t w a l m e n t e,1027
a b l a,117466
a b l a b a,17454
a b l a b a m o s,3688
a b l a b a n,3020
a b l a b a s,4075
a b l a d,880
a b l a d o,32973
a b l a d o ɾ,873
a b l a d u ɾ i a s,698
a b l a i s,1192
a b l a l e,3193
a b l a l e s,541
a b l a m e,17242
a b l a m o s,35688
a b l a n,17845
a b l a n d o,141310
a b l a n d o l e,1292
a b l a n d o m e,1173
a b l a n d o t e,798
a b l a n o s,1433
a b l a ɾ,346896
a b l a ɾ a,3414
a b l a ɾ a,5254
a b l a ɾ a m o s,693
a b l a ɾ a n,557
a b l a ɾ a n,1149
a b l a ɾ a s,1638
a b l a ɾ a s,1825
a b l a ɾ e,15342
a b l a ɾ e m o s,15257
a b l a ɾ i a,1930
a b l a ɾ i a m o s,507
a b l a ɾ l e,24138
a b l a ɾ l e s,4384
a b l a ɾ l o,5759
a b l a ɾ m e,14496
a b l a ɾ n o s,2775
a b l a ɾ o n,3857
a b l a ɾ o s,844
a b l a ɾ s e,520
a b l a ɾ t e,23364
a b l a s,60762
a b l a s e,516
a b l a s t e,9973
a b l e,25510
a b l e,21150
a b l e i s,494
a b l e l e,624
a b l e m e,3819
a b l e m o s,17936
a b l e n,5183
a b l e n m e,528
a b l e n o s,799
a b l e s,19719
a b l o,44128
a b l o,20628
a b ɾ a,74293
a b ɾ a n,8274
a b ɾ a s,6303
a b ɾ e,4135
a b ɾ e i s,571
a b ɾ e m o s,2178
a b ɾ i a,77304
a b ɾ i a m o s,4675
a b ɾ i a n,8149
a b ɾ i a s,8773
a s e,552505
a s e d,2659
a s e d l e,620
a s e d l o,1759
a s e d m e,591
a s e d o ɾ,453
a s e i s,5873
a s e m o s,70297
a s e n,92958
a s e ɾ,828499
a s e ɾ l a,14297
a s e ɾ l a s,3997
a s e ɾ l e,56560
a s e ɾ l e s,9239
a s e ɾ l o,439372
a s e ɾ l o s,6835
a s e ɾ m e,52766
a s e ɾ m e l o,1514
a s e ɾ n o s,13147
a s e ɾ o s,1910
a s e ɾ s e,26903
a s e ɾ s e l o,2297
a s e ɾ t e,61716
a s e ɾ t e l o,1276
a s e s,199430
a tʃ a,4815
a tʃ a s,592
a tʃ i s,849
a s i a,145597
a s i a,46884
a s i a m o s,4673
a s i a n,515
a s i a n,9022
a s i a s,8609
a s i e n d a,3320
a s i e n d o,270725
a s i e n d o l a,717
a s i e n d o l e,2856
a s i e n d o l e s,535
a s i e n d o l o,11606
a s i e n d o l o s,482
a s i e n d o m e,3277
a s i e n d o n o s,1099
a s i e n d o s e,3197
a s i e n d o t e,2413
a k k e a ɾ,475
a k k e ɾ,1345
a k k e ɾ s,654
a d a,3904
a d a s,5543
a d e s,1426
a g a,98363
a g a i s,2226
a g a l a,960
a g a l e,1573
a g a l o,12961
a g a l o s,477
a g a m e,4271
a g a m e l o,992
a g a m o s,23704
a g a m o s l e,483
a g a m o s l o,22853
a g a n,33047
a g a n l e,921
a g a n l o,6544
a g a n m e,1376
a g a n s e,1566
a g a s,91836
a g a s e,3414
a g o,114348
a i t i,777
a l a,1104
a l a g a,1010
a l a g a d a,776
a l a g a d o,1162
a l a g a d o ɾ,899
a l a g o,655
a l a g o s,596
a l k o n,3372
a l k o n e s,651
a l e,1799
a j,5451
a j a,2695
a j a d a,612
a j a d o,3166
a j a m o s,3839
a j a n,791
a j a ɾ,9283
a j a ɾ a,657
a j a ɾ a n,573
a j a ɾ a s,759
a j a ɾ e,633
a j a ɾ e m o s,1016
a j a ɾ l a,948
a j a ɾ l o,1680
a j a ɾ l o s,568
a j a ɾ o n,3296
a j a s,550
a j a s t e,1339
a j a s g o,1170
a j a s g o s,548
a j e,917
a j e,3012
a j e m o s,508
a j e n,486
a j o,1119
a j o,2591
a j o w e e n,4343
a l o,1004
a m a k a,693
a m b ɾ e,51558
a m b ɾ j e n t a,2045
a m b ɾ j e n t o,4996
a m b ɾ j e n t o s,2702
a m b ɾ u n a,717
a m b u ɾ g o,1370
a m b u ɾ g e s a,5690
a m b u ɾ g e s a s,4382
a m s t e ɾ,732
a n,336806
a n g a ɾ,2323
a ɾ a,67955
a ɾ a n,21305
a ɾ a p o s,553
a ɾ a s,38832
a ɾ e,130654
a ɾ e i s,1005
a ɾ e m o s,53994
a ɾ e n,586
a ɾ i a,64815
a ɾ i a m o s,3605
a ɾ i a n,6458
a ɾ i a s,18655
a ɾ i n a,2429
a ɾ t a,6544
a ɾ t a n d o,519
a ɾ t e,1930
a ɾ t o,11930
a ɾ t o s,963
a s,505945
a s t a,475448
a w a i,2654
a i,1141141
a i a,116329
a i a i s,1358
a i a m o s,8135
a i a n,19538
a i a s,31073
a s,61626
a s a ɲ a,1068
a s a ɲ a s,864
a s l a,2831
a s l a s,491
a s l e,6634
a s l e s,1018
a s l o,92579
a s l o s,1472
a s m e,27725
a s m e l o,3459
a s m e r e i ɾ,729
a s n o s,2004
a s t e,9324
e,856434
e a b i,1007
e b i j a,586
e b ɾ e o,1262
e s e s,890
e tʃ a,12643
e tʃ a s,4928
e tʃ i s e ɾ a,1073
e tʃ i s e ɾ o,1756
e tʃ i s e ɾ o s,471
e tʃ i s a d o,635
e tʃ i s o,5806
e tʃ i s o s,1617
e tʃ o,398318
e tʃ o s,22215
e k t a ɾ e a s,1081
e k t o ɾ,3487
e d o ɾ,1490
e l a d a,2850
e l a d a s,748
e l a d e ɾ a,934
e l a d o,16167
e l a d o s,2962
e l a n d o,709
e l i s e,814
e l i k o p t e ɾ o,12358
e l i k o p t e ɾ o s,3305
e l j o,792
e m a t o m a,798
e m b ɾ a,4073
e m b ɾ a s,1872
e m i s f e ɾ j o,1096
e m o r a x i a,4928
e m o r a x i a s,567
e m o r o i d e s,559
e m o s,203510
e n o,1456
e p a t i k a,552
e p a t i t i s,1105
e ɾ a l d o,542
e ɾ k u l e s,1992
e ɾ e d a d o,1016
e ɾ e d a ɾ,842
e ɾ e d e,849
e ɾ e d e ɾ a,1274
e ɾ e d e ɾ o,5607
e ɾ e d e ɾ o s,741
e ɾ e d o,1020
e ɾ e x e,735
e ɾ e x e s,562
e ɾ e x i a,707
e ɾ e n s i a,4422
e ɾ i,855
e ɾ i d a,19793
e ɾ i d a s,11995
e ɾ i d o,26373
e ɾ i d o s,8987
e ɾ i ɾ,4183
e ɾ i ɾ l a,718
e ɾ i ɾ l o,756
e ɾ i ɾ m e,1532
e ɾ i ɾ t e,2904
e ɾ i s t e,768
e ɾ m a n a,95158
e ɾ m a n a s,12841
e ɾ m a n a s t ɾ a,474
e ɾ m a n a s t ɾ o,683
e ɾ m a n d a d,4164
e ɾ m a n i t a,3843
e ɾ m a n i t o,4279
e ɾ m a n o,170775
e ɾ m a n o s,33569
e ɾ m o s a,49442
e ɾ m o s a s,7296
e ɾ m o s o,39470
e ɾ m o s o s,5247
e ɾ m o s u ɾ a,1262
e ɾ n j a,710
e ɾ o e,27904
e ɾ o e s,8596
e ɾ o i k a,683
e ɾ o i k o,1527
e ɾ o i n a,8022
e ɾ o i s m o,861
e ɾ p e s,1199
e r a d u ɾ a,586
e r a m j e n t a,2955
e r a m j e n t a s,7871
e r e ɾ o,1856
e ɾ b i ɾ,1096
e t e ɾ o,1249
e t e ɾ o s e k s w a l,1528
e t e ɾ o s e k s w a l e s,739
e i,130767
i b e ɾ n a s i o n,542
i b ɾ i d o,1334
i b ɾ i d o s,611
i s e,151056
i s i e ɾ a,19740
i s i e ɾ a m o s,1857
i s i e ɾ a n,3504
i s i e ɾ a s,7057
i s i e ɾ o n,46627
i s i e s e,1916
i s i m o s,37974
i s i s t e,112017
i s i s t e i s,1315
i d ɾ o x e n o,1741
j e d ɾ a,661
j e l o,26442
j e n a,570
j e n a s,552
j e ɾ b a,11875
j e ɾ b a s,2724
j e ɾ e,966
j e ɾ e n,607
j e r o,9173
j e ɾ b e,771
i g a d o,7326
i x i e n e,1547
i x i e n i k o,1808
i g o s,545
i x a,125908
i x a s,10363
i x a s t ɾ a,549
i x a s t ɾ o,498
i x i t a,1859
i x i t o,1616
i x o,311843
i x o s,96864
i l a ɾ a n t e,454
i l e ɾ a,566
i l o,4800
i l o s,1851
j m n o,2034
j m n o s,629
j n tʃ a,580
j n tʃ a d a,1020
j n tʃ a d o,1014
j n tʃ a d o s,533
j n tʃ a s o n,878
j n d u,1628
j n d u e s,968
i p e ɾ e s p a s i o,1095
j p n o s i s,1389
j p n o t i s a d o,632
i p o,1048
i p o k ɾ e s i a,1107
i p o k ɾ i t a,2916
i p o k ɾ i t a s,891
i p o d ɾ o m o,853
i p o p o t a m o,602
i p o t e k a,3059
i p o t e k a s,724
i p o t e ɾ m j a,588
i p o t e s i s,1978
i p o t e t i k a m e n t e,892
j p p j e,1442
j p p j e s,1107
i ɾ j e ɾ o n,2139
i ɾ j o,2049
j ɾ b j e n d o,1698
j s p a n o,637
j s p a n o s,506
j s t e ɾ j a,1158
j s t e ɾ i k a,2059
j s t e ɾ i k o,1069
j s t o ɾ j a,143765
j s t o ɾ j a d o ɾ,763
j s t o ɾ j a d o ɾ e s,539
j s t o ɾ j a l,6634
j s t o ɾ j a l e s,534
j s t o ɾ j a s,21529
j s t o ɾ i k a,1720
j s t o ɾ i k o,2845
j s t o ɾ i k o s,781
j s t o ɾ j e t a,510
j s t o ɾ j e t a s,1277
j t,1047
i s o,199378
o b b i,1522
o s i k o,1347
o k k e i,4079
o g a ɾ,33495
o g a ɾ e s,3525
o g e ɾ a,2305
o x a,7696
o x a l a t a,875
o x a s,7220
o l a,632499
o l a n d a,2108
o l a n d e s,2221
o l a n d e s a,714
o l a n d e s e s,658
o l g a s a n,944
o l g a s a n e s,517
o j i w o o d,12167
o l o k a u s t o,1113
o l o g ɾ a m a,1084
o m b ɾ e,526706
o m b ɾ e s i j o,647
o m b ɾ e s i t o,2842
o m b ɾ e s,192470
o m b ɾ i a,597
o m b ɾ o,10235
o m b ɾ o s,6441
o m e,3027
o m e n a x e,2131
o m i s i d a,2767
o m i s i d a s,485
o m i s i d j o,12593
o m i s i d j o s,6596
o m o,1237
o m o s e k s w a l,4650
o m o s e k s w a l e s,2604
o m o s e k s w a l i d a d,1092
o n d a,1152
o n d o,3600
o n e s t a,5726
o n e s t a m e n t e,9203
o n e s t a s,509
o n e s t i d a d,3182
o n e s t o,14484
o n e s t o s,3094
o n g o,1482
o n g o s,2821
o n o l u l u,650
o n o ɾ,45957
o n o ɾ a b l e,5403
o n o ɾ a b l e s,930
o n o ɾ a ɾ j o,505
o n o ɾ a ɾ j o s,1723
o n o ɾ e s,2477
o n ɾ a,2471
o n ɾ a d a,1488
o n ɾ a d e s,514
o n ɾ a d o,4826
o n ɾ a d o s,1183
o n ɾ a ɾ,2243
o n ɾ a ɾ l o,560
o ɾ a,217128
o ɾ a s i o,837
o ɾ a ɾ j o,6833
o ɾ a ɾ j o s,1832
o ɾ a s,133399
o ɾ k a,1917
o ɾ d a,655
o ɾ d a s,537
o ɾ i s o n t a l,826
o ɾ i s o n t e,2957
o ɾ i s o n t e s,647
o ɾ m i g a,1275
o ɾ m i g a s,2864
o ɾ m i g o n,907
o ɾ m i g e o,516
o ɾ m i g e ɾ o,773
o ɾ m o n a,569
o ɾ m o n a l,512
o ɾ m o n a s,2326
o ɾ n e a ɾ,549
o ɾ n o,5914
o ɾ n o s,1033
o ɾ o s k o p o,662
o r e n d a,701
o r e n d o,853
o r i b l e,43066
o r i b l e m e n t e,1100
o r i b l e s,6508
o r i p i l a n t e,690
o r o ɾ,6334
o r o ɾ e s,1386
o r o ɾ i s a d o,490
o r o ɾ o s a,724
o r o ɾ o s o,1388
o ɾ s e,696
o s p e d a,540
o s p i t a l,69505
o s p i t a l e s,4257
o s p i t a l i d a d,2917
o s t a l,659
o s t j a,2449
o s t j a s,948
o s t i l,3467
o s t i l e s,1770
o s t i l i d a d,1300
o t e l,54288
o t e l e s,3945
o i,258411
o i o,7839
o i o s,1784
u b j e ɾ a,112134
u b j e ɾ a m o s,6132
u b j e ɾ a n,13502
u b j e ɾ a s,21057
u b j e ɾ o n,749
u b j e s e,27042
u b j e s e m o s,1836
u b j e s e n,3106
u b j e s e s,4127
u b o,47144
w e k a,1553
w e k o,4923
w e k o s,1073
w e l a,1011
w e l e,19918
w e l e l o,517
w e l e n,2542
w e l e s,5402
w e l g a,5571
w e l g a s,571
w e j a,6261
w e j a s,21182
w e l o,4882
w e ɾ f a n a,1195
w e ɾ f a n o,2094
w e ɾ f a n o s,2349
w e ɾ t a,734
w e ɾ t o,1285
w e s i t o s,665
w e s o,9880
w e s o s,15976
w e s p e d,4057
w e s p e d e s,4315
w e b o,9842
w e b o s,22242
u g o,4520
u i,1212
u i a,651
u i d a,1425
u i d o,2831
u i m o s,742
u i ɾ,15300
u i s t e,992
u l e,492
u m a n a,23960
u m a n a m e n t e,470
u m a n a s,4129
u m a n i d a d,14566
u m a n i t a ɾ j a,493
u m a n i t a ɾ j o,641
u m a n o,38092
u m a n o s,31659
u m e a n t e,553
u m e d a,1835
u m e d a d,2555
u m e d a s,580
u m e d o,2461
u m e d o s,611
u m i l d a d,1848
u m i l d e,5303
u m i l d e m e n t e,1074
u m i l d e s,1122
u m i j a s i o n,2755
u m i j a d a,757
u m i j a d o,1870
u m i j a n t e,2501
u m i j a ɾ,611
u m i j a ɾ m e,1718
u m i j a ɾ t e,618
u m o,13404
u m o ɾ,20972
u m o s,700
w n d a,614
w n d e,1731
w n d e n,457
w n d i d o,1967
w n d j e n d o,1067
w n d i m o s,549
w n d j o,2001
w n d i ɾ,1682
w n d i ɾ a,581
w n d i ɾ m e,664
w n d i ɾ s e,1574
w n g a ɾ o,1065
w n g a ɾ o s,589
w n g ɾ i a,1046
u ɾ a k a n,3333
u ɾ a k a n e s,791
u ɾ o n,484
u r a,3770
w ɾ t a d i j a s,988
w ɾ t o,653
w s m e a n d o,1262
w s m e a ɾ,790
u i a,839
u i a m o s,671
u i a n,1092
u i a s,1020
u i e,4291
u i e n,1438
u i e n d o,6624
u i e ɾ o n,1614
u i e s,1303
u i o,855
u i o,4721
i,95161
i b a,140029
i b a i s,553
i b a m o s,16585
i b a n,18407
i b a s,24539
i s e b e ɾ g,1024
i k o n o,662
i d,5615
i d a,5030
i d e a,204424
i d e a l,8203
i d e a l e s,2659
i d e a l i s t a,1005
i d e a ɾ,569
i d e a s,23339
i d e n t i k a,986
i d e n t i k a s,886
i d e n t i k o,1463
i d e n t i k o s,1187
i d e n t i d a d,11230
i d e n t i d a d e s,1417
i d e n t i f i k a,858
i d e n t i f i k a s i o n,11826
i d e n t i f i k a s i o n e s,1118
i d e n t i f i k a d a,1042
i d e n t i f i k a d o,4456
i d e n t i f i k a d o s,775
i d e n t i f i k a m o s,779
i d e n t i f i k a ɾ,6377
i d e n t i f i k a ɾ l a,848
i d e n t i f i k a ɾ l o,2411
i d e n t i f i k a ɾ l o s,1055
i d e n t i f i k a ɾ m e,496
i d e n t i f i k a ɾ o n,812
i d e n t i f i k a ɾ s e,891
i d e n t i f i k o,1825
i d e n t i f i k e,767
i d e n t i f i k e s e,1351
i d e o l o x i a,751
i d j o m a,7028
i d j o m a s,2263
i d j o t a,81569
i d j o t a s,18076
i d j o t e s e s,1579
i d j o t e s,1547
i d o,90091
i d o l o,2860
i d o l o s,508
i g l e s j a,38818
i g l e s j a s,2212
i g n a s i o,875
i g n i s i o n,1002
i g n o ɾ a,1886
i g n o ɾ a b a,752
i g n o ɾ a d o,1025
i g n o ɾ a l a,496
i g n o ɾ a l o,1537
i g n o ɾ a m o s,563
i g n o ɾ a n,754
i g n o ɾ a n s i a,2452
i g n o ɾ a n d o,1227
i g n o ɾ a n t e,3402
i g n o ɾ a n t e s,1408
i g n o ɾ a ɾ,3805
i g n o ɾ a ɾ l a,628
i g n o ɾ a ɾ l o,1902
i g n o ɾ a ɾ m e,879
i g n o ɾ a s,747
i g n o ɾ e,575
i g n o ɾ o,1259
i g n o ɾ o,684
i g w a l,108746
i g w a l a ɾ,820
i g w a l d a d,1897
i g w a l e s,13479
i g w a l i t o,601
i g w a l m e n t e,10364
i l e g a l,12425
i l e g a l e s,3854
i l e g a l m e n t e,1929
i l e s o,769
i l i m i t a d a,504
i l i m i t a d o,935
i l o x i k o,629
i l u m i n a,1314
i l u m i n a s i o n,2336
i l u m i n a d a,579
i l u m i n a d o,1157
i l u m i n a ɾ,1104
i l u m i n e,501
i l u s j o n,5790
i l u s j o n e s,3566
i l u s t ɾ a s i o n e s,475
i l u s t ɾ e,1124
i m a x e n,23912
i m a x e n e s,12022
i m a x i n a,9185
i m a x i n a b a,5755
i m a x i n a b l e,524
i m a x i n a s i o n,10115
i m a x i n a s i o n e s,472
i m a x i n a d o,4510
i m a x i n a m o s,900
i m a x i n a n,1195
i m a x i n a n d o,1769
i m a x i n a ɾ,14198
i m a x i n a ɾ j a,832
i m a x i n a ɾ j o,1526
i m a x i n a ɾ j o s,515
i m a x i n a ɾ l o,3656
i m a x i n a ɾ m e,5016
i m a x i n a ɾ m e l o,1524
i m a x i n a ɾ s e,2945
i m a x i n a ɾ s e l o,570
i m a x i n a ɾ t e,3721
i m a x i n a ɾ t e l o,906
i m a x i n a s,7574
i m a x i n a s t e,650
i m a x i n a t e,8944
i m a x i n a t e l o,1304
i m a x i n e,2513
i m a x i n e,7422
i m a x i n e n,1299
i m a x i n e n s e,1450
i m a x i n e s e,2782
i m a x i n o,20318
i m a x i n o,916
i m a n,1593
i m a n e s,509
i m b e s i l,32751
i m b e s i l e s,5085
i m i t a,686
i m i t a s i o n,2081
i m i t a s i o n e s,659
i m i t a d o ɾ,1063
i m i t a n d o,682
i m i t a ɾ,1602
i m p a s i e n s i a,885
i m p a s i e n t e,2944
i m p a s i e n t e s,650
i m p a k t a d o,497
i m p a k t a n t e,1045
i m p a k t o,8267
i m p a k t o,583
i m p a k t o s,537
i m p a ɾ a b l e,742
i m p a ɾ s i a l,1030
i m p e k a b l e,1903
i m p e d i d o,1007
i m p e d i m e n t o,674
i m p e d i ɾ,5307
i m p e d i ɾ a,951
i m p e d i ɾ l o,3045
i m p e d i ɾ m e,648
i m p e d i ɾ m e l o,861
i m p e d i ɾ s e l o,1075
i m p e n e t ɾ a b l e,842
i m p e n s a b l e,788
i m p e ɾ a t i b o,706
i m p e ɾ d o n a b l e,1360
i m p e ɾ f e k s i o n e s,469
i m p e ɾ f e k t o,576
i m p e ɾ j a l,3849
i m p e ɾ j a l e s,589
i m p e ɾ j o,9952
i m p e ɾ m e a b l e,1028
i m p e ɾ t i n e n s i a,518
i m p e ɾ t i n e n t e,1104
i m p e t u o s o,477
i m p i d a,1030
i m p i d e,3643
i m p i d e n,635
i m p i d j o,1089
i m p l a k a b l e,1449
i m p l a n t e,1457
i m p l a n t e s,1467
i m p l i k a,4157
i m p l i k a s i o n e s,733
i m p l i k a d a,608
i m p l i k a d o,1972
i m p l i k a d o s,802
i m p l i k a ɾ,489
i m p l o ɾ o,901
i m p o n e,765
i m p o n e n t e,884
i m p o n e ɾ,1323
i m p o ɾ t a,226995
i m p o ɾ t a b a,7562
i m p o ɾ t a b a n,621
i m p o ɾ t a s i o n,637
i m p o ɾ t a d o,1477
i m p o ɾ t a m o s,646
i m p o ɾ t a n,7665
i m p o ɾ t a n s i a,16014
i m p o ɾ t a n t e,128955
i m p o ɾ t a n t e s,17318
i m p o ɾ t a ɾ,8761
i m p o ɾ t a ɾ a,2483
i m p o ɾ t a ɾ a,3724
i m p o ɾ t a ɾ i a,13557
i m p o ɾ t a ɾ l e,2129
i m p o ɾ t a ɾ l e s,512
i m p o ɾ t a ɾ m e,2004
i m p o ɾ t a ɾ t e,1488
i m p o ɾ t a s,2613
i m p o ɾ t e,6868
i m p o ɾ t o,2159
i m p o ɾ t o,2528
i m p o s i b l e,53037
i m p o s i b l e s,1452
i m p o s t o ɾ,1986
i m p o t e n s i a,696
i m p o t e n t e,1695
i m p ɾ e d e s i b l e,1552
i m p ɾ e d e s i b l e s,472
i m p ɾ e n t a,1341
i m p ɾ e s a,540
i m p ɾ e s s i n d i b l e,737
i m p ɾ e s j o n,12621
i m p ɾ e s j o n a,1655
i m p ɾ e s j o n a d a,2146
i m p ɾ e s j o n a d o,5568
i m p ɾ e s j o n a d o s,701
i m p ɾ e s j o n a n t e,16305
i m p ɾ e s j o n a n t e s,1202
i m p ɾ e s j o n a ɾ,2719
i m p ɾ e s j o n a ɾ l a,644
i m p ɾ e s j o n a ɾ m e,1396
i m p ɾ e s j o n a ɾ t e,1040
i m p ɾ e s j o n e s,1399
i m p ɾ e s j o n o,1372
i m p ɾ e s o,1121
i m p ɾ e s o ɾ a,726
i m p ɾ e b i s i b l e,720
i m p ɾ e b i s t o,633
i m p ɾ i m e,493
i m p ɾ i m i ɾ,1308
i m p ɾ o b a b l e,2358
i m p ɾ o b i s a s i o n,710
i m p ɾ o b i s a d o,569
i m p ɾ o b i s a n d o,461
i m p ɾ o b i s a ɾ,1545
i m p ɾ o b i s o,660
i m p ɾ u d e n s i a,574
i m p ɾ u d e n t e,2147
i m p w e s t o,2563
i m p w e s t o s,12106
i m p u l s a,673
i m p u l s a d o,508
i m p u l s i b a,672
i m p u l s i b o,1075
i m p u l s o,5727
i m p u l s o ɾ e s,778
i m p u l s o s,2324
i m p u n e,845
i n,26597
i n a k s e s i b l e,485
i n a s e p t a b l e,2904
i n a k t i b o,464
i n a d e k w a d o,745
i n a d m i s i b l e,604
i n a l k a n s a b l e,535
i n a p ɾ o p j a d a,662
i n a p ɾ o p j a d o,2465
i n a u d i t o,539
i n a u g w ɾ a s i o n,2241
i n a u g w ɾ a l,532
i n k a l k u l a b l e,471
i n k a p a s e s,1062
i n k a p a s i d a d,1210
i n k a p a s i t a d o,624
i n k a p a s,5396
i n s e n d j a,503
i n s e n d j a d o,661
i n s e n d j a ɾ,1077
i n s e n d j a ɾ j o,558
i n s e n d j o,12153
i n s e n d j o,1281
i n s e n d j o s,4147
i n s e n t i b o,1102
i n s e n t i b o s,488
i n s e ɾ t i d u m b ɾ e,1022
i n s e s t o,577
i n s i d e n t e,10034
i n s i d e n t e s,2066
i n s i e n s o,894
i n s i e ɾ t o,695
i n s i s j o n,1115
i n k l i n a,1092
i n k l i n a s i o n,1181
i n k l i n a d a,504
i n k l i n a d o,907
i n k l i n a ɾ s e,798
i n k l i n a t e,1452
i n k l i n o,1117
i n k l i n o,466
i n k l u i a,587
i n k l u i d a,1396
i n k l u i d o,3151
i n k l u i d o s,986
i n k l u i ɾ,1924
i n k l w i ɾ l o,552
i n k l w i ɾ m e,628
i n k l u s i b e,1818
i n k l u s o,90048
i n k l u i a,510
i n k l u i e,5097
i n k l u i e n,1166
i n k l u i e n d o,8082
i n k l u i e n d o m e,1056
i n k l u i e n d o t e,800
i n k o g n i t o,880
i n k o m o d a,2764
i n k o m o d i d a d,579
i n k o m o d o,924
i n k o m o d o,6092
i n k o m o d o s,676
i n k o m p a ɾ a b l e,728
i n k o m p e t e n s i a,915
i n k o m p e t e n t e,1621
i n k o m p e t e n t e s,617
i n k o m p l e t a,636
i n k o m p l e t o,819
i n k o m p ɾ e n s i b l e,719
i n k o n s e b i b l e,878
i n k o n d i s i o n a l,963
i n k o n d i s i o n a l m e n t e,455
i n k o n s s i e n t e,7238
i n k o n s s i e n t e m e n t e,479
i n k o n s s i e n t e s,736
i n k o n t a b l e s,927
i n k o n t ɾ o l a b l e,762
i n k o n b e n j e n t e,2893
i n k o n b e n j e n t e s,791
i n k o r e k t a,1815
i n k o r e k t o,3109
i n k o r e x i b l e,566
i n k ɾ e i b l e,65884
i n k ɾ e i b l e m e n t e,6129
i n k ɾ e i b l e s,4983
i n k ɾ e m e n t a,548
i n k ɾ e m e n t a ɾ,974
i n k ɾ e m e n t o,1098
i n k ɾ i m i n a ɾ,532
i n k ɾ i m i n a ɾ m e,553
i n k u m b e,2051
i n k u m b e n s i a,2597
i n k u ɾ a b l e,702
i n k u ɾ s j o n,863
i n d a g a ɾ,530
i n d e s e n t e,1121
i n d e s i s o,553
i n d e f e n s a,1333
i n d e f e n s o,1788
i n d e f e n s o s,1208
i n d e f i n i d a m e n t e,1128
i n d e m n i s a s i o n,1294
i n d e p e n d e n s i a,3897
i n d e p e n d j e n t e,5133
i n d e p e n d j e n t e m e n t e,1052
i n d e p e n d j e n t e s,1608
i n d e s k ɾ i p t i b l e,570
i n d e s e a b l e,525
i n d e s e a b l e s,486
i n d e s t ɾ u k t i b l e,930
i n d j a,14307
i n d j a n a,2322
i n d j a s,2054
i n d i k a,7141
i n d i k a b a,471
i n d i k a s i o n,826
i n d i k a s i o n e s,1442
i n d i k a d a,1976
i n d i k a d o,4060
i n d i k a d o ɾ,858
i n d i k a d o ɾ e s,546
i n d i k a n,4244
i n d i k a n d o,592
i n d i k a ɾ,1211
i n d i k a ɾ m e,610
i n d i s e,2050
i n d i s i o,1545
i n d i s i o s,1821
i n d i k o,622
i n d i f e ɾ e n s i a,1267
i n d i f e ɾ e n t e,1737
i n d i x e n a,672
i n d i x e n a s,911
i n d i x e n t e,776
i n d i x e n t e s,739
i n d i x e s t j o n,684
i n d i g n a s i o n,645
i n d i g n a n t e,657
i n d i g n o,1049
i n d j o,7492
i n d j o s,10114
i n d i k e,1088
i n d i ɾ e k t a,870
i n d i ɾ e k t a m e n t e,493
i n d i s k ɾ e s i o n,527
i n d i s k u t i b l e,532
i n d i s p e n s a b l e,1199
i n d i s p w e s t a,464
i n d i s p w e s t o,591
i n d i b i d w a l,1965
i n d i b i d w a l e s,1518
i n d i b i d w a l m e n t e,622
i n d i b i d w o,4384
i n d i b i d w o s,2704
i n d o tʃ i n a,467
i n d o n e s j a,708
i n d u d a b l e m e n t e,1058
i n d u l x e n s i a,774
i n d u l x e n t e,836
i n d u l t o,889
i n d u s t ɾ j a,8044
i n d u s t ɾ j a l,3167
i n d u s t ɾ j a l e s,882
i n d u s t ɾ j a s,2698
i n e p t o,475
i n e ɾ s i a,481
i n e s,723
i n e s p e ɾ a d a,1481
i n e s p e ɾ a d a m e n t e,861
i n e s p e ɾ a d a s,522
i n e s p e ɾ a d o,3348
i n e s p e ɾ a d o s,534
i n e s t a b i l i d a d,625
i n e s t a b l e,3396
i n e s t a b l e s,666
i n e b i t a b l e,4799
i n e b i t a b l e m e n t e,799
i n e k s p l i k a b l e,1111
i n e k s p l i k a b l e s,497
i n f a l i b l e,930
i n f a m e,1703
i n f a m j a,623
i n f a n s i a,6996
i n f a n t e,825
i n f a n t e ɾ i a,3239
i n f a n t e s,1060
i n f a n t i l,6664
i n f a n t i l e s,1545
i n f a ɾ t o,4610
i n f e k s i o n,7440
i n f e k s i o n e s,1049
i n f e k t a d a,1630
i n f e k t a d o,2597
i n f e k t a d o s,1559
i n f e k t a ɾ,555
i n f e k t o,631
i n f e l i s e s,1575
i n f e l i s i d a d,579
i n f e l i s,7905
i n f e ɾ j o ɾ,4352
i n f e ɾ j o ɾ e s,1575
i n f e ɾ j o ɾ i d a d,479
i n f e ɾ n a l,2288
i n f i d e l i d a d,745
i n f j e l,3261
i n f j e l e s,965
i n f j e ɾ n o,40316
i n f j e ɾ n o s,556
i n f i l t ɾ a s i o n,505
i n f i l t ɾ a d o,1578
i n f i l t ɾ a ɾ s e,1004
i n f i n i t a,1827
i n f i n i t a m e n t e,845
i n f i n i t a s,730
i n f i n i t o,2746
i n f l a s i o n,909
i n f l a m a b l e,526
i n f l a m a s i o n,1006
i n f l e k s i b l e,617
i n f l w e n s i a,7858
i n f l w e n s i a ɾ,524
i n f l w e n s i a s,1623
i n f l u i ɾ,930
i n f l u i e n t e,788
i n f l u i e n t e s,533
i n f o ɾ m a,3159
i n f o ɾ m a s i o n,64490
i n f o ɾ m a s i o n e s,1086
i n f o ɾ m a d a,1318
i n f o ɾ m a d o,7555
i n f o ɾ m a d o ɾ,585
i n f o ɾ m a d o s,1470
i n f o ɾ m a l,1541
i n f o ɾ m a m e,687
i n f o ɾ m a n,1450
i n f o ɾ m a n d o,1215
i n f o ɾ m a n t e,3498
i n f o ɾ m a n t e s,930
i n f o ɾ m a ɾ,5628
i n f o ɾ m a ɾ a,618
i n f o ɾ m a ɾ e,1569
i n f o ɾ m a ɾ e m o s,475
i n f o ɾ m a ɾ l e,4614
i n f o ɾ m a ɾ l e s,1596
i n f o ɾ m a ɾ m e,1715
i n f o ɾ m a ɾ n o s,739
i n f o ɾ m a ɾ o n,1470
i n f o ɾ m a ɾ t e,1179
i n f o ɾ m a t i k a,953
i n f o ɾ m a t i k o,825
i n f o ɾ m a t i b o,703
i n f o ɾ m e,30311
i n f o ɾ m e,514
i n f o ɾ m e m e,491
i n f o ɾ m e n,873
i n f o ɾ m e s,9695
i n f o ɾ m o,1045
i n f o ɾ m o,2842
i n f ɾ a k s i o n,879
i n f ɾ a e s t ɾ u k t u ɾ a,711
i n f ɾ a m u n d o,968
i n f ɾ a r o x o,499
i n f ɾ a r o x o s,628
i n f u s j o n,473
i n x e n j e ɾ i a,4229
i n x e n j e ɾ o,6631
i n x e n j e ɾ o s,2559
i n x e n j o,2196
i n x e n j o s a,942
i n x e n j o s o,3281
i n x e n w a,1972
i n x e n w i d a d,499
i n x e n w o,2601
i n x e n w o s,476
i n g l a t e r a,21398
i n g l e,569
i n g l e s,2007
i n g l e s,27378
i n g l e s a,4763
i n g l e s a s,910
i n g l e s e s,7619
i n g ɾ a t o,749
i n g ɾ e d j e n t e,1242
i n g ɾ e d j e n t e s,1628
i n g ɾ e s a,468
i n g ɾ e s a d o,782
i n g ɾ e s a ɾ,2452
i n g ɾ e s o,2602
i n g ɾ e s o,947
i n g ɾ e s o s,3817
i n a l a,719
i n a l a d o ɾ,706
i n i b i d o ɾ,464
i n u m a n o,917
i n i s i a,1528
i n i s i a s i o n,1234
i n i s i a d a,541
i n i s i a d o,1468
i n i s i a l,4058
i n i s i a l e s,2817
i n i s i a l m e n t e,784
i n i s i a m o s,542
i n i s i a n d o,1688
i n i s i a ɾ,4318
i n i s i a ɾ o n,459
i n i s i a t i b a,3626
i n i s i e,734
i n i s i e n,707
i n i s i o,4745
i n i s i o,2025
i n i m a x i n a b l e,851
i n x e ɾ t o,511
i n x u s t a,1344
i n x u s t a m e n t e,894
i n x u s t i s i a,2318
i n x u s t i s i a s,496
i n x u s t o,5199
i n m a k u l a d a,559
i n m a d u ɾ o,1196
i n m e d j a t a,3062
i n m e d j a t a m e n t e,26772
i n m e d j a t o,19918
i n m e n s a,1793
i n m e n s a m e n t e,501
i n m e n s a s,465
i n m e n s o,2214
i n m e ɾ s j o n,1230
i n m i g ɾ a s i o n,2531
i n m i g ɾ a n t e,1027
i n m i g ɾ a n t e s,1729
i n m i n e n t e,2488
i n m o b i l j a ɾ j a,1141
i n m o b i l j a ɾ j o,1286
i n m o ɾ a l,1628
i n m o ɾ t a l,3805
i n m o ɾ t a l e s,1699
i n m o ɾ t a l i d a d,1962
i n m o b i l,1092
i n m u n d a,528
i n m u n d i s i a,612
i n m u n d o,712
i n m u n e,1971
i n m u n e s,572
i n m u n i d a d,4283
i n m u n o l o x i k o,748
i n n a t o,570
i n n e s e s a ɾ j a,627
i n n e s e s a ɾ j a m e n t e,633
i n n e s e s a ɾ j o,1852
i n n e s e s a ɾ j o s,534
i n n e g a b l e,525
i n n o b a d o ɾ,497
i n n u m e ɾ a b l e s,973
i n o s e n s i a,4119
i n o s e n t e,26041
i n o s e n t e s,8691
i n o d o ɾ o,2796
i n o f e n s i b a,896
i n o f e n s i b o,2828
i n o f e n s i b o s,570
i n o l b i d a b l e,1090
i n o p o ɾ t u n o,740
i n k e b ɾ a n t a b l e,563
i n k j e t a,1615
i n k j e t a n t e,1350
i n k j e t o,1670
i n k j e t o s,525
i n k j e t u d,961
i n k i l i n o,1488
i n k i l i n o s,1242
i n k i s i s i o n,989
i n s a s i a b l e,735
i n s k ɾ i b i ɾ m e,546
i n s k ɾ i b i ɾ s e,517
i n s k ɾ i p s i o n,1680
i n s e k t i s i d a,468
i n s e k t o,3362
i n s e k t o s,4836
i n s e g w ɾ a,1110
i n s e g w ɾ i d a d,678
i n s e g w ɾ o,1585
i n s e n s a t o,983
i n s e n s i b l e,2339
i n s e p a ɾ a b l e s,722
i n s e ɾ b i b l e,945
i n s i g n j a,2380
i n s i g n j a s,532
i n s i g n i f i k a n t e,3913
i n s i g n i f i k a n t e s,1100
i n s i n u a,1139
i n s i n w a s i o n,452
i n s i n w a s i o n e s,726
i n s i n u a n d o,1735
i n s i n u a ɾ,562
i n s i n u a s,1309
i n s i n u o,481
i n s i s t a,516
i n s i s t a s,544
i n s i s t e,4182
i n s i s t e n,885
i n s i s t e n s i a,527
i n s i s t e n t e,773
i n s i s t e s,2008
i n s i s t i,547
i n s i s t i a,594
i n s i s t i d o,708
i n s i s t j e n d o,803
i n s i s t j o,3034
i n s i s t i ɾ,1901
i n s i s t o,4018
i n s o l e n s i a,998
i n s o l e n t e,2161
i n s o l i t o,669
i n s o m n j o,1312
i n s o p o ɾ t a b l e,3659
i n s p e k s i o n,3378
i n s p e k s i o n a ɾ,1243
i n s p e k s i o n e s,462
i n s p e k t o ɾ,18571
i n s p e k t o ɾ a,1076
i n s p e k t o ɾ e s,870
i n s p i ɾ a,1757
i n s p i ɾ a s i o n,4418
i n s p i ɾ a d a,703
i n s p i ɾ a d o,1695
i n s p i ɾ a d o ɾ,1041
i n s p i ɾ a ɾ,914
i n s p i ɾ o,988
i n s t a l a s i o n,3485
i n s t a l a s i o n e s,4181
i n s t a l a d o,1671
i n s t a l a n d o,520
i n s t a l a ɾ,1695
i n s t a l a ɾ m e,610
i n s t a l a ɾ s e,830
i n s t a l e,462
i n s t a l o,804
i n s t a n s i a,931
i n s t a n t a n e a,1017
i n s t a n t a n e a m e n t e,1234
i n s t a n t a n e o,748
i n s t a n t e,11038
i n s t a n t e s,958
i n s t i n t o,6492
i n s t i n t o s,3937
i n s t i t u s i o n,3579
i n s t i t u s i o n e s,1492
i n s t i t u t o,14072
i n s t i t u t ɾ i s,1002
i n s t ɾ u k s i o n,1797
i n s t ɾ u k s i o n e s,11219
i n s t ɾ u k t o ɾ,1923
i n s t ɾ u m e n t o,4682
i n s t ɾ u m e n t o s,4076
i n s u b o ɾ d i n a s i o n,604
i n s u f i s i e n s i a,694
i n s u f i s i e n t e,613
i n s u f ɾ i b l e,477
i n s u l i n a,1191
i n s u l t a,976
i n s u l t a d o,1432
i n s u l t a n d o,734
i n s u l t a n t e,854
i n s u l t a ɾ,1713
i n s u l t a ɾ m e,1782
i n s u l t a ɾ t e,490
i n s u l t a s,709
i n s u l t e,491
i n s u l t e s,861
i n s u l t o,3218
i n s u l t o,799
i n s u l t o s,1790
i n s u ɾ x e n t e s,534
i n t a k t a,1771
i n t a k t a s,551
i n t a k t o,2104
i n t a k t o s,693
i n t e g ɾ a s i o n,654
i n t e g ɾ a l,844
i n t e g ɾ a ɾ s e,513
i n t e g ɾ i d a d,3958
i n t e l e k t o,1159
i n t e l e k t w a l,3597
i n t e l e k t w a l e s,1478
i n t e l i x e n s i a,15986
i n t e l i x e n t e,34789
i n t e l i x e n t e s,5355
i n t e n s i o n,19184
i n t e n s i o n a l,773
i n t e n s i o n a l m e n t e,889
i n t e n s i o n e s,7330
i n t e n s a,2196
i n t e n s a m e n t e,888
i n t e n s a s,549
i n t e n s i d a d,1939
i n t e n s i b a,598
i n t e n s i b o,472
i n t e n s i b o s,808
i n t e n s o,3667
i n t e n s o s,605
i n t e n t a,28592
i n t e n t a b a,9669
i n t e n t a b a m o s,656
i n t e n t a b a n,1074
i n t e n t a b a s,1016
i n t e n t a d o,17247
i n t e n t a l o,13088
i n t e n t a m o s,8978
i n t e n t a n,5908
i n t e n t a n d o,36080
i n t e n t a n d o l o,4574
i n t e n t a ɾ,25946
i n t e n t a ɾ a,1405
i n t e n t a ɾ a,2376
i n t e n t a ɾ a n,1189
i n t e n t a ɾ a s,473
i n t e n t a ɾ a s,786
i n t e n t a ɾ e,11193
i n t e n t a ɾ e m o s,2729
i n t e n t a ɾ i a,1576
i n t e n t a ɾ l o,35013
i n t e n t a ɾ o n,3924
i n t e n t a s,11128
i n t e n t a s t e,3858
i n t e n t e,9195
i n t e n t e,16882
i n t e n t e l o,2616
i n t e n t e m o s,1957
i n t e n t e m o s l o,2375
i n t e n t e n,2424
i n t e n t e s,5589
i n t e n t o,38454
i n t e n t o,13903
i n t e n t o s,2424
i n t e ɾ a k s i o n,711
i n t e ɾ k a m b j a m o s,562
i n t e ɾ k a m b j a ɾ,1994
i n t e ɾ k a m b j o,5674
i n t e ɾ s e p s i o n,601
i n t e ɾ s e p t a d o,714
i n t e ɾ s e p t a ɾ,1154
i n t e ɾ s e p t a ɾ l o,544
i n t e ɾ k o m u n i k a d o ɾ,465
i n t e ɾ e s,18200
i n t e ɾ e s a,31003
i n t e ɾ e s a b a,2143
i n t e ɾ e s a d a,5554
i n t e ɾ e s a d a s,488
i n t e ɾ e s a d o,13024
i n t e ɾ e s a d o s,3330
i n t e ɾ e s a n,5114
i n t e ɾ e s a n t e,46572
i n t e ɾ e s a n t e s,5130
i n t e ɾ e s a ɾ,1099
i n t e ɾ e s a ɾ a,533
i n t e ɾ e s a ɾ a,1018
i n t e ɾ e s a ɾ i a,1762
i n t e ɾ e s a ɾ l e,1266
i n t e ɾ e s a ɾ m e,1118
i n t e ɾ e s a ɾ s e,836
i n t e ɾ e s a ɾ t e,1204
i n t e ɾ e s a s,858
i n t e ɾ e s e,2588
i n t e ɾ e s e s,9558
i n t e ɾ e s o,557
i n t e ɾ e s o,1059
i n t e ɾ e s t a t a l,900
i n t e ɾ f a s,647
i n t e ɾ f e ɾ e n s i a,2445
i n t e ɾ f e ɾ e n s i a s,1115
i n t e ɾ f e ɾ i ɾ,2783
i n t e ɾ f j e ɾ a,950
i n t e ɾ f j e ɾ e,869
i n t e ɾ f i ɾ j e n d o,866
i n t e ɾ j o ɾ,26936
i n t e ɾ j o ɾ e s,1418
i n t e ɾ m e d j a ɾ j o,1246
i n t e ɾ m e d j o,956
i n t e ɾ m i n a b l e,1569
i n t e ɾ m i n a b l e s,920
i n t e ɾ m i t e n t e,654
i n t e ɾ n a,4798
i n t e ɾ n a s i o n a l,8590
i n t e ɾ n a s i o n a l e s,2652
i n t e ɾ n a d o,2500
i n t e ɾ n a s,1279
i n t e ɾ n e t,13393
i n t e ɾ n o,4671
i n t e ɾ n o s,5936
i n t e ɾ p o l,1618
i n t e ɾ p o n e,960
i n t e ɾ p o n e ɾ s e,854
i n t e ɾ p o n g a,1119
i n t e ɾ p ɾ e t a,1432
i n t e ɾ p ɾ e t a s i o n,2996
i n t e ɾ p ɾ e t a d o,1092
i n t e ɾ p ɾ e t a n d o,755
i n t e ɾ p ɾ e t a ɾ,3069
i n t e ɾ p ɾ e t a ɾ l o,516
i n t e ɾ p ɾ e t e,671
i n t e ɾ p ɾ e t e,1442
i n t e ɾ p ɾ e t o,496
i n t e ɾ p ɾ e t o,600
i n t e r o g a s i o n,1285
i n t e r o g a d o,1651
i n t e r o g a n d o,1275
i n t e r o g a ɾ,2333
i n t e r o g a ɾ l a,940
i n t e r o g a ɾ l e,887
i n t e r o g a ɾ l o,2676
i n t e r o g a ɾ l o s,666
i n t e r o g a ɾ m e,827
i n t e r o g a ɾ o n,672
i n t e r o g a ɾ t e,550
i n t e r o g a t o ɾ j o,4277
i n t e r o g a t o ɾ j o s,1338
i n t e r o g o,575
i n t e r u m p a,1113
i n t e r u m p a s,1047
i n t e r u m p e,645
i n t e r u m p i d a,466
i n t e r u m p i d o,1530
i n t e r u m p j e n d o,1113
i n t e r u m p i m o s,829
i n t e r u m p j o,699
i n t e r u m p i ɾ,6921
i n t e r u m p i ɾ l e,550
i n t e r u m p i ɾ l o,743
i n t e r u m p i ɾ l o s,490
i n t e r u m p i ɾ m e,559
i n t e r u m p i ɾ t e,730
i n t e r u m p o,1341
i n t e r u p s i o n,2165
i n t e r u p s i o n e s,717
i n t e r u p t o ɾ,3204
i n t e r u p t o ɾ e s,692
i n t e ɾ s e k s i o n,1247
i n t e ɾ b a l o,730
i n t e ɾ b a l o s,551
i n t e ɾ b e n s i o n,3316
i n t e ɾ b e n s i o n e s,468
i n t e ɾ b e n g a,466
i n t e ɾ b e n i d o,740
i n t e ɾ b e n i ɾ,2771
i n t e ɾ b i n o,684
i n t e s t i n a l,694
i n t e s t i n o,1520
i n t e s t i n o s,1654
i n t i m a,1421
i n t i m a m e n t e,537
i n t i m a s,1051
i n t i m i d a,526
i n t i m i d a s i o n,621
i n t i m i d a d,3842
i n t i m i d a d o,618
i n t i m i d a n t e,629
i n t i m i d a ɾ,975
i n t i m i d a ɾ m e,764
i n t i m o,2270
i n t i m o s,2141
i n t o k a b l e,824
i n t o l e ɾ a b l e,1273
i n t o l e ɾ a n s i a,597
i n t o l e ɾ a n t e,524
i n t o k s i k a s i o n,961
i n t ɾ a b e n o s a,1164
i n t ɾ e p i d o,677
i n t ɾ i g a,1414
i n t ɾ i g a d o,625
i n t ɾ i g a n t e,1101
i n t ɾ i g a s,558
i n t ɾ o d u k s i o n,1274
i n t ɾ o d u s e,641
i n t ɾ o d u s i d o,721
i n t ɾ o d u s i ɾ,1575
i n t ɾ o d u x o,818
i n t ɾ o d u s k a,456
i n t ɾ o m i s j o n,756
i n t ɾ u s j o n,1011
i n t ɾ u s o,2644
i n t ɾ u s o s,1719
i n t w i s i o n,2548
i n u n d a s i o n,1532
i n u n d a s i o n e s,951
i n u n d a d a,471
i n u n d a d o,901
i n u n d a ɾ,489
i n u s w a l,5409
i n u s w a l e s,760
i n u t i l,18770
i n u t i l e s,3804
i n b a d e,849
i n b a d e n,502
i n b a d i d o,1016
i n b a d j e n d o,836
i n b a d j e ɾ o n,655
i n b a d j o,705
i n b a d i ɾ,1878
i n b a l i d a,491
i n b a l i d o,1210
i n b a l w a b l e,489
i n b a s j o n,5175
i n b a s o ɾ,579
i n b a s o ɾ e s,1118
i n b e n s i b l e,2263
i n b e n s i b l e s,549
i n b e n s i o n,1350
i n b e n t a,1501
i n b e n t a d a,633
i n b e n t a d o,3768
i n b e n t a m o s,807
i n b e n t a n,487
i n b e n t a n d o,2100
i n b e n t a ɾ,3646
i n b e n t a ɾ j o,2456
i n b e n t a ɾ o n,1384
i n b e n t a ɾ s e,574
i n b e n t a s,576
i n b e n t a s t e,1179
i n b e n t e,584
i n b e n t e,3010
i n b e n t o,3444
i n b e n t o,4141
i n b e n t o ɾ,1350
i n b e n t o s,871
i n b e ɾ n a d e ɾ o,1381
i n b e ɾ n a l,454
i n b e ɾ s a,989
i n b e ɾ s j o n,4737
i n b e ɾ s j o n e s,2454
i n b e ɾ s j o n i s t a s,750
i n b e ɾ s o ɾ,697
i n b e ɾ s o ɾ e s,1273
i n b e ɾ t i,640
i n b e ɾ t i d o,2252
i n b e ɾ t i ɾ,3074
i n b e s t i g a,2258
i n b e s t i g a b a,572
i n b e s t i g a s i o n,36606
i n b e s t i g a s i o n e s,5204
i n b e s t i g a d o,2152
i n b e s t i g a d o ɾ,3756
i n b e s t i g a d o ɾ a,784
i n b e s t i g a d o ɾ e s,2383
i n b e s t i g a m o s,1347
i n b e s t i g a n,775
i n b e s t i g a n d o,8373
i n b e s t i g a ɾ,9597
i n b e s t i g a ɾ e,781
i n b e s t i g a ɾ l o,1846
i n b e s t i g o,751
i n b e s t i g o,746
i n b e s t i g e,1142
i n b e s t i g e,1434
i n b e s t i g e n,702
i n b i k t o,551
i n b j e ɾ n o,13715
i n b j e ɾ n o s,675
i n b j e ɾ t e,611
i n b i ɾ t j o,559
i n b i s i b i l i d a d,575
i n b i s i b l e,7250
i n b i s i b l e s,1618
i n b i t a,4527
i n b i t a s i o n,9101
i n b i t a s i o n e s,1899
i n b i t a d a,3599
i n b i t a d a s,559
i n b i t a d o,17396
i n b i t a d o s,14706
i n b i t a l a,672
i n b i t a m e,877
i n b i t a m o s,1266
i n b i t a n,1230
i n b i t a n d o,1173
i n b i t a ɾ,5140
i n b i t a ɾ a,642
i n b i t a ɾ e,1082
i n b i t a ɾ i a,672
i n b i t a ɾ l a,2590
i n b i t a ɾ l e,1670
i n b i t a ɾ l e s,506
i n b i t a ɾ l o,1621
i n b i t a ɾ l o s,1164
i n b i t a ɾ m e,5048
i n b i t a ɾ n o s,1390
i n b i t a ɾ o n,2021
i n b i t a ɾ t e,5656
i n b i t a s,2024
i n b i t a s t e,2079
i n b i t e,1423
i n b i t e,3357
i n b i t e s,466
i n b i t o,7626
i n b i t o,6210
i n b o k a ɾ,618
i n b o k o,513
i n b o l u k ɾ a,1436
i n b o l u k ɾ a d a,2876
i n b o l u k ɾ a d a s,481
i n b o l u k ɾ a d o,7890
i n b o l u k ɾ a d o s,2496
i n b o l u k ɾ a ɾ,1027
i n b o l u k ɾ a ɾ m e,2494
i n b o l u k ɾ a ɾ n o s,498
i n b o l u k ɾ a ɾ s e,1933
i n b o l u k ɾ a ɾ t e,1764
i n b o l u k ɾ e,664
i n b o l u k ɾ e s,666
i n b o l u k ɾ o,692
i n b o l u n t a ɾ j o,788
i n i e k s i o n,4986
i n i e k s i o n e s,1517
i n i e k t a d o,605
i n i e k t a ɾ,517
j o n e s,518
i p,1849
i p o d,1111
i ɾ,428425
i ɾ a,14892
i ɾ a,31054
i ɾ a k,5692
i ɾ a n,10735
i ɾ a n i,547
i ɾ a k,1975
i ɾ a k i,1146
i ɾ a k i e s,1145
i ɾ a s,19372
i ɾ e,85237
i ɾ e i s,750
i ɾ e m o s,37788
i ɾ e n e,4196
i ɾ i a,13092
i ɾ i a m o s,2295
i ɾ i a n,1449
i ɾ i a s,2681
i ɾ i s,5294
i ɾ l a n d a,3239
i ɾ l a n d e s,4291
i ɾ l a n d e s a,1440
i ɾ l a n d e s e s,2563
i ɾ m e,138128
i ɾ n o s,75413
i ɾ o n i a,2443
i ɾ o n i k a m e n t e,681
i ɾ o n i k o,2969
i ɾ o s,5318
i r a s i o n a l,1806
i r e a l,1223
i r e f u t a b l e,570
i r e g w l a ɾ,1220
i r e l e b a n t e,2911
i r e s i s t i b l e,1750
i r e s p e t u o s o,771
i r e s p o n s a b l e,2438
i r e b e ɾ s i b l e,593
i r i t a,848
i r i t a b l e,1072
i r i t a d o,683
i r i t a n t e,1625
i r u m p j o,649
i r u m p i ɾ,1123
i ɾ s e,72117
i ɾ t e,60264
i s a a k,3187
i s a b e l,4166
i s l a,33497
i s l a m,1346
i s l a n d j a,948
i s l a s,4890
i s ɾ a e l,5064
i s ɾ a e l i,1253
i s ɾ a e l i e s,1068
i t a l j a,10129
i t a l j a n a,3429
i t a l j a n a s,606
i t a l j a n o,9620
i t a l j a n o s,4753
i t i n e ɾ a ɾ j o,1231
i b a,455
i b a n,2740
i s k j e ɾ d a,44561
i s k j e ɾ d a s,464
i s k j e ɾ d o,9886
x a,13679
x a b a l i,1341
x a b a l i e s,462
x a b o n,5461
x a k u s s i,1609
x a d e,2411
x a g w a ɾ,1504
x a i m e,1408
x a l a,1407
x a l a ɾ,834
x a l e a,1277
x a l e n,679
x a l e o,1766
x a m a i k a,1587
x a m a s,70002
x a m e s,35424
x a m o n,4040
x a p o n,9625
x a p o n e s,6583
x a p o n e s a,3118
x a p o n e s a s,911
x a p o n e s e s,7690
x a k e,2226
x a k e k a,1177
x a k e k a s,742
x a ɾ a b e,1411
x a ɾ d i n,20309
x a ɾ d i n e ɾ i a,959
x a ɾ d i n e ɾ o,2898
x a ɾ d i n e s,2400
x a r a,2160
x a r a s,491
x a r o,510
x a r o n,1707
x a u l a,7381
x a u l a s,1271
x a b j e ɾ,1700
x a s m i n,731
x a s s,4455
x e a n s,1485
x e e p,2938
x e f a,9110
x e f a t u ɾ a,1150
x e f e,129932
x e f e s,7014
x e o b a,706
x e n x i b ɾ e,1023
x e k e,1253
x e ɾ a ɾ k i a,677
x e ɾ e s,1218
x e ɾ g a,1034
x e ɾ i n g a,1178
x e ɾ o g l i f i k o s,482
x e ɾ u s a l e n,3112
x e s u k ɾ i s t o,8559
x e s u s,35515
x e t,3665
x e t a,506
x i a d,587
x i n e t e,3379
x i n e t e s,2280
x i ɾ a f a,879
x o k k e i,917
x o d a,3742
x o d a n,6782
x o d a n s e,1180
x o d a s,5575
x o d e,2353
x o d e n,875
x o d e ɾ,34693
x o d e ɾ l o,706
x o d e ɾ m e,3437
x o d e ɾ n o s,754
x o d e ɾ s e,878
x o d e ɾ t e,1253
x o d e s,1237
x o d e t e,11747
x o d i,1056
x o d i d a,9650
x o d i d a m e n t e,4618
x o d i d a s,1523
x o d i d o,20657
x o d i d o s,6034
x o d j e n d o,4695
x o d j e n d o m e,648
x o d j e ɾ o n,798
x o d j o,1747
x o d i s t e,1419
x o d o,640
x o ɾ d a n j a,594
x o ɾ x e,3483
x o ɾ n a d a,2055
x o ɾ o b a,605
x o ɾ o b a d o,889
x o s e,621
x o s e,6361
x o t a,619
x o b e n,92954
x o b e n s i t a,6631
x o b e n s i t a s,1249
x o b e n s i t o,4740
x o b e n s i t o s,576
x o b e n e s,28242
x o i a,3368
x o i a s,9989
x o i e ɾ i a,1990
x o i e ɾ o,804
x w a n,10777
x w a n a,2035
x u b i l a s i o n,1621
x u b i l a d o,1117
x u b i l a ɾ m e,548
x u b i l a ɾ s e,726
x u b i l o,710
x u d i a,3797
x u d i a s,1919
x u d i s i a l,4016
x u d i s i a l e s,513
x u d i o,12261
x u d i o s,13106
x u d o,571
x w e s e s,4394
x w e g a,13201
x w e g a n,4783
x w e g a s,6677
x w e g o,99536
x w e g o s,18735
x w e g e,2220
x w e g e n,1480
x w e g e s,3461
x w e g i t o,656
x w e ɾ g a,1497
x w e b e s,12642
x w e s,28723
x w e s a,1244
x u g a b a,3630
x u g a b a m o s,1257
x u g a b a n,1087
x u g a b a s,795
x u g a d a,6525
x u g a d a s,1301
x u g a d o,5239
x u g a d o ɾ,11087
x u g a d o ɾ a,650
x u g a d o ɾ e s,7104
x u g a m o s,6292
x u g a n d o,29907
x u g a ɾ,68490
x u g a ɾ a,586
x u g a ɾ a,755
x u g a ɾ a s,538
x u g a ɾ e,1564
x u g a ɾ e m o s,1913
x u g a ɾ i a,482
x u g a ɾ l o,730
x u g a ɾ o n,918
x u g a s t e,1545
x u g o,7630
x u g o,2372
x u g o s,553
x u g o s a,654
x u g o s o,1101
x u g e,1994
x u g e m o s,3597
x u g e t e,7113
x u g e t e s,7328
x w i s i o,32616
x w i s i o s,1904
x u l j a,11005
x u l j a n,805
x u l j o,11251
x u n g l a,5074
x u n j o,7936
x u n j o ɾ,6788
x u n t a,11981
x u n t a d o,546
x u n t a m o s,1185
x u n t a n,1126
x u n t a n d o,1111
x u n t a ɾ,3244
x u n t a ɾ n o s,1531
x u n t a ɾ o n,581
x u n t a ɾ s e,1492
x u n t a s,13728
x u n t e n,790
x u n t e n s e,1299
x u n t o,43174
x u n t o,528
x u n t o s,133287
x u p i t e ɾ,2561
x u ɾ a,2796
x u ɾ a d a,812
x u ɾ a d o,18819
x u ɾ a d o s,1283
x u ɾ a l o,1366
x u ɾ a m e,708
x u ɾ a m e l o,696
x u ɾ a m e n t o,6834
x u ɾ a m e n t o s,490
x u ɾ a m o s,907
x u ɾ a ɾ,2138
x u ɾ a ɾ i a,1225
x u ɾ a ɾ l o,580
x u ɾ a s,1494
x u ɾ a s t e,930
x u ɾ e,461
x u ɾ e,2195
x u ɾ i s d i k s i o n,3200
x u ɾ o,44413
x u ɾ o,1869
x u s t a,5217
x u s t a m e n t e,4978
x u s t a s,596
x u s t i s i a,26035
x u s t i f i k a,1605
x u s t i f i k a s i o n,839
x u s t i f i k a d a,452
x u s t i f i k a d o,803
x u s t i f i k a ɾ,1975
x u s t o,118133
x u s t o s,2134
x u b e n i l,2437
x u b e n i l e s,744
x u b e n t u d,8543
x u s g a,1036
x u s g a d a,504
x u s g a d o,5919
x u s g a d o s,1257
x u s g a n,466
x u s g a n d o,1750
x u s g a ɾ,6049
x u s g a ɾ l a,476
x u s g a ɾ l o,1039
x u s g a ɾ m e,1668
x u s g a ɾ t e,663
x u s g o,737
x u s g e,956
x u s g e n,549
x u s g e s,1033
k a i s e ɾ,717
k a ɾ a o k e,1278
k a ɾ a t e,502
k a ɾ m a,2773
k e n j a,612
k e t tʃ u p,1303
k j e b,588
k i l o,3259
k i l o g ɾ a m o s,509
k i l o m e t ɾ o,2581
k i l o m e t ɾ o s,18007
k i l o s,11928
k i m o n o,846
k l a n,753
k o s o b o,464
k u w a i t,669
l a,9957334
l a b e ɾ i n t o,2535
l a b j a,472
l a b j a l,2229
l a b j o,2047
l a b j o s,15074
l a b o ɾ,3327
l a b o ɾ a l,2154
l a b o ɾ a l e s,614
l a b o ɾ a t o ɾ j o,25342
l a b o ɾ a t o ɾ j o s,2020
l a b o ɾ e s,619
l a b ɾ a d o ɾ,571
l a k a i o,704
l a s e ɾ a s i o n e s,497
l a k ɾ i m o x e n o,612
l a k t e a,741
l a k t o s a,503
l a d e ɾ a,796
l a d i j a s,585
l a d o,166640
l a d o s,20207
l a d ɾ a,809
l a d ɾ a n d o,725
l a d ɾ a ɾ,795
l a d ɾ i j o,2507
l a d ɾ i j o s,2503
l a d ɾ o n,18248
l a d ɾ o n a,2185
l a d ɾ o n e s,11057
l a g a ɾ t i x a,658
l a g a ɾ t o,1564
l a g a ɾ t o s,738
l a g o,17356
l a g o s,1500
l a g ɾ i m a,1553
l a g ɾ i m a s,10632
l a g w n a,1882
l a g w n a s,476
l a m a,1243
l a m e,869
l a m e k u l o s,620
l a m e n t a,1804
l a m e n t a b l e,3372
l a m e n t a b l e m e n t e,3973
l a m e n t a m o s,1924
l a m e n t a ɾ,1379
l a m e n t a ɾ a,634
l a m e n t a ɾ a s,982
l a m e n t a ɾ l o,1244
l a m e n t a ɾ s e,679
l a m e n t a ɾ t e,482
l a m e n t a s,1245
l a m e n t e s,564
l a m e n t o,61244
l a m e n t o s,845
l a m e ɾ,1161
l a m j e n d o,475
l a m p a ɾ a,4877
l a m p a ɾ a s,1452
l a n a,11293
l a n s e,5420
l a n s e,919
l a n s e n,1120
l a n tʃ a,2393
l a n tʃ a s,647
l a n g o s t a,2677
l a n g o s t a s,1182
l a n s a,8424
l a n s a d a,807
l a n s a d e ɾ a,1227
l a n s a d o,2579
l a n s a d o ɾ,1265
l a n s a d o s,489
l a n s a l a,1237
l a n s a j a m a s,664
l a n s a l o,756
l a n s a m e,636
l a n s a m j e n t o,8788
l a n s a m j e n t o s,566
l a n s a m o s,843
l a n s a n,845
l a n s a n d o,1712
l a n s a ɾ,7359
l a n s a ɾ a,561
l a n s a ɾ e,565
l a n s a ɾ l a,594
l a n s a ɾ l o,934
l a n s a ɾ m e,995
l a n s a ɾ o n,1250
l a n s a ɾ s e,1073
l a n s a ɾ t e,842
l a n s a s,2191
l a n s a s t e,538
l a n s a t e,649
l a n s o,941
l a n s o,3278
l a p i s e ɾ a,1013
l a p i s e s,1366
l a p i d a,1337
l a p i s,5758
l a p s o,569
l a ɾ a,2585
l a ɾ g a,28389
l a ɾ g a d o,899
l a ɾ g a m o s,1273
l a ɾ g a o s,2251
l a ɾ g a ɾ,755
l a ɾ g a ɾ m e,2507
l a ɾ g a ɾ n o s,2424
l a ɾ g a ɾ s e,2144
l a ɾ g a ɾ t e,2006
l a ɾ g a s,7000
l a ɾ g a t e,31616
l a ɾ g o,58861
l a ɾ g o,1432
l a ɾ g o s,5385
l a ɾ g e,862
l a ɾ g e m o n o s,5676
l a ɾ g e n s e,4585
l a ɾ g e s,705
l a ɾ g e s e,3707
l a ɾ b a s,636
l a s,2225273
l a s a ɲ a,1024
l a s e ɾ,4045
l a s t i m a,22843
l a s t i m a d a,1441
l a s t i m a d o,5093
l a s t i m a n,629
l a s t i m a n d o,1546
l a s t i m a ɾ,5634
l a s t i m a ɾ a,797
l a s t i m a ɾ e,713
l a s t i m a ɾ i a,1121
l a s t i m a ɾ l a,1375
l a s t i m a ɾ l o,1781
l a s t i m a ɾ l o s,822
l a s t i m a ɾ m e,2241
l a s t i m a ɾ n o s,700
l a s t i m a ɾ o n,771
l a s t i m a ɾ s e,850
l a s t i m a ɾ t e,6646
l a s t i m a s,1070
l a s t i m a s t e,1445
l a s t i m e,1867
l a s t i m e,1766
l a s t i m e n,1441
l a s t i m e s,2104
l a s t i m o,607
l a s t i m o,2753
l a s t ɾ e,750
l a t a,7333
l a t a s,3334
l a t e,2985
l a t e n t e,628
l a t e ɾ a l,2048
l a t e ɾ a l e s,643
l a t e k s,505
l a t i d o,1630
l a t i d o s,1549
l a t j e n d o,965
l a t i g a s o s,791
l a t i g o,2156
l a t i n,3482
l a t i n a,1045
l a t i n o,1352
l a t i n o s,900
l a t i ɾ,1239
l a t i t u d,679
l a t o n,503
l a u ɾ a,14595
l a u ɾ e l,1654
l a b a,3593
l a b a b a,479
l a b a b o,2502
l a b a b o s,466
l a b a d e ɾ o,748
l a b a d o,5016
l a b a d o ɾ a,1473
l a b a n,648
l a b a n d a,756
l a b a n d e ɾ i a,3498
l a b a n d o,1712
l a b a p l a t o s,703
l a b a ɾ,6637
l a b a ɾ e,802
l a b a ɾ l e,462
l a b a ɾ l o,861
l a b a ɾ m e,3320
l a b a ɾ s e,2247
l a b a ɾ t e,3040
l a b a s,870
l a b a s t e,514
l a b a t e,3014
l a b e,864
l a b e,869
l a b o,1517
l a b o,591
l a s a ɾ o,830
l a s o,3451
l a s o s,3008
l e,1660203
l e a,6081
l e a l,6338
l e a l a,491
l e a l e s,2333
l e a l o,1467
l e a l t a d,9725
l e a n,1532
l e a s,1789
l e k s i o n,14720
l e k s i o n e s,4873
l e tʃ e,24622
l e tʃ e ɾ o,1220
l e tʃ e s,538
l e tʃ o,2841
l e tʃ u g a,1431
l e tʃ u s a,741
l e k t o ɾ,1248
l e k t o ɾ e s,1715
l e k t u ɾ a,6689
l e k t u ɾ a s,2839
l e e,34162
l e e l a,1425
l e e l o,4074
l e e m e,1143
l e e m e l o,570
l e e m o s,783
l e e n,1545
l e e ɾ,35416
l e e ɾ a,826
l e e ɾ e,2274
l e e ɾ l a,3243
l e e ɾ l a s,1018
l e e ɾ l e,1376
l e e ɾ l o,8755
l e e ɾ l o s,1196
l e e ɾ m e,1192
l e e ɾ t e,1177
l e e s,5178
l e g a d o,3752
l e g a l,15054
l e g a l e s,3850
l e g a l m e n t e,3767
l e x e n d a ɾ j a,824
l e x e n d a ɾ j o,1721
l e x i o n,2155
l e x i o n e s,1346
l e x i s l a s i o n,685
l e x i t i m a,2139
l e x i t i m o,2689
l e x i t i m o s,530
l e g w a s,607
l e i,14214
l e i a,2060
l e i d o,16464
l e i l a,792
l e i m o s,635
l e i s t e,4002
l e x a n a,1648
l e x a n a s,733
l e x a n o,4136
l e x a n o s,949
l e x i a,672
l e x o s,84350
l e m a,2347
l e n a,2511
l e n s e ɾ i a,1115
l e n g w a,20333
l e n g w a x e,9177
l e n g w a s,2312
l e n i n g ɾ a d o,692
l e n t a,4312
l e n t a m e n t e,9510
l e n t a s,563
l e n t e,1258
l e n t e s,5725
l e n t o,11176
l e n t o s,1329
l e ɲ a,3227
l e ɲ a d o ɾ,677
l e o,19493
l e o n,9263
l e o n a,1124
l e o n a ɾ d,10113
l e o n a ɾ d o,1469
l e o n e s,3601
l e o n i d a s,1181
l e o p a ɾ d o,1623
l e o p o l d,799
l e p ɾ a,543
l e p ɾ o s o,566
l e p ɾ o s o s,508
l e s,362308
l e s b j a n a,4700
l e s b j a n a s,2615
l e s j o n,2638
l e s j o n a d o,537
l e s j o n e s,2926
l e t a l,2989
l e t a l e s,790
l e t ɾ a,9828
l e t ɾ a s,7182
l e t ɾ e ɾ o,2522
l e t ɾ e ɾ o s,471
l e t ɾ i n a,694
l e t ɾ i n a s,460
l e u s e m j a,1165
l e b a d u ɾ a,459
l e b a n t a,14950
l e b a n t a b a,844
l e b a n t a d,618
l e b a n t a d a,1817
l e b a n t a d o,5268
l e b a n t a l a,1519
l e b a n t a l o,2684
l e b a n t a m e,544
l e b a n t a m j e n t o,954
l e b a n t a m o s,1064
l e b a n t a n,1286
l e b a n t a n d o,1644
l e b a n t a o s,1586
l e b a n t a ɾ,9266
l e b a n t a ɾ a,565
l e b a n t a ɾ a,1045
l e b a n t a ɾ e,926
l e b a n t a ɾ i a,542
l e b a n t a ɾ l a,1120
l e b a n t a ɾ l e,514
l e b a n t a ɾ l o,1931
l e b a n t a ɾ m e,8195
l e b a n t a ɾ n o s,1330
l e b a n t a ɾ o n,751
l e b a n t a ɾ s e,9207
l e b a n t a ɾ t e,6098
l e b a n t a s,2161
l e b a n t a s t e,1101
l e b a n t a t e,44830
l e b a n t e,5782
l e b a n t e,2620
l e b a n t e m o s,454
l e b a n t e n,4097
l e b a n t e n l o,1256
l e b a n t e n s e,3817
l e b a n t e s,2667
l e b a n t e s e,5266
l e b a n t o,3157
l e b a n t o,3947
l e b e,2650
l e b e s,528
l e k s,10115
l e i,47117
l e i e n d a,10247
l e i e n d a s,2283
l e i e n d o,11966
l e i e ɾ a,988
l e i e ɾ o n,879
l e i e s,15566
l e i o,3908
l i a d o,1036
l i b a n o,751
l i b e l u l a,780
l i b e ɾ a,3033
l i b e ɾ a s i o n,4752
l i b e ɾ a d a,1334
l i b e ɾ a d o,4514
l i b e ɾ a d o ɾ,469
l i b e ɾ a d o s,1409
l i b e ɾ a l,1828
l i b e ɾ a l o,455
l i b e ɾ a m e,1145
l i b e ɾ a m o s,616
l i b e ɾ a n,632
l i b e ɾ a n d o,773
l i b e ɾ a ɾ,6187
l i b e ɾ a ɾ a,899
l i b e ɾ a ɾ e,771
l i b e ɾ a ɾ l a,1238
l i b e ɾ a ɾ l o,1594
l i b e ɾ a ɾ l o s,974
l i b e ɾ a ɾ m e,1929
l i b e ɾ a ɾ n o s,1167
l i b e ɾ a ɾ o n,914
l i b e ɾ a ɾ s e,1564
l i b e ɾ a ɾ t e,2148
l i b e ɾ a s,462
l i b e ɾ a t e,796
l i b e ɾ e,1463
l i b e ɾ e n,1552
l i b e ɾ o,1034
l i b e ɾ o,1585
l i b e ɾ t a d,43297
l i b e ɾ t a d e s,1552
l i b j a,721
l i b i d o,463
l i b ɾ a,3058
l i b ɾ a d o,1468
l i b ɾ a n o s,1382
l i b ɾ a ɾ,1382
l i b ɾ a ɾ a,463
l i b ɾ a ɾ m e,3213
l i b ɾ a ɾ n o s,1703
l i b ɾ a ɾ s e,3950
l i b ɾ a ɾ t e,2562
l i b ɾ a s,16177
l i b ɾ a t e,595
l i b ɾ e,68911
l i b ɾ e m e n t e,2726
l i b ɾ e ɾ i a,2278
l i b ɾ e s,14704
l i b ɾ e t a,2148
l i b ɾ e t o,482
l i b ɾ o,74150
l i b ɾ o,537
l i b ɾ o s,33774
l i s e n s i a,13605
l i s e n s i a d o,962
l i s e n s i a s,872
l i s e n s i a t u ɾ a,501
l i s e o,476
l i k o ɾ,5501
l i k o ɾ e ɾ i a,754
l i k o ɾ e s,971
l i d e ɾ,20390
l i d e ɾ a,737
l i d e ɾ a n d o,465
l i d e ɾ a ɾ,1118
l i d e ɾ a s g o,2651
l i d e ɾ e s,801
l i d e ɾ e s,5892
l i d j a,740
l i d j a n d o,1612
l i d j a ɾ,6236
l i d o k a i n a,458
l j e b ɾ e,1400
l j e n s o,835
l i g a,6984
l i g a d a,522
l i g a d o,1108
l i g a ɾ,1649
l i g a s,1775
l i x e ɾ a,4861
l i x e ɾ a m e n t e,2531
l i x e ɾ a s,550
l i x e ɾ o,5037
l i x e ɾ o s,802
l i g e,452
l i l a,3325
l i l a s,648
l i m a,2181
l i m b o,1027
l i m e,655
l i m i t a,944
l i m i t a s i o n e s,1242
l i m i t a d a,1952
l i m i t a d a s,598
l i m i t a d o,2400
l i m i t a d o s,669
l i m i t a ɾ,806
l i m i t a t e,829
l i m i t e,1325
l i m i t e,10681
l i m i t e s,1058
l i m i t e s,7676
l i m o,632
l i m o n,4132
l i m o n a d a,2659
l i m o n e s,1089
l i m o s n a,1500
l i m p j a,16030
l i m p j a b a,803
l i m p j a d o,2240
l i m p j a d o ɾ,1211
l i m p j a d o ɾ e s,472
l i m p j a l o,1378
l i m p j a m e n t e,582
l i m p j a m o s,793
l i m p j a n,813
l i m p j a n d o,4245
l i m p j a ɾ,17344
l i m p j a ɾ a,524
l i m p j a ɾ e,1389
l i m p j a ɾ e m o s,499
l i m p j a ɾ l a,1308
l i m p j a ɾ l e,604
l i m p j a ɾ l o,3149
l i m p j a ɾ m e,1297
l i m p j a ɾ o n,585
l i m p j a ɾ s e,1018
l i m p j a ɾ t e,2232
l i m p j a s,3922
l i m p j a s t e,667
l i m p j a t e,1826
l i m p j e,1785
l i m p j e,1072
l i m p j e n,1372
l i m p j e s,604
l i m p j e s a,8332
l i m p j o,21868
l i m p j o,1065
l i m p j o s,3577
l i m u s i n a,2722
l i m u s i n a s,554
l i n a x e,1815
l i n d a,39927
l i n d a s,4666
l i n d o,41706
l i n d o s,4660
l i n e a,50000
l i n e a s,12138
l i n f o m a,629
l i n g o t e s,775
l i n o,920
l i n t e ɾ n a,4836
l i n t e ɾ n a s,1436
l i o,14031
l i o s,5669
l i k i d a,724
l i k i d a s i o n,822
l i k i d a d o,585
l i k i d a ɾ,1293
l i k i d a ɾ l o,570
l i k i d o,679
l i k i d o,4539
l i k i d o s,1037
l i ɾ a,529
l i ɾ a s,4347
l i ɾ j o,507
l i ɾ j o s,723
l i s a,16443
l i s b o a,1069
l i s j a d o,1563
l i s j a d o s,463
l i s o,592
l i s t a,92147
l i s t a d o,643
l i s t a s,7435
l i s t i j o,906
l i s t o,116037
l i s t o s,45136
l i t e ɾ a,1260
l i t e ɾ a l,773
l i t e ɾ a l m e n t e,7021
l i t e ɾ a ɾ j a,634
l i t e ɾ a ɾ j o,718
l i t e ɾ a s,550
l i t e ɾ a t u ɾ a,4325
l i t j o,471
l i t ɾ o,1608
l i t ɾ o s,3822
l i b e ɾ p o o l,1189
l i b j a n a,645
l i b j a n o,991
j a m a,120175
j a m a b a,20050
j a m a b a m o s,1082
j a m a b a n,4937
j a m a b a s,1646
j a m a d,1049
j a m a d a,61727
j a m a d a s,19970
j a m a d m e,691
j a m a d o,67430
j a m a d o s,3650
j a m a i s,839
j a m a l a,3496
j a m a l e,1726
j a m a l o,6468
j a m a l o s,1762
j a m a m e,40681
j a m a m o s,12683
j a m a n,31841
j a m a n d o,18618
j a m a n d o l a,526
j a m a n d o l o,681
j a m a n d o m e,1972
j a m a n d o t e,1398
j a m a n o s,1294
j a m a ɾ,70644
j a m a ɾ a,3554
j a m a ɾ a,4663
j a m a ɾ a n,806
j a m a ɾ a n,1564
j a m a ɾ a s,1901
j a m a ɾ a s,2060
j a m a ɾ e,31126
j a m a ɾ e m o s,4458
j a m a ɾ i a,5159
j a m a ɾ i a n,748
j a m a ɾ i a s,1344
j a m a ɾ l a,10177
j a m a ɾ l a s,624
j a m a ɾ l e,6143
j a m a ɾ l e s,1018
j a m a ɾ l o,15980
j a m a ɾ l o s,3481
j a m a ɾ m e,26356
j a m a ɾ n o s,2487
j a m a ɾ o n,9458
j a m a ɾ s e,3081
j a m a ɾ t e,18456
j a m a s,43292
j a m a s t e,13319
j a m a t i b o,778
j a m e,26154
j a m e,19621
j a m e l a,515
j a m e l o,1706
j a m e l o s,493
j a m e m e,8956
j a m e m o s,1811
j a m e m o s l o,616
j a m e n,8530
j a m e n m e,2660
j a m e n o s,1062
j a m e s,10877
j a m o,61641
j a m o,40942
j a n o,668
j a n t a,1093
j a n t a s,1799
j a n t o,2059
j a n t o s,626
j a n u ɾ a,831
j a n u ɾ a s,686
j a b e,37933
j a b e ɾ o,638
j a b e s,27779
j e g a,40039
j e g a b a,3501
j e g a b a n,1190
j e g a d a,8745
j e g a d o,54427
j e g a d o s,899
j e g a m o s,25884
j e g a n,12597
j e g a n d o,12615
j e g a ɾ,114664
j e g a ɾ a,6421
j e g a ɾ a,16537
j e g a ɾ a m o s,600
j e g a ɾ a n,1723
j e g a ɾ a n,5089
j e g a ɾ a s,1606
j e g a ɾ a s,3513
j e g a ɾ e,6030
j e g a ɾ e m o s,9374
j e g a ɾ i a,3512
j e g a ɾ i a m o s,674
j e g a ɾ i a n,518
j e g a ɾ i a s,940
j e g a ɾ o n,15421
j e g a s,13661
j e g a s e,876
j e g a s t e,12969
j e g o,17243
j e g o,53166
j e g e,30663
j e g e,20799
j e g e m o s,7823
j e g e n,7665
j e g e s,6216
j e n a,27090
j e n a b a,484
j e n a d o,1490
j e n a l a,516
j e n a l o,904
j e n a m o s,519
j e n a n,1270
j e n a n d o,1503
j e n a ɾ,6166
j e n a ɾ a,547
j e n a ɾ l a,721
j e n a ɾ l o,1212
j e n a ɾ m e,456
j e n a ɾ o n,694
j e n a ɾ s e,674
j e n a ɾ t e,532
j e n a s,4711
j e n e,1507
j e n e,654
j e n e n,687
j e n o,32778
j e n o,1657
j e n o s,5994
j e b a,77357
j e b a b a,20958
j e b a b a m o s,1365
j e b a b a n,3777
j e b a b a s,2000
j e b a d,513
j e b a d a,1259
j e b a d l a,537
j e b a d l e,710
j e b a d l o,1003
j e b a d m e,837
j e b a d o,18799
j e b a d o s,1263
j e b a i s,1683
j e b a l a,5606
j e b a l a s,547
j e b a l e,2534
j e b a l o,7142
j e b a l o s,2328
j e b a m e,18625
j e b a m o s,18232
j e b a n,22427
j e b a n d o,11505
j e b a n d o l a,477
j e b a n d o l o,659
j e b a n d o m e,621
j e b a n d o s e,1322
j e b a n d o t e,548
j e b a n o s,3162
j e b a o s,768
j e b a o s l o,2276
j e b a ɾ,67246
j e b a ɾ a,5226
j e b a ɾ a,19286
j e b a ɾ a n,1590
j e b a ɾ a n,4241
j e b a ɾ a s,1235
j e b a ɾ a s,4230
j e b a ɾ e,26889
j e b a ɾ e m o s,8232
j e b a ɾ i a,6157
j e b a ɾ i a n,758
j e b a ɾ i a s,1107
j e b a ɾ l a,17041
j e b a ɾ l a s,2032
j e b a ɾ l e,7605
j e b a ɾ l e s,1559
j e b a ɾ l o,22606
j e b a ɾ l o s,6896
j e b a ɾ m e,24274
j e b a ɾ m e l a,1349
j e b a ɾ m e l o,2155
j e b a ɾ m e l o s,531
j e b a ɾ n o s,10277
j e b a ɾ n o s l a,540
j e b a ɾ n o s l o,903
j e b a ɾ o n,16288
j e b a ɾ o s,1170
j e b a ɾ s e,11619
j e b a ɾ s e l a,2517
j e b a ɾ s e l a s,549
j e b a ɾ s e l o,4527
j e b a ɾ s e l o s,978
j e b a ɾ t e,28558
j e b a ɾ t e l a,1047
j e b a ɾ t e l o,1990
j e b a s,31965
j e b a s e,643
j e b a s e l o,1039
j e b a s t e,4528
j e b a t e,13189
j e b a t e l a,4226
j e b a t e l a s,589
j e b a t e l o,8507
j e b a t e l o s,1778
j e b e,21996
j e b e,7912
j e b e l a,1092
j e b e l o,1831
j e b e l o s,597
j e b e m e,3613
j e b e m o s,2472
j e b e m o s l a,801
j e b e m o s l e,464
j e b e m o s l o,1573
j e b e n,7970
j e b e n l a,1439
j e b e n l o,4631
j e b e n l o s,1155
j e b e n m e,1989
j e b e n o s,1374
j e b e n s e,2811
j e b e n s e l a,1884
j e b e n s e l o s,1446
j e b e s,5712
j e b e s e,3128
j e b e s e l a,1232
j e b e s e l o,2851
j e b e s e l o s,640
j e b o,50226
j e b o,32999
j o ɾ a,5712
j o ɾ a b a,2044
j o ɾ a d o,1304
j o ɾ a m o s,782
j o ɾ a n,1888
j o ɾ a n d o,13959
j o ɾ a ɾ,22789
j o ɾ a ɾ e,454
j o ɾ a s,3046
j o ɾ a s t e,688
j o ɾ e,1535
j o ɾ e,2023
j o ɾ e n,591
j o ɾ e s,7539
j o ɾ i k e a ɾ,854
j o ɾ o,2378
j o ɾ o,1917
j o ɾ o n,1382
j o ɾ o n a,745
j o b e ɾ,3905
j o b e ɾ a,619
j o b i a,985
j o b i d o,465
j o b j e n d o,3509
j o b j o,653
j w e b a,1210
j w e b e,4124
j u b j a,18252
j u b j a s,1603
j u b j o s o,476
l o,6536686
l o b o,13181
l o b o s,5459
l o b u l o,1383
l o k a,51361
l o k a s i o n,567
l o k a l,18542
l o k a l e s,6811
l o k a l i s a,626
l o k a l i s a s i o n,2859
l o k a l i s a d a,577
l o k a l i s a d o,2940
l o k a l i s a d o ɾ,1120
l o k a l i s a m o s,744
l o k a l i s a ɾ,4495
l o k a l i s a ɾ l a,1060
l o k a l i s a ɾ l e,658
l o k a l i s a ɾ l o,1972
l o k a l i s a ɾ l o s,582
l o k a l i s a ɾ m e,620
l o k a l i s a ɾ t e,1246
l o k a m e n t e,1633
l o k a s,5184
l o s i o n,1138
l o k o,123600
l o k o m o t o ɾ a,1099
l o k o s,24742
l o k u ɾ a,39815
l o k u ɾ a s,2585
l o d o,2574
l o f t,608
l o x i k a,6844
l o x i k a m e n t e,668
l o x i k o,5143
l o x i s t i k a,544
l o g o,1018
l o g ɾ a,3817
l o g ɾ a b a,619
l o g ɾ a d o,8182
l o g ɾ a m o s,7941
l o g ɾ a n,1479
l o g ɾ a n d o,879
l o g ɾ a ɾ,11730
l o g ɾ a ɾ a,453
l o g ɾ a ɾ a,1940
l o g ɾ a ɾ a n,588
l o g ɾ a ɾ a s,1650
l o g ɾ a ɾ e,1046
l o g ɾ a ɾ e m o s,2746
l o g ɾ a ɾ i a,676
l o g ɾ a ɾ l o,9778
l o g ɾ a ɾ o n,2492
l o g ɾ a s,2136
l o g ɾ a s t e,5612
l o g ɾ e,2033
l o g ɾ e,5109
l o g ɾ e m o s,617
l o g ɾ e s,595
l o g ɾ o,7221
l o g ɾ o,7382
l o g ɾ o s,1903
l o l a,3464
l o l i t a,957
l o m a,662
l o m b a ɾ d o,637
l o m b ɾ i s e s,538
l o m b ɾ i s,842
l o m o,1180
l o n a,1570
l o n d ɾ e s,30125
l o n x i t u d,1665
l o p e s,1706
l o k e ɾ o,841
l o ɾ d,18156
l o ɾ e n s o,2700
l o ɾ o,1893
l o s,3488297
l o s e,473
l o t,1244
l o t e,2924
l o t e ɾ i a,4914
l o t o,878
l o w i s j a n a,1403
l o u b ɾ e,777
l u b ɾ i k a n t e,965
l u k a s,9999
l u s e,8690
l u s e n,1795
l u s e s,31562
l u tʃ a,23867
l u tʃ a b a,855
l u tʃ a b a n,516
l u tʃ a d o,2970
l u tʃ a d o ɾ,3549
l u tʃ a d o ɾ a,642
l u tʃ a d o ɾ e s,1913
l u tʃ a m o s,2913
l u tʃ a n,2105
l u tʃ a n d o,9436
l u tʃ a ɾ,23547
l u tʃ a ɾ a,577
l u tʃ a ɾ a n,529
l u tʃ a ɾ e,1274
l u tʃ a ɾ e m o s,1356
l u tʃ a ɾ o n,1309
l u tʃ a s,2285
l u tʃ a s t e,652
l u tʃ e,960
l u tʃ e,1573
l u tʃ e m o s,732
l u tʃ e n,950
l u tʃ e s,658
l u tʃ o,1327
l u tʃ o,2385
l u s i a,2069
l u s i d o,598
l u s i e n d o,523
l u s i e ɾ n a g a s,488
l u s i f e ɾ,1807
l u s i n d a,1034
l u s i ɾ,2371
l u s i s t e,453
l u k ɾ a t i b o,608
l u k ɾ e s i a,813
l u k ɾ o,643
l w e g o,259585
l u g a ɾ,293379
l u g a ɾ e ɲ o s,548
l u g a ɾ e s,22758
l u g a ɾ t e n j e n t e,576
l u g w b ɾ e,479
l w i x i,1774
l u i s,4949
l w i s a,2042
l w i s j a n a,780
l u x o,7660
l u x o s,685
l u x o s a,535
l u x o s o,1187
l u x u ɾ j a,1996
l u m b a ɾ,724
l u m i n o s a,602
l u m i n o s o,892
l u n a,39084
l u n a ɾ,3910
l u n a ɾ e s,780
l u n a s,1540
l u n a t i k a,553
l u n a t i k o,2843
l u n a t i k o s,813
l u n e s,17104
l u p a,618
l u p i n,919
l u p u s,849
l u t e ɾ o,677
l u t o,2589
l u k s e m b u ɾ g o,475
l u s,86433
l u s k a,597
l u s k o,1505
m a b e l,1191
m a k a b ɾ o,545
m a k a r o n e s,1105
m a s e d o n j a,762
m a s e t a,496
m a tʃ a k a ɾ,543
m a tʃ e t e,1415
m a tʃ i s t a,479
m a tʃ o,6529
m a tʃ o s,1705
m a tʃ o t e,473
m a s i s o,614
m a d a g a s k a ɾ,589
m a d e ɾ a,14419
m a d ɾ a s t ɾ a,1855
m a d ɾ e,283712
m a d ɾ e s,7892
m a d ɾ i d,2532
m a d ɾ i g e ɾ a,859
m a d ɾ i n a,1892
m a d ɾ u g a d a,3683
m a d ɾ u g a ɾ,634
m a d u ɾ a,3357
m a d u ɾ a d o,803
m a d u ɾ a ɾ,1429
m a d u ɾ a s,740
m a d u ɾ e s,1392
m a d u ɾ o,2577
m a d u ɾ o s,794
m a e s e,641
m a e s t ɾ a,10444
m a e s t ɾ a s,746
m a e s t ɾ i a,849
m a e s t ɾ o,48359
m a e s t ɾ o s,5127
m a f j a,7049
m a f j o s o,1623
m a f j o s o s,1133
m a g a j a n e s,476
m a g a s i n e,473
m a g d a l e n a,1425
m a g d a l e n a s,693
m a x i a,19572
m a x i k a,5328
m a x i k a m e n t e,507
m a x i k a s,1523
m a x i k o,6341
m a x i k o s,1608
m a x i s t ɾ a d o,2125
m a g m a,466
m a g n a t e,1028
m a g n e s j o,667
m a g n e t i k a,1497
m a g n e t i k a s,499
m a g n e t i k o,1456
m a g n e t i k o s,526
m a g n e t i s m o,514
m a g n i f i k a,4610
m a g n i f i k a s,735
m a g n i f i k o,1553
m a g n i f i k o,10996
m a g n i f i k o s,1181
m a g n i t u d,1425
m a g n o,505
m a g o,9311
m a g o s,2427
m a o m a,660
m a i l,882
m a i s,6520
m a x a,733
m a x e s t a d,34805
m a x e s t u o s o,521
m a x o,945
m a l,246497
m a l a,66403
m a l a ɾ j a,1203
m a l a s,24252
m a l a s j a,644
m a l k ɾ i a d a,520
m a l k ɾ i a d o,821
m a l d a d,5496
m a l d e s i d o,468
m a l d e s i ɾ,1047
m a l d i s i e n d o,474
m a l d i s i o n,51379
m a l d i s i o n e s,745
m a l d i g o,1087
m a l d i x o,519
m a l d i t a,92391
m a l d i t a s,7606
m a l d i t o,87830
m a l d i t o s,20894
m a l e a n t e s,520
m a l e d u k a d a,524
m a l e d u k a d o,1340
m a l e n t e n d i d o,4941
m a l e n t e n d i d o s,529
m a l e s,1470
m a l e s t a ɾ,911
m a l e t a,12126
m a l e t a s,8745
m a l e t e ɾ o,3479
m a l e t i n,6706
m a l e s a,804
m a l g a s t a d o,457
m a l g a s t a n d o,544
m a l g a s t a ɾ,946
m a l g a s t e s,485
m a l e ɾ i d o,1014
m a l u m o ɾ a d o,619
m a l i b u,1039
m a l i s i a,841
m a l i g n a,947
m a l i g n o,2310
m a l i g n o s,797
m a l i n t e ɾ p ɾ e t e,510
m a l i n t e ɾ p ɾ e t e s,1542
m a l i s i m o,797
m a j a,774
m a j a s,648
m a l o,97432
m a l o s,20001
m a l t a,1028
m a l t e a d a,605
m a l t ɾ a t a d o,552
m a l t ɾ a t o,516
m a l b a d a,3677
m a l b a d a s,561
m a l b a d o,7654
m a l b a d o s,2592
m a l b a b i s k o,453
m a l b a b i s k o s,773
m a m a,254635
m a m a d a,1797
m a m a d a s,631
m a m a ɾ,533
m a m a s,1373
m a m b o,701
m a m i,21316
m a m i f e ɾ o,460
m a m i f e ɾ o s,855
m a m i t a,1689
m a m o n,1533
m a m u t,666
m a n a d a,3588
m a n a x e ɾ,635
m a n a n t j a l,1134
m a n tʃ a,6294
m a n tʃ a d a,565
m a n tʃ a d o,1462
m a n tʃ a ɾ,668
m a n tʃ a s,4477
m a n tʃ e s t e ɾ,1949
m a n tʃ u ɾ j a,478
m a n k o,630
m a n d a,12480
m a n d a b a,860
m a n d a d o,5681
m a n d a d o s,593
m a n d a l a,556
m a n d a l e,1143
m a n d a l o,1091
m a n d a m e,1889
m a n d a m j e n t o,601
m a n d a m j e n t o s,1228
m a n d a m o s,1896
m a n d a n,3056
m a n d a n d o,1778
m a n d a ɾ,9273
m a n d a ɾ a,504
m a n d a ɾ a,916
m a n d a ɾ a n,797
m a n d a ɾ e,3447
m a n d a ɾ e m o s,895
m a n d a ɾ i a,877
m a n d a ɾ l a,1169
m a n d a ɾ l e,1759
m a n d a ɾ l o,2189
m a n d a ɾ l o s,901
m a n d a ɾ m e,2519
m a n d a ɾ n o s,868
m a n d a ɾ o n,3534
m a n d a ɾ t e,1881
m a n d a s,2237
m a n d a s t e,2117
m a n d a t o,1718
m a n d e,3768
m a n d e,4510
m a n d e m e,697
m a n d e n,2433
m a n d e s,735
m a n d i b u l a,2768
m a n d i b u l a s,489
m a n d o,27878
m a n d o,9748
m a n d o s,948
m a n e x a,5458
m a n e x a b a,1317
m a n e x a d o,1384
m a n e x a m o s,810
m a n e x a n,1128
m a n e x a n d o,4569
m a n e x a ɾ,17965
m a n e x a ɾ e,666
m a n e x a ɾ l a,1060
m a n e x a ɾ l o,8959
m a n e x a ɾ l o s,510
m a n e x a ɾ m e,483
m a n e x a ɾ s e,472
m a n e x a s,1816
m a n e x a s t e,628
m a n e x e,1542
m a n e x e,648
m a n e x o,4777
m a n e x o,665
m a n e ɾ a,130504
m a n e ɾ a s,13731
m a n g a,3361
m a n g a s,1469
m a n g o,1965
m a n g o s,982
m a n g e ɾ a,2253
m a n g e ɾ a s,530
m a n a t t a n,6456
m a n i a,1310
m a n i a k o,1557
m a n j a t i k o,985
m a n i k o m j o,3709
m a n i k u ɾ a,1086
m a n i f e s t a s i o n,2143
m a n i f e s t a s i o n e s,980
m a n i f e s t a n t e s,1141
m a n i f e s t a ɾ s e,734
m a n i f j e s t a,725
m a n i f j e s t o,1766
m a n i x a,608
m a n i l a,530
m a n i o b ɾ a,2849
m a n i o b ɾ a ɾ,649
m a n i o b ɾ a s,2007
m a n i p u l a s i o n,1357
m a n i p u l a d o,994
m a n i p u l a d o ɾ,669
m a n i p u l a d o ɾ a,458
m a n i p u l a n d o,878
m a n i p u l a ɾ,1989
m a n i p u l a ɾ m e,558
m a n i p u l o,510
m a n i k i,906
m a n i t a s,723
m a n i b e l a,569
m a n x a ɾ,484
m a n o,131408
m a n o x o,843
m a n o l o,592
m a n o s,132336
m a n s j o n,4960
m a n t a,4591
m a n t a s,2161
m a n t e k a,1955
m a n t e l,838
m a n t e n,12111
m a n t e n d ɾ a,3194
m a n t e n d ɾ a n,727
m a n t e n d ɾ a s,690
m a n t e n d ɾ e,3683
m a n t e n d ɾ e m o s,2245
m a n t e n d ɾ i a,977
m a n t e n e d,873
m a n t e n e m o s,2619
m a n t e n e o s,690
m a n t e n e ɾ,36118
m a n t e n e ɾ l a,5601
m a n t e n e ɾ l a s,686
m a n t e n e ɾ l e,846
m a n t e n e ɾ l o,11182
m a n t e n e ɾ l o s,3750
m a n t e n e ɾ m e,7557
m a n t e n e ɾ n o s,5524
m a n t e n e ɾ s e,7567
m a n t e n e ɾ t e,9033
m a n t e n g a,7659
m a n t e n g a l o,1376
m a n t e n g a m e,962
m a n t e n g a m o n o s,470
m a n t e n g a m o s,1319
m a n t e n g a m o s l o,458
m a n t e n g a n,7105
m a n t e n g a n l o,872
m a n t e n g a n s e,5151
m a n t e n g a s,1639
m a n t e n g a s e,3681
m a n t e n g o,3553
m a n t e n i a,1942
m a n t e n i a n,479
m a n t e n i d o,3876
m a n t e n j e n d o,2686
m a n t e n i m j e n t o,4075
m a n t e n l a,2310
m a n t e n l o,6201
m a n t e n l o s,1365
m a n t e n m e,2034
m a n t e n t e,15953
m a n t e k i j a,6907
m a n t j e n e,13360
m a n t j e n e n,4011
m a n t j e n e s,2720
m a n t i s,616
m a n t o,1396
m a n t u b e,1732
m a n t u b j e ɾ a,839
m a n t u b j e ɾ a s,474
m a n t u b j e ɾ o n,842
m a n t u b i m o s,505
m a n t u b i s t e,742
m a n t u b o,3713
m a n u,684
m a n w a l,6272
m a n w a l e s,1003
m a n w a l m e n t e,1194
m a n w e l,3026
m a n w e l a,831
m a n u s k ɾ i t o,1768
m a n u s k ɾ i t o s,619
m a n s a n a,8849
m a n s a n a s,6122
m a ɲ a n a,308595
m a ɲ a n a s,4231
m a p a,19061
m a p a tʃ e,1486
m a p a tʃ e s,616
m a p a s,3479
m a k e t a,908
m a k i j a x e,6808
m a k i n a,3236
m a k i n a,30004
m a k i n a ɾ j a,2055
m a k i n a s,1201
m a k i n a s,12221
m a k i n i s t a,883
m a ɾ,40457
m a ɾ a t o n,1560
m a ɾ a b i j a,12396
m a ɾ a b i j a s,4020
m a ɾ a b i j o s a,19329
m a ɾ a b i j o s a m e n t e,1644
m a ɾ a b i j o s a s,3215
m a ɾ a b i j o s o,43811
m a ɾ a b i j o s o s,3257
m a ɾ k a,19825
m a ɾ k a d a,1273
m a ɾ k a d a s,520
m a ɾ k a d o,3828
m a ɾ k a d o ɾ,2406
m a ɾ k a d o ɾ e s,594
m a ɾ k a d o s,1000
m a ɾ k a n,648
m a ɾ k a n d o,1182
m a ɾ k a p a s o s,563
m a ɾ k a ɾ,4113
m a ɾ k a s,10564
m a ɾ s e l o,932
m a ɾ tʃ a,29670
m a ɾ tʃ a b a,692
m a ɾ tʃ a d o,3293
m a ɾ tʃ a m o s,1699
m a ɾ tʃ a n,1532
m a ɾ tʃ a n d o,2325
m a ɾ tʃ a o s,4134
m a ɾ tʃ a ɾ,6803
m a ɾ tʃ a ɾ a,631
m a ɾ tʃ a ɾ a,660
m a ɾ tʃ a ɾ e,1045
m a ɾ tʃ a ɾ e m o s,677
m a ɾ tʃ a ɾ m e,8143
m a ɾ tʃ a ɾ n o s,3131
m a ɾ tʃ a ɾ o n,958
m a ɾ tʃ a ɾ o s,828
m a ɾ tʃ a ɾ s e,10111
m a ɾ tʃ a ɾ t e,5301
m a ɾ tʃ a s,2283
m a ɾ tʃ a s t e,574
m a ɾ tʃ a t e,5246
m a ɾ tʃ e,2450
m a ɾ tʃ e,756
m a ɾ tʃ e m o n o s,678
m a ɾ tʃ e n,2187
m a ɾ tʃ e n s e,1325
m a ɾ tʃ e s,1068
m a ɾ tʃ e s e,2318
m a ɾ tʃ o,4178
m a ɾ tʃ o,4733
m a ɾ s i a l,2039
m a ɾ s i a l e s,2719
m a ɾ s i a n o,1099
m a ɾ s i a n o s,1045
m a ɾ k o,8812
m a ɾ k o,1377
m a ɾ k o s,4598
m a ɾ e a,3966
m a ɾ e a d a,1409
m a ɾ e a d o,2304
m a ɾ e a n d o,509
m a ɾ e a s,817
m a ɾ e o,1374
m a ɾ e o s,814
m a ɾ e s,2812
m a ɾ f i l,1258
m a ɾ g a,890
m a ɾ g a ɾ i t a,2635
m a ɾ g a ɾ i t a s,1524
m a ɾ x e n,4944
m a ɾ i,805
m a ɾ i a,20448
m a ɾ j a n,1556
m a ɾ j a n a,533
m a ɾ j a n o,505
m a ɾ i k a,7118
m a ɾ i k a s,2557
m a ɾ i k o n,7282
m a ɾ i k o n e s,2167
m a ɾ i d o,71069
m a ɾ i d o s,2741
m a ɾ j e,9634
m a ɾ i w a n a,7138
m a ɾ i n a,13326
m a ɾ i n a s,1188
m a ɾ i n e,2777
m a ɾ i n e ɾ o,5000
m a ɾ i n e ɾ o s,2982
m a ɾ i n e s,5102
m a ɾ i n o,3630
m a ɾ i n o s,1756
m a ɾ j o,4022
m a ɾ j o n e t a,1428
m a ɾ j o n e t a s,1196
m a ɾ i p o s a,3760
m a ɾ i p o s a s,2094
m a ɾ i k i t a,1641
m a ɾ i k i t a s,464
m a ɾ i s a,1158
m a ɾ i s k a l,3434
m a ɾ i s k o,512
m a ɾ i s k o s,815
m a ɾ i s s a,2503
m a ɾ i t i m o,493
m a ɾ m o l,1615
m a ɾ m o t a,729
m a ɾ k e,1082
m a ɾ k e,615
m a ɾ k e s,2681
m a ɾ k e s a,1255
m a r o n,3975
m a r o n e s,1413
m a r w e k o s,1401
m a ɾ t a,3063
m a ɾ t e,6012
m a ɾ t e s,12715
m a ɾ t i j o,5429
m a ɾ t i j o s,500
m a ɾ t i n,2634
m a ɾ t i n e s,1341
m a ɾ t i n i,3413
m a ɾ t i n i s,1114
m a ɾ t i ɾ,1857
m a ɾ t i ɾ e s,806
m a ɾ t i ɾ j o,466
m a ɾ i l a n d,1582
m a ɾ s o,5984
m a s,152818
m a s,1608542
m a s a,7570
m a s a k ɾ a d o s,508
m a s a k ɾ e,4044
m a s a x e,4777
m a s a x e s,1901
m a s a x i s t a,1462
m a s a s,2852
m a s k a ɾ,1732
m a s k a ɾ a,9268
m a s k a ɾ a s,2986
m a s k a ɾ i j a,463
m a s k o t a,4696
m a s k o t a s,3018
m a s k u l i n a,1681
m a s k u l i n o,2795
m a s k u l i n o s,716
m a s i b a,3300
m a s i b a s,487
m a s i b o,1713
m a s o n,5862
m a s o n e s,613
m a s o k i s t a,521
m a s t i k a,633
m a s t i k a ɾ,1118
m a s t i l,1104
m a s t u ɾ b a s i o n,974
m a s t u ɾ b a n d o s e,472
m a s t u ɾ b a ɾ m e,676
m a s t u ɾ b a ɾ s e,1353
m a s t u ɾ b a ɾ t e,734
m a t a,22982
m a t a b a,1808
m a t a b a n,927
m a t a d e ɾ o,1621
m a t a d l e,586
m a t a d l o,792
m a t a d o,32983
m a t a d o ɾ,850
m a t a l a,2974
m a t a l e,1122
m a t a l o,10766
m a t a l o s,3032
m a t a m e,8718
m a t a m o s,6139
m a t a n,10351
m a t a n d o,14446
m a t a n d o l o,692
m a t a n d o m e,1004
m a t a n d o n o s,456
m a t a n d o s e,680
m a t a n d o t e,592
m a t a n s a,3335
m a t a n s a s,776
m a t a ɾ,95694
m a t a ɾ a,3884
m a t a ɾ a,11032
m a t a ɾ a n,3370
m a t a ɾ a n,7831
m a t a ɾ a s,1131
m a t a ɾ a s,2679
m a t a ɾ e,18630
m a t a ɾ e m o s,2427
m a t a ɾ i a,9150
m a t a ɾ i a n,2029
m a t a ɾ i a s,1162
m a t a ɾ l a,13330
m a t a ɾ l a s,1014
m a t a ɾ l e,7133
m a t a ɾ l e s,815
m a t a ɾ l o,32933
m a t a ɾ l o s,10526
m a t a ɾ m e,44292
m a t a ɾ n o s,11992
m a t a ɾ o n,21598
m a t a ɾ s e,4096
m a t a ɾ t e,33055
m a t a s,7022
m a t a s t e,19590
m a t e,13375
m a t e,19835
m a t e l o,810
m a t e m a t i k a,1995
m a t e m a t i k a s,6590
m a t e m a t i k o,1172
m a t e m a t i k o s,468
m a t e m e,1023
m a t e m o s,1437
m a t e n,10668
m a t e n l a,620
m a t e n l o,3440
m a t e n l o s,2637
m a t e n m e,772
m a t e o,1523
m a t e ɾ,798
m a t e ɾ j a,6414
m a t e ɾ j a l,15214
m a t e ɾ j a l e s,3545
m a t e ɾ j a s,786
m a t e ɾ n a,749
m a t e ɾ n a l,847
m a t e ɾ n i d a d,1516
m a t e s,5879
m a t i a s,541
m a t i l d a,707
m a t i n a l,637
m a t o,16242
m a t o,51014
m a t o n,3261
m a t o n e s,3355
m a t ɾ i k u l a,4337
m a t ɾ i k u l a s,547
m a t ɾ i m o n j a l,1543
m a t ɾ i m o n j a l e s,535
m a t ɾ i m o n j o,39114
m a t ɾ i m o n j o s,2232
m a t ɾ i s,2393
m a t u t i n a,473
m a t u t i n o,766
m a u s o l e o,581
m a k s i m a,6480
m a k s i m o,14329
m a i a,5599
m a i o,8778
m a i o n e s a,1668
m a i o ɾ,93808
m a i o ɾ d o m o,3101
m a i o ɾ e s,12308
m a i o ɾ i a,35764
m a i o ɾ m e n t e,1753
m a i u s k u l a,574
m a s m o r a,602
m a s m o r a s,474
m a s o,1228
m e,4460456
m e a d a,458
m e a d o,780
m e a n d o,907
m e a ɾ,3912
m e k a,1040
m e k a n i k a,2271
m e k a n i k o,4571
m e k a n i k o s,1188
m e k a n i s m o,3573
m e k a n i s m o s,680
m e s e d o ɾ a,485
m e tʃ a,1041
m e tʃ e ɾ o,711
m e tʃ o n,713
m e d a j a,6617
m e d a j a s,2339
m e d a j o n,1558
m e d j a,46095
m e d i a,817
m e d j a d o ɾ,510
m e d j a d o s,1182
m e d j a n a,1777
m e d j a n o,1116
m e d j a n o tʃ e,12084
m e d j a n o s,483
m e d j a n t e,3765
m e d j a s,7595
m e d i k a,9957
m e d i k a s i o n,3879
m e d i k a m e n t e,542
m e d i k a m e n t o,2806
m e d i k a m e n t o s,4996
m e d i k a s,1733
m e d i s i n a,20433
m e d i s i n a l,597
m e d i s i n a s,5093
m e d i k o,58189
m e d i k o s,16907
m e d i d a,9119
m e d i d a s,7014
m e d i d o,492
m e d i d o ɾ,627
m e d j e b a l,1170
m e d j o,90077
m e d j o k ɾ e,1729
m e d j o k ɾ e s,530
m e d j o k ɾ i d a d,524
m e d j o d i a,8383
m e d j o s,12234
m e d i ɾ,2098
m e d i t a s i o n,1367
m e d i t a n d o,528
m e d i t a ɾ,922
m e d i t e r a n e o,1077
m e d j u m,657
m e d u l a,2326
m e d u s a,1082
m e d u s a s,468
m e g a,694
m e x i k a n o,759
m e x i k a n o s,639
m e x i k o,1567
m e x i j a,2976
m e x i j a s,2187
m e x o ɾ,550471
m e x o ɾ a,3872
m e x o ɾ a d a,455
m e x o ɾ a d o,3113
m e x o ɾ a n,683
m e x o ɾ a n d o,3581
m e x o ɾ a ɾ,9521
m e x o ɾ a ɾ a,1233
m e x o ɾ a ɾ l a,525
m e x o ɾ a ɾ l o,1024
m e x o ɾ a s,1366
m e x o ɾ e,1741
m e x o ɾ e s,50951
m e x o ɾ i a,531
m e x o ɾ o,989
m e l,4544
m e l a n k o l i a,907
m e l a n k o l i k o,586
m e l a n j e,3006
m e l a s a,460
m e l b o u ɾ n e,828
m e l e n a,521
m e j i s o s,847
m e l o k o t o n,1102
m e l o k o t o n e s,578
m e l o d i a,3226
m e l o d i a s,727
m e l o d ɾ a m a,545
m e l o n,1255
m e l o n e s,902
m e m o,1487
m e m o ɾ a b l e,1191
m e m o ɾ a n d u m,619
m e m o ɾ j a,27642
m e m o ɾ j a l,1164
m e m o ɾ j a s,2664
m e m o ɾ i s a ɾ,715
m e n s i o n,1227
m e n s i o n a,2428
m e n s i o n a d o,4174
m e n s i o n a n,707
m e n s i o n a ɾ,8151
m e n s i o n a ɾ l o,2919
m e n s i o n a ɾ o n,672
m e n s i o n a s,1224
m e n s i o n a s t e,2381
m e n s i o n e,1285
m e n s i o n e,2735
m e n s i o n e s,2384
m e n s i o n o,1042
m e n s i o n o,7589
m e n d i g a ɾ,532
m e n d i g o,1825
m e n d i g o s,1171
m e n d o s a,788
m e n e a t e,559
m e n i n x i t i s,559
m e n o p a u s j a,519
m e n o ɾ,19741
m e n o ɾ e s,6040
m e n o s,278532
m e n s a x e,57680
m e n s a x e ɾ a,545
m e n s a x e ɾ o,5558
m e n s a x e ɾ o s,1114
m e n s a x e s,12231
m e n s w a l,984
m e n s w a l e s,560
m e n t a,2598
m e n t a l,11179
m e n t a l e s,2896
m e n t a l i d a d,1420
m e n t a l m e n t e,2117
m e n t e,55248
m e n t e s,6667
m e n t i,6264
m e n t i a,1254
m e n t i d o,5905
m e n t i m o s,740
m e n t i ɾ,12057
m e n t i ɾ a,31047
m e n t i ɾ a s,17596
m e n t i ɾ e,672
m e n t i ɾ i a,2288
m e n t i ɾ l e,3134
m e n t i ɾ l e s,504
m e n t i ɾ m e,2921
m e n t i ɾ n o s,582
m e n t i ɾ o s a,5468
m e n t i ɾ o s o,15690
m e n t i ɾ o s o s,2136
m e n t i ɾ t e,2617
m e n t i s t e,6267
m e n t o n,1106
m e n t o ɾ,1705
m e n u,4235
m e n u d a,4599
m e n u d o,24512
m e n u s,517
m e ɲ i k e,1134
m e o,594
m e ɾ a,1590
m e ɾ a m e n t e,650
m e ɾ k a d e ɾ,818
m e ɾ k a d e ɾ e s,571
m e ɾ k a d e ɾ i a,863
m e ɾ k a d o,20865
m e ɾ k a d o s,1460
m e ɾ k a n s i a,5734
m e ɾ k a n s i a s,956
m e ɾ k a n t e,475
m e ɾ s e d,2229
m e ɾ s e d e s,4087
m e ɾ s e n a ɾ j o,1140
m e ɾ s e n a ɾ j o s,1554
m e ɾ k u ɾ j o,1981
m e ɾ e s e,19178
m e ɾ e s e m o s,1789
m e ɾ e s e n,5427
m e ɾ e s e ɾ,1450
m e ɾ e s e ɾ l o,489
m e ɾ e s e s,9090
m e ɾ e s i a,5516
m e ɾ e s i a n,884
m e ɾ e s i a s,903
m e ɾ e s i d o,3273
m e ɾ e n g e,506
m e ɾ e s k a,1561
m e ɾ e s k o,7376
m e ɾ j e n d a,877
m e ɾ i t o,2843
m e ɾ i t o s,1016
m e ɾ l i n,2264
m e ɾ m e l a d a,2101
m e ɾ o,1402
m e ɾ o d e a n d o,1349
m e s,50584
m e s a,51157
m e s a s,4231
m e s e ɾ a,1738
m e s e ɾ o,1473
m e s e s,101072
m e s i a s,2089
m e s i t a,664
m e s t i s o,791
m e t a,11079
m e t a b o l i s m o,783
m e t a d o n a,535
m e t a f o ɾ a,2168
m e t a f o ɾ a s,665
m e t a l,9958
m e t a l e s,1588
m e t a l i k a,606
m e t a l i k o,1734
m e t a m o ɾ f o,476
m e t a m o ɾ f o s i s,459
m e t a m o s,514
m e t a n,2593
m e t a n f e t a m i n a,882
m e t a n f e t a m i n a s,634
m e t a n l o,894
m e t a n o,941
m e t a n s e,1943
m e t a s,11321
m e t a s e,1280
m e t e,9599
m e t e l a,1502
m e t e l e,973
m e t e l o,2638
m e t e l o s,466
m e t e m e,535
m e t e m o s,1692
m e t e n,3503
m e t e o ɾ i t o,1923
m e t e o ɾ i t o s,1472
m e t e o ɾ o,1185
m e t e o ɾ o l o x i k o,836
m e t e ɾ,14395
m e t e ɾ a,1115
m e t e ɾ a n,810
m e t e ɾ a s,829
m e t e ɾ e,2701
m e t e ɾ e m o s,874
m e t e ɾ i a,1149
m e t e ɾ l a,2204
m e t e ɾ l a s,460
m e t e ɾ l e,2963
m e t e ɾ l e s,458
m e t e ɾ l o,3628
m e t e ɾ l o s,1038
m e t e ɾ m e,11831
m e t e ɾ n o s,3858
m e t e ɾ s e,11397
m e t e ɾ s e l a,606
m e t e ɾ s e l o,749
m e t e ɾ t e,12360
m e t e ɾ t e l o,462
m e t e s,5829
m e t e t e,12969
m e t e t e l a,568
m e t e t e l o,1703
m e t i,6768
m e t i a,1466
m e t i a n,503
m e t i k u l o s o,610
m e t i d a,3295
m e t i d o,18942
m e t i d o s,1782
m e t j e n d o,4357
m e t j e n d o m e,574
m e t j e n d o s e,1431
m e t j e n d o t e,792
m e t j e ɾ a,1025
m e t j e ɾ a s,547
m e t j e ɾ o n,3745
m e t i m o s,1349
m e t j o,10624
m e t i s t e,5554
m e t o,4328
m e t o d o,5979
m e t o d o s,5411
m e t ɾ a j a,793
m e t ɾ a j e t a,553
m e t ɾ o,11672
m e t ɾ o p o l i s,2044
m e t ɾ o p o l i t a n a,815
m e t ɾ o s,31840
m e k s i k a n a,1704
m e k s i k a n o,3406
m e k s i k a n o s,2251
m e k s i k o,13515
m e s k l a,6336
m e s k l a d a,652
m e s k l a d o,2001
m e s k l a d o s,589
m e s k l a n,863
m e s k l a n d o,676
m e s k l a ɾ,1930
m e s k l a ɾ m e,608
m e s k l a ɾ s e,1186
m e s k l a ɾ t e,531
m e s k l a s,849
m e s k i n a,503
m e s k i n o,1198
m e s k i t a,1291
m i,2647857
m i,537278
m i a,71455
m j a m i,11344
m i a s,7068
m j a u,577
m i tʃ e j e,7909
m i k ɾ o,1878
m i k ɾ o b j o s,613
m i k ɾ o tʃ i p,479
m i k ɾ o f o n o,5706
m i k ɾ o f o n o s,2069
m i k ɾ o o n d a s,2193
m i k ɾ o s k o p j o,1237
m i d e,3594
m i d e n,590
m i d e s,550
m i d o,710
m j e d o,138492
m j e d o s,2519
m j e d o s o,748
m j e l,12738
m j e m b ɾ o,17017
m j e m b ɾ o s,16344
m j e n t a,1518
m j e n t a s,4954
m j e n t e,8087
m j e n t e n,2851
m j e n t e s,6489
m j e n t o,3830
m j e n t ɾ a s,158826
m j e ɾ k o l e s,9309
m j e ɾ d a,262846
m j e ɾ d a s,3629
m i g a x a s,827
m i g a s,944
m i g ɾ a s i o n,516
m i g ɾ a ɲ a,924
m i g ɾ a ɲ a s,595
m i g e l,7077
m i l,69938
m i l a g ɾ o,15679
m i l a g ɾ o s,4814
m i l a g ɾ o s a,771
m i l a g ɾ o s a m e n t e,694
m i l a g ɾ o s o,1024
m i l a n,2599
m i l e n j o,1247
m i l e n j o s,462
m i l e s,35060
m i l i s i a,2349
m i l i g ɾ a m o s,1225
m i l i m e t ɾ o s,1574
m i l i t a ɾ,20819
m i l i t a ɾ e s,9540
m i j a,3904
m i j a ɾ,707
m i j a ɾ e s,652
m i j a s,15360
m i j o n,25451
m i j o n a ɾ j o,3571
m i j o n a ɾ j o s,1147
m i j o n e s,71475
m i m a d o,679
m i m o,513
m i m o s,533
m i n a,11287
m i n a d o,650
m i n a s,7191
m i n d,1278
m i n d i,1340
m i n e ɾ a,530
m i n e ɾ a l,1892
m i n e ɾ a l e s,1032
m i n e ɾ o,1026
m i n e ɾ o s,1599
m i n i,2590
m i n j a t u ɾ a,1336
m i n i m a,3715
m i n i m i s a ɾ,517
m i n i m o,10136
m i n i m o s,471
m i n i s t e ɾ j o,6729
m i n i s t ɾ o,21177
m i n i s t ɾ o s,1936
m i n n e s o t a,1375
m i n o ɾ i a,1196
m i n o ɾ i a s,579
m i n t j e n d o,18352
m i n t j e n d o l e,474
m i n t j e n d o m e,798
m i n t j e ɾ o n,1048
m i n t j o,6827
m i n u t o,75572
m i n u t o s,149513
m i o,243347
m i o s,15079
m i ɾ,552
m i ɾ a,370275
m i ɾ a b a,7213
m i ɾ a b a m o s,459
m i ɾ a b a n,1265
m i ɾ a b a s,1182
m i ɾ a d,12446
m i ɾ a d a,20001
m i ɾ a d a s,2333
m i ɾ a d m e,883
m i ɾ a d o,5041
m i ɾ a i s,526
m i ɾ a l a,7999
m i ɾ a l a s,1057
m i ɾ a l e,3086
m i ɾ a l o,16668
m i ɾ a l o s,4049
m i ɾ a m e,51736
m i ɾ a m o s,2852
m i ɾ a n,6530
m i ɾ a n d a,5443
m i ɾ a n d o,39807
m i ɾ a n d o l a,1285
m i ɾ a n d o l e,513
m i ɾ a n d o l o,1538
m i ɾ a n d o m e,4988
m i ɾ a n d o n o s,1265
m i ɾ a n d o t e,2243
m i ɾ a n o s,2742
m i ɾ a ɾ,35119
m i ɾ a ɾ a,953
m i ɾ a ɾ a,714
m i ɾ a ɾ e,2169
m i ɾ a ɾ e m o s,642
m i ɾ a ɾ i a,747
m i ɾ a ɾ l a,4149
m i ɾ a ɾ l a s,819
m i ɾ a ɾ l e,1609
m i ɾ a ɾ l o,5614
m i ɾ a ɾ l o s,1350
m i ɾ a ɾ m e,8556
m i ɾ a ɾ n o s,1002
m i ɾ a ɾ o n,847
m i ɾ a ɾ s e,1051
m i ɾ a ɾ t e,6499
m i ɾ a s,13923
m i ɾ a s t e,2015
m i ɾ a t e,23703
m i ɾ e,59087
m i ɾ e,6993
m i ɾ e l a,1110
m i ɾ e l o,2344
m i ɾ e l o s,801
m i ɾ e m e,4886
m i ɾ e m o s,1290
m i ɾ e n,48852
m i ɾ e n l a,1211
m i ɾ e n l o,3050
m i ɾ e n l o s,717
m i ɾ e n m e,2871
m i ɾ e n s e,1265
m i ɾ e s,15644
m i ɾ e s e,1138
m i ɾ i a m,1825
m i ɾ o,10840
m i ɾ o,6243
m i ɾ o n,747
m i s,426602
m i s a,5601
m i s e ɾ a b l e,9098
m i s e ɾ a b l e s,2312
m i s e ɾ j a,5095
m i s e ɾ i k o ɾ d j o s o,1388
m i s i l,3889
m i s i l e s,6941
m i s j o n,42094
m i s j o n e ɾ o,856
m i s j o n e ɾ o s,532
m i s j o n e s,3519
m i s m a,106681
m i s m a s,10568
m i s m i s i m a,527
m i s m i s i m o,2060
m i s m o,372079
m i s m o s,25154
m i s s i s s i p p i,2116
m i s t e ɾ,1077
m i s t e ɾ j o,11906
m i s t e ɾ j o s,2662
m i s t e ɾ j o s a,3617
m i s t e ɾ j o s a m e n t e,879
m i s t e ɾ j o s a s,1164
m i s t e ɾ j o s o,5871
m i s t e ɾ j o s o s,962
m i s t i k a,839
m i s t i k o,1121
m i s t i k o s,479
m i t a d,53508
m i t i n,595
m i t o,4118
m i t o l o x i a,1001
m i t o s,1155
m o b i l j a ɾ j o,568
m o tʃ i l a,4967
m o tʃ i l a s,661
m o s i o n,2071
m o k o,855
m o k o s,1059
m o k o s a,932
m o k o s o,2861
m o k o s o s,951
m o d a,12871
m o d a l e s,6261
m o d a s,1034
m o d e l o,17064
m o d e l o s,5355
m o d e ɾ a s i o n,585
m o d e ɾ a d o,471
m o d e ɾ n a,4739
m o d e ɾ n a s,1258
m o d e ɾ n o,4978
m o d e ɾ n o s,1593
m o d e s t a,1244
m o d e s t j a,1243
m o d e s t o,2757
m o d i f i k a s i o n,596
m o d i f i k a s i o n e s,876
m o d i f i k a d o,1037
m o d i f i k a ɾ,1155
m o d o,64995
m o d o s,26277
m o d u l o,2311
m o d u s,1326
m o a m m e d,825
m o o,1122
m o i s e s,3011
m o x a,655
m o x a d a,2523
m o x a d a s,794
m o x a d o,3809
m o x a d o s,783
m o x a ɾ,1086
m o x a ɾ s e,872
m o x a ɾ t e,498
m o x e,480
m o x o,1068
m o l a,2207
m o l d e,1078
m o l e k u l a,503
m o l e k u l a ɾ,1317
m o l e k u l a s,1288
m o l e s t a,31035
m o l e s t a b a,1539
m o l e s t a d o,4763
m o l e s t a m o s,524
m o l e s t a n,2176
m o l e s t a n d o,5021
m o l e s t a n d o m e,747
m o l e s t a ɾ,7166
m o l e s t a ɾ a,723
m o l e s t a ɾ a,1659
m o l e s t a ɾ e,1017
m o l e s t a ɾ i a,4175
m o l e s t a ɾ l a,3230
m o l e s t a ɾ l e,3594
m o l e s t a ɾ l e s,608
m o l e s t a ɾ l o,4044
m o l e s t a ɾ l o s,1192
m o l e s t a ɾ m e,5261
m o l e s t a ɾ n o s,956
m o l e s t a ɾ s e,2432
m o l e s t a ɾ t e,8188
m o l e s t a s,2059
m o l e s t a s t e,487
m o l e s t e,6926
m o l e s t e,491
m o l e s t e n,2092
m o l e s t e s,6359
m o l e s t j a,7356
m o l e s t j a s,2961
m o l e s t o,13049
m o l e s t o,2677
m o l e s t o s,1355
m o l i n o,2445
m o l i n o s,486
m o m e n t i t o,850
m o m e n t o,312035
m o m e n t o s,22143
m o m j a,2065
m o m j a s,670
m o n a,4488
m o n a k o,661
m o n a d a,1134
m o n a g i j o,476
m o n a ɾ k a,720
m o n a ɾ k i a,860
m o n a s t e ɾ j o,2372
m o n e d a,9201
m o n e d a s,7820
m o n e d e ɾ o,688
m o n e t,654
m o n e t a ɾ j o,553
m o n g o l e s,637
m o n g o l j a,627
m o n i k a,4452
m o n i k e,973
m o n i t o,662
m o n i t o ɾ,2972
m o n i t o ɾ e a n d o,493
m o n i t o ɾ e a ɾ,471
m o n i t o ɾ e s,1224
m o n x a,3158
m o n x a s,2164
m o n x e,3945
m o n x e s,2302
m o n o,16186
m o n o l o g o,604
m o n o p o l j o,983
m o n o s,6886
m o n s e ɲ o ɾ,1629
m o n s t ɾ w o,22390
m o n s t ɾ w o s,7727
m o n s t ɾ u o s a,693
m o n s t ɾ w o s i d a d,484
m o n s t ɾ u o s o,1301
m o n t a,3268
m o n t a b a,605
m o n t a d a,1235
m o n t a d o,3063
m o n t a x e,2786
m o n t a m o s,627
m o n t a n,537
m o n t a n a,2943
m o n t a n d o,2006
m o n t a ɲ a,18794
m o n t a ɲ a s,14342
m o n t a ɾ,9364
m o n t a ɾ l a,538
m o n t a ɾ l o,1118
m o n t a ɾ m e,568
m o n t a s,665
m o n t a t e,539
m o n t e,8079
m o n t e,526
m o n t e k a ɾ l o,470
m o n t e n,637
m o n t e s,1220
m o n t i k u l o,462
m o n t o,1168
m o n t o,1046
m o n t o n,37698
m o n t o n e s,4070
m o n t ɾ e a l,1417
m o n t u ɾ a,809
m o n u m e n t a l,659
m o n u m e n t o,2187
m o n u m e n t o s,872
m o ɲ o,709
m o ɾ a,842
m o ɾ a d a,2144
m o ɾ a d o,1655
m o ɾ a l,10399
m o ɾ a l e x a,497
m o ɾ a l e s,2775
m o ɾ a l i d a d,1792
m o ɾ a l m e n t e,996
m o ɾ a n,1302
m o ɾ a s,834
m o ɾ b o s o,582
m o ɾ d a s a,453
m o ɾ d e d u ɾ a,556
m o ɾ d e ɾ,2521
m o ɾ d e ɾ a,453
m o ɾ d e ɾ e,460
m o ɾ d e ɾ m e,1044
m o ɾ d e ɾ t e,1104
m o ɾ d i d a,2069
m o ɾ d i d a s,580
m o ɾ d i d o,2337
m o ɾ d j e n d o,688
m o ɾ d j e ɾ o n,680
m o ɾ d j o,3426
m o ɾ d i s k o,1469
m o ɾ d i s k o s,601
m o ɾ e n a,2353
m o ɾ e n o,1884
m o ɾ e t o n,543
m o ɾ e t o n e s,1524
m o ɾ f e o,1961
m o ɾ f i n a,3352
m o ɾ g a n a,1280
m o ɾ g e,3623
m o ɾ i,1991
m o ɾ i a,2674
m o ɾ i a n,831
m o ɾ i b u n d a,652
m o ɾ i b u n d o,1722
m o ɾ i b u n d o s,605
m o ɾ i m o s,3600
m o ɾ i ɾ,106411
m o ɾ i ɾ a,11827
m o ɾ i ɾ a n,5367
m o ɾ i ɾ a s,5838
m o ɾ i ɾ e,5339
m o ɾ i ɾ e m o s,4811
m o ɾ i ɾ i a,4131
m o ɾ i ɾ i a n,682
m o ɾ i ɾ i a s,798
m o ɾ i ɾ m e,3775
m o ɾ i ɾ s e,4719
m o ɾ i ɾ t e,1785
m o ɾ i s t e,1216
m o ɾ m o n,472
m o ɾ m o n e s,576
m o ɾ o,1285
m o ɾ o s,861
m o r o,738
m o ɾ s a,577
m o ɾ s e,1314
m o ɾ t a l,10641
m o ɾ t a l e s,3487
m o ɾ t a l i d a d,1120
m o ɾ t a l m e n t e,499
m o ɾ t e ɾ o,771
m o ɾ t e ɾ o s,800
m o s a i k o,542
m o s k a,4514
m o s k a s,3921
m o s k u,6956
m o s k e t e ɾ o s,954
m o s k i t o,1301
m o s k i t o s,1679
m o s t a s a,2575
m o s t ɾ a b a,1281
m o s t ɾ a d o,3196
m o s t ɾ a d o ɾ,2773
m o s t ɾ a m o s,1096
m o s t ɾ a n d o,2803
m o s t ɾ a ɾ,12994
m o s t ɾ a ɾ a,702
m o s t ɾ a ɾ a,1836
m o s t ɾ a ɾ e,9217
m o s t ɾ a ɾ e m o s,1036
m o s t ɾ a ɾ i a,597
m o s t ɾ a ɾ l e,11179
m o s t ɾ a ɾ l e s,5656
m o s t ɾ a ɾ l o,1086
m o s t ɾ a ɾ m e,5635
m o s t ɾ a ɾ n o s,2374
m o s t ɾ a ɾ o n,1362
m o s t ɾ a ɾ s e,1210
m o s t ɾ a ɾ s e l a,522
m o s t ɾ a ɾ s e l o,1518
m o s t ɾ a ɾ t e,14802
m o s t ɾ a ɾ t e l o,1077
m o s t ɾ a s t e,1206
m o s t ɾ e,1777
m o s t ɾ e m o s l e,487
m o s t ɾ o,5556
m o t a,611
m o t e l,7797
m o t e l e s,476
m o t i n,2211
m o t i b a,586
m o t i b a s i o n,1854
m o t i b a d o,853
m o t i b o,25399
m o t i b o s,10247
m o t o,8777
m o t o s i k l e t a,2662
m o t o s i k l e t a s,736
m o t o s i k l i s t a,476
m o t o s i k l i s t a s,778
m o t o ɾ,15380
m o t o ɾ e s,7194
m o t o s,1982
m o t o s j e r a,476
m o b a i s,867
m o b a m o n o s,1831
m o b a m o s,518
m o b e d,476
m o b e m o s,2236
m o b e o s,6544
m o b e ɾ,12744
m o b e ɾ a,814
m o b e ɾ e,974
m o b e ɾ e m o s,715
m o b e ɾ l a,1422
m o b e ɾ l o,3301
m o b e ɾ l o s,640
m o b e ɾ m e,6069
m o b e ɾ n o s,6879
m o b e ɾ s e,16016
m o b e ɾ t e,7063
m o b i,789
m o b i a,1956
m o b i a n,480
m o b i d a,2047
m o b i d a s,548
m o b i d o,3493
m o b j e n d o,6764
m o b j e n d o n o s,1321
m o b j e n d o s e,6233
m o b j e n d o t e,1912
m o b j e ɾ a,512
m o b j e ɾ o n,583
m o b i l,11052
m o b i l e s,1852
m o b i l i d a d,478
m o b i m j e n t o,25019
m o b i m j e n t o s,7912
m o b j o,2743
m o b i s t e,613
m o s a ɾ t,2730
m o s o,3036
m o s o s,539
m u,1799
m u tʃ a,75833
m u tʃ a tʃ a,16520
m u tʃ a tʃ a s,5000
m u tʃ a tʃ i t a,863
m u tʃ a tʃ i t o,1609
m u tʃ a tʃ o,58696
m u tʃ a tʃ o s,60977
m u tʃ a tʃ o t e,744
m u tʃ a s,157184
m u tʃ e d u m b ɾ e,1241
m u tʃ i s i m a,1237
m u tʃ i s i m a s,6042
m u tʃ i s i m o,15930
m u tʃ i s i m o s,1057
m u tʃ o,563292
m u tʃ o s,108041
m u d a,2687
m u d a d o,1854
m u d a m o s,2614
m u d a n d o,941
m u d a n s a,1882
m u d a n s a s,619
m u d a ɾ,2862
m u d a ɾ a,463
m u d a ɾ e,733
m u d a ɾ e m o s,682
m u d a ɾ m e,4989
m u d a ɾ n o s,3731
m u d a ɾ o n,1152
m u d a ɾ s e,5788
m u d a ɾ t e,3483
m u d a s,1059
m u d a s t e,1015
m u d a t e,545
m u d e,1101
m u d e,1961
m u d o,3424
m u d o,3633
m w e b l e,946
m w e b l e s,6984
m w e l a,735
m w e l a s,937
m w e j e,7765
m w e j e s,1907
m w e ɾ a,13351
m w e ɾ a n,3076
m w e ɾ a s,5061
m w e ɾ a s e,475
m w e ɾ d a,721
m w e ɾ d a g o,514
m w e ɾ d a s,526
m w e ɾ d e,2959
m w e ɾ d e m e,724
m w e ɾ d e n,882
m w e ɾ d o,647
m w e ɾ e,27486
m w e ɾ e n,9648
m w e ɾ e s,6272
m w e ɾ e t e,5586
m w e ɾ o,13097
m w e ɾ t a,43387
m w e ɾ t a s,5130
m w e ɾ t e,136936
m w e ɾ t e s,7451
m w e ɾ t o,167559
m w e ɾ t o s,53766
m w e s t ɾ a,24222
m w e s t ɾ a l e,3975
m w e s t ɾ a l e s,1836
m w e s t ɾ a m e,1504
m w e s t ɾ a m e l a,628
m w e s t ɾ a m e l o,2065
m w e s t ɾ a n,5247
m w e s t ɾ a n o s,2295
m w e s t ɾ a s,10052
m w e s t ɾ a t e,1856
m w e s t ɾ e,3585
m w e s t ɾ e l e,565
m w e s t ɾ e m e,2656
m w e s t ɾ e n,1094
m w e s t ɾ e n m e,1069
m w e s t ɾ e n o s,562
m w e s t ɾ e s,1165
m w e s t ɾ o,1983
m w e b a,11867
m w e b a n,6054
m w e b a n l o,476
m w e b a n s e,38292
m w e b a s,19600
m w e b a s e,4502
m w e b e,18195
m w e b e l a,489
m w e b e l o,1820
m w e b e n,4354
m w e b e s,3178
m w e b e t e,38058
m w e b o,2341
m u g ɾ e,1547
m u g ɾ j e n t o,469
m u x e ɾ,272152
m u x e ɾ s i t a,1175
m u x e ɾ e s,109850
m u x e ɾ j e g o,1199
m u x e ɾ s w e l a,1215
m u l a,2768
m u l a s,1401
m u l e t a s,793
m u l t a,4568
m u l t a s,1962
m u l t i m i j o n a ɾ j o,941
m u l t i p l e,1912
m u l t i p l e s,4148
m u l t i p l i k a d o,517
m u l t i t u d,7104
m u l t i t u d e s,1011
m u n d j a l,16178
m u n d j a l e s,1487
m u n d j a l m e n t e,678
m u n d o,323066
m u n d o s,5685
m u n i tʃ,1740
m u n i s i o n,3520
m u n i s i o n e s,5676
m u n i s i p a l,1907
m u n i s i p j o,835
m u ɲ e k a,12940
m u ɲ e k a s,4430
m u ɲ e k o,3898
m u ɲ e k o s,1521
m u ɲ e k i t a,828
m u ɾ a l,562
m u ɾ a j a,1571
m u ɾ a j a s,926
m u ɾ a m o s,760
m u ɾ s i e l a g o,2377
m u ɾ s i e l a g o s,1419
m u ɾ j e n d o,17052
m u ɾ j e n d o m e,509
m u ɾ j e n d o s e,2298
m u ɾ j e ɾ a,4839
m u ɾ j e ɾ a n,695
m u ɾ j e ɾ a s,453
m u ɾ j e ɾ o n,15349
m u ɾ j e s e,825
m u ɾ j o,79438
m u ɾ m u j o,593
m u ɾ m u ɾ a n d o,487
m u ɾ o,9633
m u ɾ o s,3968
m u s a,1266
m u s k u l a ɾ,1528
m u s k u l o,2564
m u s k u l o s,5017
m u s k u l o s o,721
m u s e o,10771
m u s e o s,1102
m u s g o,674
m u s i k a,63821
m u s i k a l,6957
m u s i k a l e s,2089
m u s i k o,3988
m u s i k o s,3332
m u s l o,1563
m u s l o s,1886
m u s s o l i n i,1271
m u s u l m a n,1724
m u s u l m a n a,688
m u s u l m a n e s,2815
m u t a s i o n,1394
m u t a s i o n e s,543
m u t a n t e,2019
m u t a n t e s,2118
m u t i l a s i o n,506
m u t i l a d o,661
m u t w a,1182
m u t w a m e n t e,3780
m u t w o,2069
m u i,1197861
n a,6248
n a b o,595
n a b o s,466
n a s e,2895
n a s e m o s,624
n a s e n,1970
n a s e ɾ,5433
n a s e ɾ a,697
n a tʃ o s,674
n a s i,9877
n a s i d a,1247
n a s i d o,11314
n a s i d o s,1356
n a s i e ɾ a,1251
n a s i e ɾ a s,630
n a s i e ɾ o n,1782
n a s i m j e n t o,10262
n a s i m o s,941
n a s i o,12696
n a s i o n,12789
n a s i o n a l,22007
n a s i o n a l e s,2490
n a s i o n a l i d a d,860
n a s i o n e s,5247
n a s i s t e,4310
n a d a,982883
n a d a d o ɾ,1031
n a d a n,521
n a d a n d o,3410
n a d a ɾ,11550
n a d e n,454
n a d j a,2804
n a d j e,391435
n a d i n e,1577
n a d o,865
n a i p e s,1073
n a i ɾ o b i,469
n a l g a,465
n a l g a d a s,540
n a l g a s,1975
n a n a,2546
n a p a,535
n a p a l m,884
n a p o l e o n,3997
n a p o l e s,2367
n a ɾ a n x a,7841
n a ɾ a n x a s,1949
n a ɾ s i s i s t a,779
n a ɾ k o t i k o s,3019
n a ɾ k o t ɾ a f i k a n t e,863
n a ɾ k o t ɾ a f i k a n t e s,488
n a ɾ i s e s,5904
n a ɾ i s,24576
n a r a s i o n,532
n a r a d o ɾ,643
n a s a,2899
n a s a l,902
n a s a l e s,662
n a t a,1245
n a t a s i o n,1435
n a t a l,2696
n a t a l j a,973
n a t i b a,499
n a t i b o,1113
n a t i b o s,2692
n a t o,812
n a t u ɾ a l,20085
n a t u ɾ a l e s,3885
n a t u ɾ a l e s a,25158
n a t u ɾ a l i d a d,602
n a t u ɾ a l m e n t e,11207
n a u f ɾ a x i o,1028
n a u s e a s,2617
n a b a x a,5161
n a b a x a s,966
n a b a l,2594
n a b a l e s,479
n a b e,60548
n a b e g a,664
n a b e g a s i o n,2748
n a b e g a d o ɾ,456
n a b e g a n d o,1362
n a b e g a n t e,871
n a b e g a ɾ,3728
n a b e s,13700
n a b i d a d,43697
n a b i d a d e s,2341
n a b i d e ɲ a,818
n a b i d e ɲ o,1234
n a b i o,965
n a s k a,1527
n a s i,4376
n a s i s,5613
n e b l i n a,951
n e b ɾ a s k a,1342
n e b u l o s a,1102
n e s e s a ɾ j a,4313
n e s e s a ɾ j a m e n t e,4547
n e s e s a ɾ j a s,2413
n e s e s a ɾ j o,46623
n e s e s a ɾ j o s,2619
n e s e s i d a d,18136
n e s e s i d a d e s,6369
n e s e s i t a,115236
n e s e s i t a b a,29025
n e s e s i t a b a m o s,3682
n e s e s i t a b a n,3233
n e s e s i t a b a s,4760
n e s e s i t a d a,631
n e s e s i t a d o,2136
n e s e s i t a d o s,888
n e s e s i t a i s,1864
n e s e s i t a m o s,108482
n e s e s i t a n,36526
n e s e s i t a n d o,660
n e s e s i t a ɾ,19373
n e s e s i t a ɾ a,1716
n e s e s i t a ɾ a,5682
n e s e s i t a ɾ a n,1863
n e s e s i t a ɾ a s,1016
n e s e s i t a ɾ a s,4909
n e s e s i t a ɾ e,7480
n e s e s i t a ɾ e m o s,6709
n e s e s i t a ɾ i a,3505
n e s e s i t a ɾ i a m o s,792
n e s e s i t a ɾ i a n,529
n e s e s i t a ɾ i a s,1008
n e s e s i t a ɾ l a,1032
n e s e s i t a ɾ l o,1842
n e s e s i t a ɾ m e,537
n e s e s i t a ɾ t e,784
n e s e s i t a s,96843
n e s e s i t a s t e,462
n e s e s i t e,8833
n e s e s i t e,1153
n e s e s i t e m o s,1950
n e s e s i t e n,2303
n e s e s i t e s,6761
n e s e s i t o,271364
n e s e s i t o,1233
n e s i o,1479
n e k t a ɾ,615
n e f a s t o,540
n e g a b a,648
n e g a s i o n,1944
n e g a d o,2388
n e g a m o s,555
n e g a n d o,835
n e g a ɾ,4734
n e g a ɾ a,629
n e g a ɾ e,593
n e g a ɾ l e,974
n e g a ɾ l o,3615
n e g a ɾ m e,2160
n e g a ɾ o n,1192
n e g a ɾ s e,2332
n e g a ɾ t e,1138
n e g a s t e,572
n e g a t i b a,3505
n e g a t i b a s,953
n e g a t i b o,10828
n e g a t i b o s,1677
n e g l i x e n s i a,1580
n e g l i x e n t e,561
n e g o,3813
n e g o s i a,620
n e g o s i a b l e,721
n e g o s i a s i o n,2238
n e g o s i a s i o n e s,2886
n e g o s i a d o ɾ,765
n e g o s i a m o s,520
n e g o s i a n d o,1676
n e g o s i a n t e,559
n e g o s i a ɾ,7102
n e g o s i o,53845
n e g o s i o s,43537
n e g ɾ a,21539
n e g ɾ a s,5693
n e g ɾ a t a,556
n e g ɾ i t o,823
n e g ɾ o,60755
n e g ɾ o s,20418
n e m e s i s,737
n e m o,2956
n e n a,37945
n e n a s,1495
n e n e,8136
n e n i t a,542
n e o,3396
n e o n,553
n e o i o ɾ k i n o s,459
n e p t u n o,849
n e ɾ b j o,1604
n e ɾ b j o s,8693
n e ɾ b j o s a,13176
n e ɾ b j o s a s,787
n e ɾ b j o s o,24115
n e ɾ b j o s o s,3141
n e t o,992
n e u m a t i k o,1765
n e u m a t i k o s,2565
n e u m o n i a,1604
n e u ɾ a l,890
n e u ɾ o s i ɾ u x a n o,598
n e u ɾ o l o x i k o,787
n e u ɾ o l o g o,595
n e u ɾ o n a l,455
n e u ɾ o n a s,855
n e u ɾ o s i s,577
n e u ɾ o t i k a,483
n e u ɾ o t i k o,506
n e u t ɾ a l,2244
n e u t ɾ a l i s a ɾ,599
n e u t ɾ o n e s,474
n e b a d a,3185
n e b a n d o,1083
n e b a ɾ,639
n e b e ɾ,3175
n e b e ɾ a,3481
n e w t o n,2426
n i,457071
n j a g a ɾ a,722
n i k a ɾ a g w a,659
n i k k,24903
n i k o,1334
n i k o l a s,1767
n i k o t i n a,1092
n i d o,5543
n i d o s,655
n j e b l a,6366
n j e g a,6582
n j e g a n,1637
n j e g a s,1798
n j e g o,4711
n j e g e,674
n j e g e s,821
n j e t a,2954
n j e t o,6024
n j e t o s,3827
n j e b a,604
n j e b e,16368
n j e b e s,1034
n i x e ɾ j a,720
n i l o,1084
n i n a,8150
n i n g w n,119920
n i n g w n a,116923
n i n g w n o,39825
n i n x a,2155
n i n x a s,654
n i n o,2438
n i ɲ a,73070
n i ɲ a s,18078
n i ɲ e ɾ a,8297
n i ɲ e ɾ a s,995
n i ɲ e s,2807
n i ɲ i t a,4568
n i ɲ i t a s,610
n i ɲ i t o,1774
n i ɲ i t o s,476
n i ɲ o,126016
n i ɲ o s,141774
n i ɾ b a n a,567
n i t ɾ a t o,684
n i t ɾ o,582
n i t ɾ o x e n o,1057
n i t ɾ o g l i s e ɾ i n a,639
n i b e l,31133
n i b e l e s,7445
n i k s o n,3570
n o,13777976
n o b l e,11224
n o b l e s,3487
n o b l e s a,1822
n o tʃ e,416754
n o tʃ e b w e n a,1989
n o tʃ e s,133836
n o tʃ e b j e x a,633
n o s i o n,2087
n o k t u ɾ n a,3479
n o k t u ɾ n a s,1244
n o k t u ɾ n o,5600
n o k t u ɾ n o s,1760
n o d ɾ i s a,1149
n o e,943
n o e l,5260
n o m b ɾ a,1097
n o m b ɾ a d o,2634
n o m b ɾ a m j e n t o,836
n o m b ɾ a ɾ,2598
n o m b ɾ a ɾ l o,556
n o m b ɾ a ɾ o n,774
n o m b ɾ a ɾ t e,490
n o m b ɾ e,248743
n o m b ɾ e s,27443
n o m b ɾ o,1112
n o m b ɾ o,1228
n o m i n a,1483
n o m i n a s i o n,604
n o m i n a d o,550
n o ɾ d e s t e,482
n o ɾ e s t e,1752
n o ɾ m a,4215
n o ɾ m a l,49533
n o ɾ m a l e s,7712
n o ɾ m a l i d a d,3669
n o ɾ m a l m e n t e,17306
n o ɾ m a n d i a,1016
n o ɾ m a s,6464
n o ɾ o e s t e,2330
n o ɾ t e,39155
n o ɾ t e a m e ɾ i k a,1778
n o ɾ t e a m e ɾ i k a n a,1526
n o ɾ t e a m e ɾ i k a n o,2976
n o ɾ t e a m e ɾ i k a n o s,2644
n o ɾ t,2695
n o ɾ w e g a,1481
n o ɾ w e g o,645
n o s,1001196
n o s o t ɾ a s,18522
n o s o t ɾ o s,394751
n o s t a l x i a,1633
n o s t a l x i k o,457
n o s t ɾ a d a m u s,564
n o t a,30564
n o t a b a,785
n o t a b l e,2549
n o t a b l e m e n t e,477
n o t a b l e s,486
n o t a d o,7985
n o t a n,686
n o t a ɾ,3538
n o t a ɾ a,1231
n o t a ɾ a n,556
n o t a ɾ i a,537
n o t a ɾ j o,940
n o t a ɾ l o,1909
n o t a ɾ o n,617
n o t a s,15537
n o t a s t e,1988
n o t e,1937
n o t e,4119
n o t i s i a,25145
n o t i s i a ɾ j o,480
n o t i s i a s,62533
n o t i s i e ɾ o,1570
n o t i s i e ɾ o s,725
n o t i f i k a s i o n,751
n o t i f i k a d o,623
n o t i f i k a ɾ,535
n o t o,3056
n o t o,2046
n o t ɾ e,1196
n o b a,1450
n o b a t a,867
n o b a t o,5693
n o b a t o s,2075
n o b e s i e n t o s,594
n o b e d a d,4232
n o b e d a d e s,2590
n o b e l a,7597
n o b e l a s,2832
n o b e l i s t a,708
n o b e n a,1538
n o b e n o,1517
n o b e n t a,2250
n o b j a,57023
n o b j a s,3512
n o b j e m b ɾ e,7068
n o b j o,43160
n o b j o s,5174
n u b e,5473
n u b e s,8660
n u b l a d o,964
n u k a,2924
n u k l e a ɾ,9080
n u k l e a ɾ e s,4461
n u k l e o,4917
n u d i j o s,917
n u d i s t a,679
n u d o,2597
n u d o s,2631
n w e s e s,3152
n w e ɾ a,1527
n w e s t ɾ a,231769
n w e s t ɾ a s,80722
n w e s t ɾ o,269669
n w e s t ɾ o s,125007
n w e b a,145417
n w e b a m e n t e,12986
n w e b a s,22238
n w e b e,29742
n w e b e s,511
n w e b o,270636
n w e b o s,27373
n w e s,1714
n u l o,714
n u m e ɾ i t o,765
n u m e ɾ o,7343
n u m e ɾ o,102747
n u m e ɾ o s,18836
n u m e ɾ o s a s,1133
n u m e ɾ o s o s,1334
n u n k a,613244
n u p s i a l,1320
n u t ɾ i s i o n,547
n u t ɾ j e n t e s,669
o,926355
o,11539
o a k l a n d,1204
o a s i s,863
o b a m a,1407
o b e d e s e,2063
o b e d e s e n,731
o b e d e s e ɾ,3618
o b e d e s e ɾ m e,689
o b e d e s e s,493
o b e d e s k a,692
o b e d e s k a n,627
o b e d e s k o,668
o b e d j e n s i a,1411
o b e d j e n t e,1142
o b e s i d a d,470
o b i s p o,4413
o b x e s i o n,5345
o b x e s i o n e s,1151
o b x e t a ɾ,569
o b x e t i b a,643
o b x e t i b i d a d,471
o b x e t i b o,27661
o b x e t i b o s,5471
o b x e t o,10450
o b x e t o s,7687
o b l i g a,3467
o b l i g a s i o n,4731
o b l i g a s i o n e s,2897
o b l i g a d a,2009
o b l i g a d o,6906
o b l i g a d o s,2169
o b l i g a m e,549
o b l i g a n,1301
o b l i g a n d o,632
o b l i g a ɾ,1379
o b l i g a ɾ a,471
o b l i g a ɾ l a,740
o b l i g a ɾ l e,658
o b l i g a ɾ l o,1117
o b l i g a ɾ l o s,627
o b l i g a ɾ m e,2784
o b l i g a ɾ o n,1781
o b l i g a ɾ t e,1754
o b l i g a s,681
o b l i g a s t e,824
o b l i g a t o ɾ j a,820
o b l i g a t o ɾ j o,1272
o b l i g o,508
o b l i g o,3630
o b l i g e,971
o b l i g e,661
o b l i g e s,1698
o b ɾ a,32309
o b ɾ a s,8145
o b ɾ e ɾ a,852
o b ɾ e ɾ o,2011
o b ɾ e ɾ o s,3837
o b s s e n a,526
o b s s e n o,1005
o b s e k j o,1855
o b s e ɾ b a,5790
o b s e ɾ b a b a,920
o b s e ɾ b a s i o n,5081
o b s e ɾ b a s i o n e s,1122
o b s e ɾ b a d o,2043
o b s e ɾ b a d o ɾ,2353
o b s e ɾ b a d o ɾ e s,747
o b s e ɾ b a m e,636
o b s e ɾ b a m o s,643
o b s e ɾ b a n,1060
o b s e ɾ b a n d o,6306
o b s e ɾ b a n d o m e,595
o b s e ɾ b a n d o n o s,528
o b s e ɾ b a n d o t e,720
o b s e ɾ b a ɾ,5101
o b s e ɾ b a ɾ l o,767
o b s e ɾ b a ɾ t e,458
o b s e ɾ b a s,589
o b s e ɾ b a t o ɾ j o,858
o b s e ɾ b e,1433
o b s e ɾ b e,934
o b s e ɾ b e n,1989
o b s e ɾ b o,1132
o b s e ɾ b o,621
o b s e s j o n,4223
o b s e s j o n a,569
o b s e s j o n a d a,1619
o b s e s j o n a d o,4115
o b s e s j o n a d o s,588
o b s e s j o n e s,452
o b s e s i b a,461
o b s e s i b o,889
o b s t a k u l o,2665
o b s t a k u l o s,2230
o b s t a n t e,2838
o b s t i n a d a,635
o b s t i n a d o,1134
o b s t ɾ u k s i o n,1432
o b t e n d ɾ a,1009
o b t e n d ɾ a s,956
o b t e n d ɾ e,900
o b t e n d ɾ e m o s,687
o b t e n e m o s,945
o b t e n e ɾ,18167
o b t e n e ɾ l a,764
o b t e n e ɾ l o,1360
o b t e n g a,1255
o b t e n g o,1518
o b t e n i d o,2223
o b t e n j e n d o,890
o b t j e n e,2487
o b t j e n e n,1172
o b t j e n e s,1967
o b t u b e,2975
o b t u b j e ɾ o n,840
o b t u b i m o s,1182
o b t u b i s t e,2052
o b t u b o,4239
o b b j a,1669
o b b j a m e n t e,23864
o b b j a s,786
o b b j o,13423
o k a s j o n,13599
o k a s j o n a l,705
o k a s j o n a l m e n t e,1383
o k a s j o n e s,5712
o k a s o,1182
o k s i d e n t a l,3734
o k s i d e n t a l e s,1284
o k s i d e n t e,1939
o s e a n o,11787
o s e a n o s,1633
o tʃ e n t a,2521
o tʃ o,42944
o tʃ o s,478
o s i o,649
o k t a b a,1272
o k t a b j o,1278
o k t a b o,2335
o k t u b ɾ e,8003
o k u l a ɾ,1377
o k u l a ɾ e s,684
o k u l t a,5874
o k u l t a b a,675
o k u l t a d o,1467
o k u l t a n,955
o k u l t a n d o,3305
o k u l t a n d o m e,478
o k u l t a ɾ,7174
o k u l t a ɾ l e,722
o k u l t a ɾ l o,2795
o k u l t a ɾ m e,1272
o k u l t a ɾ n o s,1184
o k u l t a ɾ s e,2203
o k u l t a ɾ t e,1212
o k u l t a s,2406
o k u l t a s t e,529
o k u l t e,522
o k u l t o,5313
o k u l t o,1049
o k u l t o s,1901
o k u p a,4068
o k u p a b a,841
o k u p a s i o n,3125
o k u p a d a,14385
o k u p a d a s,1672
o k u p a d o,33552
o k u p a d o s,6571
o k u p a m o s,1041
o k u p a n,1172
o k u p a n d o,1333
o k u p a n d o s e,578
o k u p a n t e s,497
o k u p a ɾ,3915
o k u p a ɾ a,594
o k u p a ɾ a,2087
o k u p a ɾ a n,478
o k u p a ɾ a s,465
o k u p a ɾ e,6355
o k u p a ɾ e m o s,1800
o k u p a ɾ m e,7877
o k u p a ɾ n o s,2276
o k u p a ɾ s e,5614
o k u p a ɾ t e,3314
o k u p a s,1003
o k u p a t e,7131
o k u p e,2448
o k u p e,724
o k u p e n,749
o k u p e n s e,597
o k u p e s,605
o k u p e s e,2029
o k u p o,4816
o k u p o,958
o k u r a,11205
o k u r a n,474
o k u r e,62221
o k u r e n,3633
o k u r i a,1785
o k u r i d o,21090
o k u r j e n d o,6822
o k u r j e ɾ a,2527
o k u r j e ɾ o n,1551
o k u r j e s e,545
o k u r j o,41100
o k u r i ɾ,10783
o k u r i ɾ a,6373
o k u r i ɾ i a,2201
o k u r i ɾ l e,706
o d a,617
o d e s s a,897
o d j a,14345
o d i a b a,6428
o d i a b a n,788
o d i a b a s,1415
o d i a d o,1463
o d i a m o s,1289
o d j a n,5215
o d i a ɾ,3117
o d i a ɾ i a,2091
o d j a ɾ l a,454
o d j a ɾ l o,970
o d j a ɾ m e,2386
o d j a ɾ t e,1893
o d j a s,7923
o d j e,2285
o d i e,1101
o d j e n,480
o d j e s,1107
o d i n,975
o d j o,65337
o d j o s a,744
o d j o s o,1315
o d i s e a,1008
o e s t e,25616
o f e l j a,456
o f e n d a,1205
o f e n d a s,2244
o f e n d e,1681
o f e n d e n,661
o f e n d e ɾ,4777
o f e n d e ɾ l a,560
o f e n d e ɾ l o,728
o f e n d e ɾ m e,661
o f e n d e ɾ t e,2314
o f e n d i,581
o f e n d i d a,580
o f e n d i d o,3105
o f e n d j o,577
o f e n s a,1693
o f e n s a s,1106
o f e n s i b a,2776
o f e n s i b o,1728
o f e ɾ t a,20319
o f e ɾ t a s,2500
o f i s i a l,54230
o f i s i a l e s,19252
o f i s i a l m e n t e,7871
o f i s i n a,79256
o f i s i n a s,4549
o f i s i o,4867
o f ɾ e s e,8050
o f ɾ e s e l e,557
o f ɾ e s e m o s,1782
o f ɾ e s e n,3084
o f ɾ e s e ɾ,7067
o f ɾ e s e ɾ a,582
o f ɾ e s e ɾ e,569
o f ɾ e s e ɾ i a,484
o f ɾ e s e ɾ l e,8484
o f ɾ e s e ɾ l e s,2892
o f ɾ e s e ɾ m e,2452
o f ɾ e s e ɾ n o s,958
o f ɾ e s e ɾ o s,478
o f ɾ e s e ɾ s e,562
o f ɾ e s e ɾ t e,6266
o f ɾ e s e s,1376
o f ɾ e s i,2735
o f ɾ e s i a,742
o f ɾ e s i d o,3906
o f ɾ e s i e n d o,2843
o f ɾ e s i e ɾ o n,2315
o f ɾ e s i m j e n t o,761
o f ɾ e s i o,6445
o f ɾ e s i s t e,1090
o f ɾ e n d a,1354
o f ɾ e n d a s,498
o f ɾ e s k a,931
o f ɾ e s k o,5034
o g ɾ o,2305
o g ɾ o s,612
o,504986
o j o,3629
o i,36738
o i a,2588
o i d,707
o i d m e,477
o i d o,77952
o i d o s,8996
o i g a,28105
o i g a m o s,833
o i g a m o s l o,469
o i g a n,23713
o i g a s,1991
o i g o,17403
o i m o s,4580
o i ɾ,40742
o i ɾ a,1377
o i ɾ a n,1039
o i ɾ a s,955
o i ɾ e,452
o i ɾ e m o s,466
o i ɾ l a,3910
o i ɾ l a s,872
o i ɾ l e,1514
o i ɾ l o,13793
o i ɾ l o s,2202
o i ɾ m e,13716
o i ɾ n o s,1695
o i ɾ s e,468
o i ɾ t e,9321
o i s,1141
o i s t e,17692
o x a l a,36326
o x e a d a,1388
o x i t o s,687
o x o,33407
o x o s,131058
o k a i,12601
o k l a o m a,2270
o l a,6468
o l a s,5483
o l e,501
o l e a d a,949
o l e ɾ,5688
o l e ɾ l a,748
o l e ɾ l o,2552
o l e ɾ t e,574
o l f a t o,1540
o l g a,1830
o l i,549
o l i a,2310
o l i d o,779
o l j e n d o,1043
o l i m p j a d a s,1057
o l i m p i k o,912
o l i m p i k o s,671
o l i m p o,758
o l i b a,989
o l i b j a,7372
o j a,2353
o j a s,536
o l m o,1568
o l o ɾ,17450
o l o ɾ e s,1074
o l b i d a,15955
o l b i d a b a,3013
o l b i d a d a,886
o l b i d a d l o,491
o l b i d a d o,26494
o l b i d a d o s,1021
o l b i d a l a,1403
o l b i d a l o,50796
o l b i d a l o s,560
o l b i d a m e,810
o l b i d a m o s,3124
o l b i d a n,2074
o l b i d a n d o,1938
o l b i d a ɾ,18225
o l b i d a ɾ a,898
o l b i d a ɾ a,1990
o l b i d a ɾ a n,1037
o l b i d a ɾ a s,539
o l b i d a ɾ a s,1746
o l b i d a ɾ e,7083
o l b i d a ɾ e m o s,1362
o l b i d a ɾ i a,956
o l b i d a ɾ l a,1827
o l b i d a ɾ l o,10226
o l b i d a ɾ m e,3797
o l b i d a ɾ n o s,2145
o l b i d a ɾ o n,1997
o l b i d a ɾ s e,2912
o l b i d a ɾ t e,5080
o l b i d a s,5456
o l b i d a s t e,7327
o l b i d a t e,15815
o l b i d e,11186
o l b i d e,19366
o l b i d e i s,875
o l b i d e l o,6099
o l b i d e m o n o s,1056
o l b i d e m o s,3196
o l b i d e m o s l o,1412
o l b i d e n,4434
o l b i d e n l o,2553
o l b i d e n s e,1524
o l b i d e s,19141
o l b i d e s e,2969
o l b i d o,8451
o l b i d o,10181
o m a a,1163
o m a ɾ,4411
o m b l i g o,1379
o m e g a,1845
o m n i b u s,876
o n s e,8797
o n d a,7464
o n d a s,3866
o n u,2834
o n s a,620
o n s a s,606
o p s i o n,25412
o p s i o n e s,10988
o p e ɾ a,2615
o p e ɾ a,6262
o p e ɾ a s i o n,26827
o p e ɾ a s i o n a l,538
o p e ɾ a s i o n e s,11513
o p e ɾ a d o,960
o p e ɾ a d o ɾ,2555
o p e ɾ a d o ɾ a,2942
o p e ɾ a d o ɾ e s,637
o p e ɾ a n,782
o p e ɾ a n d o,1784
o p e ɾ a ɾ,4301
o p e ɾ a ɾ l a,639
o p e ɾ a ɾ l o,862
o p e ɾ a ɾ m e,817
o p e ɾ a ɾ o n,545
o p e ɾ a ɾ s e,628
o p e ɾ a ɾ t e,620
o p e ɾ a t i b a,455
o p e ɾ a t i b o,2297
o p e ɾ a t i b o s,894
o p i n a,5683
o p i n a n,1431
o p i n a ɾ,1007
o p i n a s,9959
o p i n j o n,36777
o p i n j o n e s,3698
o p i n o,2689
o p j o,1681
o p o n e,1419
o p o n e n,706
o p o n e n t e,2821
o p o n e n t e s,761
o p o n e ɾ m e,480
o p o n e ɾ s e,1575
o p o n g o,1135
o p o ɾ t o,844
o p o ɾ t u n a,458
o p o ɾ t u n i d a d,97577
o p o ɾ t u n i d a d e s,7273
o p o ɾ t u n i s t a,511
o p o ɾ t u n o,2658
o p o s i s i o n,2502
o p ɾ e s j o n,1168
o p ɾ i m e,531
o p ɾ i m i d o s,464
o p t i k a,788
o p t i k o,619
o p t i m i s m o,1050
o p t i m i s t a,2921
o p t i m i s t a s,600
o p t i m o,624
o p w e s t a,934
o p w e s t a s,525
o p w e s t o,3403
o p w e s t o s,1066
o p u s,521
o p u s o,601
o ɾ a,1033
o ɾ a s i o n,4849
o ɾ a s i o n e s,3682
o ɾ a k u l o,1800
o ɾ a d o ɾ,1040
o ɾ a l,2126
o ɾ a n x e,1094
o ɾ a ɾ,1049
o ɾ b e,555
o ɾ b i t a,643
o ɾ b i t a,4266
o ɾ k o s,2155
o ɾ d e n,74893
o ɾ d e n a,4581
o ɾ d e n a d a,1085
o ɾ d e n a d o,5482
o ɾ d e n a d o ɾ,8600
o ɾ d e n a d o ɾ e s,2129
o ɾ d e n a m o s,568
o ɾ d e n a n,628
o ɾ d e n a n d o,1001
o ɾ d e n a n s a,839
o ɾ d e n a ɾ,4268
o ɾ d e n a ɾ e,764
o ɾ d e n a ɾ o n,1699
o ɾ d e n a s,452
o ɾ d e n a s t e,843
o ɾ d e n e,2713
o ɾ d e n e,2591
o ɾ d e n e s,6193
o ɾ d e n e s,38456
o ɾ d e n o,5325
o ɾ d e n o,7224
o ɾ d e ɲ a ɾ,549
o ɾ d i n a ɾ j a,1350
o ɾ d i n a ɾ j o,2478
o ɾ d i n a ɾ j o s,486
o ɾ e g o n,1090
o ɾ e x a,7248
o ɾ e x a s,7954
o ɾ e m o s,746
o ɾ e n,481
o ɾ f a n a t o,2891
o ɾ f e o,845
o ɾ g a n i k a,1134
o ɾ g a n i s e,496
o ɾ g a n i s e,646
o ɾ g a n i k o,1394
o ɾ g a n i k o s,542
o ɾ g a n i s m o,2972
o ɾ g a n i s m o s,1273
o ɾ g a n i s a,1368
o ɾ g a n i s a s i o n,10541
o ɾ g a n i s a s i o n e s,1549
o ɾ g a n i s a d a,1231
o ɾ g a n i s a d o,4777
o ɾ g a n i s a d o ɾ,544
o ɾ g a n i s a d o s,876
o ɾ g a n i s a m o s,603
o ɾ g a n i s a n d o,1476
o ɾ g a n i s a ɾ,5049
o ɾ g a n i s a ɾ l o,764
o ɾ g a n i s a ɾ n o s,712
o ɾ g a n i s a ɾ s e,567
o ɾ g a n i s o,1620
o ɾ g a n o,2373
o ɾ g a n o s,4898
o ɾ g a s m o,2613
o ɾ g a s m o s,795
o ɾ x i a,1289
o ɾ x i a s,489
o ɾ g w j o s a,11292
o ɾ g w j o s a m e n t e,546
o ɾ g w j o s o,22229
o ɾ g w j o s o s,5778
o ɾ j e n t a s i o n,2266
o ɾ j e n t a l,3506
o ɾ j e n t a l e s,1066
o ɾ j e n t e,4850
o ɾ i f i s i o,822
o ɾ i f i s i o s,505
o ɾ i x e n,6876
o ɾ i x e n e s,1193
o ɾ i x i n a l,14903
o ɾ i x i n a l e s,3066
o ɾ i x i n a l m e n t e,1737
o ɾ i x i n o,600
o ɾ i j a,4833
o ɾ i j a s,1155
o ɾ i n a,5024
o ɾ i n a l,539
o ɾ i n a n d o,830
o ɾ i n a ɾ,4412
o ɾ i n o,459
o ɾ j o n,716
o ɾ l a n d o,1548
o ɾ l e a n s,3548
o ɾ o,42752
o ɾ k e s t a,4077
o ɾ k i d e a,1036
o ɾ k i d e a s,1262
o ɾ t e g a,577
o ɾ t i s,546
o ɾ t o d o k s o,688
o ɾ t o g ɾ a f i a,928
o ɾ u g a,1044
o s,125001
o s a,1341
o s a d i a,533
o s a d o,901
o s a k a,1057
o s a m a,1029
o s a s,549
o s b o ɾ n e,993
o s k u ɾ a,7121
o s k u ɾ a s,4538
o s k u ɾ e s e,647
o s k u ɾ e s e ɾ,495
o s k u ɾ e s i e n d o,597
o s k u ɾ e s k a,1110
o s k u ɾ i d a d,22450
o s k u ɾ o,22426
o s k u ɾ o s,3785
o s e a,1270
o s i ɾ i s,581
o s i t o,2227
o s l o,527
o s o,14185
o s o s,4926
o s t j a,631
o s t ɾ a,614
o s t ɾ a s,2030
o t a n,1078
o t o ɲ o,5606
o t o ɾ g a,959
o t o ɾ g a d o,875
o t ɾ a,409994
o t ɾ a s,68639
o t ɾ o,329734
o t ɾ o s,128223
o b a l,617
o b a ɾ j o s,518
o b e x a,2964
o b e x a s,5019
o b e ɾ,2478
o b n i,1350
o b n i s,1172
o b u l o,464
o b u l o s,498
o k s f o ɾ d,2387
o k s i d a d a,549
o k s i d a d o,1084
o k s i d o,1020
o k s i x e n o,7881
o i e,212384
o i e m e,967
o i e n,5037
o i e n d o,4540
o i e n t e,504
o i e n t e s,654
o i e ɾ a,778
o i e ɾ o n,5847
o i e s,23954
o i o,9197
o s,2745
o s o n o,576
p a b e j o n,3008
p a b l o,4558
p a s e,528
p a s e s,2871
p a s i e n s i a,14503
p a s i e n t e,32294
p a s i e n t e s,16667
p a s i f i k a,1660
p a s i f i k a d o ɾ e s,487
p a s i f i k a m e n t e,868
p a s i f i k o,5533
p a s i f i k o s,737
p a s i f i s t a,580
p a k o,1975
p a k o t i j a,590
p a k t o,4395
p a d e s e,944
p a d ɾ a s t ɾ o,2528
p a d ɾ e,379004
p a d ɾ e s,84385
p a d ɾ i n o,6328
p a d ɾ i n o s,493
p a g a,23093
p a g a b a,1727
p a g a b a n,916
p a g a d a,1067
p a g a d a s,580
p a g a d o,11275
p a g a d o s,910
p a g a l e,1475
p a g a m e,1711
p a g a m o s,4120
p a g a n,12412
p a g a n d o,5678
p a g a n o,794
p a g a n o s,1053
p a g a ɾ,52568
p a g a ɾ a,1135
p a g a ɾ a,6258
p a g a ɾ a n,701
p a g a ɾ a n,3035
p a g a ɾ a s,3205
p a g a ɾ e,9855
p a g a ɾ e m o s,2130
p a g a ɾ i a,2766
p a g a ɾ i a n,770
p a g a ɾ i a s,490
p a g a ɾ l a,1888
p a g a ɾ l a s,686
p a g a ɾ l e,9128
p a g a ɾ l e s,1822
p a g a ɾ l o,5640
p a g a ɾ l o s,584
p a g a ɾ m e,6137
p a g a ɾ n o s,1172
p a g a ɾ o n,3192
p a g a ɾ s e,662
p a g a ɾ t e,5001
p a g a s,6268
p a g a s t e,2634
p a x i n a,13081
p a x i n a s,6979
p a g o,20498
p a g o,8803
p a g o s,2736
p a g e,5856
p a g e,5550
p a g e m e,562
p a g e n,2788
p a g e s,1651
p a i s,79660
p a i s a x e,3420
p a i s a x e s,942
p a i s a n o,817
p a i s e s,7964
p a x a,3210
p a x a ɾ,1023
p a x a ɾ i t o,3073
p a x a ɾ i t o s,874
p a x a ɾ o,14320
p a x a ɾ o s,10100
p a x i t a,517
p a k i s t a n,1731
p a l a,2903
p a l a b ɾ a,84685
p a l a b ɾ a s,64193
p a l a b ɾ e ɾ i a,530
p a l a b ɾ o t a s,960
p a l a s e,1088
p a l a s i o,13412
p a l a s i o s,753
p a l a d a ɾ,900
p a l a n k a,3057
p a l a s,951
p a l k o,1325
p a l e s t i n a,1357
p a l e s t i n o s,1060
p a l e t a,1051
p a l e t a s,681
p a l e t o,698
p a l i d a,2264
p a l i d o,2718
p a l i j o,671
p a l i j o s,962
p a l i t o,590
p a l i t o s,813
p a l i s a,11010
p a l i s a s,915
p a l m a,2858
p a l m a d a,791
p a l m a s,1395
p a l m e ɾ a s,752
p a l o,9219
p a l o m a,3299
p a l o m a s,2384
p a l o m i t a s,2895
p a l o m o,643
p a l o s,3843
p a m e l a,2675
p a n,25606
p a n a d e ɾ i a,1622
p a n a d e ɾ o,998
p a n a l,482
p a n a m a,2244
p a n tʃ o,913
p a n k ɾ e a s,705
p a n d a,2932
p a n d i j a,6853
p a n d i j a s,2193
p a n d i j e ɾ o,876
p a n d i j e ɾ o s,1074
p a n d o ɾ a,1493
p a n e s i j o,871
p a n e s i j o s,1382
p a n e l,2866
p a n e l e s,1097
p a n e s,491
p a n f l e t o,540
p a n f l e t o s,737
p a n i k o,11612
p a n o ɾ a m a,1500
p a n o ɾ a m i k a,453
p a n k e k e s,2726
p a n t a j a,11678
p a n t a l o n,2539
p a n t a l o n e s,25316
p a n t a n o,4519
p a n t a n o s,1240
p a n t e ɾ a,1322
p a n t e ɾ a s,538
p a n t u f l a s,622
p a n s a,2466
p a ɲ a l,1475
p a ɲ a l e s,3369
p a ɲ o,716
p a ɲ w e l o,5105
p a ɲ w e l o s,1050
p a o l o,1893
p a p a,27795
p a p a,259671
p a p a i t o,601
p a p a l,535
p a p a ɾ a s s i,579
p a p a s,7579
p a p a s,3755
p a p e l,43154
p a p e l e o,4123
p a p e l e ɾ a,780
p a p e l e s,18930
p a p i,28298
p a p i j a,839
p a p i t a s,488
p a p i t o,2444
p a k e t e,15277
p a k e t e s,3758
p a ɾ,85733
p a ɾ a,3001482
p a ɾ a b a,1781
p a ɾ a b ɾ i s a s,1766
p a ɾ a k a i d a s,3258
p a ɾ a k a i d i s t a,475
p a ɾ a k a i d i s t a s,768
p a ɾ a tʃ o k e s,626
p a ɾ a d,3237
p a ɾ a d a,12876
p a ɾ a d a s,1619
p a ɾ a d e ɾ o,2512
p a ɾ a d o,15390
p a ɾ a d o x a,1011
p a ɾ a d o s,3133
p a ɾ a g w a s,2787
p a ɾ a i s o,10147
p a ɾ a l e l o,1339
p a ɾ a l e l o s,480
p a ɾ a l i s i s,1580
p a ɾ a l i t i k o,671
p a ɾ a l i s a d a,732
p a ɾ a l i s a d o,1672
p a ɾ a l o,1428
p a ɾ a m e d i k o,772
p a ɾ a m e d i k o s,1664
p a ɾ a m e t ɾ o s,1223
p a ɾ a m o,563
p a ɾ a m o s,3240
p a ɾ a n,1986
p a ɾ a n d o,1052
p a ɾ a n o j a,2183
p a ɾ a n o i k a,1211
p a ɾ a n o i k o,3492
p a ɾ a n o i k o s,576
p a ɾ a n o ɾ m a l,924
p a ɾ a ɾ,33134
p a ɾ a ɾ a,896
p a ɾ a ɾ a,1495
p a ɾ a ɾ e,1069
p a ɾ a ɾ e m o s,1019
p a ɾ a ɾ i a,472
p a ɾ a ɾ l a,1174
p a ɾ a ɾ l e,834
p a ɾ a ɾ l o,4340
p a ɾ a ɾ l o s,1288
p a ɾ a ɾ m e,2985
p a ɾ a ɾ n o s,890
p a ɾ a ɾ o n,1192
p a ɾ a ɾ s e,2824
p a ɾ a ɾ t e,2469
p a ɾ a s,2899
p a ɾ a s i t o,1974
p a ɾ a s i t o s,1834
p a ɾ a s t e,941
p a ɾ a t e,8199
p a ɾ s e l a,798
p a ɾ tʃ e,1551
p a ɾ tʃ e s,550
p a ɾ s i a l,2431
p a ɾ s i a l e s,538
p a ɾ s i a l m e n t e,1092
p a ɾ e,13022
p a ɾ e,1888
p a ɾ e s e,393730
p a ɾ e s e i s,885
p a ɾ e s e m o s,2377
p a ɾ e s e n,27493
p a ɾ e s e ɾ,28648
p a ɾ e s e ɾ a,3920
p a ɾ e s e ɾ i a,3410
p a ɾ e s e ɾ l e,774
p a ɾ e s e ɾ l o,460
p a ɾ e s e ɾ m e,932
p a ɾ e s e ɾ s e,1824
p a ɾ e s e ɾ t e,1486
p a ɾ e s e s,30784
p a ɾ e s i a,35477
p a ɾ e s i a n,4022
p a ɾ e s i a s,2411
p a ɾ e s i d a,2215
p a ɾ e s i d a s,894
p a ɾ e s i d o,17892
p a ɾ e s i d o s,1948
p a ɾ e s i e n d o,755
p a ɾ e s i e ɾ a,3796
p a ɾ e s i e ɾ o n,827
p a ɾ e s i o,18670
p a ɾ e d,25064
p a ɾ e d e s,11562
p a ɾ e x a,26539
p a ɾ e x a s,6277
p a ɾ e x o,461
p a ɾ e m o s,1068
p a ɾ e n,9487
p a ɾ e n s e,1135
p a ɾ e n t e s k o,500
p a ɾ e s,7597
p a ɾ e s e,1619
p a ɾ e s k a,11876
p a ɾ e s k a n,1210
p a ɾ e s k a s,461
p a ɾ e s k o,10394
p a ɾ j e n t e,4618
p a ɾ j e n t e s,6435
p a ɾ j o,1054
p a ɾ i ɾ,657
p a ɾ i s,29406
p a ɾ k i n g,937
p a ɾ k i n s o n,675
p a ɾ l a m e n t o,3393
p a ɾ l a n t e,612
p a ɾ l a n t e s,485
p a ɾ o,5984
p a ɾ o,4437
p a ɾ o d j a,620
p a ɾ p a d e a,681
p a ɾ p a d e a ɾ,551
p a ɾ p a d e o,542
p a ɾ p a d o s,904
p a ɾ k e,20186
p a ɾ k e s,1599
p a r a f o,1456
p a r a n d a,491
p a r i j a,1898
p a r i j a d a,514
p a r o k o,959
p a r o k j a,1650
p a ɾ t a,1490
p a ɾ t e,235056
p a ɾ t e n,560
p a ɾ t e s,42302
p a ɾ t i,557
p a ɾ t i s i p a,777
p a ɾ t i s i p a s i o n,2865
p a ɾ t i s i p a d o,977
p a ɾ t i s i p a n,497
p a ɾ t i s i p a n d o,571
p a ɾ t i s i p a n t e,537
p a ɾ t i s i p a n t e s,994
p a ɾ t i s i p a ɾ,6976
p a ɾ t i s i p e,480
p a ɾ t i s i p e,558
p a ɾ t i s i p o,1056
p a ɾ t i k u l a,1019
p a ɾ t i k u l a ɾ,11910
p a ɾ t i k u l a ɾ e s,1091
p a ɾ t i k u l a ɾ m e n t e,3499
p a ɾ t i k u l a s,3565
p a ɾ t i d a,9820
p a ɾ t i d a ɾ j o,625
p a ɾ t i d a ɾ j o s,662
p a ɾ t i d a s,829
p a ɾ t i d o,35286
p a ɾ t i d o s,3586
p a ɾ t j e n d o,944
p a ɾ t j e ɾ o n,821
p a ɾ t i m o s,1661
p a ɾ t j o,2702
p a ɾ t i ɾ,26030
p a ɾ t i ɾ a,895
p a ɾ t i ɾ e,1174
p a ɾ t i ɾ e m o s,895
p a ɾ t i ɾ l e,832
p a ɾ t i ɾ t e,872
p a ɾ t i s a n o s,548
p a ɾ t i t u ɾ a,514
p a ɾ t i t u ɾ a s,465
p a ɾ t o,5422
p a ɾ t o s,556
p a s a,341981
p a s a b a,12825
p a s a b a m o s,1130
p a s a b a n,2070
p a s a b a s,604
p a s a d,1358
p a s a d a,23780
p a s a d a s,2502
p a s a d i s o,740
p a s a d l o,859
p a s a d o,178953
p a s a d o s,2474
p a s a x e,5100
p a s a x e ɾ a,911
p a s a x e ɾ o,3702
p a s a x e ɾ o s,8593
p a s a x e s,2205
p a s a l a,2273
p a s a l e,789
p a s a l o,2965
p a s a m e,9854
p a s a m e l a,1504
p a s a m e l o,2465
p a s a m o s,15034
p a s a n,15963
p a s a n d o,84878
p a s a n d o l a,975
p a s a n d o l o,879
p a s a n d o m e,544
p a s a p o ɾ t e,8402
p a s a p o ɾ t e s,2687
p a s a ɾ,139754
p a s a ɾ a,10254
p a s a ɾ a,26570
p a s a ɾ a n,900
p a s a ɾ a n,2781
p a s a ɾ a s,898
p a s a ɾ a s,2349
p a s a ɾ e,5782
p a s a ɾ e l a,1028
p a s a ɾ e m o s,4726
p a s a ɾ i a,9988
p a s a ɾ i a n,470
p a s a ɾ i a s,629
p a s a ɾ l a,3601
p a s a ɾ l e,4149
p a s a ɾ l o,5518
p a s a ɾ l o s,574
p a s a ɾ m e,7381
p a s a ɾ n o s,1385
p a s a ɾ o n,10306
p a s a ɾ s e,2800
p a s a ɾ s e l o,667
p a s a ɾ t e,4045
p a s a s,9715
p a s a s e,738
p a s a s t e,6755
p a s a t e,1396
p a s a t e l o,628
p a s a t j e m p o,2219
p a s a t j e m p o s,722
p a s k a l,1229
p a s k w a,2983
p a s k w a s,750
p a s e,56922
p a s e,19515
p a s e a,907
p a s e a b a,655
p a s e a n d o,2666
p a s e a n d o s e,614
p a s e a ɾ,6790
p a s e a ɾ s e,472
p a s e l o,534
p a s e m e,1778
p a s e m e l a,481
p a s e m e l o,813
p a s e m o s,3208
p a s e n,10921
p a s e n l o,487
p a s e o,20922
p a s e o s,1233
p a s e s,6580
p a s i j o,12556
p a s i j o s,1975
p a s j o n,11061
p a s j o n a l,622
p a s j o n e s,1162
p a s i b a,457
p a s i b o,647
p a s m a,488
p a s m a d o,551
p a s o,83060
p a s o,155531
p a s o s,13233
p a s t a,10789
p a s t a s,585
p a s t e l,19249
p a s t e l e ɾ i a,929
p a s t e l e ɾ o,653
p a s t e l e s,4552
p a s t e l i j o s,473
p a s t e l i t o,1188
p a s t e l i t o s,1117
p a s t i j a,2804
p a s t i j a s,9510
p a s t o,2312
p a s t o ɾ,7862
p a s t o ɾ e s,795
p a s t o s,704
p a t a,11494
p a t a d a,6032
p a t a d a s,3700
p a t a n,2831
p a t a n e s,622
p a t a s,6849
p a t a t a,1981
p a t a t a s,7018
p a t e,757
p a t e a,1261
p a t e a d o,657
p a t e a l e,571
p a t e a l o,626
p a t e a n d o,1071
p a t e a ɾ,3344
p a t e a ɾ e,936
p a t e a ɾ l e,1099
p a t e a ɾ m e,589
p a t e a ɾ t e,1582
p a t e e,621
p a t e n t e,1143
p a t e n t e s,988
p a t e o,536
p a t e o,865
p a t e ɾ n a,559
p a t e ɾ n a l,609
p a t e ɾ n i d a d,1192
p a t e t i k a,2222
p a t e t i k o,7806
p a t e t i k o s,967
p a t i j a s,517
p a t i n a x e,1189
p a t i n a ɾ,1628
p a t i n e s,1469
p a t i n e t a,529
p a t j o,10922
p a t i t a s,489
p a t i t o,745
p a t o,6410
p a t o x e n o,467
p a t o l o x i a,767
p a t o s,2481
p a t ɾ a ɲ a s,1563
p a t ɾ j a,5567
p a t ɾ i s i a,2920
p a t ɾ i s i o,788
p a t ɾ i k k,10367
p a t ɾ i m o n j o,1287
p a t ɾ j o t a,1797
p a t ɾ j o t a s,833
p a t ɾ j o t i k o,560
p a t ɾ j o t i s m o,1044
p a t ɾ o s i n a d o ɾ,1050
p a t ɾ o s i n a d o ɾ e s,911
p a t ɾ o s i n j o,461
p a t ɾ o n,11467
p a t ɾ o n a,1010
p a t ɾ o n e s,3565
p a t ɾ u j a,8983
p a t ɾ u j a n d o,786
p a t ɾ u j a ɾ,667
p a t ɾ u j a s,2629
p a t ɾ u j e ɾ o,789
p a t t e ɾ s o n,1359
p a u l,41976
p a u l a,4472
p a u l i n a,473
p a u s a,3698
p a u t a,471
p a u t a s,508
p a b i m e n t o,661
p a b o,6690
p a b o ɾ,520
p a b o s,5423
p a i a s a d a s,633
p a i a s o,8635
p a i a s o s,3597
p a s,87185
p e a x e,783
p e k a d o,12139
p e k a d o ɾ,1797
p e k a d o ɾ a,520
p e k a d o ɾ e s,2179
p e k a d o s,8091
p e k a ɾ,517
p e k a s,824
p e s e ɾ a,916
p e s e s,11887
p e tʃ o,18962
p e tʃ o s,6523
p e tʃ u g a,495
p e k t o ɾ a l e s,477
p e k u l j a ɾ,2332
p e d a s i t o,1045
p e d a s i t o s,1564
p e d a l,726
p e d a l e s,519
p e d a n t e,555
p e d a s o,18154
p e d a s o s,12965
p e d e s t a l,799
p e d i,23116
p e d i a,2361
p e d i a n,599
p e d j a t ɾ a,854
p e d j a t ɾ i a,717
p e d i d o,27090
p e d i d o s,1819
p e d i m o s,7267
p e d i ɾ,32484
p e d i ɾ a,1680
p e d i ɾ a n,626
p e d i ɾ a s,775
p e d i ɾ e,6921
p e d i ɾ e m o s,1320
p e d i ɾ i a,2581
p e d i ɾ i a s,478
p e d i ɾ l a,692
p e d i ɾ l e,26399
p e d i ɾ l e s,4385
p e d i ɾ l o,2616
p e d i ɾ m e,6884
p e d i ɾ m e l o,1647
p e d i ɾ n o s,574
p e d i ɾ o s,708
p e d i ɾ s e l o,3418
p e d i ɾ t e,17158
p e d i ɾ t e l o,1773
p e d i s t e,9150
p e d o,2815
p e d o f i l o,805
p e d o s,1508
p e d ɾ o,7415
p e g a,5359
p e g a b a,1469
p e g a d a,1560
p e g a d o,6372
p e g a d o s,1130
p e g a x o s a,789
p e g a x o s o,1157
p e g a l e,5000
p e g a m e,4810
p e g a m e n t o,1962
p e g a n,1374
p e g a n d o,1454
p e g a n d o l e,763
p e g a ɾ,5111
p e g a ɾ a,511
p e g a ɾ e,842
p e g a ɾ l e,6742
p e g a ɾ l e s,737
p e g a ɾ m e,4469
p e g a ɾ o n,1349
p e g a ɾ s e,700
p e g a ɾ t e,2669
p e g a s,1956
p e g a s o,800
p e g a s t e,1657
p e g a t e,600
p e g g i,3996
p e g o,2265
p e g o,5749
p e g e,2069
p e g e,2117
p e g e n,734
p e g e s,1488
p e i n a d o,2974
p e i n a ɾ m e,474
p e i n e,1460
p e k i n,849
p e l a,609
p e l a d o,1001
p e l a x e,491
p e l a ɾ,768
p e l e,594
p e l e a,36556
p e l e a b a,739
p e l e a b a m o s,469
p e l e a b a n,771
p e l e a d o,2989
p e l e a d o ɾ,761
p e l e a m o s,3395
p e l e a n,2780
p e l e a n d o,8258
p e l e a n d o s e,954
p e l e a ɾ,28113
p e l e a ɾ a,632
p e l e a ɾ e,1149
p e l e a ɾ e m o s,1095
p e l e a ɾ m e,987
p e l e a ɾ n o s,1016
p e l e a ɾ o n,1736
p e l e a ɾ o s,459
p e l e a ɾ s e,1884
p e l e a ɾ t e,592
p e l e a s,8580
p e l e a s t e,1236
p e l e e,1073
p e l e e,1117
p e l e e m o s,867
p e l e e n,2152
p e l e e s,873
p e l e l e,510
p e l e o,1225
p e l e o,1860
p e l i,1792
p e l i k u l a,70319
p e l i k u l a s,24547
p e l i g ɾ o,42991
p e l i g ɾ o s,2637
p e l i g ɾ o s a,9140
p e l i g ɾ o s a m e n t e,806
p e l i g ɾ o s a s,3279
p e l i g ɾ o s o,37088
p e l i g ɾ o s o s,5418
p e l i r o x a,2287
p e l i r o x o,999
p e l i s,549
p e j e x o,2930
p e j i s k o,453
p e l o,52236
p e l o s,4555
p e l o t a,15208
p e l o t a s,10431
p e l o t o n,5490
p e l u k a,3088
p e l u k a s,879
p e l u tʃ e,1767
p e l u d a,803
p e l u d a s,655
p e l u d o,1813
p e l u d o s,670
p e l u k e ɾ a,476
p e l u k e ɾ i a,1725
p e l u k e ɾ o,1356
p e l u k i n,455
p e l u s a,569
p e l b i s,873
p e n a,59768
p e n a l,2153
p e n a l e s,1044
p e n a s,3657
p e n d e x a d a s,924
p e n d e x o,6686
p e n d e x o s,1378
p e n d j e n t e,5134
p e n d j e n t e s,3809
p e n e,12501
p e n e l o p e,1032
p e n e s,1568
p e n e t ɾ a,701
p e n e t ɾ a s i o n,952
p e n e t ɾ a d o,586
p e n e t ɾ a n t e,483
p e n e t ɾ a ɾ,1779
p e n e t ɾ o,632
p e n i s i l i n a,982
p e n i n s u l a,714
p e n i k e,1726
p e n i k e s,1921
p e n i t e n s i a,1262
p e n i t e n s i a ɾ i a,799
p e n n s i l b a n j a,1232
p e n n i,8959
p e n o s a,518
p e n o s o,1142
p e n s a b a,51944
p e n s a b a m o s,3304
p e n s a b a n,2843
p e n s a b a s,6622
p e n s a d,754
p e n s a d l o,518
p e n s a d o,38417
p e n s a d o ɾ,568
p e n s a i s,1739
p e n s a m j e n t o,10102
p e n s a m j e n t o s,12515
p e n s a m o s,15443
p e n s a n d o,87043
p e n s a n d o l o,4705
p e n s a ɾ,106702
p e n s a ɾ a,2904
p e n s a ɾ a,4096
p e n s a ɾ a n,839
p e n s a ɾ a n,2421
p e n s a ɾ a s,1362
p e n s a ɾ a s,2534
p e n s a ɾ e,4832
p e n s a ɾ e m o s,1090
p e n s a ɾ i a,4813
p e n s a ɾ i a n,822
p e n s a ɾ i a s,1549
p e n s a ɾ l o,18753
p e n s a ɾ m e l o,909
p e n s a ɾ o n,4050
p e n s a ɾ s e l o,585
p e n s a ɾ t e l o,576
p e n s a s t e,11566
p e n s e,151785
p e n s e m o s,2245
p e n s i l b a n j a,1368
p e n s j o n,5830
p e n s j o n e s,1010
p e n s o,15416
p e n t a g o n o,3552
p e n u m b ɾ a,497
p e ɲ a,634
p e o n,1517
p e o n e s,913
p e o ɾ,75541
p e o ɾ e s,10144
p e p e,1459
p e p i n i j o s,1215
p e p i n o,1105
p e p i n o s,461
p e p s i,1033
p e k e ɲ a,80802
p e k e ɲ a s,15868
p e k e ɲ i n,1677
p e k e ɲ i t a,1329
p e k e ɲ i t o,1685
p e k e ɲ i t o s,481
p e k e ɲ o,111645
p e k e ɲ o s,23767
p e ɾ a,1104
p e ɾ a s,636
p e ɾ s e p s i o n,2247
p e ɾ s i b e,772
p e ɾ s i b i,518
p e ɾ s i b i ɾ,1003
p e ɾ s i b o,1272
p e ɾ k i,4599
p e ɾ d a m o s,2378
p e ɾ d e d o ɾ,8609
p e ɾ d e d o ɾ a,1164
p e ɾ d e d o ɾ e s,4016
p e ɾ d e m o s,6357
p e ɾ d e ɾ,66196
p e ɾ d e ɾ a,3564
p e ɾ d e ɾ a n,1559
p e ɾ d e ɾ a s,3858
p e ɾ d e ɾ e,3686
p e ɾ d e ɾ e m o s,3750
p e ɾ d e ɾ i a,3529
p e ɾ d e ɾ i a m o s,587
p e ɾ d e ɾ i a s,520
p e ɾ d e ɾ l a,3685
p e ɾ d e ɾ l e,654
p e ɾ d e ɾ l o,6503
p e ɾ d e ɾ l o s,1583
p e ɾ d e ɾ m e,4836
p e ɾ d e ɾ m e l o,819
p e ɾ d e ɾ n o s,1353
p e ɾ d e ɾ s e,3751
p e ɾ d e ɾ t e,8274
p e ɾ d i,30060
p e ɾ d i a,1418
p e ɾ d i s i o n,1727
p e ɾ d i d a,13204
p e ɾ d i d a,17062
p e ɾ d i d a m e n t e,461
p e ɾ d i d a s,3195
p e ɾ d i d a s,3150
p e ɾ d i d o,72120
p e ɾ d i d o s,8328
p e ɾ d j e n d o,18732
p e ɾ d j e ɾ a,1684
p e ɾ d j e ɾ a s,677
p e ɾ d j e ɾ o n,5895
p e ɾ d i m o s,14602
p e ɾ d j o,24134
p e ɾ d i s t e,13120
p e ɾ d o n,82609
p e ɾ d o n a,28987
p e ɾ d o n a d,1475
p e ɾ d o n a d a,514
p e ɾ d o n a d m e,2700
p e ɾ d o n a d o,2932
p e ɾ d o n a d o s,477
p e ɾ d o n a m e,34899
p e ɾ d o n a m o s,868
p e ɾ d o n a n,720
p e ɾ d o n a n o s,1499
p e ɾ d o n a ɾ,4786
p e ɾ d o n a ɾ a,1741
p e ɾ d o n a ɾ a s,552
p e ɾ d o n a ɾ e,2027
p e ɾ d o n a ɾ i a,944
p e ɾ d o n a ɾ l a,790
p e ɾ d o n a ɾ l e,832
p e ɾ d o n a ɾ l o,1058
p e ɾ d o n a ɾ m e,6153
p e ɾ d o n a ɾ t e,2559
p e ɾ d o n a s,1862
p e ɾ d o n e,24883
p e ɾ d o n e,571
p e ɾ d o n e m e,15459
p e ɾ d o n e n,3710
p e ɾ d o n e n m e,2453
p e ɾ d o n e n o s,747
p e ɾ d o n e s,1715
p e ɾ d o n o,4303
p e ɾ d o n o,946
p e ɾ e g ɾ i n a s i o n,478
p e ɾ e g ɾ i n o,853
p e ɾ e g ɾ i n o s,1012
p e ɾ e s,1240
p e ɾ e s a,685
p e ɾ e s o s a,595
p e ɾ e s o s o,1484
p e ɾ e s o s o s,628
p e ɾ f e k s i o n,3931
p e ɾ f e k s i o n a d o,458
p e ɾ f e k s i o n a ɾ,522
p e ɾ f e k t a,22012
p e ɾ f e k t a m e n t e,19554
p e ɾ f e k t a s,2471
p e ɾ f e k t o,66184
p e ɾ f e k t o s,3402
p e ɾ f i l,7625
p e ɾ f i l e s,875
p e ɾ f o ɾ a s i o n,924
p e ɾ f o ɾ a d o,658
p e ɾ f o ɾ a ɾ,1091
p e ɾ f u m e,6335
p e ɾ f u m e s,767
p e ɾ g a m i n o,1545
p e ɾ i s i a,514
p e ɾ i j a,494
p e ɾ i m e t ɾ o,5943
p e ɾ j o d i k o,20629
p e ɾ j o d i k o s,12450
p e ɾ j o d i s m o,1959
p e ɾ j o d i s t a,9425
p e ɾ j o d i s t a s,4743
p e ɾ i o d o,6139
p e ɾ i o d o s,726
p e ɾ i s k o p j o,690
p e ɾ x u d i k a,559
p e ɾ x u d i k a ɾ,629
p e ɾ x u d i s i a l,770
p e ɾ x u ɾ j o,1046
p e ɾ l a,3733
p e ɾ l a s,3123
p e ɾ m a n e s e,4643
p e ɾ m a n e s e n,1466
p e ɾ m a n e s e ɾ,11039
p e ɾ m a n e s e ɾ a,1745
p e ɾ m a n e s e ɾ a n,633
p e ɾ m a n e s i d o,762
p e ɾ m a n e s i o,1009
p e ɾ m a n e n t e,5570
p e ɾ m a n e n t e m e n t e,1896
p e ɾ m a n e n t e s,820
p e ɾ m a n e s k a,2259
p e ɾ m a n e s k a n,2427
p e ɾ m i s o,48116
p e ɾ m i s o s,1922
p e ɾ m i t a,4562
p e ɾ m i t a m e,17573
p e ɾ m i t a n,1221
p e ɾ m i t a n m e,5636
p e ɾ m i t a n o s,659
p e ɾ m i t a s,1935
p e ɾ m i t e,23871
p e ɾ m i t e m e,10486
p e ɾ m i t e n,6860
p e ɾ m i t e s,4354
p e ɾ m i t i,1074
p e ɾ m i t i a,1120
p e ɾ m i t i a n,462
p e ɾ m i t i d m e,863
p e ɾ m i t i d o,7022
p e ɾ m i t j e n d o,937
p e ɾ m i t j e ɾ a,672
p e ɾ m i t j e ɾ o n,1050
p e ɾ m i t i m o s,1027
p e ɾ m i t j o,3576
p e ɾ m i t i ɾ,13612
p e ɾ m i t i ɾ a,3428
p e ɾ m i t i ɾ a n,941
p e ɾ m i t i ɾ e,6586
p e ɾ m i t i ɾ e m o s,909
p e ɾ m i t i ɾ i a,2327
p e ɾ m i t i ɾ l e,2179
p e ɾ m i t i ɾ l e s,656
p e ɾ m i t i ɾ l o,3013
p e ɾ m i t i ɾ m e,4516
p e ɾ m i t i ɾ m e l o,1195
p e ɾ m i t i ɾ n o s,3622
p e ɾ m i t i ɾ n o s l o,585
p e ɾ m i t i ɾ s e,2710
p e ɾ m i t i ɾ s e l o,1600
p e ɾ m i t i ɾ t e,2064
p e ɾ m i t i ɾ t e l o,702
p e ɾ m i t i s t e,685
p e ɾ m i t o,2238
p e ɾ o,2487701
p e ɾ o s,882
p e ɾ p e t w a,3266
p e ɾ p l e x o,592
p e r a,42244
p e r a s,3039
p e r e ɾ a,1023
p e r i t a,626
p e r i t o,6352
p e r i t o s,1597
p e r o,72418
p e r o s,27518
p e ɾ s a,1502
p e ɾ s a s,1518
p e ɾ s e k u s i o n,4409
p e ɾ s e k u s i o n e s,489
p e ɾ s e g i,502
p e ɾ s e g i a,1240
p e ɾ s e g i a n,698
p e ɾ s e g i d o,2087
p e ɾ s e g i d o s,690
p e ɾ s e g i m o s,761
p e ɾ s e g i ɾ,3562
p e ɾ s e g i ɾ a,498
p e ɾ s e g i ɾ l o,926
p e ɾ s e g i ɾ l o s,498
p e ɾ s e g i ɾ m e,1027
p e ɾ s e g i ɾ t e,862
p e ɾ s e o,650
p e ɾ s e b e ɾ a n s i a,509
p e ɾ s j a,1050
p e ɾ s j a n a s,1383
p e ɾ s i g a,541
p e ɾ s i g a n,510
p e ɾ s i g o,590
p e ɾ s i g e,3986
p e ɾ s i g e n,3015
p e ɾ s i g e s,730
p e ɾ s i g i e n d o,5168
p e ɾ s i g i e n d o m e,727
p e ɾ s i g i e n d o t e,488
p e ɾ s i g i e ɾ o n,603
p e ɾ s i g i o,1045
p e ɾ s i s t e,555
p e ɾ s i s t e n t e,1209
p e ɾ s o n a,130803
p e ɾ s o n a x e,11979
p e ɾ s o n a x e s,5880
p e ɾ s o n a l,51592
p e ɾ s o n a l e s,9788
p e ɾ s o n a l i d a d,8669
p e ɾ s o n a l i d a d e s,1729
p e ɾ s o n a l m e n t e,14932
p e ɾ s o n a s,136522
p e ɾ s p e k t i b a,5589
p e ɾ s p e k t i b a s,812
p e ɾ s p i k a s,820
p e ɾ s w a d i ɾ,825
p e ɾ s w a d i ɾ l o,566
p e ɾ s w a s j o n,814
p e ɾ s w a s i b o,695
p e ɾ t e n e s e,17640
p e ɾ t e n e s e m o s,1142
p e ɾ t e n e s e n,4061
p e ɾ t e n e s e ɾ,1462
p e ɾ t e n e s e s,3112
p e ɾ t e n e s i a,3201
p e ɾ t e n e s i a n,647
p e ɾ t e n e s i o,1034
p e ɾ t e n e n s i a s,2149
p e ɾ t e n e s k a,581
p e ɾ t e n e s k o,3208
p e ɾ t i n e n t e,634
p e ɾ t u ɾ b a,643
p e ɾ t u ɾ b a d a,795
p e ɾ t u ɾ b a d o,1430
p e ɾ t u ɾ b a d o ɾ,984
p e ɾ t u ɾ b a ɾ,732
p e ɾ u,1358
p e ɾ b e ɾ s a,978
p e ɾ b e ɾ s j o n,834
p e ɾ b e ɾ s o,1724
p e ɾ b e ɾ t i d a,567
p e ɾ b e ɾ t i d o,5515
p e ɾ b e ɾ t i d o s,1348
p e s a,5736
p e s a b a,1034
p e s a d a,5909
p e s a d a s,1763
p e s a d i j a,13935
p e s a d i j a s,5980
p e s a d o,10692
p e s a d o s,2845
p e s a m e,1542
p e s a n,1076
p e s a ɾ,24931
p e s a s,2251
p e s k a,6275
p e s k a d o,14376
p e s k a d o ɾ,2564
p e s k a d o ɾ e s,1699
p e s k a d o s,1028
p e s k a n d o,1598
p e s k a ɾ,7387
p e s k o,469
p e s k w e s o,865
p e s e,1905
p e s i m a,1561
p e s i m i s t a,1007
p e s i m o,2706
p e s o,21403
p e s o s,2691
p e s k e,698
p e s k e ɾ o,506
p e s t a ɲ a s,809
p e s t e,3999
p e s t i s i d a s,532
p e t a l o s,809
p e t a ɾ d o s,680
p e t e ɾ s b u ɾ g o,1075
p e t i s i o n,7598
p e t i s i o n e s,1331
p e t ɾ o l e o,7697
p e t ɾ o l e ɾ a,556
p e t ɾ o l e ɾ o,629
p e t ɾ o l e ɾ o s,520
p e s,14673
p e s o n,1066
p e s o n e s,2452
p i,1294
p i a d o s o,643
p j a n i s t a,1944
p j a n o,11509
p j a n o s,595
p i b e,562
p i k a,2910
p i k a d a,1050
p i k a d i j o,704
p i k a d o,2221
p i k a d u ɾ a,667
p i k a n,651
p i k a n d o,483
p i k a n t e,2820
p i k a n t e s,595
p i k a ɾ,1308
p i k a ɾ o,639
p i k a s,790
p i k a s s o,1716
p i k a s o n,531
p i tʃ o n,637
p i k n i k,3254
p i k o,8574
p i k o,1200
p i k o s,1090
p i d a,6062
p i d a l e,1403
p i d a m o s,785
p i d a n,1874
p i d a s,3509
p i d e,18596
p i d e l e,4899
p i d e l e s,503
p i d e l o,624
p i d e m e,1692
p i d e m e l o,1164
p i d e n,4983
p i d e s,6440
p i d e s e l o,1808
p i d j e n d o,15192
p i d j e n d o l e,1486
p i d j e n d o m e,1350
p i d j e n d o t e,661
p i d j e ɾ a,2028
p i d j e ɾ a s,499
p i d j e ɾ o n,4986
p i d j o,31069
p i d o,33254
p j e,55116
p j e d a d,9902
p j e d ɾ a,22254
p j e d ɾ a s,11359
p j e l,29026
p j e l e s,3026
p j e n s a,73919
p j e n s a l o,17035
p j e n s a n,18122
p j e n s a s,69110
p j e n s a t e l o,1780
p j e n s e,14306
p j e n s e l o,3219
p j e n s e n,6174
p j e n s e n l o,1525
p j e n s e s,13894
p j e n s o,77641
p j e ɾ s e,3719
p j e ɾ d a,5913
p j e ɾ d a n,2375
p j e ɾ d a s,7483
p j e ɾ d e,13433
p j e ɾ d e n,5175
p j e ɾ d e s,9279
p j e ɾ d e t e,4805
p j e ɾ d o,7450
p j e ɾ n a,25173
p j e ɾ n a s,28641
p j e s,41723
p j e s a,13946
p j e s a s,9419
p i x a,1135
p i x a m a,2900
p i x a m a s,1714
p i l a,4681
p i l a ɾ,1711
p i l a ɾ e s,1098
p i l a s,2132
p i l d o ɾ a,2556
p i l d o ɾ a s,4950
p i l e t a,746
p i j a,1129
p i j a d o,3795
p i j a m o s,584
p i j a n,842
p i j a ɾ,2290
p i j a ɾ o n,911
p i j a s,1123
p i j a s t e,492
p i j e,572
p i j e,1229
p i j o,2997
p i j o,1059
p i l o t a ɾ,1049
p i l o t o,18093
p i l o t o s,5754
p i m j e n t a,2389
p i m j e n t o s,734
p i n s e l,704
p i n tʃ a d o,805
p i n tʃ a ɾ,602
p i n tʃ a s o,1137
p i n tʃ e,1416
p i n g w i n o,1771
p i n g w i n o s,1460
p i n o,2074
p i n o tʃ o,1168
p i n o s,869
p i n t a,9159
p i n t a b a,542
p i n t a d a,1077
p i n t a d a s,663
p i n t a d o,2386
p i n t a d o s,474
p i n t a l a b j o s,857
p i n t a n,724
p i n t a n d o,1897
p i n t a ɾ,6117
p i n t a ɾ l a,456
p i n t a ɾ l o,777
p i n t a s,1377
p i n t e,457
p i n t e,713
p i n t o,1611
p i n t o,1423
p i n t o ɾ,3793
p i n t o ɾ a,456
p i n t o ɾ e s,1045
p i n t o ɾ e s k o,648
p i n t u ɾ a,14681
p i n t u ɾ a s,4324
p i n s a,969
p i n s a s,1872
p i ɲ a,1695
p i ɲ a s,526
p i ɲ a t a,606
p i o,883
p j o x o s,1515
p j o n e ɾ o,734
p j o n e ɾ o s,888
p i p a,3764
p i p a s,458
p i p i,1701
p i k e,833
p i ɾ a d o,553
p i ɾ a m i d e,2660
p i ɾ a m i d e s,1503
p i ɾ a t a,5933
p i ɾ a t a s,5519
p i ɾ a t e ɾ i a,607
p i s,3640
p i s a,1879
p i s a d a s,1060
p i s a d o,1044
p i s a n,482
p i s a n d o,950
p i s a ɾ,1796
p i s a s,1111
p i s s i n a,11977
p i s s i n a s,869
p i s s i s,479
p i s e,535
p i s e,490
p i s e s,488
p i s o,44636
p i s o,739
p i s o s,5688
p i s t a,30465
p i s t a s,9324
p i s t o l a,36218
p i s t o l a s,6235
p i s t o l e ɾ o,1677
p i s t o l e ɾ o s,910
p i s t o n,543
p i t a,715
p i t a n d o,518
p i t i j o,476
p i t o,5565
p i t o n,454
p i t o n i s a,865
p i t o s,830
p i t t s b u ɾ g,2416
p i t u f o,553
p i t u f o s,601
p i s a r a,1985
p i s k a,2189
p i s s a,11913
p i s s a s,1830
p i s s e ɾ i a,770
p l a k a,10017
p l a k a s,4444
p l a s e,3143
p l a s e n t a,509
p l a s e n t e ɾ a,699
p l a s e n t e ɾ o,1203
p l a s e ɾ,53823
p l a s e ɾ e s,2327
p l a g a,4096
p l a g a d o,480
p l a g a s,859
p l a n,74609
p l a n a,2987
p l a n tʃ a,1483
p l a n tʃ a ɾ,703
p l a n tʃ a s,580
p l a n k t o n,594
p l a n e a,3942
p l a n e a b a,1735
p l a n e a b a s,505
p l a n e a d a,933
p l a n e a d o,9459
p l a n e a d o ɾ,457
p l a n e a m o s,2209
p l a n e a n,1777
p l a n e a n d o,7021
p l a n e a ɾ,2890
p l a n e a ɾ l o,871
p l a n e a ɾ o n,737
p l a n e a s,2660
p l a n e a s t e,876
p l a n e e,530
p l a n e e,1244
p l a n e o,2276
p l a n e o,1891
p l a n e s,27438
p l a n e t a,37973
p l a n e t a ɾ j o,690
p l a n e t a s,4559
p l a n i f i k a s i o n,1064
p l a n i f i k a ɾ,474
p l a n o,7521
p l a n o s,6367
p l a n t a,14560
p l a n t a s i o n,1450
p l a n t a s i o n e s,483
p l a n t a d a,1250
p l a n t a d o,2095
p l a n t a ɾ,2135
p l a n t a s,7728
p l a n t e a,638
p l a n t e a d o,494
p l a n t i j a,598
p l a n t o,1001
p l a s m a,3296
p l a s t i k a,1658
p l a s t i k o,7622
p l a s t i k o s,640
p l a t a,15534
p l a t a f o ɾ m a,5456
p l a t a f o ɾ m a s,554
p l a t a n o,1634
p l a t a n o s,1165
p l a t e a d a,770
p l a t e a d o,1528
p l a t i k a,453
p l a t i k a ɾ,518
p l a t i j o,1161
p l a t i j o s,763
p l a t i n o,1150
p l a t o,12461
p l a t o,1351
p l a t o n,831
p l a t o s,8782
p l a i a,22777
p l a i a s,1924
p l a s a,10002
p l a s a s,704
p l a s k a,1601
p l a s o,6258
p l a s o s,797
p l e b e i o,480
p l e g a ɾ j a,1260
p l e g a ɾ j a s,2156
p l e i t o,867
p l e n a,5948
p l e n a m e n t e,1431
p l e n o,3468
p l o m e ɾ i a,481
p l o m e ɾ o,1185
p l o m o,3521
p l u m a,6368
p l u m a s,4118
p l u ɾ a l,796
p l u s,1270
p l u t o,537
p l u t o n,616
p l u t o n j o,1025
p l i m o u t,590
p o b l a s i o n,6698
p o b l a d o,1362
p o b ɾ e,57120
p o b ɾ e s i j a,714
p o b ɾ e s i j o,488
p o b ɾ e s i t a,2393
p o b ɾ e s i t o,2837
p o b ɾ e s,15034
p o b ɾ e s a,3926
p o k a,10479
p o k a s,14388
p o s i l g a,1833
p o s i o n,2415
p o s i o n e s,753
p o k o,406193
p o k o s,21800
p o d a i s,1265
p o d a m o s,33273
p o d e,1089
p o d e i s,12498
p o d e m o s,290277
p o d e ɾ,131411
p o d e ɾ e s,15219
p o d e ɾ o s a,7510
p o d e ɾ o s a s,1778
p o d e ɾ o s o,13757
p o d e ɾ o s o s,3901
p o d e s,1602
p o d i a,98019
p o d i a m o s,10502
p o d i a n,10761
p o d i a s,16065
p o d i d o,32195
p o d j o,682
p o d ɾ a,28633
p o d ɾ a n,11311
p o d ɾ a s,24106
p o d ɾ e,990
p o d ɾ e,21913
p o d ɾ e i s,1375
p o d ɾ e m o s,22867
p o d ɾ i a,315557
p o d ɾ i a i s,1903
p o d ɾ i a m o s,58580
p o d ɾ i a n,36653
p o d ɾ i a s,83702
p o d ɾ i d a,1869
p o d ɾ i d a s,627
p o d ɾ i d o,2709
p o d ɾ i d o s,794
p o e,1346
p o e m a,6550
p o e m a s,3091
p o e s i a,7227
p o e t a,5694
p o e t a s,1595
p o e t i k a,570
p o e t i k o,1007
p o k e ɾ,1294
p o l a k a,1135
p o l a k o,2409
p o l a k o s,1769
p o l a ɾ,1555
p o l a ɾ e s,643
p o l e n,712
p o l i,9394
p o l i s i a,181737
p o l i s i a k a,678
p o l i s i a k o,478
p o l i s i a l,6408
p o l i s i a l e s,1491
p o l i s i a s,25458
p o l i g ɾ a f o,701
p o l i j a,704
p o l i j a s,518
p o l j o,503
p o l i s,4675
p o l i t i k a,23613
p o l i t i k a m e n t e,1179
p o l i t i k a s,4113
p o l i t i k o,8379
p o l i t i k o s,7448
p o l i s a,2173
p o j a,5065
p o j a s,908
p o j i t o,617
p o j o,18821
p o j o s,2878
p o l o,4807
p o l o n j a,3104
p o l o s,585
p o l b o,19602
p o l b o ɾ a,3071
p o l b o s,1064
p o m a d a,633
p o m p e i o,1106
p o m p o s o,534
p o n,23007
p o n tʃ e,1959
p o n tʃ o,477
p o n d ɾ a,10527
p o n d ɾ a n,3028
p o n d ɾ a s,3871
p o n d ɾ e,15007
p o n d ɾ e m o s,5922
p o n d ɾ i a,4994
p o n d ɾ i a n,690
p o n d ɾ i a s,920
p o n e,37379
p o n e d,959
p o n e d l e,670
p o n e d l o,606
p o n e m o s,6391
p o n e n,12911
p o n e o s,2455
p o n e ɾ,62727
p o n e ɾ l a,6490
p o n e ɾ l a s,1760
p o n e ɾ l e,16356
p o n e ɾ l e s,1366
p o n e ɾ l o,14098
p o n e ɾ l o s,3575
p o n e ɾ m e,25172
p o n e ɾ m e l a,483
p o n e ɾ m e l o,1353
p o n e ɾ n o s,7167
p o n e ɾ o s,994
p o n e ɾ s e,21868
p o n e ɾ s e l a,537
p o n e ɾ s e l o,1194
p o n e ɾ t e,22638
p o n e ɾ t e l a,525
p o n e ɾ t e l o,1469
p o n e s,17538
p o n g a,21001
p o n g a l a,1128
p o n g a l e,1049
p o n g a l o,2967
p o n g a l o s,676
p o n g a m e,5213
p o n g a m o n o s,2662
p o n g a m o s,3996
p o n g a m o s l e,474
p o n g a m o s l o,1276
p o n g a n,9199
p o n g a n l a,707
p o n g a n l e,953
p o n g a n l o,2517
p o n g a n l o s,516
p o n g a n s e,7823
p o n g a s,13081
p o n g a s e,9663
p o n g a s e l o,880
p o n g o,17589
p o n i,864
p o n i a,4907
p o n i a n,1278
p o n i a s,452
p o n j e n d o,16779
p o n j e n d o l e,678
p o n j e n d o l o,500
p o n j e n d o m e,1341
p o n j e n d o s e,1792
p o n j e n d o t e,1054
p o n i s,514
p o n l a,6119
p o n l a s,1725
p o n l e,7273
p o n l o,14461
p o n l o s,2068
p o n m e,7979
p o n m e l o,705
p o n s e l o,541
p o n t e,45683
p o n t e l a,1985
p o n t e l a s,860
p o n t e l o,4576
p o n t e l o s,1076
p o n i,1911
p o p a,2749
p o p e,1783
p o p e i e,909
p o p o,1108
p o p u l a ɾ,10849
p o p u l a ɾ e s,2094
p o p u l a ɾ i d a d,1454
p o k e ɾ,2633
p o k i t o,14940
p o ɾ,4774012
p o ɾ s e l a n a,1427
p o ɾ s e n t a x e,2722
p o ɾ tʃ e,2823
p o ɾ s i o n,2117
p o ɾ s i o n e s,672
p o ɾ f a b o ɾ,4209
p o ɾ n o,6886
p o ɾ n o g ɾ a f i a,2887
p o ɾ o s,533
p o ɾ k e,699594
p o ɾ k e ɾ i a,10003
p o ɾ k e ɾ i a s,1843
p o r a,975
p o r o,1703
p o r o s,621
p o ɾ s tʃ e,1698
p o ɾ t a,1876
p o ɾ t a a b j o n e s,1062
p o ɾ t a d a,4362
p o ɾ t a d a s,553
p o ɾ t a d o,2264
p o ɾ t a d o ɾ,1922
p o ɾ t a d o ɾ e s,472
p o ɾ t a f o l j o,890
p o ɾ t a f o l j o s,794
p o ɾ t a l,4179
p o ɾ t a l e s,579
p o ɾ t a n,636
p o ɾ t a n d o,1123
p o ɾ t a ɾ,1153
p o ɾ t a ɾ m e,672
p o ɾ t a ɾ s e,991
p o ɾ t a ɾ t e,1277
p o ɾ t a s,1308
p o ɾ t a s t e,452
p o ɾ t a t e,5420
p o ɾ t a t i l,3013
p o ɾ t a b o s,1138
p o ɾ t e,1062
p o ɾ t e,667
p o ɾ t e n s e,1135
p o ɾ t e ɾ a,554
p o ɾ t e ɾ o,4384
p o ɾ t l a n d,2046
p o ɾ t o,661
p o ɾ t o,828
p o ɾ t o n,1615
p o ɾ t u g a l,1110
p o ɾ t u g e s,1058
p o ɾ t u g e s e s,511
p o ɾ b e n i ɾ,944
p o s a,572
p o s a d a,2583
p o s a ɾ,908
p o s e,1192
p o s e a,531
p o s e e,4355
p o s e e n,1400
p o s e e ɾ,1689
p o s e e s,866
p o s e i a,897
p o s e i d a,1042
p o s e i d o,1471
p o s e i d o n,477
p o s e o,1531
p o s e s j o n,5922
p o s e s j o n e s,1694
p o s i b i l i d a d,23642
p o s i b i l i d a d e s,13347
p o s i b l e,98241
p o s i b l e m e n t e,9020
p o s i b l e s,5876
p o s i s i o n,38333
p o s i s i o n e s,5285
p o s i t i b a,3151
p o s i t i b a m e n t e,784
p o s i t i b a s,587
p o s i t i b o,7605
p o s i t i b o s,1142
p o s p o n e ɾ,1257
p o s p o n e ɾ l o,759
p o s t,3497
p o s t a l,4517
p o s t a l e s,1382
p o s t e,2649
p o s t e ɾ,901
p o s t e ɾ i d a d,476
p o s t e ɾ j o ɾ,2000
p o s t e ɾ j o ɾ e s,675
p o s t e ɾ j o ɾ m e n t e,475
p o s t e s,914
p o s t o ɾ,774
p o s t ɾ e,6474
p o s t ɾ e s,953
p o s t u l a ɾ s e,506
p o s t u ɾ a,3681
p o t a b l e,804
p o t a s j o,1028
p o t e,478
p o t e n s i a,7878
p o t e n s i a l,6698
p o t e n s i a l e s,1439
p o t e n s i a l m e n t e,1308
p o t e n t e,2681
p o t e n t e s,645
p o t ɾ o,1158
p o s o,8522
p o s o s,1769
p ɾ a k t i k a,2607
p ɾ a k t i k a,10025
p ɾ a k t i k a b a,562
p ɾ a k t i k a d o,1110
p ɾ a k t i k a m e n t e,9245
p ɾ a k t i k a m o s,702
p ɾ a k t i k a n,681
p ɾ a k t i k a n d o,3703
p ɾ a k t i k a n t e,560
p ɾ a k t i k a ɾ,7127
p ɾ a k t i k a s,1006
p ɾ a k t i k a s,3216
p ɾ a k t i k o,1041
p ɾ a k t i k o,2996
p ɾ a k t i k o s,687
p ɾ a d e ɾ a,1344
p ɾ a d e ɾ a s,682
p ɾ a d o,2127
p ɾ a g a,2194
p ɾ e k a u s i o n,3300
p ɾ e k a u s i o n e s,2326
p ɾ e k a b i d o,742
p ɾ e s e d e,666
p ɾ e s e d e n t e,1147
p ɾ e s e d e n t e s,1733
p ɾ e s i a d a,784
p ɾ e s i a d o,1330
p ɾ e s i n t o,540
p ɾ e s i o,32212
p ɾ e s i o s,4579
p ɾ e s i o s a,23607
p ɾ e s i o s a s,3448
p ɾ e s i o s i d a d,1231
p ɾ e s i o s o,17816
p ɾ e s i o s o s,2953
p ɾ e s i p i s i o,1546
p ɾ e s i p i t a d o,889
p ɾ e s i p i t e s,468
p ɾ e s i s a,3130
p ɾ e s i s a m e n t e,12996
p ɾ e s i s a m o s,874
p ɾ e s i s a ɾ,522
p ɾ e s i s a s,1020
p ɾ e s i s j o n,2969
p ɾ e s i s o,8582
p ɾ e s i s o s,1166
p ɾ e k o s,527
p ɾ e d e s e s o ɾ,641
p ɾ e d e s i b l e,1176
p ɾ e d e s i ɾ,2298
p ɾ e d e s t i n a d o,471
p ɾ e d i k a d o ɾ,2282
p ɾ e d i k a n d o,472
p ɾ e d i k a ɾ,780
p ɾ e d i k s i o n,956
p ɾ e d i k s i o n e s,860
p ɾ e d i s e,528
p ɾ e d i x o,1191
p ɾ e e s k o l a ɾ,452
p ɾ e f e k t o,1239
p ɾ e f e k t u ɾ a,461
p ɾ e f e ɾ e n s i a,1164
p ɾ e f e ɾ e n s i a s,614
p ɾ e f e ɾ i a,1531
p ɾ e f e ɾ i b l e,844
p ɾ e f e ɾ i b l e m e n t e,483
p ɾ e f e ɾ i d a,1929
p ɾ e f e ɾ i d a s,535
p ɾ e f e ɾ i d o,4760
p ɾ e f e ɾ i d o s,659
p ɾ e f e ɾ i m o s,1268
p ɾ e f e ɾ i ɾ i a,12093
p ɾ e f e ɾ i ɾ i a s,2095
p ɾ e f j e ɾ a,895
p ɾ e f j e ɾ a s,820
p ɾ e f j e ɾ e,7161
p ɾ e f j e ɾ e n,2566
p ɾ e f j e ɾ e s,7322
p ɾ e f j e ɾ o,27177
p ɾ e f i ɾ j o,610
p ɾ e g w n t a,96962
p ɾ e g w n t a b a,16683
p ɾ e g w n t a b a m o s,1046
p ɾ e g w n t a b a n,569
p ɾ e g w n t a d o,11593
p ɾ e g w n t a l e,17600
p ɾ e g w n t a l e s,1258
p ɾ e g w n t a m e,3609
p ɾ e g w n t a m e l o,621
p ɾ e g w n t a m o s,2247
p ɾ e g w n t a n,5290
p ɾ e g w n t a n d o,11126
p ɾ e g w n t a n d o l e,635
p ɾ e g w n t a n d o m e,3450
p ɾ e g w n t a n d o s e,1431
p ɾ e g w n t a n d o t e,897
p ɾ e g w n t a ɾ,23319
p ɾ e g w n t a ɾ a,1043
p ɾ e g w n t a ɾ a,1189
p ɾ e g w n t a ɾ a n,799
p ɾ e g w n t a ɾ a s,480
p ɾ e g w n t a ɾ a s,683
p ɾ e g w n t a ɾ e,4492
p ɾ e g w n t a ɾ e m o s,552
p ɾ e g w n t a ɾ i a,1210
p ɾ e g w n t a ɾ l e,26956
p ɾ e g w n t a ɾ l e s,2693
p ɾ e g w n t a ɾ l o,1632
p ɾ e g w n t a ɾ m e,11119
p ɾ e g w n t a ɾ m e l o,1131
p ɾ e g w n t a ɾ n o s,1138
p ɾ e g w n t a ɾ o n,2398
p ɾ e g w n t a ɾ s e,2280
p ɾ e g w n t a ɾ s e l o,4663
p ɾ e g w n t a ɾ t e,29593
p ɾ e g w n t a ɾ t e l o,2096
p ɾ e g w n t a s,66820
p ɾ e g w n t a s e l o,3684
p ɾ e g w n t a s t e,5470
p ɾ e g w n t a t e,917
p ɾ e g w n t e,7933
p ɾ e g w n t e,14054
p ɾ e g w n t e l e,5086
p ɾ e g w n t e m e,767
p ɾ e g w n t e m o s l e,862
p ɾ e g w n t e n,1836
p ɾ e g w n t e n l e,1237
p ɾ e g w n t e s,6761
p ɾ e g w n t e s e l o,1375
p ɾ e g w n t o,36791
p ɾ e g w n t o,12381
p ɾ e x w i s i o,843
p ɾ e x w i s i o s,1909
p ɾ e l i m i n a ɾ,1899
p ɾ e l i m i n a ɾ e s,1317
p ɾ e m a t u ɾ a,693
p ɾ e m a t u ɾ a m e n t e,563
p ɾ e m a t u ɾ o,1181
p ɾ e m e d i t a s i o n,525
p ɾ e m e d i t a d o,1052
p ɾ e m j o,17493
p ɾ e m j o s,3721
p ɾ e m i s a,492
p ɾ e m o n i s i o n,636
p ɾ e n d a,1652
p ɾ e n d a s,1171
p ɾ e n d e,1214
p ɾ e n d e ɾ,1554
p ɾ e n d e ɾ l e,500
p ɾ e n d i d a,639
p ɾ e n d i d o,856
p ɾ e n d j o,1080
p ɾ e n s a,24527
p ɾ e n u p s i a l,510
p ɾ e ɲ a d a,949
p ɾ e o k u p a,29806
p ɾ e o k u p a b a,3955
p ɾ e o k u p a s i o n,7949
p ɾ e o k u p a s i o n e s,4536
p ɾ e o k u p a d a,14459
p ɾ e o k u p a d o,23117
p ɾ e o k u p a d o s,5566
p ɾ e o k u p a m o s,868
p ɾ e o k u p a n,3949
p ɾ e o k u p a n d o,838
p ɾ e o k u p a n d o m e,640
p ɾ e o k u p a n d o s e,486
p ɾ e o k u p a n t e,1042
p ɾ e o k u p a ɾ,1984
p ɾ e o k u p a ɾ a,856
p ɾ e o k u p a ɾ e,479
p ɾ e o k u p a ɾ i a,2230
p ɾ e o k u p a ɾ l e,530
p ɾ e o k u p a ɾ m e,10200
p ɾ e o k u p a ɾ n o s,5296
p ɾ e o k u p a ɾ o s,510
p ɾ e o k u p a ɾ s e,22830
p ɾ e o k u p a ɾ t e,20261
p ɾ e o k u p a s,5225
p ɾ e o k u p a t e,2319
p ɾ e o k u p e,24155
p ɾ e o k u p e,913
p ɾ e o k u p e i s,1309
p ɾ e o k u p e n,5783
p ɾ e o k u p e s,84509
p ɾ e o k u p o,5198
p ɾ e o k u p o,1068
p ɾ e p a ɾ a,8179
p ɾ e p a ɾ a b a,1095
p ɾ e p a ɾ a s i o n,3121
p ɾ e p a ɾ a d,789
p ɾ e p a ɾ a d a,10116
p ɾ e p a ɾ a d a s,1541
p ɾ e p a ɾ a d o,29033
p ɾ e p a ɾ a d o s,14110
p ɾ e p a ɾ a l e,455
p ɾ e p a ɾ a l o,744
p ɾ e p a ɾ a m e,935
p ɾ e p a ɾ a m o s,1763
p ɾ e p a ɾ a n,1642
p ɾ e p a ɾ a n d o,8517
p ɾ e p a ɾ a n d o m e,944
p ɾ e p a ɾ a n d o n o s,537
p ɾ e p a ɾ a n d o s e,2142
p ɾ e p a ɾ a n d o t e,506
p ɾ e p a ɾ a o s,2510
p ɾ e p a ɾ a ɾ,10948
p ɾ e p a ɾ a ɾ e,3381
p ɾ e p a ɾ a ɾ e m o s,539
p ɾ e p a ɾ a ɾ l a,806
p ɾ e p a ɾ a ɾ l e,1214
p ɾ e p a ɾ a ɾ l o,1892
p ɾ e p a ɾ a ɾ l o s,614
p ɾ e p a ɾ a ɾ m e,4519
p ɾ e p a ɾ a ɾ n o s,3218
p ɾ e p a ɾ a ɾ o n,551
p ɾ e p a ɾ a ɾ s e,3722
p ɾ e p a ɾ a ɾ t e,3888
p ɾ e p a ɾ a s,1255
p ɾ e p a ɾ a s t e,724
p ɾ e p a ɾ a t e,13258
p ɾ e p a ɾ a t i b o s,2316
p ɾ e p a ɾ a t o ɾ j a,1721
p ɾ e p a ɾ e,4286
p ɾ e p a ɾ e,2738
p ɾ e p a ɾ e m o n o s,869
p ɾ e p a ɾ e m o s,508
p ɾ e p a ɾ e n,5301
p ɾ e p a ɾ e n s e,15096
p ɾ e p a ɾ e s,683
p ɾ e p a ɾ e s e,3267
p ɾ e p a ɾ o,3057
p ɾ e p a ɾ o,2258
p ɾ e s a,6847
p ɾ e s a x i o,742
p ɾ e s a s,1290
p ɾ e s s i n d i ɾ,1111
p ɾ e s k ɾ i p s i o n,719
p ɾ e s e n s i a,16875
p ɾ e s e n s i a d o,790
p ɾ e s e n s i a ɾ,1418
p ɾ e s e n s i o,471
p ɾ e s e n t a,6754
p ɾ e s e n t a b a,551
p ɾ e s e n t a b l e,687
p ɾ e s e n t a s i o n,7301
p ɾ e s e n t a s i o n e s,1225
p ɾ e s e n t a d a,690
p ɾ e s e n t a d o,4940
p ɾ e s e n t a d o ɾ,1152
p ɾ e s e n t a d o s,574
p ɾ e s e n t a m e,477
p ɾ e s e n t a m o s,1579
p ɾ e s e n t a n,1526
p ɾ e s e n t a n d o,1151
p ɾ e s e n t a ɾ,10612
p ɾ e s e n t a ɾ a,641
p ɾ e s e n t a ɾ a,1505
p ɾ e s e n t a ɾ e,2975
p ɾ e s e n t a ɾ e m o s,545
p ɾ e s e n t a ɾ l a,626
p ɾ e s e n t a ɾ l e,5791
p ɾ e s e n t a ɾ l e s,7178
p ɾ e s e n t a ɾ l o,994
p ɾ e s e n t a ɾ l o s,491
p ɾ e s e n t a ɾ m e,6639
p ɾ e s e n t a ɾ n o s,1501
p ɾ e s e n t a ɾ o n,1318
p ɾ e s e n t a ɾ o s,1122
p ɾ e s e n t a ɾ s e,4633
p ɾ e s e n t a ɾ t e,9413
p ɾ e s e n t a s,1276
p ɾ e s e n t a s t e,757
p ɾ e s e n t a t e,1091
p ɾ e s e n t e,22090
p ɾ e s e n t e,1736
p ɾ e s e n t e n,1420
p ɾ e s e n t e n s e,1161
p ɾ e s e n t e s,5282
p ɾ e s e n t e s e,1904
p ɾ e s e n t i m j e n t o,6539
p ɾ e s e n t o,17125
p ɾ e s e n t o,5553
p ɾ e s e ɾ b a s i o n,578
p ɾ e s e ɾ b a ɾ,1934
p ɾ e s e ɾ b a t i b o,479
p ɾ e s i d e,618
p ɾ e s i d e n s i a,2309
p ɾ e s i d e n s i a l,2773
p ɾ e s i d e n t e,76357
p ɾ e s i d e n t e s,1482
p ɾ e s j e n t o,2536
p ɾ e s j o n,24849
p ɾ e s j o n a,2699
p ɾ e s j o n a d o,1232
p ɾ e s j o n a l o,470
p ɾ e s j o n a n,575
p ɾ e s j o n a n d o,2161
p ɾ e s j o n a ɾ,2401
p ɾ e s j o n a ɾ l o,742
p ɾ e s j o n a ɾ m e,740
p ɾ e s j o n a ɾ t e,1042
p ɾ e s j o n a s,805
p ɾ e s j o n e,1370
p ɾ e s j o n e,472
p ɾ e s j o n e s,2241
p ɾ e s j o n o,600
p ɾ e s j o n o,541
p ɾ e s o,6361
p ɾ e s o s,3985
p ɾ e s t a,5112
p ɾ e s t a d a,1544
p ɾ e s t a d o,7576
p ɾ e s t a d o s,885
p ɾ e s t a m e,2434
p ɾ e s t a m i s t a,566
p ɾ e s t a m o,5986
p ɾ e s t a m o s,2103
p ɾ e s t a n,863
p ɾ e s t a n d o,1230
p ɾ e s t a ɾ,3492
p ɾ e s t a ɾ e,564
p ɾ e s t a ɾ l e,1663
p ɾ e s t a ɾ m e,4437
p ɾ e s t a ɾ n o s,653
p ɾ e s t a ɾ o n,474
p ɾ e s t a ɾ t e,874
p ɾ e s t a s,2519
p ɾ e s t e,2014
p ɾ e s t e,1485
p ɾ e s t e n,2218
p ɾ e s t e s,1604
p ɾ e s t i x i o,1574
p ɾ e s t o,1791
p ɾ e s t o,1780
p ɾ e s u m e,514
p ɾ e s u m i d o,1065
p ɾ e s u m j e n d o,612
p ɾ e s u m i ɾ,1449
p ɾ e s u m o,766
p ɾ e s u n s i o n,512
p ɾ e s u n t o,538
p ɾ e s u n t u o s o,767
p ɾ e s u p w e s t o,5707
p ɾ e s u p w e s t o s,528
p ɾ e t e n s i o s o,849
p ɾ e t e n d a s,490
p ɾ e t e n d e,4575
p ɾ e t e n d e m o s,489
p ɾ e t e n d e n,1084
p ɾ e t e n d e ɾ,2434
p ɾ e t e n d e s,3038
p ɾ e t e n d i a,3159
p ɾ e t e n d j e n d o,886
p ɾ e t e n d j e n t e,822
p ɾ e t e n d j e n t e s,667
p ɾ e t e n d o,3557
p ɾ e t e n s j o n e s,541
p ɾ e t e k s t o,1776
p ɾ e b e n s i o n,696
p ɾ e b e n i d o,513
p ɾ e b e n i ɾ,2789
p ɾ e b e n i ɾ l o,530
p ɾ e b e n t i b a,666
p ɾ e b e ɾ,708
p ɾ e b j a,1478
p ɾ e b j a m e n t e,2419
p ɾ e b j a s,642
p ɾ e b j o,1919
p ɾ e b j o s,749
p ɾ e b i s i b l e,521
p ɾ e b i s j o n,525
p ɾ e b i s t a,596
p ɾ e b i s t o,4093
p ɾ i m a,9420
p ɾ i m a ɾ j a,3261
p ɾ i m a ɾ j a s,807
p ɾ i m a ɾ j o,1357
p ɾ i m a ɾ j o s,534
p ɾ i m a s,1057
p ɾ i m a t e s,492
p ɾ i m a b e ɾ a,12485
p ɾ i m e ɾ,107018
p ɾ i m e ɾ a,151748
p ɾ i m e ɾ a s,8530
p ɾ i m e ɾ o,144361
p ɾ i m e ɾ o s,16523
p ɾ i m i s i a,773
p ɾ i m i t i b a,1071
p ɾ i m i t i b a s,634
p ɾ i m i t i b o,1579
p ɾ i m i t i b o s,852
p ɾ i m o,19026
p ɾ i m o x e n i t o,782
p ɾ i m o ɾ d j a l,730
p ɾ i m o s,3841
p ɾ i n s e s a,24809
p ɾ i n s e s a s,971
p ɾ i n s e s i t a,642
p ɾ i n s e t o n,1869
p ɾ i n s i p a l,29232
p ɾ i n s i p a l e s,5118
p ɾ i n s i p a l m e n t e,3891
p ɾ i n s i p e,25457
p ɾ i n s i p e s,1591
p ɾ i n s i p j a n t e,1249
p ɾ i n s i p j a n t e s,1026
p ɾ i n s i p j o,41748
p ɾ i n s i p j o s,9060
p ɾ i o ɾ,808
p ɾ i o ɾ i d a d,6386
p ɾ i o ɾ i d a d e s,2020
p ɾ i o ɾ i t a ɾ j o,512
p ɾ i s a,45632
p ɾ i s a s,985
p ɾ i s j o n,36167
p ɾ i s j o n e ɾ a,2342
p ɾ i s j o n e ɾ o,11766
p ɾ i s j o n e ɾ o s,12196
p ɾ i s j o n e s,1796
p ɾ i s m a t i k o s,621
p ɾ i b a s i d a d,4523
p ɾ i b a s i o n,473
p ɾ i b a d a,11441
p ɾ i b a d a s,2482
p ɾ i b a d o,19520
p ɾ i b a d o s,2816
p ɾ i b i l e x i a d a,866
p ɾ i b i l e x i o,4813
p ɾ i b i l e x i o s,2342
p ɾ o,2322
p ɾ o a,2555
p ɾ o b a b i l i d a d,3059
p ɾ o b a b i l i d a d e s,6010
p ɾ o b a b l e,13980
p ɾ o b a b l e m e n t e,75381
p ɾ o b a d a,777
p ɾ o b a d o,8815
p ɾ o b a m o s,1833
p ɾ o b a n d o,5602
p ɾ o b a ɾ,28806
p ɾ o b a ɾ a,851
p ɾ o b a ɾ e,2301
p ɾ o b a ɾ e m o s,1029
p ɾ o b a ɾ i a,452
p ɾ o b a ɾ l a,2292
p ɾ o b a ɾ l a s,596
p ɾ o b a ɾ l e,986
p ɾ o b a ɾ l o,14224
p ɾ o b a ɾ l o s,714
p ɾ o b a ɾ m e,1806
p ɾ o b a ɾ m e l o,609
p ɾ o b a ɾ o n,641
p ɾ o b a ɾ s e,1077
p ɾ o b a ɾ s e l o,513
p ɾ o b a ɾ t e,1318
p ɾ o b a ɾ t e l o,1162
p ɾ o b a s t e,1467
p ɾ o b e,2219
p ɾ o b e m o s,2468
p ɾ o b e m o s l o,508
p ɾ o b l e m a,209037
p ɾ o b l e m a s,131960
p ɾ o b l e m a t i k a,745
p ɾ o b l e m a t i k o,1370
p ɾ o b l e m i t a,1274
p ɾ o b o,1570
p ɾ o s e d a,1659
p ɾ o s e d a n,1342
p ɾ o s e d e,1723
p ɾ o s e d e m o s,477
p ɾ o s e d e n,463
p ɾ o s e d e n s i a,463
p ɾ o s e d e n t e,692
p ɾ o s e d e ɾ,3167
p ɾ o s e d e ɾ e m o s,485
p ɾ o s e d i m j e n t o,8322
p ɾ o s e d i m j e n t o s,2925
p ɾ o s e s a d o,940
p ɾ o s e s a d o ɾ,657
p ɾ o s e s a m j e n t o,790
p ɾ o s e s a n d o,650
p ɾ o s e s a ɾ,1759
p ɾ o s e s a ɾ l o,794
p ɾ o s e s j o n,838
p ɾ o s e s o,17609
p ɾ o s e s o s,1000
p ɾ o k l a m a,531
p ɾ o k ɾ e a ɾ,475
p ɾ o k u ɾ a,1753
p ɾ o k u ɾ a d o ɾ,1369
p ɾ o k u ɾ a ɾ,484
p ɾ o k u ɾ e,543
p ɾ o d i x i o,1016
p ɾ o d i g o,602
p ɾ o d u k s i o n,7982
p ɾ o d u k s i o n e s,590
p ɾ o d u s e,4897
p ɾ o d u s e n,1768
p ɾ o d u s i d a,866
p ɾ o d u s i d o,1998
p ɾ o d u s i e n d o,1123
p ɾ o d u s i ɾ,3773
p ɾ o d u s i ɾ a,557
p ɾ o d u s i ɾ s e,559
p ɾ o d u k t i b o,883
p ɾ o d u k t o,8464
p ɾ o d u k t o ɾ,5673
p ɾ o d u k t o ɾ a,949
p ɾ o d u k t o ɾ e s,1947
p ɾ o d u k t o s,6676
p ɾ o d u x o,1876
p ɾ o d u s k a,502
p ɾ o e s a,476
p ɾ o f e,827
p ɾ o f e s i a,3525
p ɾ o f e s i a s,895
p ɾ o f e s j o n,6961
p ɾ o f e s j o n a l,20008
p ɾ o f e s j o n a l e s,6249
p ɾ o f e s j o n a l m e n t e,1160
p ɾ o f e s o ɾ,49461
p ɾ o f e s o ɾ a,7471
p ɾ o f e s o ɾ e s,5426
p ɾ o f e t a,3620
p ɾ o f e t a s,1405
p ɾ o f u n d a,6719
p ɾ o f u n d a m e n t e,8296
p ɾ o f u n d a s,2641
p ɾ o f u n d i d a d,5315
p ɾ o f u n d i d a d e s,2020
p ɾ o f u n d i s a ɾ,466
p ɾ o f u n d o,18229
p ɾ o f u n d o s,1893
p ɾ o g ɾ a m a,47481
p ɾ o g ɾ a m a s i o n,1937
p ɾ o g ɾ a m a d a,1611
p ɾ o g ɾ a m a d o,2959
p ɾ o g ɾ a m a d o ɾ,638
p ɾ o g ɾ a m a d o s,652
p ɾ o g ɾ a m a ɾ,973
p ɾ o g ɾ a m a s,6594
p ɾ o g ɾ e s a d o,858
p ɾ o g ɾ e s a n d o,1433
p ɾ o g ɾ e s a ɾ,802
p ɾ o g ɾ e s o,7520
p ɾ o g ɾ e s o s,1729
p ɾ o j b e,525
p ɾ o j b i s i o n,1243
p ɾ o j b i d a,2381
p ɾ o j b i d a s,890
p ɾ o j b i d o,8903
p ɾ o j b i d o s,829
p ɾ o j b j e ɾ o n,501
p ɾ o j b j o,964
p ɾ o j b i ɾ,834
p ɾ o i b o,1223
p ɾ o x i m o,1216
p ɾ o l o n g a d a,469
p ɾ o l o n g a d o,535
p ɾ o l o n g a ɾ,656
p ɾ o m e d j o,3824
p ɾ o m e s a,14046
p ɾ o m e s a s,5736
p ɾ o m e t a,488
p ɾ o m e t a m e,1119
p ɾ o m e t a s,785
p ɾ o m e t e,3575
p ɾ o m e t e d o ɾ,1741
p ɾ o m e t e d o ɾ a,649
p ɾ o m e t e l o,907
p ɾ o m e t e m e,10990
p ɾ o m e t e m e l o,4240
p ɾ o m e t e m o s,670
p ɾ o m e t e n,675
p ɾ o m e t e o,498
p ɾ o m e t e ɾ,2561
p ɾ o m e t e ɾ l e,1326
p ɾ o m e t e ɾ l o,489
p ɾ o m e t e ɾ m e,2713
p ɾ o m e t e ɾ m e l o,456
p ɾ o m e t e ɾ t e,1214
p ɾ o m e t e s,6040
p ɾ o m e t i,11659
p ɾ o m e t i d a,6923
p ɾ o m e t i d o,11099
p ɾ o m e t i d o s,692
p ɾ o m e t j e ɾ o n,1672
p ɾ o m e t i m o s,1200
p ɾ o m e t j o,7665
p ɾ o m e t i s t e,8394
p ɾ o m e t o,43888
p ɾ o m i n e n t e,561
p ɾ o m o s i o n,2813
p ɾ o m o t o ɾ,823
p ɾ o m o b e ɾ,1104
p ɾ o n o s t i k o,1428
p ɾ o n t o,142083
p ɾ o n u n s i a,1240
p ɾ o n u n s i a d o,608
p ɾ o n u n s i a ɾ,1678
p ɾ o n u n s i a ɾ l o,614
p ɾ o p a g a n d a,2602
p ɾ o p e n s o,499
p ɾ o p j a,54521
p ɾ o p j a m e n t e,549
p ɾ o p j a s,13196
p ɾ o p j e d a d,17746
p ɾ o p j e d a d e s,4741
p ɾ o p j e t a ɾ j a,768
p ɾ o p j e t a ɾ j o,4447
p ɾ o p j e t a ɾ j o s,1494
p ɾ o p i n a,4105
p ɾ o p i n a s,1953
p ɾ o p j o,50381
p ɾ o p j o s,16635
p ɾ o p o n e,2507
p ɾ o p o n e ɾ,1990
p ɾ o p o n e ɾ l e,1025
p ɾ o p o n e ɾ m e,508
p ɾ o p o n e ɾ t e,854
p ɾ o p o n e s,1704
p ɾ o p o n g o,4625
p ɾ o p o n j e n d o,710
p ɾ o p o ɾ s i o n,1215
p ɾ o p o ɾ s i o n a,1027
p ɾ o p o ɾ s i o n a d o,676
p ɾ o p o ɾ s i o n a ɾ,942
p ɾ o p o ɾ s i o n a ɾ l e,606
p ɾ o p o ɾ s i o n e s,1062
p ɾ o p o ɾ s i o n o,553
p ɾ o p o s i s i o n,2456
p ɾ o p o s i t o,28172
p ɾ o p o s i t o s,1512
p ɾ o p w e s t a,8145
p ɾ o p w e s t a s,1000
p ɾ o p w e s t o,1413
p ɾ o p u l s j o n,1278
p ɾ o p u l s o ɾ,556
p ɾ o p u l s o ɾ e s,1280
p ɾ o p u s e,975
p ɾ o p u s o,2038
p ɾ o r o g a,502
p ɾ o s a,463
p ɾ o s e g i ɾ,710
p ɾ o s i g a,1070
p ɾ o s p e ɾ a,504
p ɾ o s p e ɾ a ɾ,520
p ɾ o s p e ɾ i d a d,1875
p ɾ o s p e ɾ o,844
p ɾ o s t a t a,948
p ɾ o s t i t u s i o n,1827
p ɾ o s t i t u t a,8488
p ɾ o s t i t u t a s,4020
p ɾ o t a g o n i s t a,2309
p ɾ o t a g o n i s t a s,576
p ɾ o t e k s i o n,17223
p ɾ o t e k t o ɾ,4557
p ɾ o t e k t o ɾ a,1176
p ɾ o t e k t o ɾ e s,947
p ɾ o t e x e,5821
p ɾ o t e x e m e,911
p ɾ o t e x e m o s,590
p ɾ o t e x e n,1836
p ɾ o t e x e n o s,628
p ɾ o t e x e ɾ,20732
p ɾ o t e x e ɾ a,1946
p ɾ o t e x e ɾ e,1634
p ɾ o t e x e ɾ e m o s,682
p ɾ o t e x e ɾ i a,462
p ɾ o t e x e ɾ l a,5609
p ɾ o t e x e ɾ l e,1300
p ɾ o t e x e ɾ l o,5366
p ɾ o t e x e ɾ l o s,2813
p ɾ o t e x e ɾ m e,7646
p ɾ o t e x e ɾ n o s,4239
p ɾ o t e x e ɾ o s,504
p ɾ o t e x e ɾ s e,3135
p ɾ o t e x e ɾ t e,10980
p ɾ o t e x e s,857
p ɾ o t e x i a,725
p ɾ o t e x i d a,2332
p ɾ o t e x i d a s,490
p ɾ o t e x i d o,5054
p ɾ o t e x i d o s,1537
p ɾ o t e x i e n d o,4539
p ɾ o t e x i e n d o t e,468
p ɾ o t e x i o,766
p ɾ o t e i n a,1099
p ɾ o t e i n a s,1597
p ɾ o t e x a,2485
p ɾ o t e x a n,1190
p ɾ o t e x o,996
p ɾ o t e s i s,781
p ɾ o t e s t a,3429
p ɾ o t e s t a n d o,565
p ɾ o t e s t a n t e,909
p ɾ o t e s t a n t e s,819
p ɾ o t e s t a ɾ,1600
p ɾ o t e s t a s,1289
p ɾ o t e s t o,3100
p ɾ o t o k o l o,5376
p ɾ o t o k o l o s,2043
p ɾ o t o n e s,578
p ɾ o t o t i p o,2252
p ɾ o b e tʃ o,3140
p ɾ o b e e,935
p ɾ o b e e d o ɾ,2035
p ɾ o b e e d o ɾ e s,968
p ɾ o b e e ɾ,1262
p ɾ o b e e ɾ a,489
p ɾ o b e n i a,518
p ɾ o b e n j e n t e,713
p ɾ o b e n s a,546
p ɾ o b e ɾ b j o,727
p ɾ o b i d e n s i a,896
p ɾ o b j e n e,3103
p ɾ o b j e n e n,954
p ɾ o b i n s i a,2411
p ɾ o b i n s i a s,987
p ɾ o b i n o,457
p ɾ o b i s j o n a l,1313
p ɾ o b i s j o n e s,4359
p ɾ o b o k a,3214
p ɾ o b o k a s i o n,1022
p ɾ o b o k a d o,2330
p ɾ o b o k a n,827
p ɾ o b o k a n d o,1513
p ɾ o b o k a ɾ,3727
p ɾ o b o k a ɾ a,498
p ɾ o b o k a ɾ m e,804
p ɾ o b o k a ɾ o n,476
p ɾ o b o k o,2468
p ɾ o b o k e,499
p ɾ o b o k e s,683
p ɾ o k s e n e t a,1049
p ɾ o k s i m a,50881
p ɾ o k s i m a s,3970
p ɾ o k s i m i d a d,897
p ɾ o k s i m o,30388
p ɾ o k s i m o s,7021
p ɾ o i e k s i o n,1930
p ɾ o i e k s i o n e s,1066
p ɾ o i e k t a,464
p ɾ o i e k t a ɾ,888
p ɾ o i e k t i l,1078
p ɾ o i e k t i l e s,1017
p ɾ o i e k t o,22799
p ɾ o i e k t o ɾ,872
p ɾ o i e k t o s,3517
p ɾ o s a k,627
p ɾ u d e n s i a,928
p ɾ u d e n t e,3424
p ɾ w e b a,68077
p ɾ w e b a l a,1059
p ɾ w e b a l o,4990
p ɾ w e b a m e,1154
p ɾ w e b a n,1146
p ɾ w e b a s,45544
p ɾ w e b a t e,986
p ɾ w e b a t e l o,1506
p ɾ w e b e,4241
p ɾ w e b e l o,945
p ɾ w e b e n,1077
p ɾ w e b e s,858
p ɾ w e b o,977
p s i k o a n a l i s i s,454
p s i k o a n a l i s t a,526
p s i k o l o g a,737
p s i k o l o x i a,2946
p s i k o l o x i k a,1399
p s i k o l o x i k a m e n t e,673
p s i k o l o x i k a s,462
p s i k o l o x i k o,2101
p s i k o l o x i k o s,676
p s i k o l o g o,2195
p s i k o l o g o s,579
p s i k o p a t a,4766
p s i k o p a t a s,1020
p s i k o s i s,964
p s i k o t i k a,533
p s i k o t i k o,1188
p s i k e,467
p s i k j a t ɾ a,7145
p s i k j a t ɾ a s,917
p s i k j a t ɾ i a,1516
p s i k j a t ɾ i k a,958
p s i k j a t ɾ i k o,2661
p s i k i k a,1320
p s i k i k o,2056
p s i k i k o s,744
p u a s,894
p u b,2018
p u b e ɾ t a d,1013
p u b i k o,626
p u b l i k a,1573
p u b l i k a,9684
p u b l i k a s i o n,1039
p u b l i k a s i o n e s,627
p u b l i k a d o,2202
p u b l i k a m e n t e,1873
p u b l i k a n,489
p u b l i k a ɾ,3182
p u b l i k a ɾ l o,1342
p u b l i k a ɾ o n,657
p u b l i k a s,3652
p u b l i s i d a d,8999
p u b l i s i s t a,1115
p u b l i s i t a ɾ j a,559
p u b l i s i t a ɾ j o,666
p u b l i k o,2188
p u b l i k o,1295
p u b l i k o,37229
p u b l i k o s,2781
p u b l i k e,639
p u d e,48008
p u d j e n d o,520
p u d j e ɾ a,40875
p u d j e ɾ a m o s,6187
p u d j e ɾ a n,5450
p u d j e ɾ a s,9921
p u d j e ɾ o n,8905
p u d j e s e,4410
p u d j e s e m o s,903
p u d j e s e n,530
p u d j e s e s,803
p u d i m o s,8956
p u d i n,863
p u d i s t e,17746
p u d o,50524
p u d ɾ a,1209
p u d ɾ a n,466
p u d ɾ a n s e,529
p u d ɾ e,481
p u d ɾ e t e,5904
p u d ɾ j e n d o s e,989
p u d ɾ i ɾ s e,900
p w e b l i t o,941
p w e b l o,83060
p w e b l o s,4970
p w e d a,109954
p w e d a n,18628
p w e d a s,37484
p w e d e,676696
p w e d e n,167870
p w e d e s,505874
p w e d o,880612
p w e n t e,27800
p w e n t e s,2347
p w e ɾ k o,2710
p w e ɾ k o s,532
p w e ɾ t a,154597
p w e ɾ t a s,26493
p w e ɾ t o,11394
p w e ɾ t o s,1320
p w e s,167595
p w e s t a,8044
p w e s t a s,2309
p w e s t o,65780
p w e s t o s,11287
p u x a,1611
p u l g a,602
p u l g a d a,1553
p u l g a d a s,2671
p u l g a ɾ,3196
p u l g a ɾ e s,1438
p u l g a s,1816
p u l i d o,479
p u l i ɾ,806
p u l i t s e ɾ,875
p u l m o n,3364
p u l m o n a ɾ,1717
p u l m o n e s,7179
p u l m o n i a,653
p u l p o,1241
p u l s a,698
p u l s a s i o n e s,454
p u l s a ɾ,707
p u l s e,481
p u l s e ɾ a,2000
p u l s e ɾ a s,680
p u l s o,9757
p u m,3278
p u m a,980
p u n s i o n,709
p u n k,1847
p u n t a,10276
p u n t a d a s,646
p u n t a x e,892
p u n t a s,1838
p u n t e ɾ i a,2362
p u n t i j a s,682
p u n t o,107204
p u n t o s,21934
p u n t w a s i o n,1322
p u n t w a l,2051
p u n t w a l e s,496
p u n t w a l i d a d,638
p u ɲ a d o,4458
p u ɲ a l,1166
p u ɲ a l a d a,1137
p u ɲ a l a d a s,770
p u ɲ e t a s o,2629
p u ɲ e t a s o s,917
p u ɲ e t e ɾ a,512
p u ɲ e t e ɾ o,490
p u ɲ o,4584
p u ɲ o s,2344
p u p i l a,504
p u p i l a s,1241
p u ɾ a,14034
p u ɾ a m e n t e,1163
p u ɾ a s,1666
p u ɾ e,1947
p u ɾ e s a,2209
p u ɾ g a t o ɾ j o,1018
p u ɾ o,11698
p u ɾ o s,3050
p u ɾ p u ɾ a,2427
p u s,712
p u s e,21996
p u s j e ɾ a,2619
p u s j e ɾ a n,994
p u s j e ɾ a s,1002
p u s j e ɾ o n,11577
p u s i m o s,4467
p u s i s t e,10177
p u s o,34657
p u t a,96731
p u t a d a,882
p u t a s,9346
p u t i t a,1160
p u t o,19775
p u t o s,4476
p u s s l e,586
k e,15344832
k e,4624001
k e b ɾ a d a,659
k e b ɾ a d o,2175
k e b ɾ a d o s,501
k e b ɾ a ɾ,1455
k e b ɾ o,1486
k e d a,90813
k e d a b a,7636
k e d a b a n,2187
k e d a d o,18338
k e d a i s,612
k e d a m o s,14467
k e d a n,31158
k e d a n d o,5242
k e d a n d o m e,639
k e d a n d o s e,964
k e d a n d o t e,738
k e d a o s,3577
k e d a ɾ,29971
k e d a ɾ a,4909
k e d a ɾ a,15542
k e d a ɾ a n,1039
k e d a ɾ a n,4050
k e d a ɾ a s,2604
k e d a ɾ a s,6572
k e d a ɾ e,14437
k e d a ɾ e m o s,5137
k e d a ɾ i a,5150
k e d a ɾ i a n,711
k e d a ɾ i a s,1081
k e d a ɾ m e,59442
k e d a ɾ m e l a,915
k e d a ɾ m e l o,2360
k e d a ɾ n o s,19921
k e d a ɾ n o s l o,483
k e d a ɾ o n,5704
k e d a ɾ o s,1982
k e d a ɾ s e,50716
k e d a ɾ s e l a,567
k e d a ɾ s e l o,1326
k e d a ɾ t e,46243
k e d a ɾ t e l a,936
k e d a ɾ t e l o,2154
k e d a s,16117
k e d a s e,600
k e d a s t e,4090
k e d a t e,108645
k e d a t e l a,2018
k e d a t e l a s,466
k e d a t e l o,4618
k e d a t e l o s,690
k e d e,22934
k e d e,12473
k e d e i s,517
k e d e m o n o s,1651
k e d e m o s,1681
k e d e n,4747
k e d e n s e,16814
k e d e s,9863
k e d e s e,20355
k e d e s e l a,539
k e d e s e l o,1397
k e d o,20301
k e d o,23834
k e x a,5745
k e x a b a,710
k e x a d o,877
k e x a n,1058
k e x a n d o,1159
k e x a n d o s e,1685
k e x a n d o t e,772
k e x a ɾ,847
k e x a ɾ m e,3124
k e x a ɾ n o s,592
k e x a ɾ s e,4440
k e x a ɾ t e,4715
k e x a s,5398
k e x e s,689
k e x o,1570
k e x o,881
k e m a,5964
k e m a d a,2188
k e m a d a s,804
k e m a d o,5808
k e m a d o s,1570
k e m a d u ɾ a,1042
k e m a d u ɾ a s,2840
k e m a l o,1345
k e m a m o s,965
k e m a n,1522
k e m a n d o,3209
k e m a n d o s e,866
k e m a ɾ,5922
k e m a ɾ a,710
k e m a ɾ a n,462
k e m a ɾ e,700
k e m a ɾ e m o s,523
k e m a ɾ l a,751
k e m a ɾ l o,1551
k e m a ɾ l o s,772
k e m a ɾ m e,928
k e m a ɾ o n,1864
k e m a r o p a,638
k e m a ɾ s e,1507
k e m a ɾ t e,718
k e m a s,549
k e m a s t e,1015
k e m e,1212
k e m e,1272
k e m e n,1038
k e m e n l o,474
k e m o,984
k e m o,3692
k e p a,739
k e ɾ a i s,1743
k e ɾ a m o s,3240
k e ɾ e i s,12514
k e ɾ e m o s,69136
k e ɾ e ɾ,22689
k e ɾ e ɾ l a,946
k e ɾ e ɾ l e,516
k e ɾ e ɾ l o,1897
k e ɾ e ɾ m e,2080
k e ɾ e ɾ t e,2530
k e ɾ i a,233311
k e ɾ i a i s,664
k e ɾ i a m o s,10874
k e ɾ i a n,17706
k e ɾ i a s,41201
k e ɾ i d a,72176
k e ɾ i d a s,1034
k e ɾ i d o,70561
k e ɾ i d o s,8231
k e ɾ j e n d o,3789
k e r a,10946
k e r a n,3940
k e r a s,10147
k e r e,1558
k e r i a,20013
k e r i a m o s,913
k e r i a n,1906
k e r i a s,6308
k e s o,16938
k e s o s,795
k i s i o,1474
k j e b ɾ a,2490
k j e b ɾ e,472
k j e n,222169
k j e n,631087
k j e n e s,25622
k j e n e s,27160
k j e n k j e ɾ a,3878
k j e ɾ a,55087
k j e ɾ a n,13026
k j e ɾ a s,65002
k j e ɾ e,391510
k j e ɾ e m e,494
k j e ɾ e n,115116
k j e ɾ e s,581874
k j e ɾ o,890427
k j e t a,6076
k j e t a s,767
k j e t o,19021
k j e t o s,7110
k j e t u d,495
k i x a d a,597
k i x o t e,1109
k i l a t e s,784
k i m e ɾ a,539
k i m i k a,6111
k i m i k a s,1445
k i m i k o,2914
k i m i k o s,3322
k i m j o,914
k i m j o t e ɾ a p j a,1257
k i n s e,9370
k i n j e n t o s,1887
k i n t a,6032
k i n t o,6412
k j o s k o,459
k i ɾ o f a n o,3661
k i ɾ u ɾ x i k a,613
k i ɾ u ɾ x i k o,709
k i s e,36928
k i s j e ɾ a,57920
k i s j e ɾ a m o s,2594
k i s j e ɾ a n,2386
k i s j e ɾ a s,7047
k i s j e ɾ o n,2248
k i s j e s e,689
k i s i m o s,1776
k i s i s t e,6081
k i s o,20436
k i s k i j o s o,672
k i s t e,553
k i t a,11952
k i t a b a,676
k i t a d o,5707
k i t a l a,486
k i t a l e,4103
k i t a l o,1014
k i t a m e,6364
k i t a m e l a,1058
k i t a m e l a s,480
k i t a m e l o,2258
k i t a m o s,1837
k i t a n,2090
k i t a n d o,1562
k i t a n d o l e,518
k i t a o s,1124
k i t a ɾ,11048
k i t a ɾ a,801
k i t a ɾ a,1472
k i t a ɾ a n,591
k i t a ɾ a n,1043
k i t a ɾ a s,462
k i t a ɾ e,2670
k i t a ɾ e m o s,695
k i t a ɾ i a,753
k i t a ɾ l a,720
k i t a ɾ l e,9412
k i t a ɾ l e s,1438
k i t a ɾ l o,1564
k i t a ɾ m e,9458
k i t a ɾ m e l a,1524
k i t a ɾ m e l o,2527
k i t a ɾ n o s,1946
k i t a ɾ o n,4029
k i t a ɾ s e,4965
k i t a ɾ s e l a,1260
k i t a ɾ s e l o,1905
k i t a ɾ t e,8371
k i t a ɾ t e l a,657
k i t a s,3090
k i t a s e l o,477
k i t a s t e,2087
k i t a t e,29636
k i t a t e l a,2450
k i t a t e l a s,526
k i t a t e l o,3985
k i t a t e l o s,1060
k i t e,5111
k i t e,2715
k i t e l e,921
k i t e m e,1645
k i t e m o s,506
k i t e n,2674
k i t e n l e,1165
k i t e n m e,1276
k i t e n m e l a,628
k i t e n m e l o,1400
k i t e n s e,6552
k i t e s,2452
k i t e s e,5460
k i t o,3622
k i t o,5692
k i s a,188489
k i s a s,135717
r a b a n o,488
r a b j a,5552
r a b i n o,2889
r a b j o s o,1161
r a b o,1605
r a tʃ a,2284
r a s i a l,1397
r a s i a l e s,511
r a s i o n,1378
r a s i o n a l,2433
r a s i o n a l e s,574
r a s i o n e s,1467
r a s i s m o,1120
r a s i s t a,3017
r a s i s t a s,882
r a d a ɾ,6231
r a d a ɾ e s,566
r a d j a s i o n,6929
r a d j a d o ɾ,1243
r a d j a l,650
r a d j a n t e,2082
r a d i k a l,2532
r a d i k a l e s,1158
r a d i k a l m e n t e,497
r a d j o,36958
r a d j o a k t i b a,458
r a d j o a k t i b o,609
r a d j o g ɾ a f i a,1212
r a d j o g ɾ a f i a s,1235
r a d j o l o x i a,612
r a d j o s,1853
r a e,709
r a f a e l,1945
r a f a g a,861
r a f a g a s,503
r a i s e s,5288
r a i s,3373
r a x a,1880
r a l l i,463
r a m,2359
r a m a,3835
r a m a s,2704
r a m e ɾ a,3602
r a m e ɾ a s,845
r a m i ɾ e s,980
r a m o,1865
r a m o n,3072
r a m o n a,932
r a m o s,1412
r a m p a,1796
r a n a,3844
r a n a s,1767
r a n tʃ o,6303
r a n s i o,462
r a n g o,6939
r a n u ɾ a,523
r a p,1929
r a p e ɾ o,761
r a p i d a,11447
r a p i d a m e n t e,14438
r a p i d a s,1448
r a p i d e s,2558
r a p i d i t o,753
r a p i d o,154898
r a p i d o s,3771
r a p t a d a,453
r a p t a d o,808
r a p t a ɾ,464
r a p t o,740
r a p t o ɾ,1293
r a k e l,1035
r a k e t a,603
r a ɾ a,14577
r a ɾ a m e n t e,1544
r a ɾ a s,6135
r a ɾ e s a,575
r a ɾ e s a s,495
r a ɾ i t o,516
r a ɾ o,60956
r a ɾ o s,5379
r a s k a s i e l o s,940
r a s k a ɾ s e,568
r a s k a ɾ t e,624
r a s g o,748
r a s g o s,1630
r a s g w ɲ o,2704
r a s g w ɲ o s,636
r a s o,858
r a s t ɾ e a,630
r a s t ɾ e a d o,848
r a s t ɾ e a d o ɾ,2126
r a s t ɾ e a d o ɾ e s,567
r a s t ɾ e a m o s,829
r a s t ɾ e a n d o,2173
r a s t ɾ e a ɾ,4585
r a s t ɾ e a ɾ l a,790
r a s t ɾ e a ɾ l o,2080
r a s t ɾ e a ɾ l o s,676
r a s t ɾ e e n,469
r a s t ɾ e o,2640
r a s t ɾ i j o,478
r a s t ɾ o,11842
r a s t ɾ o s,4741
r a t a,11694
r a t a s,9627
r a t i t o,1877
r a t o,39477
r a t o n,6463
r a t o n s i t o,614
r a t o n e ɾ a,551
r a t o n e s,3376
r a t o s,778
r a u l,1023
r a i a,5162
r a i a d o,543
r a i a s,2055
r a i o,10502
r a i o s,22887
r a s a,12184
r a s a s,1648
r a s o n,208115
r a s o n a b l e,9833
r a s o n a b l e m e n t e,546
r a s o n a b l e s,1303
r a s o n a m j e n t o,1268
r a s o n a ɾ,1527
r a s o n e s,19305
r e,12505
r e a b ɾ i ɾ,642
r e a k s i o n,10915
r e a k s i o n a,1829
r e a k s i o n a d o,598
r e a k s i o n a n,723
r e a k s i o n a n d o,462
r e a k s i o n a ɾ,2387
r e a k s i o n e s,1880
r e a k s i o n o,1141
r e a k t o ɾ,3753
r e a k t o ɾ e s,1279
r e a g a n,2303
r e a l,66607
r e a l e s,10658
r e a l e s a,1778
r e a l i s e,624
r e a l i d a d,109964
r e a l i d a d e s,758
r e a l i s m o,510
r e a l i s t a,3327
r e a l i s t a s,1203
r e a l i s a,1546
r e a l i s a s i o n,768
r e a l i s a d a,827
r e a l i s a d o,2933
r e a l i s a d o s,554
r e a l i s a n,784
r e a l i s a n d o,1480
r e a l i s a ɾ,7113
r e a l i s a ɾ a,594
r e a l i s a ɾ s e,990
r e a l i s o,1543
r e a l m e n t e,197439
r e a n i m a s i o n,522
r e a n u d a ɾ,524
r e b a x a,610
r e b a x a ɾ,485
r e b a x a s,593
r e b a n a d a,673
r e b a ɲ o,2332
r e b e k a,640
r e b e k k a,6529
r e b e l a ɾ s e,673
r e b e l d e,4315
r e b e l d e s,5687
r e b e l d i a,493
r e b e l j o n,3119
r e b o t a,552
r e b o t a ɾ,550
r e b o t e,855
r e b o t o,482
r e k a d o,3200
r e k a d o s,1370
r e k a e,577
r e k a i d a,558
r e k a m a ɾ a,991
r e k a ɾ g a,518
r e k a ɾ g a ɾ,902
r e k a u d a s i o n,1113
r e k a u d a ɾ,1148
r e s e,959
r e s e,952
r e s e m o s,826
r e s e n,507
r e s e p s i o n,7138
r e s e p s i o n i s t a,1535
r e s e p t o ɾ,1664
r e s e p t o ɾ e s,779
r e s e s j o n,623
r e s e s o,1778
r e s e t a,6121
r e s e t a s,1809
r e tʃ a s e,483
r e tʃ a s e,884
r e tʃ a s a,1994
r e tʃ a s a d a,1289
r e tʃ a s a d o,3515
r e tʃ a s a d o s,489
r e tʃ a s a n,676
r e tʃ a s a n d o,753
r e tʃ a s a ɾ,3137
r e tʃ a s a ɾ l a,621
r e tʃ a s a ɾ l o,1290
r e tʃ a s a ɾ m e,580
r e tʃ a s a ɾ o n,1044
r e tʃ a s a s,819
r e tʃ a s a s t e,972
r e tʃ a s o,3209
r e tʃ a s o,2631
r e s i b a,3203
r e s i b a m o s,498
r e s i b a n,1045
r e s i b a s,1018
r e s i b e,9276
r e s i b e n,3568
r e s i b e s,3716
r e s i b i,12821
r e s i b i a,1336
r e s i b i d a,917
r e s i b i d o,20170
r e s i b i d o s,545
r e s i b j e n d o,6044
r e s i b j e ɾ a,528
r e s i b j e ɾ o n,2356
r e s i b i m j e n t o,515
r e s i b i m o s,6304
r e s i b j o,11699
r e s i b i ɾ,19855
r e s i b i ɾ a,4624
r e s i b i ɾ a n,1905
r e s i b i ɾ a s,2146
r e s i b i ɾ e,1005
r e s i b i ɾ e m o s,722
r e s i b i ɾ i a,626
r e s i b i ɾ l a,1056
r e s i b i ɾ l e,716
r e s i b i ɾ l o,1922
r e s i b i ɾ l o s,722
r e s i b i ɾ m e,2160
r e s i b i ɾ n o s,1040
r e s i b i ɾ t e,721
r e s i b i s t e,4633
r e s i b o,9341
r e s i b o s,1686
r e s i k l a x e,580
r e s i e n,16626
r e s i e n t e,5298
r e s i e n t e m e n t e,8786
r e s i e n t e s,2980
r e s i n t o,1493
r e s i p j e n t e,1933
r e s i p j e n t e s,721
r e s i t a,499
r e s i t a l,1270
r e s i t a ɾ,886
r e k l a m a,1064
r e k l a m a s i o n,642
r e k l a m a n,498
r e k l a m a ɾ,2352
r e k l a m o,1239
r e k l u s o,496
r e k l u s o s,574
r e k l u t a,1716
r e k l u t a d o,867
r e k l u t a m j e n t o,1528
r e k l u t a n d o,670
r e k l u t a ɾ,1038
r e k l u t a s,1510
r e k o b ɾ a ɾ,984
r e k o x e,4903
r e k o x e l a,742
r e k o x e l o,1377
r e k o x e m e,597
r e k o x e m o s,737
r e k o x e n,780
r e k o x e ɾ,15995
r e k o x e ɾ a,1068
r e k o x e ɾ e,2365
r e k o x e ɾ e m o s,718
r e k o x e ɾ l a,2592
r e k o x e ɾ l a s,786
r e k o x e ɾ l o,3751
r e k o x e ɾ l o s,1400
r e k o x e ɾ m e,2760
r e k o x e ɾ n o s,777
r e k o x e ɾ t e,2658
r e k o x e s,857
r e k o x i,1912
r e k o x i a,515
r e k o x i d a,1052
r e k o x i d o,2240
r e k o x i e n d o,2604
r e k o x i e ɾ o n,771
r e k o x i m o s,677
r e k o x i o,2272
r e k o x i s t e,652
r e k o x a,2251
r e k o x a n,1558
r e k o x a s,485
r e k o x o,1815
r e k o l e k s i o n,614
r e k o l e k t a n d o,464
r e k o l e k t a ɾ,861
r e k o m e n d a s i o n,2837
r e k o m e n d a s i o n e s,992
r e k o m e n d a d o,1080
r e k o m e n d a ɾ,1054
r e k o m e n d a ɾ e,487
r e k o m e n d a ɾ i a,844
r e k o m e n d a ɾ l e,560
r e k o m e n d a ɾ t e,490
r e k o m e n d o,1306
r e k o m j e n d a,1332
r e k o m j e n d o,4297
r e k o m p e n s a,11631
r e k o m p e n s a d o,804
r e k o m p e n s a ɾ t e,603
r e k o m p e n s a s,1789
r e k o n s i l j a s i o n,960
r e k o n s i l j a ɾ s e,498
r e k o n f o ɾ t a n t e,1529
r e k o n o s e,6552
r e k o n o s e l o,881
r e k o n o s e m o s,682
r e k o n o s e n,1481
r e k o n o s e ɾ,6997
r e k o n o s e ɾ a,1027
r e k o n o s e ɾ a n,519
r e k o n o s e ɾ i a,1601
r e k o n o s e ɾ l a,536
r e k o n o s e ɾ l e,468
r e k o n o s e ɾ l o,3682
r e k o n o s e ɾ m e,742
r e k o n o s e ɾ t e,776
r e k o n o s e s,5315
r e k o n o s i,2668
r e k o n o s i a,506
r e k o n o s i d a,615
r e k o n o s i d o,4355
r e k o n o s i m j e n t o,7175
r e k o n o s i o,2611
r e k o n o s i s t e,576
r e k o n o s k a,1257
r e k o n o s k a n,526
r e k o n o s k o,8355
r e k o n s i d e ɾ a ɾ,1040
r e k o n s i d e ɾ a ɾ l o,837
r e k o n s i d e ɾ e,505
r e k o n s t ɾ u k s i o n,1548
r e k o n s t ɾ u i ɾ,2735
r e k o n s t ɾ w i ɾ l o,670
r e k o ɾ d,4451
r e k o ɾ d a b a,3254
r e k o ɾ d a d,1649
r e k o ɾ d a d o,2344
r e k o ɾ d a i s,758
r e k o ɾ d a m o s,1378
r e k o ɾ d a n d o,1695
r e k o ɾ d a ɾ,26609
r e k o ɾ d a ɾ a,919
r e k o ɾ d a ɾ a,2221
r e k o ɾ d a ɾ a n,1139
r e k o ɾ d a ɾ a s,1727
r e k o ɾ d a ɾ e,3271
r e k o ɾ d a ɾ e m o s,698
r e k o ɾ d a ɾ i a,1175
r e k o ɾ d a ɾ l a,1008
r e k o ɾ d a ɾ l e,4334
r e k o ɾ d a ɾ l e s,2202
r e k o ɾ d a ɾ l o,7167
r e k o ɾ d a ɾ l o s,576
r e k o ɾ d a ɾ m e,2684
r e k o ɾ d a ɾ m e l o,1857
r e k o ɾ d a ɾ n o s,816
r e k o ɾ d a ɾ s e l o,690
r e k o ɾ d a ɾ t e,4505
r e k o ɾ d a ɾ t e l o,753
r e k o ɾ d a s t e,685
r e k o ɾ d a t o ɾ j o,1132
r e k o ɾ d e,2380
r e k o ɾ d e m o s,714
r e k o ɾ d o,1786
r e k o ɾ d s,662
r e k o r e,849
r e k o r e ɾ,3024
r e k o r i d o,4298
r e k o r j e n d o,1245
r e k o ɾ t a ɾ,696
r e k o ɾ t e,722
r e k o ɾ t e s,1863
r e k o s t a ɾ m e,789
r e k o s t a ɾ t e,666
r e k ɾ e a s i o n,769
r e k ɾ e a ɾ,1014
r e k ɾ e o,1944
r e k t a,3033
r e k t i t u d,583
r e k t o,4331
r e k t o ɾ,1153
r e k w e n t o,1780
r e k w e ɾ d a,54951
r e k w e ɾ d a l e,489
r e k w e ɾ d a l o,3623
r e k w e ɾ d a m e,3648
r e k w e ɾ d a m e l o,462
r e k w e ɾ d a n,5922
r e k w e ɾ d a s,64964
r e k w e ɾ d e,10145
r e k w e ɾ d e l o,750
r e k w e ɾ d e m e,533
r e k w e ɾ d e n,8212
r e k w e ɾ d e s,3444
r e k w e ɾ d o,82959
r e k w e ɾ d o s,19091
r e k w e s t a t e,2101
r e k w e s t e s e,523
r e k u p e ɾ a,2149
r e k u p e ɾ a s i o n,4819
r e k u p e ɾ a d a,535
r e k u p e ɾ a d o,4010
r e k u p e ɾ a m o s,1404
r e k u p e ɾ a n,492
r e k u p e ɾ a n d o,1604
r e k u p e ɾ a n d o s e,663
r e k u p e ɾ a ɾ,16696
r e k u p e ɾ a ɾ a,1920
r e k u p e ɾ a ɾ a s,869
r e k u p e ɾ a ɾ e,1262
r e k u p e ɾ a ɾ e m o s,1045
r e k u p e ɾ a ɾ l a,3469
r e k u p e ɾ a ɾ l a s,476
r e k u p e ɾ a ɾ l o,4539
r e k u p e ɾ a ɾ l o s,876
r e k u p e ɾ a ɾ m e,1474
r e k u p e ɾ a ɾ o n,564
r e k u p e ɾ a ɾ s e,3338
r e k u p e ɾ a ɾ t e,1689
r e k u p e ɾ a s,549
r e k u p e ɾ a s t e,628
r e k u p e ɾ e,2883
r e k u p e ɾ e,1172
r e k u p e ɾ e n,530
r e k u p e ɾ e s,776
r e k u p e ɾ o,738
r e k u p e ɾ o,1873
r e k u r e n t e,478
r e k u r i ɾ,1973
r e k u ɾ s o,2421
r e k u ɾ s o s,9416
r e d,25671
r e d a k s i o n,1522
r e d a k t a ɾ,491
r e d a k t o ɾ,659
r e d a d a,2354
r e d a d a s,550
r e d e n s i o n,1772
r e d e s,2316
r e d o n d a,2563
r e d o n d a s,474
r e d o n d o,1604
r e d o n d o s,499
r e d u k s i o n,1457
r e d u s e,2771
r e d u s e n,468
r e d u s i d a,794
r e d u s i d o,2227
r e d u s i e n d o,663
r e d u s i ɾ,3831
r e d u s i ɾ l o,569
r e d u x o,583
r e d u s k a,477
r e e l e k s i o n,782
r e e m b o l s o,711
r e e m p l a s e,454
r e e m p l a s a,500
r e e m p l a s a d o,1076
r e e m p l a s a ɾ,2717
r e e m p l a s a ɾ l a,680
r e e m p l a s a ɾ l o,1510
r e e m p l a s a ɾ m e,988
r e e m p l a s a ɾ t e,576
r e e m p l a s o,2363
r e e m p l a s o,504
r e e n k a ɾ n a s i o n,848
r e e n k w e n t ɾ o,463
r e e s k ɾ i b i ɾ,501
r e f e ɾ e n s i a,3934
r e f e ɾ e n s i a s,2904
r e f e ɾ e n t e,1089
r e f e ɾ i a,7884
r e f e ɾ i a s,771
r e f e ɾ i ɾ s e,1058
r e f j e ɾ e,13318
r e f j e ɾ e n,916
r e f j e ɾ e s,24449
r e f j e ɾ o,26795
r e f i n a d a,612
r e f i n a d o,1015
r e f i n e ɾ i a,550
r e f i ɾ j e n d o,588
r e f l e x a,1779
r e f l e x a n,658
r e f l e x a ɾ,581
r e f l e x o,3596
r e f l e x o s,2109
r e f l e k s j o n,853
r e f l e k s j o n a ɾ,1656
r e f o ɾ m a,1570
r e f o ɾ m a d o,539
r e f o ɾ m a s,821
r e f o ɾ m a t o ɾ j o,1372
r e f o ɾ s a d o,594
r e f o ɾ s a ɾ,1067
r e f ɾ a n,654
r e f ɾ e s k a n t e,1200
r e f ɾ e s k a ɾ,525
r e f ɾ e s k a ɾ m e,840
r e f ɾ e s k a ɾ s e,482
r e f ɾ e s k a ɾ t e,581
r e f ɾ e s k o,3143
r e f ɾ e s k o s,1442
r e f ɾ i x e ɾ a s i o n,581
r e f ɾ i x e ɾ a d o ɾ,4318
r e f w e ɾ s o,1325
r e f w e ɾ s o s,8028
r e f u x i a d o,882
r e f u x i a d o s,3317
r e f u x i a ɾ s e,604
r e f u x i o,9131
r e f u x i o s,882
r e g a l a,979
r e g a l a d o,1549
r e g a l a n,560
r e g a l a n d o,606
r e g a l a ɾ,1336
r e g a l a ɾ l e,1161
r e g a l a ɾ m e,494
r e g a l a ɾ o n,860
r e g a l a ɾ t e,734
r e g a l a s,502
r e g a l a s t e,592
r e g a l e,1036
r e g a l i t o,1254
r e g a l o,44055
r e g a l o,3301
r e g a l o s,12589
r e g a ɾ,615
r e g a t e a ɾ,509
r e g a s o,1673
r e x e n e ɾ a s i o n,563
r e x e n t e,950
r e x i m e n,2853
r e x i m j e n t o,4548
r e x i n a,2291
r e x i o n,5905
r e x i o n a l,1549
r e x i o n a l e s,972
r e x i o n e s,1127
r e x i s t ɾ a,1436
r e x i s t ɾ a d a,1739
r e x i s t ɾ a d o,4336
r e x i s t ɾ a d o ɾ a,903
r e x i s t ɾ a d o s,935
r e x i s t ɾ a m o s,738
r e x i s t ɾ a n,691
r e x i s t ɾ a n d o,964
r e x i s t ɾ a ɾ,3111
r e x i s t ɾ a ɾ l o,722
r e x i s t ɾ a ɾ m e,810
r e x i s t ɾ a ɾ o n,766
r e x i s t ɾ a ɾ s e,1299
r e x i s t ɾ a ɾ t e,452
r e x i s t ɾ e,583
r e x i s t ɾ e,492
r e x i s t ɾ e n,1074
r e x i s t ɾ o,14604
r e x i s t ɾ o,1453
r e x i s t ɾ o s,10639
r e g l a,15302
r e g l a m e n t o,2089
r e g l a s,33186
r e g o s i x o,541
r e g ɾ e s a,26631
r e g ɾ e s a b a,1232
r e g ɾ e s a d o,8183
r e g ɾ e s a l o,528
r e g ɾ e s a m e,529
r e g ɾ e s a m o s,4477
r e g ɾ e s a n,2596
r e g ɾ e s a n d o,2785
r e g ɾ e s a ɾ,46347
r e g ɾ e s a ɾ a,1952
r e g ɾ e s a ɾ a,5906
r e g ɾ e s a ɾ a n,464
r e g ɾ e s a ɾ a n,1399
r e g ɾ e s a ɾ a s,933
r e g ɾ e s a ɾ a s,1962
r e g ɾ e s a ɾ e,9154
r e g ɾ e s a ɾ e m o s,3228
r e g ɾ e s a ɾ i a,1361
r e g ɾ e s a ɾ i a s,519
r e g ɾ e s a ɾ l a,504
r e g ɾ e s a ɾ l o,964
r e g ɾ e s a ɾ o n,2553
r e g ɾ e s a ɾ t e,677
r e g ɾ e s a s,3132
r e g ɾ e s a s t e,3604
r e g ɾ e s e,15966
r e g ɾ e s e,5313
r e g ɾ e s e m o s,4345
r e g ɾ e s e n,8291
r e g ɾ e s e s,4942
r e g ɾ e s j o n,465
r e g ɾ e s i b a,1005
r e g ɾ e s o,38607
r e g ɾ e s o,10881
r e g w l a s i o n e s,694
r e g w l a d o ɾ,551
r e g w l a ɾ,3174
r e g w l a ɾ e s,1213
r e g w l a ɾ i d a d,586
r e g w l a ɾ m e n t e,1806
r e a b i l i t a s i o n,4232
r e a s e ɾ,861
r e e n,4916
r e e n e s,7238
r e u s a,741
r e w s o,665
r e i,711
r e i a,1690
r e i a n,700
r e i tʃ,2485
r e i d o,1047
r e i m o s,1272
r e i n a,37224
r e i n a d o,1399
r e i n a ɾ,568
r e i n a s,1596
r e i n i s i a ɾ,597
r e i n o,16270
r e i n o s,1305
r e i ɾ,9401
r e i ɾ a,486
r e i ɾ a n,540
r e i ɾ m e,2304
r e i ɾ n o s,1139
r e i ɾ s e,4168
r e i ɾ t e,2888
r e x a,1359
r e x a s,2808
r e x i j a,843
r e l a s i o n,43561
r e l a s i o n a,1218
r e l a s i o n a d a,1620
r e l a s i o n a d a s,1181
r e l a s i o n a d o,5708
r e l a s i o n a d o s,2161
r e l a s i o n a n,513
r e l a s i o n a ɾ,538
r e l a s i o n a ɾ m e,788
r e l a s i o n a ɾ s e,1496
r e l a s i o n e s,19737
r e l a x a,1412
r e l a x a s i o n,555
r e l a x a d a,1037
r e l a x a d o,2100
r e l a x a n t e,1263
r e l a x a ɾ,848
r e l a x a ɾ m e,3687
r e l a x a ɾ n o s,1428
r e l a x a ɾ s e,4459
r e l a x a ɾ t e,6154
r e l a x a s,618
r e l a x a t e,33916
r e l a x e,724
r e l a x e n s e,2392
r e l a x e s,470
r e l a x e s e,5017
r e l a m p a g o,2320
r e l a m p a g o s,799
r e l a t i b a,466
r e l a t i b a m e n t e,1543
r e l a t i b o,908
r e l a t o,2013
r e l a t o s,722
r e l a k s,653
r e l e b a d o,764
r e l e b a n s i a,806
r e l e b a n t e,2375
r e l e b a n t e s,511
r e l e b o,1231
r e l i x i o n,8925
r e l i x i o n e s,1244
r e l i x i o s a,3374
r e l i x i o s a s,1443
r e l i x i o s o,3750
r e l i x i o s o s,1853
r e l i k j a,1396
r e l i k j a s,878
r e j e n a,828
r e j e n a ɾ,1511
r e j e n a s,469
r e j e n o,2363
r e j e n o s,508
r e l o x,26984
r e l o x e s,3071
r e l u s i e n t e,837
r e l u s i ɾ,742
r e m a,870
r e m a n d o,458
r e m a ɾ,994
r e m a t e,1765
r e m b ɾ a n d t,1266
r e m e d j a ɾ,553
r e m e d j a ɾ l o,1282
r e m e d j o,8004
r e m e d j o s,978
r e m e n,712
r e m e ɾ a,885
r e m i t e n t e,632
r e m o,1639
r e m o d e l a s i o n,473
r e m o l i n o,707
r e m o l k e,2632
r e m o n t a,739
r e m o ɾ d i m j e n t o,1912
r e m o ɾ d i m j e n t o s,1669
r e m o s,1264
r e m o t a,1941
r e m o t a m e n t e,1241
r e m o t a s,505
r e m o t o,3812
r e m o t o s,475
r e m o b e ɾ,1324
r e m o b i d o,553
r e n a s e ɾ,752
r e n a s i m j e n t o,1635
r e n a k w a x o,551
r e n a l,1044
r e n a t a,530
r e n a t o,551
r e n a u l t,977
r e n k o ɾ,3633
r e n k o ɾ e s,834
r e n d i s i o n,1715
r e n d i d o,1727
r e n d i m j e n t o,1528
r e n d i m o s,1064
r e n d i ɾ,2004
r e n d i ɾ a,594
r e n d i ɾ e,739
r e n d i ɾ l e,456
r e n d i ɾ m e,2245
r e n d i ɾ n o s,1961
r e n d i ɾ s e,5204
r e n d i ɾ t e,2552
r e n e,1861
r e n e g a d o,780
r e n e g a d o s,716
r e n o,2675
r e n o i ɾ,569
r e n o m b ɾ e,513
r e n o s,784
r e n o b a s i o n,906
r e n o b a d o,478
r e n o b a ɾ,1014
r e n t a,4567
r e n t a b l e,803
r e n t a ɾ,570
r e n t a s,516
r e n u n s i a,4124
r e n u n s i a d o,1693
r e n u n s i a n d o,787
r e n u n s i a ɾ,8907
r e n u n s i a ɾ e,846
r e n u n s i a s,1047
r e n u n s i a s t e,1058
r e n u n s i e,1103
r e n u n s i e,1913
r e n u n s i e s,505
r e n u n s i o,3401
r e n u n s i o,2230
r e o,662
r e o s,676
r e p a ɾ a,555
r e p a ɾ a s i o n,1773
r e p a ɾ a s i o n e s,2041
r e p a ɾ a d o,1120
r e p a ɾ a d o ɾ,496
r e p a ɾ a n d o,747
r e p a ɾ a ɾ,4691
r e p a ɾ a ɾ l a,800
r e p a ɾ a ɾ l o,2345
r e p a ɾ e,481
r e p a ɾ o,488
r e p a ɾ t e,1192
r e p a ɾ t i d o ɾ,1453
r e p a ɾ t j e n d o,798
r e p a ɾ t i m o s,540
r e p a ɾ t i ɾ,2049
r e p a ɾ t o,2818
r e p a s a n d o,712
r e p a s a ɾ,1586
r e p a s a ɾ l o,497
r e p a s e m o s,873
r e p a s o,655
r e p e l e n t e,598
r e p e n t e,26015
r e p e n t i n a,1656
r e p e n t i n a m e n t e,2484
r e p e n t i n o,2415
r e p e ɾ k u s j o n e s,769
r e p e ɾ t o ɾ j o,694
r e p e t i a,568
r e p e t i s i o n,1432
r e p e t i d a m e n t e,923
r e p e t i d a s,467
r e p e t i d o,742
r e p e t i m o s,640
r e p e t i ɾ,5781
r e p e t i ɾ a,496
r e p e t i ɾ e,890
r e p e t i ɾ l o,4902
r e p e t i ɾ m e,606
r e p e t i ɾ s e,1066
r e p e t i ɾ t e l o,456
r e p i s a,817
r e p i t a,2870
r e p i t a l o,673
r e p i t a n,598
r e p i t a s,498
r e p i t e,4533
r e p i t e l o,2425
r e p i t e m e,495
r e p i t e n,525
r e p i t e s,628
r e p i t j e n d o,1016
r e p i t o,9692
r e p l e t a,765
r e p l e t o,1330
r e p l i k a,1239
r e p l i k a n t e,544
r e p l i k a n t e s,1066
r e p l j e g e n s e,635
r e p o j o,672
r e p o ɾ t a,1184
r e p o ɾ t a d o,1021
r e p o ɾ t a x e,2908
r e p o ɾ t a x e s,562
r e p o ɾ t a n,529
r e p o ɾ t a n d o,1032
r e p o ɾ t a n d o s e,965
r e p o ɾ t a ɾ,1994
r e p o ɾ t a ɾ l o,834
r e p o ɾ t a ɾ m e,592
r e p o ɾ t a ɾ o n,606
r e p o ɾ t a ɾ s e,926
r e p o ɾ t a t e,556
r e p o ɾ t e,9237
r e p o ɾ t e n s e,1302
r e p o ɾ t e ɾ a,1951
r e p o ɾ t e ɾ o,3693
r e p o ɾ t e ɾ o s,2087
r e p o ɾ t e s,3701
r e p o ɾ t e s e,1407
r e p o ɾ t o,1267
r e p o s a ɾ,664
r e p o s o,1737
r e p ɾ e s a l j a,522
r e p ɾ e s a l j a s,1114
r e p ɾ e s e n t a,8062
r e p ɾ e s e n t a b a,864
r e p ɾ e s e n t a s i o n,2786
r e p ɾ e s e n t a d o,770
r e p ɾ e s e n t a m o s,664
r e p ɾ e s e n t a n,2235
r e p ɾ e s e n t a n d o,1261
r e p ɾ e s e n t a n t e,6677
r e p ɾ e s e n t a n t e s,2123
r e p ɾ e s e n t a ɾ,2626
r e p ɾ e s e n t a s,747
r e p ɾ e s e n t e,657
r e p ɾ e s e n t o,2369
r e p ɾ e s j o n,852
r e p ɾ i m e n d a,486
r e p ɾ i m i d o,549
r e p ɾ i m i ɾ,545
r e p ɾ o d u k s i o n,1309
r e p ɾ o d u s i ɾ,682
r e p ɾ o d u s i ɾ s e,1186
r e p ɾ o d u k t o ɾ,855
r e p ɾ o g ɾ a m a ɾ,521
r e p t i l,772
r e p t i l e s,922
r e p u b l i k a,6869
r e p u b l i k a n a,660
r e p u b l i k a n o,1868
r e p u b l i k a n o s,1763
r e p w e s t o,2116
r e p w e s t o s,1022
r e p u g n a,559
r e p u g n a n t e,5789
r e p u g n a n t e s,786
r e p u l s i b o,1059
r e p u t a s i o n,11982
r e k e ɾ i a,596
r e k e ɾ i d a,489
r e k e ɾ i d o,726
r e k e ɾ i ɾ a,504
r e k j e ɾ a,596
r e k j e ɾ e,9451
r e k j e ɾ e n,1848
r e k i s i t o,631
r e k i s i t o s,1094
r e s,651
r e s a k a,2514
r e s a l t a ɾ,461
r e s b a l a,636
r e s b a l a d i s o,520
r e s b a l e,781
r e s b a l o,1086
r e s k a t a d o,975
r e s k a t a d o s,488
r e s k a t a ɾ,3858
r e s k a t a ɾ l a,1166
r e s k a t a ɾ l o,1190
r e s k a t a ɾ l o s,777
r e s k a t a ɾ m e,1778
r e s k a t a ɾ n o s,767
r e s k a t a ɾ t e,1622
r e s k a t e,12974
r e s k a t e n,510
r e s k a t o,763
r e s e n t i d o,999
r e s e n t i m j e n t o,1427
r e s e n t i m j e n t o s,1079
r e s e ɾ b a,10685
r e s e ɾ b a s i o n e s,977
r e s e ɾ b a d a,1525
r e s e ɾ b a d o,4161
r e s e ɾ b a d o s,671
r e s e ɾ b a ɾ,1358
r e s e ɾ b a s,4007
r e s e ɾ b e,961
r e s e ɾ b o,566
r e s f ɾ j a d o,3435
r e s f ɾ i o,700
r e s g w a ɾ d o,695
r e s i d e,1274
r e s i d e n s i a,6719
r e s i d e n s i a l,812
r e s i d e n t e,2602
r e s i d e n t e s,3210
r e s i d w a l,575
r e s i d w o,838
r e s i d w o s,2028
r e s i n a,452
r e s i s t a,1013
r e s i s t a n,461
r e s i s t a s,933
r e s i s t e,4370
r e s i s t e n,735
r e s i s t e n s i a,10022
r e s i s t e n t e,1965
r e s i s t e n t e s,605
r e s i s t e s,481
r e s i s t i d o,630
r e s i s t j e n d o,718
r e s i s t j o,917
r e s i s t i ɾ,5554
r e s i s t i ɾ a,583
r e s i s t i ɾ l o,934
r e s i s t i ɾ m e,1612
r e s i s t i ɾ s e,2900
r e s i s t i ɾ t e,1174
r e s i s t o,564
r e s o l u s i o n,2298
r e s o l b a m o s,645
r e s o l b e m o s,679
r e s o l b e ɾ,16751
r e s o l b e ɾ a,1151
r e s o l b e ɾ e,633
r e s o l b e ɾ e m o s,1395
r e s o l b e ɾ l o,5187
r e s o l b e ɾ l o s,496
r e s o l b e ɾ s e,751
r e s o l b i,706
r e s o l b j e n d o,772
r e s o l b j o,1058
r e s o l b i s t e,475
r e s o n a n s i a,2556
r e s o ɾ t e,494
r e s p a l d a ɾ,539
r e s p a l d o,2499
r e s p e k t a,2725
r e s p e k t o,30987
r e s p e t a,3324
r e s p e t a b a,673
r e s p e t a b l e,3806
r e s p e t a b l e s,657
r e s p e t a d a,545
r e s p e t a d o,2314
r e s p e t a m o s,744
r e s p e t a n,1812
r e s p e t a ɾ,4503
r e s p e t a ɾ l o,720
r e s p e t a ɾ m e,650
r e s p e t a ɾ t e,508
r e s p e t a s,1030
r e s p e t e,913
r e s p e t e n,804
r e s p e t o,35221
r e s p e t o s,2911
r e s p e t u o s a m e n t e,837
r e s p e t u o s o,897
r e s p i ɾ a,14750
r e s p i ɾ a b a,641
r e s p i ɾ a s i o n,6554
r e s p i ɾ a d o ɾ,690
r e s p i ɾ a n,458
r e s p i ɾ a n d o,4348
r e s p i ɾ a ɾ,16479
r e s p i ɾ a s,862
r e s p i ɾ a t o ɾ j a,530
r e s p i ɾ a t o ɾ j o,704
r e s p i ɾ e,2817
r e s p i ɾ e n,558
r e s p i ɾ e s,668
r e s p i ɾ o,5002
r e s p l a n d e s i e n t e,730
r e s p l a n d o ɾ,1331
r e s p o n d a,5911
r e s p o n d a m e,952
r e s p o n d a n,1896
r e s p o n d a s,1645
r e s p o n d e,12846
r e s p o n d e l e,536
r e s p o n d e m e,4434
r e s p o n d e n,2376
r e s p o n d e ɾ,14610
r e s p o n d e ɾ a,1291
r e s p o n d e ɾ a n,461
r e s p o n d e ɾ e,1286
r e s p o n d e ɾ l e,1278
r e s p o n d e ɾ m e,1222
r e s p o n d e ɾ t e,874
r e s p o n d e s,1943
r e s p o n d i,1273
r e s p o n d i a,683
r e s p o n d i d o,2367
r e s p o n d j e n d o,1861
r e s p o n d j e ɾ o n,635
r e s p o n d j o,3400
r e s p o n d i s t e,1174
r e s p o n d o,2042
r e s p o n s a b i l i d a d,19302
r e s p o n s a b i l i d a d e s,4654
r e s p o n s a b l e,24736
r e s p o n s a b l e s,5337
r e s p w e s t a,50516
r e s p w e s t a s,15804
r e s t a,725
r e s t a b l e s e ɾ,784
r e s t a n t e,606
r e s t a n t e s,1190
r e s t a u ɾ a s i o n,969
r e s t a u ɾ a d o,542
r e s t a u ɾ a n t,1414
r e s t a u ɾ a n t e,23460
r e s t a u ɾ a n t e s,3565
r e s t a u ɾ a ɾ,1628
r e s t o,68339
r e s t o s,9302
r e s t ɾ i k s i o n,1220
r e s t ɾ i k s i o n e s,1359
r e s t ɾ i n x i d a,1323
r e s t ɾ i n x i d o,824
r e s u s i t a d o,899
r e s u s i t a ɾ,1099
r e s u s i t o,557
r e s w e l t a,496
r e s w e l t o,6607
r e s w e l t o s,861
r e s w e l b a,1163
r e s w e l b e,2153
r e s w e l b e l o,599
r e s w e l b e n,592
r e s w e l b o,496
r e s u l t a,23433
r e s u l t a b a,896
r e s u l t a d o,19168
r e s u l t a d o s,16553
r e s u l t a n,1177
r e s u l t a n d o,781
r e s u l t a ɾ,3047
r e s u l t a ɾ a,555
r e s u l t a ɾ a,1704
r e s u l t a ɾ i a,900
r e s u l t a ɾ o n,1162
r e s u l t e,1767
r e s u l t o,931
r e s u l t o,9065
r e s u m e,729
r e s u m e n,3269
r e s u m j e n d o,699
r e s u m i ɾ,601
r e s u r e k s i o n,2276
r e t a g w a ɾ d j a,1723
r e t a ɾ d a d o,1741
r e t a ɾ d a d o s,473
r e t a ɾ m e,496
r e t e n s i o n,467
r e t e n e ɾ,1711
r e t e n e ɾ l a,750
r e t e n e ɾ l o,1371
r e t e n e ɾ l o s,532
r e t e n e ɾ m e,926
r e t e n e ɾ t e,732
r e t e n i d o,1110
r e t e n j e n d o,738
r e t j e n e,1066
r e t i n a,493
r e t i ɾ a,2872
r e t i ɾ a d a,5011
r e t i ɾ a d o,4811
r e t i ɾ a d o s,755
r e t i ɾ a m o s,1070
r e t i ɾ a n,907
r e t i ɾ a n d o,858
r e t i ɾ a o s,629
r e t i ɾ a ɾ,4150
r e t i ɾ a ɾ a,539
r e t i ɾ a ɾ e,787
r e t i ɾ a ɾ l o,495
r e t i ɾ a ɾ m e,4177
r e t i ɾ a ɾ n o s,1858
r e t i ɾ a ɾ o n,941
r e t i ɾ a ɾ s e,9864
r e t i ɾ a ɾ t e,2690
r e t i ɾ a s,643
r e t i ɾ a t e,2472
r e t i ɾ e,2569
r e t i ɾ e,841
r e t i ɾ e n,1458
r e t i ɾ e n s e,5188
r e t i ɾ e s,484
r e t i ɾ e s e,2514
r e t i ɾ o,7480
r e t i ɾ o,2275
r e t o,5448
r e t o m a ɾ,1090
r e t o ɾ s i d a,1094
r e t o ɾ s i d o,1686
r e t o ɾ s i e n d o s e,506
r e t o ɾ i k a,1030
r e t o ɾ n a ɾ,588
r e t o ɾ n o,2872
r e t o s,823
r e t ɾ a k t a t e,489
r e t ɾ a k t o,483
r e t ɾ a s a,928
r e t ɾ a s a d a,1397
r e t ɾ a s a d o,5576
r e t ɾ a s a d o s,1764
r e t ɾ a s a n d o,759
r e t ɾ a s a ɾ,1266
r e t ɾ a s a ɾ l o,552
r e t ɾ a s e,511
r e t ɾ a s o,6362
r e t ɾ a s o,799
r e t ɾ a s o s,634
r e t ɾ a t o,5569
r e t ɾ a t o s,1139
r e t ɾ e t e,2246
r e t ɾ e t e s,465
r e t ɾ i b u s i o n,471
r e t ɾ o,462
r e t ɾ o s e d a,1488
r e t ɾ o s e d a n,4574
r e t ɾ o s e d e,5129
r e t ɾ o s e d e ɾ,3412
r e t ɾ o s e d j e n d o,577
r e t ɾ o s e s o,674
r e t ɾ o s p e k t i b a,672
r e t ɾ o b i s o ɾ,599
r e t u b o,457
r e u n a,1544
r e u n a m o n o s,642
r e u n a m o s,603
r e u n a n,788
r e u n a n s e,1550
r e u n a s e,483
r e u n e,2807
r e u n e n,1602
r e u n e t e,1569
r e u n i,901
r e u n i d o,4185
r e u n i d o s,2609
r e u n j e n d o,1444
r e u n j e ɾ o n,1039
r e u n i m o s,2352
r e u n j o,1846
r e u n j o n,41279
r e u n j o n e s,6901
r e u n i ɾ,5184
r e u n i ɾ a,1073
r e u n i ɾ a n,553
r e u n i ɾ e,1410
r e u n i ɾ e m o s,2290
r e u n i ɾ l o s,580
r e u n i ɾ m e,4237
r e u n i ɾ n o s,4856
r e u n i ɾ s e,7158
r e u n i ɾ t e,2096
r e b a n tʃ a,1634
r e b e l a,2295
r e b e l a s i o n,2458
r e b e l a s i o n e s,790
r e b e l a d a,480
r e b e l a d o,1958
r e b e l a n,906
r e b e l a n d o,481
r e b e l a ɾ,3948
r e b e l a ɾ a,604
r e b e l a ɾ l o,546
r e b e l e,702
r e b e l o,1697
r e b e n t a d o,671
r e b e n t a ɾ,2224
r e b e n t o,800
r e b e ɾ e n s i a,1691
r e b e ɾ e n d a,459
r e b e ɾ e n d o,7716
r e b e ɾ s a,911
r e b e ɾ t i d o,476
r e b e ɾ t i ɾ,821
r e b e s,8303
r e b j e n t a,716
r e b j e n t o,528
r e b i s a,5580
r e b i s a d o,3009
r e b i s a l o,1029
r e b i s a m o s,1876
r e b i s a n,474
r e b i s a n d o,3930
r e b i s a ɾ,12309
r e b i s a ɾ e,1661
r e b i s a ɾ e m o s,754
r e b i s a ɾ l a,618
r e b i s a ɾ l o,2444
r e b i s a ɾ o n,825
r e b i s a ɾ t e,626
r e b i s a s t e,1092
r e b i s e,2450
r e b i s e,3705
r e b i s e m o s,996
r e b i s e n,3214
r e b i s e s,476
r e b i s j o n,3601
r e b i s o,848
r e b i s o,949
r e b i s t a,14450
r e b i s t a s,6032
r e b i b i ɾ,1627
r e b i b i ɾ l o,882
r e b o l k a ɾ s e,502
r e b o l u s i o n,10382
r e b o l u s i o n a ɾ j a,1095
r e b o l u s i o n a ɾ j o,1981
r e b o l u s i o n a ɾ j o s,949
r e b o l u s i o n e s,817
r e b o l b e ɾ,1515
r e b o l b e ɾ,4830
r e b w e l t a,1381
r e b w e l t a s,460
r e b w e l t o,899
r e b w e l t o s,871
r e b w e l b e,536
r e k s,4400
r e i,80658
r e i e s,8970
r e i n o l d s,3675
r e s a,3986
r e s a b a,706
r e s a d o,825
r e s a m o s,850
r e s a n,513
r e s a n d o,2991
r e s a ɾ,6788
r e s a ɾ e,992
r e s a s,707
r e s o,2988
r e s o s,953
r i a,1078
r i a n,814
r i a n s e,586
r i a s,1960
r i b e ɾ a,649
r i k a,10438
r i k a tʃ o n,464
r i k a ɾ d o,3558
r i k a s,2020
r i k o,30680
r i k o s,13762
r i d i k u l a,4797
r i d i k u l a s,968
r i d i k u l o,27129
r i d i k u l o s,1135
r i e,4619
r j e g o,508
r j e l e s,514
r i e n,2551
r j e n d a,568
r j e n d a s,1413
r i e n d o,5379
r i e n d o s e,2575
r i e n d o t e,700
r j e ɾ o n,848
r i e s,4684
r j e s g o,22718
r j e s g o s,6628
r j e s g o s o,892
r i e t e,1426
r i f a,469
r i f l e,8525
r i f l e s,3278
r i x i d a,618
r i x i d o,1200
r i g o ɾ,802
r i g w ɾ o s o,525
r i m a,1679
r i m a s,593
r i n k o n,4390
r i n k o n e s,1068
r i n d a,909
r i n d a n,606
r i n d a n s e,946
r i n d a s,2360
r i n d a s e,763
r i n d e,1686
r i n d e n,912
r i n d e s,1409
r i n d e t e,3704
r i n d j e n d o,505
r i n d j e ɾ o n,525
r i n d j o,1200
r i n d o,4072
r i n g,3278
r i n o s e ɾ o n t e,1162
r i ɲ a,768
r i ɲ o n,3552
r i ɲ o n e s,3053
r j o,3861
r i o,1678
r i o,35783
r i o s,2812
r i k e s a,4618
r i k e s a s,1831
r i k i s i m o,589
r i s a,8296
r i s a s,2271
r i s k o,487
r i t a,8059
r i t m o,13844
r i t m o s,593
r i t o,1067
r i t o s,840
r i t w a l,4891
r i t w a l e s,1928
r i b a l,3434
r i b a l e s,1978
r i b a l i d a d,704
r i b e ɾ a,834
r i b j e ɾ a,780
r i s a d o,783
r i s o s,890
r o b,6680
r o b a,4848
r o b a b a,1130
r o b a d a,2902
r o b a d a s,1457
r o b a d o,17680
r o b a d o s,2402
r o b a m o s,2281
r o b a n,2962
r o b a n d o,7132
r o b a n d o l e,730
r o b a ɾ,21059
r o b a ɾ a,639
r o b a ɾ a,455
r o b a ɾ e,782
r o b a ɾ i a,693
r o b a ɾ l a,1156
r o b a ɾ l e,5017
r o b a ɾ l e s,941
r o b a ɾ l o,1800
r o b a ɾ m e,3923
r o b a ɾ n o s,1226
r o b a ɾ o n,9228
r o b a ɾ s e,1200
r o b a ɾ t e,2055
r o b a s,1745
r o b a s t e,7096
r o b b j e,3697
r o b e,1976
r o b e,5731
r o b e n,1000
r o b e ɾ t,23706
r o b e ɾ t a,1359
r o b e ɾ t o,2930
r o b e ɾ t s,3610
r o b e s,725
r o b i n s o n,3438
r o b l e,1837
r o b l e s,557
r o b o,21450
r o b o,15011
r o b o s,3556
r o b o t,9960
r o b o t i k a,628
r o b o t s,5483
r o b u s t o,756
r o k a,11447
r o k a s,8503
r o s e,666
r o s i o,1078
r o k k,16019
r o k o s a s,592
r o d a d o,577
r o d a x e,3227
r o d a m o s,1181
r o d a n d o,3250
r o d a n t e,1163
r o d a ɾ,4456
r o d e a,3049
r o d e a d a,2387
r o d e a d o,5773
r o d e a d o s,2675
r o d e a n,2013
r o d e a n d o,962
r o d e a ɾ,736
r o d e a ɾ l o,552
r o d e o,2505
r o d e o s,2323
r o d i j a,5307
r o d i j a s,13065
r o d o,1032
r o d ɾ i g o,1277
r o d ɾ i g e s,1192
r o e d o ɾ,600
r o e d o ɾ e s,624
r o g a m o s,944
r o g a n d o,1177
r o g a ɾ,1691
r o g a ɾ l e,882
r o g a ɾ t e,460
r o g o,750
r o g e,634
r o g e,876
r o x a,19892
r o x a s,5702
r o x o,32953
r o x o s,5940
r o l,2178
r o l a n d,2933
r o j o,7185
r o j o s,1825
r o m a,22894
r o m a n,2539
r o m a n a,1787
r o m a n a s,483
r o m a n s e,6466
r o m a n s e s,650
r o m a n o,5092
r o m a n o s,4605
r o m a n t i k a,3957
r o m a n t i k a s,1028
r o m a n t i s i s m o,697
r o m a n t i k o,9467
r o m a n t i k o s,1003
r o m e o,4089
r o m e ɾ o,1182
r o m p a,2418
r o m p a n,2295
r o m p a s,1579
r o m p e,7472
r o m p e k a b e s a s,3130
r o m p e l e,491
r o m p e l o,767
r o m p e m o s,706
r o m p e n,2065
r o m p e ɾ,17939
r o m p e ɾ a,1832
r o m p e ɾ a n,482
r o m p e ɾ a s,620
r o m p e ɾ e,2248
r o m p e ɾ i a,1088
r o m p e ɾ l a,994
r o m p e ɾ l a s,516
r o m p e ɾ l e,2230
r o m p e ɾ l o,1624
r o m p e ɾ m e,1344
r o m p e ɾ s e,2966
r o m p e ɾ t e,1816
r o m p e s,2098
r o m p i,4794
r o m p i a,539
r o m p j e n d o,3575
r o m p j e ɾ a,619
r o m p j e ɾ o n,2671
r o m p i m o s,1820
r o m p j o,13135
r o m p i s t e,4111
r o m p o,2388
r o n,12647
r o n k a,615
r o n d a,7860
r o n d a n d o,1503
r o n d a s,1837
r o n n j e,6023
r o o s e b e l t,2799
r o p a,66445
r o p a s,5672
r o p e ɾ o,752
r o s a,17090
r o s a d a,793
r o s a d o,1906
r o s a ɾ j o,1379
r o s k a,483
r o s i t a,665
r o s k i j a,735
r o s k i j a s,1369
r o s t ɾ o,17161
r o s t ɾ o s,2708
r o t a,7820
r o t a s i o n,1489
r o t a s,2380
r o t o,21462
r o t o s,3303
r o t u n d a m e n t e,587
r o t u ɾ a,767
r o u n d,1817
r o b e ɾ,1581
r o i a l,2075
r o i s e,1416
r u b i,897
r u b j a,8868
r u b j a s,1407
r u b i e s,659
r u b j o,5051
r u b j o s,562
r u d a,1033
r u d o,4472
r u d o s,955
r w e d a,8655
r w e d a s,10108
r w e d o,484
r w e g a,2167
r w e g o,15989
r u f j a n,917
r u f j a n e s,839
r u g b i,1518
r u x e,464
r u x i d o,834
r u i d o,25832
r u i d o s,3665
r w i d o s a,897
r w i d o s o,1584
r w i d o s o s,604
r w i n a,3783
r w i n a s,3868
r w i s e ɲ o ɾ,941
r u l e t a,1265
r u m a n o,468
r u m b a,501
r u m b o,10948
r u m o ɾ,6037
r u m o ɾ e a,1077
r u m o ɾ e s,10452
r u p j a s,2519
r u p t u ɾ a,3016
r u ɾ a l,942
r u s a,5998
r u s a s,1183
r u s j a,9827
r u s o,11248
r u s o s,12405
r u t a,13380
r u t a s,2221
r u t,7231
r u t i n a,7594
r u t i n a ɾ j a,513
r u t i n a ɾ j o,703
r u t i n a s,463
s a b a d o,18169
s a b a d o s,2402
s a b a n a,1348
s a b a n a s,642
s a b a n a s,4872
s a b a n d i x a,601
s a b e,312220
s a b e i s,11880
s a b e l o t o d o,1747
s a b e m o s,91067
s a b e n,94285
s a b e ɾ,217487
s a b e ɾ l a,586
s a b e ɾ l o,82824
s a b e ɾ s e,1049
s a b e s,660291
s a b j a,14836
s a b i a,162386
s a b i a i s,663
s a b j a m e n t e,638
s a b i a m o s,9043
s a b i a n,11099
s a b j a s,4936
s a b i a s,37002
s a b i d o,18010
s a b i d u ɾ i a,6105
s a b j e n d o,8190
s a b j o,6279
s a b j o s,1781
s a b l e,1745
s a b o ɾ,8871
s a b o ɾ e a ɾ,1109
s a b o ɾ e s,1026
s a b o t a x e,1490
s a b o t e a ɾ,934
s a b ɾ a,14033
s a b ɾ a n,5733
s a b ɾ a s,8981
s a b ɾ e,5423
s a b ɾ e m o s,7333
s a b ɾ i a,10404
s a b ɾ i a m o s,890
s a b ɾ i a n,986
s a b ɾ i a s,3214
s a b ɾ i n a,1689
s a b ɾ o s a,909
s a b ɾ o s o,1784
s a b w e s o,1215
s a b w e s o s,632
s a k a,18956
s a k a b a,1456
s a k a b a n,495
s a k a d,849
s a k a d a,582
s a k a d l e,643
s a k a d l o,892
s a k a d o,12364
s a k a l a,3978
s a k a l e,1614
s a k a l o,7951
s a k a l o s,2009
s a k a m e,8464
s a k a m o s,5276
s a k a n,3231
s a k a n d o,5103
s a k a n o s,2805
s a k a ɾ,37974
s a k a ɾ a,1226
s a k a ɾ a,2240
s a k a ɾ a n,556
s a k a ɾ a n,1236
s a k a ɾ a s,467
s a k a ɾ a s,992
s a k a ɾ e,5917
s a k a ɾ e m o s,3492
s a k a ɾ i a,1314
s a k a ɾ l a,7708
s a k a ɾ l a s,1020
s a k a ɾ l e,9098
s a k a ɾ l e s,1335
s a k a ɾ l o,15093
s a k a ɾ l o s,5164
s a k a ɾ m e,10119
s a k a ɾ m e l o,955
s a k a ɾ n o s,4319
s a k a ɾ o n,5723
s a k a ɾ s e,1560
s a k a ɾ s e l o,834
s a k a ɾ t e,14521
s a k a ɾ t e l o,597
s a k a s,5628
s a k a s t e,10792
s a k a t e,2375
s a k a t e l o,698
s a s e ɾ d o t e,9028
s a s e ɾ d o t e s,2412
s a s e ɾ d o t i s a,649
s a k o,14078
s a k o,12043
s a k o s,1988
s a k ɾ a m e n t o,1678
s a k ɾ i f i k a d o,1488
s a k ɾ i f i k a ɾ,2954
s a k ɾ i f i k a ɾ l o,514
s a k ɾ i f i k a ɾ s e,1123
s a k ɾ i f i k a ɾ t e,604
s a k ɾ i f i s i o,8464
s a k ɾ i f i s i o s,3059
s a k ɾ i f i k o,879
s a k ɾ i l e x i o,620
s a k u d e,1116
s a k u d e l o,499
s a k u d i d a,925
s a k u d i d o,466
s a k u d j o,622
s a k u d i ɾ,1117
s a d d a m,2433
s a d i k o,1192
s a f a ɾ i,876
s a g a,584
s a g ɾ a d a,4742
s a g ɾ a d a s,1261
s a g ɾ a d o,8208
s a g ɾ a d o s,1499
s a i g o n,934
s a x o n e s,609
s a l,51709
s a l a,42791
s a l a d a,1435
s a l a d o,841
s a l a m i,464
s a l a ɾ j o,5571
s a l a ɾ j o s,1152
s a l a s,2396
s a l a s a ɾ,1384
s a l tʃ i tʃ a,3870
s a l tʃ i tʃ a s,4017
s a l tʃ i tʃ o n,604
s a l d a ɾ,1158
s a l d o,734
s a l d ɾ a,18193
s a l d ɾ a n,3020
s a l d ɾ a s,4299
s a l d ɾ e,5969
s a l d ɾ e m o s,7060
s a l d ɾ i a,3338
s a l d ɾ i a n,476
s a l d ɾ i a s,856
s a l e,45050
s a l e m,720
s a l e n,12146
s a l e s,12018
s a l g a,30217
s a l g a m o s,13655
s a l g a n,18786
s a l g a n s e,498
s a l g a s,8037
s a l g o,12491
s a l i,12990
s a l i a,7203
s a l i a m o s,1074
s a l i a n,1897
s a l i a s,994
s a l i d,2760
s a l i d a,34048
s a l i d a s,3966
s a l i d o,26409
s a l j e n d o,23499
s a l j e n t e,524
s a l j e ɾ a,4563
s a l j e ɾ a m o s,565
s a l j e ɾ a n,934
s a l j e ɾ a s,1000
s a l j e ɾ o n,8677
s a l i m o s,14029
s a l i n a,699
s a l i n a s,453
s a l j o,43519
s a l i ɾ,178118
s a l i ɾ m e,1710
s a l i ɾ s e,3800
s a l i ɾ t e,2357
s a l i s,473
s a l i s t e,6802
s a l i b a,2306
s a l m o n,2368
s a l o m e,465
s a l o m o n,1138
s a l o n,15311
s a l o n e s,1008
s a l p i k a d u ɾ a s,620
s a l s a,10382
s a l s a s,454
s a l t a,9576
s a l t a b a,527
s a l t a d o,2179
s a l t a d o ɾ,1041
s a l t a m o n t e s,856
s a l t a m o s,1104
s a l t a n,1025
s a l t a n d o,2969
s a l t a ɾ,13555
s a l t a ɾ e,783
s a l t a ɾ m e,614
s a l t a ɾ n o s,678
s a l t a ɾ o n,707
s a l t a ɾ s e,829
s a l t a ɾ t e,588
s a l t a s,1162
s a l t a s t e,735
s a l t e,2299
s a l t e,1409
s a l t e m o s,481
s a l t e n,1148
s a l t e s,736
s a l t o,9907
s a l t o,4180
s a l t o s,1724
s a l u d,37682
s a l u d a,6286
s a l u d a b l e,6029
s a l u d a b l e s,1071
s a l u d a l a,503
s a l u d a l o,605
s a l u d a m e,741
s a l u d a m o s,774
s a l u d a n,652
s a l u d a n d o,769
s a l u d a ɾ,5573
s a l u d a ɾ l a,1164
s a l u d a ɾ l e,738
s a l u d a ɾ l o,1452
s a l u d a ɾ l o s,684
s a l u d a ɾ m e,826
s a l u d a ɾ t e,2093
s a l u d a s,781
s a l u d e,852
s a l u d e n,1458
s a l u d o,4433
s a l u d o s,10310
s a l b a,5897
s a l b a s i o n,5036
s a l b a d a,953
s a l b a d o,9918
s a l b a d o ɾ,4625
s a l b a d o s,1070
s a l b a x e,13910
s a l b a x e m e n t e,497
s a l b a x e s,8052
s a l b a l a,477
s a l b a l o,652
s a l b a m e,3313
s a l b a m e n t o,645
s a l b a m o s,1905
s a l b a n,483
s a l b a n d o,2518
s a l b a n o s,965
s a l b a ɾ,37809
s a l b a ɾ a,2771
s a l b a ɾ a n,605
s a l b a ɾ a s,649
s a l b a ɾ e,1193
s a l b a ɾ e m o s,690
s a l b a ɾ i a,758
s a l b a ɾ l a,7253
s a l b a ɾ l e,4366
s a l b a ɾ l e s,550
s a l b a ɾ l o,7217
s a l b a ɾ l o s,3325
s a l b a ɾ m e,8621
s a l b a ɾ n o s,4470
s a l b a ɾ o n,1542
s a l b a ɾ s e,3446
s a l b a ɾ t e,10251
s a l b a s,1506
s a l b a s t e,6493
s a l b a t e,1567
s a l b a t o ɾ e,1826
s a l b a b i d a s,2567
s a l b e,6594
s a l b e,4202
s a l b e m e,525
s a l b e m o s,555
s a l b e n,1395
s a l b e s e,1023
s a l b o,50685
s a l b o,11654
s a l b o s,728
s a m,65346
s a m a n t a,5437
s a m a ɾ i t a n o,670
s a m b a,780
s a m m i,7742
s a m w e l,4808
s a m u ɾ a i,3573
s a n,38216
s a n a,4625
s a n a ɾ,1446
s a n a ɾ a,495
s a n a s,584
s a n a t o ɾ j o,1078
s a n tʃ e s,2048
s a n tʃ o,1101
s a n d a l j a s,1116
s a n d e s e s,624
s a n d i a,827
s a n d ɾ a,4362
s a n d w i tʃ,5035
s a n d w i tʃ e s,908
s a n g ɾ a,1930
s a n g ɾ a b a,455
s a n g ɾ a d o,1940
s a n g ɾ a n d o,7050
s a n g ɾ a ɾ,2374
s a n g ɾ e,115990
s a n g ɾ j e n t a,1516
s a n g ɾ j e n t o,1838
s a n g ɾ j e n t o s,649
s a n g i x w e l a,651
s a n g i x w e l a s,918
s a n g i n a ɾ j o,521
s a n g i n e a,2011
s a n g i n e o,1783
s a n g i n e o s,656
s a n i d a d,1422
s a n i t a ɾ j o,944
s a n o,8162
s a n o s,2122
s a n s o n,693
s a n t a,25372
s a n t a n a,835
s a n t a s,587
s a n t j a g o,2707
s a n t j a m e n,732
s a n t i d a d,3459
s a n t i f i k a d o,1084
s a n t i s i m a,541
s a n t o,37527
s a n t o s,6881
s a n t u a ɾ j o,3328
s a p j e n s,457
s a p o,2083
s a p o s,717
s a k e,8126
s a k e,7134
s a k e a ɾ,734
s a k e l a,545
s a k e l o,1148
s a k e l o s,531
s a k e m e,1657
s a k e m o s,1787
s a k e m o s l o,861
s a k e n,5627
s a k e n l a,1350
s a k e n l o,5516
s a k e n l o s,1710
s a k e n m e,3178
s a k e n m e l o,510
s a k e n o s,1066
s a k e o,608
s a k e s,2526
s a ɾ a,12415
s a ɾ a x e b o,599
s a ɾ a m p j o n,713
s a ɾ k a s m o,1470
s a ɾ k a s t i k o,1041
s a ɾ k o f a g o,632
s a ɾ d i n a s,1415
s a ɾ x e n t o,40930
s a ɾ x e n t o s,481
s a ɾ i,516
s a ɾ p u j i d o,991
s a ɾ t e n,1226
s a s a,3062
s a s t ɾ e,2132
s a t a n,2270
s a t a n a s,2749
s a t e l i t e,6936
s a t e l i t e s,2409
s a t e n,468
s a t i s f a k s i o n,3939
s a t i s f a s e,1302
s a t i s f a s e ɾ,2837
s a t i s f a k t o ɾ j a,701
s a t i s f a k t o ɾ j o,1225
s a t i s f e tʃ a,2272
s a t i s f e tʃ o,6435
s a t i s f e tʃ o s,1364
s a t u ɾ a s i o n,929
s a t u ɾ n o,1406
s a u s e,648
s a u l,2965
s a u n a,1187
s a b e,555
s a b j a,493
s a i o n a ɾ a,494
s k o u t s,1032
s k ɾ a b b l e,593
s e,3427806
s e,973819
s e a,383306
s e a i s,1475
s e a m o s,12188
s e a s,62772
s e b a s t j a n,3914
s e b a s t j a n,1762
s e k a,5809
s e k a d o,624
s e k a d o ɾ,574
s e k a d o ɾ a,1003
s e k a n d o,512
s e k a ɾ,978
s e k a ɾ m e,482
s e k a ɾ s e,746
s e k a ɾ t e,478
s e k a s,1724
s e k a t e,1150
s e k s i o n,14230
s e k s i o n e s,1393
s e k o,7361
s e k o s,1854
s e k ɾ e t,678
s e k ɾ e t a,10392
s e k ɾ e t a m e n t e,1257
s e k ɾ e t a ɾ j a,8568
s e k ɾ e t a ɾ i a,643
s e k ɾ e t a ɾ j a s,746
s e k ɾ e t a ɾ j o,9087
s e k ɾ e t a s,2699
s e k ɾ e t o,61250
s e k ɾ e t o s,21613
s e k t a,1726
s e k t o ɾ,8595
s e k t o ɾ e s,1161
s e k w a s e s,660
s e k w e n s i a,6313
s e k w e n s i a s,1032
s e k w e s t ɾ a d a,1913
s e k w e s t ɾ a d o,3935
s e k w e s t ɾ a d o ɾ,2069
s e k w e s t ɾ a d o ɾ e s,2115
s e k w e s t ɾ a d o s,796
s e k w e s t ɾ a n d o,488
s e k w e s t ɾ a ɾ,2102
s e k w e s t ɾ a ɾ l a,458
s e k w e s t ɾ a ɾ m e,462
s e k w e s t ɾ a ɾ o n,2111
s e k w e s t ɾ o,6995
s e k w e s t ɾ o,1991
s e k w e s t ɾ o s,1048
s e k u n d a ɾ j a,11961
s e k u n d a ɾ j a s,545
s e k u n d a ɾ j o,2887
s e k u n d a ɾ j o s,2316
s e d,10274
s e d a,5276
s e d a d o,712
s e d a n,617
s e d a n t e,1853
s e d a n t e s,783
s e d e,2270
s e d j e n t a,650
s e d j e n t o,1382
s e d j e n t o s,638
s e d u k s i o n,811
s e d u s e,532
s e d u s i d o,544
s e d u s i ɾ,1597
s e d u s i ɾ l a,554
s e d u s i ɾ m e,1233
s e d u s i ɾ t e,675
s e d u k t o ɾ,931
s e d u k t o ɾ a,685
s e d u x o,683
s e g m e n t o,795
s e g i,7073
s e g i a,8391
s e g i a m o s,539
s e g i a n,2068
s e g i a s,920
s e g i d,3084
s e g i d a,5653
s e g i d a s,2254
s e g i d m e,3176
s e g i d o,13313
s e g i d o ɾ,738
s e g i d o ɾ e s,2861
s e g i d o s,2358
s e g i m j e n t o,1924
s e g i m o s,16628
s e g i ɾ,83845
s e g i ɾ a,7429
s e g i ɾ a n,3507
s e g i ɾ a s,2933
s e g i ɾ e,7767
s e g i ɾ e m o s,6783
s e g i ɾ i a,2580
s e g i ɾ i a n,542
s e g i ɾ i a s,627
s e g i ɾ l a,2028
s e g i ɾ l e,2527
s e g i ɾ l e s,816
s e g i ɾ l o,3606
s e g i ɾ l o s,1472
s e g i ɾ m e,5858
s e g i ɾ n o s,1846
s e g i ɾ t e,2918
s e g i s,1007
s e g i s t e,1851
s e g w n,40930
s e g w n d a,38714
s e g w n d a s,937
s e g w n d o,96891
s e g w n d o s,43908
s e g w ɾ a,77810
s e g w ɾ a m e n t e,22726
s e g w ɾ a s,2355
s e g w ɾ i d a d,83218
s e g w ɾ i s i m o,555
s e g w ɾ o,314707
s e g w ɾ o s,21496
s e i s,83789
s e i s s i e n t o s,672
s e l e k s i o n,3209
s e l e k s i o n a d o,914
s e l e k s i o n a d o s,496
s e l e k s i o n a ɾ,631
s e j a,634
s e j a d a,1060
s e j a d o,1925
s e j a d o s,815
s e j a ɾ,1089
s e j e n,597
s e j o,5188
s e j o s,1869
s e l m a,920
s e l b a,6554
s e m a f o ɾ o,1376
s e m a f o ɾ o s,676
s e m a n a,138581
s e m a n a l,1184
s e m a n a l e s,1028
s e m a n a s,72893
s e m b ɾ a d o,453
s e m b ɾ a ɾ,901
s e m e x a n t e,6394
s e m e x a n t e s,1357
s e m e x a n s a,651
s e m e n,2401
s e m e n t a l,2099
s e m e s t ɾ e,3048
s e m i,490
s e m i j a,2759
s e m i j a s,3908
s e m i n a ɾ j o,2356
s e m i n a ɾ j o s,453
s e n a,624
s e n a d o,6881
s e n a d o ɾ,17844
s e n a d o ɾ a,3053
s e n a d o ɾ e s,1504
s e n s i j a,4935
s e n s i j a m e n t e,3018
s e n s i j a s,1251
s e n s i j o,14168
s e n s i j o s,837
s e n d a,1294
s e n d e ɾ o,3112
s e n d e ɾ o s,600
s e n i l,990
s e n j o ɾ,650
s e n o,1970
s e n o s,3830
s e n s a s i o n,16181
s e n s a s i o n a l,4323
s e n s a s i o n e s,1027
s e n s a t a,1237
s e n s a t e s,629
s e n s a t o,2439
s e n s i b i l i d a d,2622
s e n s i b l e,8601
s e n s i b l e s,1919
s e n s o ɾ,1415
s e n s o ɾ e s,5522
s e n s w a l,2964
s e n s w a l e s,646
s e n t a b a,1975
s e n t a d a,9248
s e n t a d a s,706
s e n t a d o,23439
s e n t a d o s,7219
s e n t a m o s,2918
s e n t a n d o,458
s e n t a o s,4271
s e n t a ɾ,4739
s e n t a ɾ a,639
s e n t a ɾ a,1661
s e n t a ɾ e,1929
s e n t a ɾ e m o s,903
s e n t a ɾ i a,769
s e n t a ɾ m e,16511
s e n t a ɾ n o s,7173
s e n t a ɾ o n,564
s e n t a ɾ o s,969
s e n t a ɾ s e,18558
s e n t a ɾ t e,14355
s e n t a s t e,612
s e n t e,2150
s e n t e m o n o s,3057
s e n t e n s i a,7607
s e n t e n s i a d o,1408
s e n t e n s i a s,607
s e n t i,22333
s e n t i a,19380
s e n t i a m o s,784
s e n t i a n,1049
s e n t i a s,2381
s e n t i d o,84816
s e n t i d o s,4677
s e n t i m e n t a l,4339
s e n t i m e n t a l e s,874
s e n t i m e n t a l i s m o,455
s e n t i m j e n t o,10414
s e n t i m j e n t o s,25301
s e n t i m o s,10008
s e n t i ɾ,49195
s e n t i ɾ a,3605
s e n t i ɾ a n,931
s e n t i ɾ a s,4542
s e n t i ɾ e,1915
s e n t i ɾ e m o s,459
s e n t i ɾ i a,5029
s e n t i ɾ i a s,1587
s e n t i ɾ l a,1318
s e n t i ɾ l o,10066
s e n t i ɾ l o s,626
s e n t i ɾ m e,13211
s e n t i ɾ n o s,1550
s e n t i ɾ s e,16079
s e n t i ɾ t e,10056
s e n t i s,851
s e n t i s t e,3998
s e n t o,2947
s e ɲ a,653
s e ɲ a l,44897
s e ɲ a l a,1337
s e ɲ a l a d o,669
s e ɲ a l a n,491
s e ɲ a l a n d o,769
s e ɲ a l a ɾ,1722
s e ɲ a l e s,13242
s e ɲ a l o,737
s e ɲ a s,1774
s e ɲ o ɾ,603166
s e ɲ o ɾ a,144552
s e ɲ o ɾ a s,16862
s e ɲ o ɾ e s,30755
s e ɲ o ɾ i a,19369
s e ɲ o ɾ i t a,67232
s e ɲ o ɾ i t a s,8492
s e ɲ o ɾ i t o,1290
s e ɲ w e l o,1589
s e p a,33524
s e p a i s,586
s e p a m o s,3920
s e p a n,9122
s e p a ɾ a,2603
s e p a ɾ a s i o n,3563
s e p a ɾ a d a,1147
s e p a ɾ a d a s,2195
s e p a ɾ a d o,4715
s e p a ɾ a d o s,5966
s e p a ɾ a m o s,3182
s e p a ɾ a n,1460
s e p a ɾ a n d o,890
s e p a ɾ a o s,612
s e p a ɾ a ɾ,3461
s e p a ɾ a ɾ e m o s,814
s e p a ɾ a ɾ l o s,1445
s e p a ɾ a ɾ m e,1364
s e p a ɾ a ɾ n o s,6207
s e p a ɾ a ɾ o n,1600
s e p a ɾ a ɾ s e,2497
s e p a ɾ a ɾ t e,682
s e p a ɾ a t i s t a,534
s e p a ɾ a t i s t a s,999
s e p a ɾ e,2288
s e p a ɾ e,468
s e p a ɾ e m o n o s,1188
s e p a ɾ e m o s,595
s e p a ɾ e n,1105
s e p a ɾ e n s e,3965
s e p a ɾ e s,537
s e p a ɾ o,1010
s e p a s,20866
s e p t j e m b ɾ e,8369
s e p t i m a,1704
s e p t i m o,3173
s e p u l k ɾ o,452
s e p u l t a d o,470
s e p u l t u ɾ a,580
s e p u l t u ɾ e ɾ o,598
s e k e,620
s e k i a,1178
s e k i t o,593
s e ɾ,841735
s e ɾ a,262797
s e ɾ a n,1503
s e ɾ a n,33680
s e ɾ a s,31271
s e ɾ b j a,860
s e ɾ b j o,546
s e ɾ b j o s,853
s e ɾ e,34456
s e ɾ e i s,1603
s e ɾ e m o s,13956
s e ɾ e n a,5483
s e ɾ e n i d a d,1167
s e ɾ e n o,1037
s e ɾ e s,13021
s e ɾ x i o,1152
s e ɾ j a,19306
s e ɾ i a,154638
s e ɾ j a l,1404
s e ɾ j a l e s,474
s e ɾ j a m e n t e,5509
s e ɾ i a m o s,2904
s e ɾ i a n,8253
s e ɾ j a s,3168
s e ɾ i a s,8508
s e ɾ j e,19307
s e ɾ j e d a d,1218
s e ɾ j e s,1597
s e ɾ j o,196522
s e ɾ j o s,4349
s e ɾ l e,3314
s e ɾ l e s,460
s e ɾ l o,26850
s e ɾ m o n,2993
s e ɾ m o n e a ɾ m e,682
s e ɾ m o n e s,1418
s e ɾ p j e n t e,10617
s e ɾ p j e n t e s,4717
s e ɾ t e,3098
s e ɾ b i,1068
s e ɾ b i a,1497
s e ɾ b i a n,474
s e ɾ b i s i a l,572
s e ɾ b i s i o,46966
s e ɾ b i s i o s,13563
s e ɾ b i d a,1365
s e ɾ b i d o,5098
s e ɾ b i d o ɾ,3556
s e ɾ b i d o ɾ e s,1314
s e ɾ b i d u m b ɾ e,676
s e ɾ b i j e t a,1685
s e ɾ b i j e t a s,1244
s e ɾ b i m o s,1430
s e ɾ b i ɾ,13960
s e ɾ b i ɾ a,8111
s e ɾ b i ɾ a n,1183
s e ɾ b i ɾ e,1395
s e ɾ b i ɾ i a,3184
s e ɾ b i ɾ l a,631
s e ɾ b i ɾ l e,5714
s e ɾ b i ɾ l e s,1359
s e ɾ b i ɾ l o,964
s e ɾ b i ɾ m e,1894
s e ɾ b i ɾ n o s,961
s e ɾ b i ɾ o s,452
s e ɾ b i ɾ s e,569
s e ɾ b i ɾ t e,2686
s e s a m o,681
s e s e n t a,3545
s e s j o n,10624
s e s j o n e s,2620
s e s o s,4661
s e t,3803
s e t a s,827
s e t e n t a,2695
s e u d o n i m o,461
s e u l,1294
s e b e ɾ a,1732
s e b e ɾ a m e n t e,878
s e b e ɾ a s,719
s e b e ɾ o,2216
s e b e ɾ o s,567
s e b i j a,663
s e k s i s t a,484
s e k s o,57657
s e k s o s,510
s e k s t a,2178
s e k s t o,4315
s e k s w a l,17290
s e k s w a l e s,7482
s e k s w a l i d a d,1469
s e k s w a l m e n t e,2977
s e k s i,17754
s e k s i s,883
s e i m o u ɾ,1772
ʃ a k e s p e a ɾ e,4180
ʃ a n g a i,1812
ʃ a ɾ o n,5092
ʃ e f f j e l d,605
ʃ e i l a,3907
ʃ e ɾ i f f,19656
ʃ e ɾ l o k k,2416
ʃ i ɾ l e i,3781
ʃ o k k,5562
s i,2646232
s i,2382098
s i a m,551
s j a m e s e s,494
s i b e ɾ j a,1562
s i s i l j a,2045
s i s i l j a n o,571
s i d a,3712
s i d e,1951
s i d o,274480
s i d ɾ a,845
s j e m b ɾ a,569
s j e m p ɾ e,469504
s j e n,620
s j e n a,485
s j e n d o,69450
s j e n d o l o,1568
s j e n t a,17080
s j e n t a n,4065
s j e n t a n s e,1116
s j e n t a s,12817
s j e n t a t e,96616
s j e n t e,57470
s j e n t e l o,1069
s j e n t e n,9078
s j e n t e n s e,13920
s j e n t e s,54293
s j e n t e s e,40543
s j e n t e t e,2622
s j e n t o,525987
s j e r a,5103
s j e r a s,522
s j e ɾ b o,1491
s j e ɾ b o s,658
s j e s t a,4801
s j e t e,48573
s i f i l i s,1377
s i g a,22667
s i g a m e,6313
s i g a m o s,8227
s i g a n,16977
s i g a n l o,680
s i g a n m e,11505
s i g a s,6762
s i x i l o s a m e n t e,507
s i g l o,15900
s i g l o s,9024
s i g n i f i k a,132838
s i g n i f i k a b a,4419
s i g n i f i k a d o,8770
s i g n i f i k a n,4305
s i g n i f i k a ɾ,3617
s i g n i f i k a ɾ a,473
s i g n i f i k a ɾ a,1017
s i g n i f i k a ɾ i a,2666
s i g n i f i k a s,739
s i g n i f i k a t i b a,860
s i g n i f i k a t i b o,1554
s i g n i f i k o,466
s i g n i f i k o,1736
s i g n i f i k e,2521
s i g n o,4663
s i g n o s,5948
s i g o,29083
s i g e,121351
s i g e l a,820
s i g e l e,620
s i g e l o,1843
s i g e l o s,642
s i g e m e,12837
s i g e n,21004
s i g e n o s,576
s i g e s,32511
s i g i e n d o,14167
s i g i e n d o l o,590
s i g i e n d o m e,1786
s i g i e n d o n o s,996
s i g i e n d o t e,704
s i g i e n t e,53773
s i g i e n t e s,5749
s i g i e ɾ a,2259
s i g i e ɾ a n,663
s i g i e ɾ a s,529
s i g i e ɾ o n,2971
s i g i o,7663
s i l b a,530
s i l b a ɾ,821
s i l b a t o,1709
s i l b i d o,740
s i l e n s i a d o ɾ,736
s i l e n s i o,47568
s i l e n s i o s a,2243
s i l e n s i o s a m e n t e,987
s i l e n s i o s o,3391
s i l e n s i o s o s,642
s i l i k o n a,727
s i j a,24316
s i j a s,4450
s i j o n,2807
s i l o,669
s i l w e t a,699
s i l b a,912
s i l b e s t ɾ e,852
s i l b e s t ɾ e s,588
s i l b j a,953
s i l b j o,525
s i m b j o n t e,553
s i m b o l i k o,863
s i m b o l i s a,675
s i m b o l o,7633
s i m b o l o s,3100
s i m e t ɾ i a,473
s i m i l a ɾ,5396
s i m i l a ɾ e s,2961
s i m i l i t u d e s,633
s i m j o,1439
s i m j o s,1462
s i m o n,13171
s i m o n,3306
s i m p a t i a,2278
s i m p a t i k a,2855
s i m p a t i k o,5551
s i m p a t i k o s,880
s i m p l e,36593
s i m p l e m e n t e,68899
s i m p l e s,4758
s i m p l i s i d a d,538
s i m p s o n,3336
s i m u l a s i o n,1626
s i m u l a k ɾ o,1712
s i m u l a d o ɾ,705
s i m u l a ɾ,1100
s i m u l t a n e a m e n t e,927
s i n,512193
s i n a g o g a,632
s i n a p s i s,452
s i n a t ɾ a,1024
s i n s e ɾ a,4898
s i n s e ɾ a m e n t e,7907
s i n s e ɾ a s,996
s i n s e ɾ i d a d,2531
s i n s e ɾ o,9730
s i n s e ɾ o s,1757
s i n k ɾ o n i s a s i o n,3936
s i n k ɾ o n i s a d o,1248
s i n k ɾ o n i s a d o s,577
s i n d i k a l,487
s i n d i k a t o,5579
s i n d i k a t o s,1293
s i n d ɾ o m e,4135
s i n f o n i a,1383
s i n g a p u ɾ,1654
s i n x e ɾ,1118
s i n g w l a ɾ,1311
s i n j e s t ɾ a,749
s i n j e s t ɾ o,1975
s i n j e s t ɾ o s,483
s i n o,63866
s i n o n i m o,538
s i n t e t i k a,505
s i n t e t i k o,609
s i n t j e n d o,5265
s i n t j e n d o m e,1215
s i n t j e n d o s e,932
s i n t j e n d o t e,612
s i n t j e ɾ a,1657
s i n t j e ɾ a s,745
s i n t j e ɾ o n,978
s i n t j o,6508
s i n t o m a,2249
s i n t o m a s,6547
s i n t o n i a,597
s i n b e ɾ g w e n s a,3228
s i n b e ɾ g w e n s a s,863
s j o u k s,973
s i k j e ɾ a,124825
s i ɾ,20163
s i ɾ e,987
s i ɾ e n a,3295
s i ɾ e n a s,1776
s i ɾ j a,1090
s i ɾ j o,523
s i ɾ b a,4151
s i ɾ b a n,1014
s i ɾ b a n s e,1218
s i ɾ b a s e,2063
s i ɾ b e,27049
s i ɾ b e l e,738
s i ɾ b e m e,1433
s i ɾ b e n,6947
s i ɾ b e n o s,452
s i ɾ b e s,2519
s i ɾ b e t e,3451
s i ɾ b j e n d o,2252
s i ɾ b j e n t a,2793
s i ɾ b j e n t e,3885
s i ɾ b j e n t e s,3306
s i ɾ b j e ɾ a,525
s i ɾ b j e ɾ o n,737
s i ɾ b j o,3540
s i ɾ b o,4918
s i s t e m a,57322
s i s t e m a s,11416
s i s t e m a t i k a m e n t e,492
s i t j o,74004
s i t j o s,9239
s i t u a,522
s i t w a s i o n,54669
s i t w a s i o n e s,4586
s i t u a d a,554
s i t u a d o,897
s k i n n e ɾ,2276
s o,10530
s o b e ɾ a n a,506
s o b e ɾ a n i a,509
s o b e ɾ a n o,1616
s o b e ɾ b j a,551
s o b e ɾ b j o,485
s o b o ɾ n a ɾ,1205
s o b o ɾ n a ɾ m e,692
s o b o ɾ n o,2562
s o b o ɾ n o s,1594
s o b ɾ a,5865
s o b ɾ a n,919
s o b ɾ a s,2023
s o b ɾ e,492202
s o b ɾ e k a ɾ g a,1021
s o b ɾ e d o s i s,3107
s o b ɾ e j e b a ɾ l o,502
s o b ɾ e n a t u ɾ a l,1623
s o b ɾ e n a t u ɾ a l e s,526
s o b ɾ e n o m b ɾ e,688
s o b ɾ e p a s a,609
s o b ɾ e p a s a d o,577
s o b ɾ e s,1131
s o b ɾ e s a l j e n t e,1277
s o b ɾ e t o d o,1367
s o b ɾ e b i b a,1481
s o b ɾ e b i b e,2101
s o b ɾ e b i b e n,1202
s o b ɾ e b i b e n s i a,464
s o b ɾ e b i b e s,452
s o b ɾ e b i b i,1173
s o b ɾ e b i b i d o,3811
s o b ɾ e b i b j e n d o,493
s o b ɾ e b i b j e n t e,2313
s o b ɾ e b i b j e n t e s,4220
s o b ɾ e b i b j e ɾ o n,1463
s o b ɾ e b i b i m o s,1251
s o b ɾ e b i b j o,4755
s o b ɾ e b i b i ɾ,17779
s o b ɾ e b i b i ɾ a,2309
s o b ɾ e b i b i ɾ a n,518
s o b ɾ e b i b i ɾ a s,741
s o b ɾ e b i b i ɾ e,1126
s o b ɾ e b i b i ɾ e m o s,865
s o b ɾ e b i b i ɾ i a,621
s o b ɾ e b i b i s t e,961
s o b ɾ e b i b o,511
s o b ɾ j a,1202
s o b ɾ j e d a d,453
s o b ɾ i n a,5509
s o b ɾ i n o,8994
s o b ɾ i n o s,877
s o b ɾ j o,3666
s o s i a,1476
s o s i a b l e,923
s o s i a l,14782
s o s i a l e s,5315
s o s i a l i s m o,1044
s o s i a l i s t a,1652
s o s i a l i s t a s,670
s o s i a l i s a ɾ,553
s o s i a l m e n t e,955
s o s i e d a d,21790
s o s i e d a d e s,1188
s o s i o,16971
s o s i o p a t a,751
s o s i o s,7599
s o k o r o,14995
s o k ɾ a t e s,951
s o d a,3416
s o d j o,958
s o d o m a,655
s o f a,10901
s o f i a,2591
s o f i s t i k a d a,1280
s o f i s t i k a d o,2039
s o f i s t i k a d o s,705
s o f o k a n t e,521
s o g a,4393
s o g a s,507
s o o,688
s o i s,21469
s o x a,1349
s o l,51626
s o l a,87989
s o l a m e n t e,26454
s o l a ɾ,6413
s o l a ɾ e s,1395
s o l a s,15495
s o l d a d i t o,531
s o l d a d o,30626
s o l d a d o ɾ,763
s o l d a d o s,30170
s o l e a d a,459
s o l e a d o,1421
s o l e d a d,6130
s o l e m n e,1215
s o l e m n e m e n t e,1102
s o l e m o s,960
s o l e s,661
s o l i a,29928
s o l i a m o s,4275
s o l i a n,3320
s o l i a s,3331
s o l i s i t a,2026
s o l i s i t a d o,1691
s o l i s i t a m o s,807
s o l i s i t a n,507
s o l i s i t a n d o,1066
s o l i s i t a ɾ,1739
s o l i s i t e,778
s o l i s i t o,2974
s o l i s i t o,1506
s o l i s i t u d,5591
s o l i s i t u d e s,1248
s o l i d a,2377
s o l i d a ɾ i d a d,1015
s o l i d a s,623
s o l i d o,3300
s o l i d o s,820
s o l i s t a,600
s o l i t a,592
s o l i t a ɾ j a,4214
s o l i t a ɾ j a s,752
s o l i t a ɾ j o,8783
s o l i t a ɾ j o s,1338
s o l i t o,1507
s o l o,466430
s o l o,914611
s o l o m o n,1631
s o l o s,24646
s o l s t i s i o,668
s o l t a d,658
s o l t a d m e,2282
s o l t a d o,1685
s o l t a m o s,547
s o l t a n d o,773
s o l t a ɾ,4391
s o l t a ɾ a,463
s o l t a ɾ e,764
s o l t a ɾ l a,832
s o l t a ɾ l o,1866
s o l t a ɾ m e,1689
s o l t a ɾ o n,1098
s o l t a ɾ s e,769
s o l t a ɾ t e,918
s o l t e,530
s o l t e ɾ a,6056
s o l t e ɾ a s,1209
s o l t e ɾ o,7483
s o l t e ɾ o n a,925
s o l t e ɾ o s,2170
s o l t o,1924
s o l u s i o n,15258
s o l u s i o n a,699
s o l u s i o n a d o,1583
s o l u s i o n a ɾ,4354
s o l u s i o n a ɾ a,678
s o l u s i o n a ɾ e m o s,691
s o l u s i o n a ɾ l o,3626
s o l u s i o n e,461
s o l u s i o n e s,1368
s o m a l j a,645
s o m b ɾ a,13576
s o m b ɾ a s,7287
s o m b ɾ e ɾ e ɾ o,561
s o m b ɾ e ɾ o,22145
s o m b ɾ e ɾ o s,3110
s o m b ɾ i a,571
s o m b ɾ i j a,592
s o m b ɾ i o,1099
s o m e t e ɾ,689
s o m e t e ɾ m e,478
s o m e t e ɾ s e,1317
s o m e t e ɾ t e,532
s o m e t i d o,1017
s o m n i f e ɾ o,528
s o m n i f e ɾ o s,647
s o m o s,169339
s o n,755637
s o n a b a,3634
s o n a d o,1147
s o n a m b u l o,604
s o n a n d o,2657
s o n a ɾ,8227
s o n a ɾ a,572
s o n a ɾ a,1278
s o n a t a,524
s o n d a,2970
s o n j a,3479
s o n i d o,21943
s o n i d o s,3951
s o n o,3981
s o n o ɾ a,973
s o n ɾ e i a,753
s o n ɾ e i ɾ,867
s o n ɾ i e,7174
s o n ɾ i e n,560
s o n ɾ j e n d o,3870
s o n ɾ j e n t e,1341
s o n ɾ i e s,1764
s o n ɾ j o,1319
s o n ɾ i o,687
s o n ɾ i s a,14102
s o n ɾ i s a s,1804
s o n i,485
s o ɲ a b a,2356
s o ɲ a d o,4973
s o ɲ a d o ɾ,1216
s o ɲ a d o ɾ e s,565
s o ɲ a m o s,669
s o ɲ a n d o,8306
s o ɲ a ɾ,5430
s o ɲ a ɾ l o,466
s o ɲ a s t e,1075
s o ɲ e,4982
s o ɲ o,878
s o p a,13998
s o p l a,2898
s o p l a n d o,854
s o p l a ɾ,1138
s o p l e,454
s o p l e t e,530
s o p l o,1481
s o p l o n,3234
s o p l o n e s,631
s o p o ɾ t a,2082
s o p o ɾ t a b a,1144
s o p o ɾ t a d o,1097
s o p o ɾ t a n,691
s o p o ɾ t a ɾ,13055
s o p o ɾ t a ɾ e,609
s o p o ɾ t a ɾ i a,942
s o p o ɾ t a ɾ l a,464
s o p o ɾ t a ɾ l o,10541
s o p o ɾ t a s,1198
s o p o ɾ t e,3428
s o p o ɾ t e s,487
s o p o ɾ t o,7468
s o p ɾ a n o,1863
s o ɾ,654
s o ɾ d a,2044
s o ɾ d i d o,619
s o ɾ d o,5804
s o ɾ d o s,1304
s o ɾ p ɾ e n d a,1166
s o ɾ p ɾ e n d a s,565
s o ɾ p ɾ e n d e,14378
s o ɾ p ɾ e n d e m e,799
s o ɾ p ɾ e n d e n t e,8379
s o ɾ p ɾ e n d e n t e m e n t e,1471
s o ɾ p ɾ e n d e n t e s,954
s o ɾ p ɾ e n d e ɾ,1540
s o ɾ p ɾ e n d e ɾ a,970
s o ɾ p ɾ e n d e ɾ i a,3582
s o ɾ p ɾ e n d e ɾ i a s,581
s o ɾ p ɾ e n d e ɾ l a,579
s o ɾ p ɾ e n d e ɾ l o,578
s o ɾ p ɾ e n d e ɾ l o s,770
s o ɾ p ɾ e n d e ɾ m e,1727
s o ɾ p ɾ e n d e ɾ n o s,502
s o ɾ p ɾ e n d e ɾ s e,490
s o ɾ p ɾ e n d e ɾ t e,2342
s o ɾ p ɾ e n d e s,1203
s o ɾ p ɾ e n d i,923
s o ɾ p ɾ e n d i d a,3257
s o ɾ p ɾ e n d i d o,7808
s o ɾ p ɾ e n d i d o s,857
s o ɾ p ɾ e n d j e ɾ o n,493
s o ɾ p ɾ e n d j o,4404
s o ɾ p ɾ e n d i s t e,604
s o ɾ p ɾ e n d o,493
s o ɾ p ɾ e s a,39653
s o ɾ p ɾ e s a s,4773
s o ɾ t e o,939
s o s,5378
s o s a,1270
s o s p e tʃ a,6180
s o s p e tʃ a b a,1632
s o s p e tʃ a d o,616
s o s p e tʃ a m o s,823
s o s p e tʃ a n,1039
s o s p e tʃ a ɾ,2661
s o s p e tʃ a ɾ a,614
s o s p e tʃ a s,3813
s o s p e tʃ e,508
s o s p e tʃ e,716
s o s p e tʃ o,3609
s o s p e tʃ o,496
s o s p e tʃ o s a,2504
s o s p e tʃ o s a s,591
s o s p e tʃ o s o,20849
s o s p e tʃ o s o s,7105
s o s t e n,4401
s o s t e n e ɾ,3222
s o s t e n e ɾ l a,858
s o s t e n e ɾ l o,1433
s o s t e n e ɾ m e,582
s o s t e n e ɾ s e,586
s o s t e n e ɾ t e,490
s o s t e n g a,1019
s o s t e n g a n l o,505
s o s t e n g o,912
s o s t e n i a,750
s o s t e n i d o,749
s o s t e n j e n d o,1747
s o s t e n l a,991
s o s t e n l o,2073
s o s t e n t e,1236
s o s t j e n e,2366
s o s t j e n e n,585
s o s t j e n e s,607
s o s t u b o,528
s o t a n o,13187
s o t a n o s,489
s o u t a m p t o n,483
s o u b e n i ɾ,487
s o b j e t i k a,2763
s o b j e t i k o,1822
s o b j e t i k o s,2406
s o i,854588
s p a g e t t i,739
s p e n s e ɾ,5393
s p i d e ɾ m a n,935
s p o k k,3889
s ɾ a,112656
s ɾ a s,598
s ɾ e s,1088
s ɾ t a,81819
s t a ɾ b u k k s,776
s u,2164732
s w a b e,13368
s w a b e m e n t e,3025
s w a b e s,2706
s w a b i d a d,1115
s w a b i s a ɾ,550
s u b,732
s u b a,8582
s u b a m o s,1553
s u b a n,6399
s u b a n l o,947
s u b a n m e,458
s u b a n s e,1839
s u b a s,1736
s u b a s e,1230
s u b a s t a,3154
s u b a s t a s,461
s u b k o n s s i e n t e,2075
s u b d i ɾ e k t o ɾ,1086
s u b d i t o,453
s u b d i t o s,1362
s u b e,27148
s u b e l a,869
s u b e l e,584
s u b e l o,1870
s u b e m e,987
s u b e n,2156
s u b e s,2421
s u b e s p a s i a l,833
s u b e s t i m a d o,713
s u b e s t i m a s,454
s u b e s t i m e,465
s u b e s t i m e s,1089
s u b e t e,11315
s u b i,2751
s u b i a,1153
s u b i d,1436
s u b i d a,1349
s u b i d o,5103
s u b j e n d o,6865
s u b j e ɾ a,652
s u b j e ɾ o n,1698
s u b i m o s,2551
s u b j o,5590
s u b i ɾ,26935
s u b i ɾ a,1271
s u b i ɾ a n,560
s u b i ɾ a s,464
s u b i ɾ e,2623
s u b i ɾ e m o s,1091
s u b i ɾ l a,910
s u b i ɾ l e,638
s u b i ɾ l o,1546
s u b i ɾ m e,2523
s u b i ɾ n o s,672
s u b i ɾ s e,2089
s u b i ɾ t e,2054
s u b i s t e,1068
s u b i t a,580
s u b i t a m e n t e,549
s u b x e f a,452
s u b l i m e,1254
s u b m a ɾ i n o,5936
s u b m a ɾ i n o s,1817
s u b o,3697
s u b o f i s i a l,1075
s u b o ɾ d i n a d o,463
s u b o ɾ d i n a d o s,526
s u b s i d j o,621
s u b s w e l o,460
s u b t e r a n e a,876
s u b t e r a n e o,2601
s u b t e r a n e o s,510
s u b t i t u l a d a,978
s u b t i t u l a d o,1530
s u b t i t u l o,2781
s u b t i t u l o s,5267
s u b u ɾ b j o,457
s u b u ɾ b j o s,1706
s u k s i o n,1174
s u s e d a,7800
s u s e d e,64876
s u s e d e n,2598
s u s e d e ɾ,12244
s u s e d e ɾ a,6688
s u s e d e ɾ i a,1749
s u s e d e ɾ l e,466
s u s e d i a,1467
s u s e d i d o,10914
s u s e d j e n d o,11157
s u s e d j e ɾ a,2421
s u s e d j e ɾ o n,866
s u s e d j o,38494
s u s e s j o n,981
s u s e s i b a m e n t e,539
s u s e s o,1839
s u s e s o ɾ,1629
s u s e s o s,2006
s u s i a,9185
s u s i a s,3329
s u s i e d a d,2358
s u s i o,17597
s u s i o s,4939
s u k u ɾ s a l,1209
s u d a,926
s u d a d e ɾ a,771
s u d a d o,652
s u d a f ɾ i k a,1997
s u d a m e ɾ i k a,2060
s u d a n,496
s u d a n,779
s u d a n d o,2236
s u d a ɾ,1775
s u d e s,1066
s u d e s t e,1323
s u d o ɾ,3634
s u d o ɾ o s o,454
s w e k a,762
s w e s i a,2205
s w e k o,1894
s w e k o s,599
s w e g ɾ a,2142
s w e g ɾ o,1778
s w e g ɾ o s,587
s w e l a,679
s w e l a s,522
s w e l d o,7636
s w e l d o s,853
s w e l e,8178
s w e l e n,4643
s w e l e s,1042
s w e l o,43834
s w e l o s,1035
s w e l t a,12774
s w e l t a l a,7356
s w e l t a l e,976
s w e l t a l o,9923
s w e l t a l o s,469
s w e l t a m e,25466
s w e l t a n,757
s w e l t a s,1663
s w e l t a t e,1186
s w e l t e,4076
s w e l t e l a,1526
s w e l t e l o,1827
s w e l t e m e,7028
s w e l t e n,3274
s w e l t e n l a,966
s w e l t e n l o,1658
s w e l t e n m e,6270
s w e l t e s,2564
s w e l t o,6296
s w e l t o s,2310
s w e n a,60007
s w e n a n,2376
s w e n a s,3701
s w e n e,3608
s w e n e n,458
s w e n o,964
s w e ɲ a,2725
s w e ɲ a n,895
s w e ɲ a s,1517
s w e ɲ e s,1597
s w e ɲ o,62583
s w e ɲ o s,34593
s w e ɾ o,3019
s w e ɾ t e,150072
s w e ɾ t e s,710
s w e ɾ t u d o,1157
s w e t e ɾ,2683
s u f f o l k,539
s u f i s i e n t e,114076
s u f i s i e n t e m e n t e,19408
s u f i s i e n t e s,12290
s u f ɾ a,1540
s u f ɾ a n,462
s u f ɾ a s,662
s u f ɾ e,5911
s u f ɾ e n,2054
s u f ɾ e s,1042
s u f ɾ i,1139
s u f ɾ i a,1656
s u f ɾ i d o,8097
s u f ɾ j e n d o,5810
s u f ɾ j e ɾ o n,979
s u f ɾ i m j e n t o,8538
s u f ɾ i m j e n t o s,767
s u f ɾ i m o s,1090
s u f ɾ j o,5619
s u f ɾ i ɾ,11317
s u f ɾ i ɾ a,1209
s u f ɾ i ɾ a n,563
s u f ɾ i ɾ a s,606
s u f ɾ i s t e,606
s u f ɾ o,1739
s u g a ɾ,2543
s u x e ɾ e n s i a,4512
s u x e ɾ e n s i a s,1603
s u x e ɾ i,1043
s u x e ɾ i d o,946
s u x e ɾ i ɾ,2615
s u x e ɾ i ɾ i a,647
s u x e ɾ i ɾ l e,1094
s u x e ɾ i ɾ t e,518
s u x e s t j o n,460
s u x i e ɾ a,466
s u x i e ɾ e,5290
s u x i e ɾ e n,1204
s u x i e ɾ e s,2329
s u x i e ɾ o,11118
s u x i ɾ j e n d o,2639
s u x i ɾ j o,2424
s w i s i d a,4608
s w i s i d a d o,1261
s w i s i d a ɾ,796
s w i s i d a ɾ m e,3229
s w i s i d a ɾ s e,6851
s w i s i d a ɾ t e,2317
s w i s i d a s,1607
s w i s i d e,489
s w i s i d j o,12523
s w i s i d j o s,1120
s w i s i d o,708
s w i s i d o,4773
s w i t e,5172
s w i t e s,453
s w i s a,4681
s w i s o,1331
s w i s o s,703
s u x e t a,3124
s u x e t a d o ɾ,1259
s u x e t a l a,1106
s u x e t a l e,490
s u x e t a l o,2422
s u x e t a m e,683
s u x e t a n d o,689
s u x e t a ɾ,1005
s u x e t a ɾ l o,640
s u x e t a s,476
s u x e t a t e,4835
s u x e t e,540
s u x e t e n l o,1078
s u x e t e n s e,2261
s u x e t o,17448
s u x e t o s,3707
s u l f u ɾ o,463
s u j i b a n,4757
s u l t a n,1508
s u m a,6291
s u m a m e n t e,3858
s u m a n,528
s u m a ɾ,680
s u m a s,819
s u m e ɾ x i d o,692
s u m e ɾ x i ɾ s e,802
s u m i n i s t ɾ o,2954
s u m i n i s t ɾ o s,3749
s u m i s j o n,659
s u m o,1911
s u p e,22280
s u p e ɾ,7335
s u p e ɾ,10278
s u p e ɾ a,2502
s u p e ɾ a d o,3677
s u p e ɾ a l o,1652
s u p e ɾ a m o s,483
s u p e ɾ a n,990
s u p e ɾ a n d o,538
s u p e ɾ a ɾ,6122
s u p e ɾ a ɾ a,782
s u p e ɾ a ɾ e m o s,687
s u p e ɾ a ɾ l o,4979
s u p e ɾ a s t e,494
s u p e ɾ e,568
s u p e ɾ e,1083
s u p e ɾ e s t ɾ e j a,936
s u p e ɾ f i s i a l,2970
s u p e ɾ f i s i a l e s,834
s u p e ɾ f i s i e,11661
s u p e ɾ e ɾ o e,1889
s u p e ɾ e ɾ o e s,1078
s u p e ɾ i n t e n d e n t e,1445
s u p e ɾ j o ɾ,15962
s u p e ɾ j o ɾ a,864
s u p e ɾ j o ɾ e s,5544
s u p e ɾ j o ɾ i d a d,1172
s u p e ɾ m a n,5300
s u p e ɾ m e ɾ k a d o,3689
s u p e ɾ m e ɾ k a d o s,508
s u p e ɾ n o b a,502
s u p e ɾ o,1016
s u p e ɾ p o d e ɾ e s,581
s u p e ɾ s t i s i o n,1312
s u p e ɾ s t i s i o n e s,744
s u p e ɾ s t i s i o s o,739
s u p e ɾ b i s a ɾ,995
s u p e ɾ b i s j o n,2000
s u p e ɾ b i s o ɾ,4187
s u p e ɾ b i s o ɾ a,706
s u p e ɾ b i s o ɾ e s,485
s u p e ɾ b i b e n s i a,5045
s u p e ɾ b i b j e n t e,1246
s u p e ɾ b i b j e n t e s,2384
s u p j e ɾ a,15013
s u p j e ɾ a m o s,1050
s u p j e ɾ a n,2643
s u p j e ɾ a s,6454
s u p j e ɾ o n,1685
s u p j e s e,1497
s u p j e s e s,526
s u p i m o s,2551
s u p i s t e,7298
s u p l e m e n t o,820
s u p l e m e n t o s,488
s u p l e n t e,1470
s u p l i k a,523
s u p l i k a,532
s u p l i k a n d o,728
s u p l i k a ɾ,1033
s u p l i k o,5437
s u p l i k o,527
s u p o,10217
s u p o n,1535
s u p o n d ɾ i a,515
s u p o n e,52133
s u p o n e m o s,732
s u p o n e n,630
s u p o n e ɾ,3492
s u p o n e ɾ l o,640
s u p o n e s,1650
s u p o n g a,1506
s u p o n g a m o s,2971
s u p o n g o,138203
s u p o n i a,13050
s u p o n j e n d o,2289
s u p o s i s i o n,2239
s u p o s i s i o n e s,1087
s u p ɾ e m a,3063
s u p ɾ e m a s i a,546
s u p ɾ e m o,3760
s u p ɾ i m i ɾ,790
s u p w e s t a,988
s u p w e s t a m e n t e,4651
s u p w e s t o,133681
s u p w e s t o s,680
s u p u s e,4267
s u p u s o,722
s u ɾ,35792
s u ɾ e ɲ o,849
s u ɾ e ɲ o s,462
s u ɾ e s t e,1018
s u ɾ f,2657
s u ɾ f e a ɾ,1216
s u ɾ f i s t a,674
s u ɾ f i s t a s,469
s u ɾ x e,2358
s u ɾ x e n,975
s u ɾ x i d o,1541
s u ɾ x i e ɾ o n,705
s u ɾ x i o,3047
s u ɾ x i ɾ,1183
s u ɾ o e s t e,1061
s u r e a l i s t a,550
s u s,629503
s u s a n,15343
s u s a n a,529
s u s s e p t i b l e,1039
s u s i,2512
s u s p e n d e,805
s u s p e n d e ɾ,1517
s u s p e n d i d a,1098
s u s p e n d i d o,2792
s u s p e n d i d o s,508
s u s p e n d j e ɾ o n,625
s u s p e n d j o,501
s u s p e n s j o n,2132
s u s p e n s o,1006
s u s p i ɾ o,1393
s u s t a n s i a,3204
s u s t a n s i a l,570
s u s t a n s i a s,1491
s u s t e n t o,963
s u s t i t u i d o,464
s u s t i t u i ɾ,1205
s u s t i t w i ɾ m e,506
s u s t i t u t a,910
s u s t i t u t o,2879
s u s t i t u t o s,1067
s u s t o,5793
s u s u r a,470
s u s u r a n d o,941
s u s u r a ɾ,607
s u s u r o,837
s u s u r o s,707
s u t i l,3075
s u t i l e s,695
s u t i l e s a,517
s u t u ɾ a,982
s u t u ɾ a s,538
s u i a,27118
s u i a s,4318
s u i o,31538
s u i o s,8194
s u s a n n e,2395
s w i n g,1197
s i l b e s t e ɾ,939
s i l b j a,4301
s i l b j e,544
t a,2473
t a b a k o,6046
t a b e ɾ n a,2959
t a b l a,5959
t a b l a s,2264
t a b l e ɾ o,2961
t a b l o n,708
t a b u,592
t a b u ɾ e t e,593
t a k a ɲ o,1655
t a k o,1934
t a k o n,822
t a k o n e s,1868
t a k o s,2229
t a k t i k a,3306
t a k t i k a s,2389
t a k t i k o,1382
t a k t o,2237
t a j t i,725
t a o e,578
t a i l a n d e s a,583
t a i l a n d j a,1837
t a i w a n,539
t a x a d a,951
t a x o,487
t a l,338208
t a l a d ɾ o,1444
t a l k o,842
t a l e n t o,18431
t a l e n t o s,3129
t a l e n t o s a,1311
t a l e n t o s o,1823
t a l e n t o s o s,494
t a l e s,5083
t a l i b a n e s,603
t a l i s m a n,641
t a j a,4915
t a j a d o,562
t a j a ɾ i n e s,769
t a j a s,546
t a j e,625
t a j e ɾ,6419
t a j e ɾ e s,518
t a j o,630
t a l o n,1170
t a l o n e s,1683
t a m a ɲ o,17202
t a m a ɲ o s,664
t a m a ɾ a,1065
t a m b j e n,497150
t a m b o ɾ,2711
t a m b o ɾ e s,1948
t a m e s i s,541
t a m m i,2191
t a m p o k o,91575
t a m p o n e s,671
t a n,614320
t a n x i b l e,486
t a n g o,2988
t a n j a,954
t a n o,498
t a n k e,10385
t a n k e s,6704
t a n t a,26290
t a n t a s,20447
t a n t o,215131
t a n t o s,20794
t a n i a,2602
t a p a,5056
t a p a d e ɾ a,1925
t a p a d o,839
t a p a ɾ,1282
t a p a s,1227
t a p a t e,1535
t a p e t e,788
t a p j a,582
t a p i s,461
t a p o n,834
t a p o n e s,516
t a k i k a ɾ d j a,943
t a k i j a,2127
t a ɾ a,5712
t a ɾ a d o,3383
t a ɾ a d o s,878
t a ɾ d a,3917
t a ɾ d a d o,2901
t a ɾ d a m o s,643
t a ɾ d a n,1352
t a ɾ d a n d o,798
t a ɾ d a n s a,970
t a ɾ d a ɾ,3991
t a ɾ d a ɾ a,4493
t a ɾ d a ɾ a n,1577
t a ɾ d a ɾ a s,776
t a ɾ d a ɾ e,3732
t a ɾ d a ɾ e m o s,1811
t a ɾ d a ɾ i a,1052
t a ɾ d a ɾ o n,1004
t a ɾ d a s,948
t a ɾ d a s t e,1658
t a ɾ d e,210043
t a ɾ d e,1280
t a ɾ d e s,22177
t a ɾ d o,1157
t a ɾ d o,1639
t a ɾ e a,15990
t a ɾ e a s,5871
t a ɾ i f a,1784
t a ɾ i f a s,615
t a ɾ x e t a,26533
t a ɾ x e t a s,8417
t a ɾ o t,634
t a r o,1357
t a ɾ t a,6872
t a ɾ t a s,1304
t a ɾ s a n,1911
t a s a,2373
t a s a s,697
t a t a ɾ a b w e l o,514
t a t j a n a,1007
t a t u a d o,709
t a t w a x e,6083
t a t w a x e s,2882
t a k s i,27226
t a k s i s,2244
t a k s i s t a,3010
t a s a,14312
t a s a s,2014
t a s o n,2013
t e,3548256
t e,33635
t e a t ɾ a l,1345
t e a t ɾ o,20152
t e a t ɾ o s,688
t e tʃ o,18940
t e tʃ o s,1147
t e k l a,563
t e k l a d o,1162
t e k l a s,716
t e k n i k a,7299
t e k n i k a m e n t e,6490
t e k n i k a s,3327
t e k n i k o,5078
t e k n i k o s,2844
t e k n o l o x i a,15100
t e k n o l o x i a s,829
t e k n o l o x i k a,454
t e k n o l o x i k o,676
t e d,19515
t e d d i,8833
t e d j o s o,617
t e x a d o,5128
t e x a d o s,734
t e x a s,1451
t e x e ɾ,772
t e x i d o,5146
t e x i d o s,1560
t e x o n,525
t e l a,4138
t e l a ɾ a ɲ a,828
t e l a ɾ a ɲ a s,479
t e l a s,985
t e l e,12357
t e l e f o n e a d o,590
t e l e f o n e a ɾ,1000
t e l e f o n e o,517
t e l e f o n i k a,5381
t e l e f o n i k a s,2034
t e l e f o n i k o,2034
t e l e f o n i k o s,1064
t e l e f o n o,93395
t e l e f o n o s,7432
t e l e g ɾ a f o,699
t e l e g ɾ a m a,5564
t e l e g ɾ a m a s,896
t e l e m e t ɾ i a,540
t e l e n o b e l a,560
t e l e p a t i a,711
t e l e s k o p j o,1874
t e l e b i d e n t e s,489
t e l e b i s j o n,22633
t e l e b i s o ɾ,3547
t e l e b i s o ɾ e s,766
t e l o n,1642
t e m a,34724
t e m a n,1147
t e m a s,9237
t e m b l a b a,551
t e m b l a n d o,3653
t e m b l a ɾ,2128
t e m b l o ɾ,1138
t e m b l o ɾ e s,910
t e m e,6413
t e m e m o s,856
t e m e n,3530
t e m e ɾ,6476
t e m e ɾ a ɾ j o,1109
t e m e ɾ e,453
t e m e ɾ l e,1382
t e m e ɾ o s a,464
t e m e ɾ o s o,858
t e m e s,4855
t e m i,845
t e m i a,6236
t e m i a m o s,473
t e m i a n,591
t e m i b l e,1327
t e m i d o,1243
t e m j e n d o,792
t e m o,46520
t e m o ɾ,6513
t e m o ɾ e s,1642
t e m p e ɾ a m e n t a l,539
t e m p e ɾ a m e n t o,1970
t e m p e ɾ a t u ɾ a,9787
t e m p e ɾ a t u ɾ a s,1474
t e m p e s t a d,1086
t e m p l a ɾ j o s,685
t e m p l e,1847
t e m p l o,11773
t e m p l o s,975
t e m p o,1162
t e m p o ɾ a d a,14695
t e m p o ɾ a d a s,782
t e m p o ɾ a l,8375
t e m p o ɾ a l e s,1028
t e m p o ɾ a l m e n t e,2200
t e m p o ɾ i s a d o ɾ,814
t e m p ɾ a n a,1227
t e m p ɾ a n o,36424
t e n,46345
t e n a s,614
t e n d e n s i a,2267
t e n d e n s i a s,1373
t e n d e ɾ,667
t e n d e ɾ l e,642
t e n d e ɾ m e,556
t e n d e ɾ o,539
t e n d i d a,524
t e n d i d o,1860
t e n d j e n d o,478
t e n d j e ɾ o n,1063
t e n d j o,1171
t e n d i s t e,627
t e n d ɾ a,49684
t e n d ɾ a n,19046
t e n d ɾ a s,48650
t e n d ɾ e,44056
t e n d ɾ e i s,2389
t e n d ɾ e m o s,44239
t e n d ɾ i a,36271
t e n d ɾ i a m o s,8058
t e n d ɾ i a n,4535
t e n d ɾ i a s,10544
t e n e b ɾ o s o,1404
t e n e d,1984
t e n e d o ɾ,2252
t e n e d o ɾ e s,565
t e n e i s,18140
t e n e m o s,512329
t e n e ɾ,286702
t e n e ɾ l a,10300
t e n e ɾ l a s,2114
t e n e ɾ l e,3082
t e n e ɾ l e s,471
t e n e ɾ l o,20040
t e n e ɾ l o s,5522
t e n e ɾ m e,4107
t e n e ɾ n o s,997
t e n e ɾ t e,14753
t e n g a,82999
t e n g a i s,1612
t e n g a l o,454
t e n g a m o s,15985
t e n g a n,23520
t e n g a s,46574
t e n g o,1051230
t e n i a,282115
t e n i a i s,1032
t e n i a m o s,31533
t e n i a n,31283
t e n i a s,48866
t e n i d o,97591
t e n j e n d o,23627
t e n j e n t e,45985
t e n j e n t e s,522
t e n i s,5481
t e n l o,1546
t e n m e,826
t e n n e s s e e,1974
t e n o ɾ,746
t e n s a,2196
t e n s j o n,8073
t e n s j o n e s,593
t e n s o,2803
t e n s o s,473
t e n t a s i o n,3201
t e n t a s i o n e s,641
t e n t a k u l o s,691
t e n t a d o,991
t e n t a d o ɾ,1411
t e n t a d o ɾ a,534
t e n t a ɾ,680
t e n t a t i b a,674
t e n w e,520
t e ɲ i d o,507
t e o,629
t e o l o x i a,509
t e o ɾ i a,18936
t e o ɾ i a s,3619
t e o ɾ i k a m e n t e,1076
t e o ɾ i k o,637
t e k i l a,2951
t e ɾ a p e u t a,3611
t e ɾ a p j a,10230
t e ɾ k a,914
t e ɾ s e ɾ,17318
t e ɾ s e ɾ a,17766
t e ɾ s e ɾ o,6708
t e ɾ s i o,2111
t e ɾ s i o p e l o,1426
t e ɾ s i o s,839
t e ɾ k o,1763
t e ɾ e s a,4568
t e ɾ m i k a,639
t e ɾ m i k o,521
t e ɾ m i n a,20701
t e ɾ m i n a b a,1061
t e ɾ m i n a d a,2635
t e ɾ m i n a d o,47344
t e ɾ m i n a l,4174
t e ɾ m i n a l a,1515
t e ɾ m i n a l e s,609
t e ɾ m i n a l o,1383
t e ɾ m i n a m o s,10007
t e ɾ m i n a n,3511
t e ɾ m i n a n d o,2919
t e ɾ m i n a ɾ,41595
t e ɾ m i n a ɾ a,2053
t e ɾ m i n a ɾ a,6230
t e ɾ m i n a ɾ a n,999
t e ɾ m i n a ɾ a s,1602
t e ɾ m i n a ɾ e,2690
t e ɾ m i n a ɾ e m o s,2086
t e ɾ m i n a ɾ i a,1630
t e ɾ m i n a ɾ l a,1704
t e ɾ m i n a ɾ l o,4278
t e ɾ m i n a ɾ o n,4146
t e ɾ m i n a ɾ s e,582
t e ɾ m i n a s,2476
t e ɾ m i n a s t e,5727
t e ɾ m i n a t o ɾ,679
t e ɾ m i n e,17303
t e ɾ m i n e,9599
t e ɾ m i n e m o s,4808
t e ɾ m i n e n,3046
t e ɾ m i n e s,3465
t e ɾ m i n o,6931
t e ɾ m i n o,26574
t e ɾ m i n o,5106
t e ɾ m i n o s,6669
t e ɾ m i t a s,750
t e ɾ m o,508
t e ɾ m o m e t ɾ o,709
t e ɾ n e ɾ a,1974
t e ɾ n e ɾ o,459
t e ɾ n u ɾ a,1955
t e r a,751
t e r a t e n j e n t e,522
t e r a s a,3066
t e r e m o t o,3546
t e r e m o t o s,1243
t e r e n a l,796
t e r e n o,10924
t e r e n o s,1351
t e r e s t ɾ e,3104
t e r e s t ɾ e s,1303
t e r i b l e,43965
t e r i b l e m e n t e,5011
t e r i b l e s,6605
t e r i k o l a s,505
t e r i t o ɾ j o,11020
t e r i t o ɾ j o s,1468
t e r o ɾ,8550
t e r o ɾ i f i k o,779
t e r o ɾ i s m o,4141
t e r o ɾ i s t a,8802
t e r o ɾ i s t a s,10200
t e s i s,2173
t e s o ɾ e ɾ o,540
t e s o ɾ o,18965
t e s o ɾ o s,2996
t e s t,5014
t e s t a m e n t o,6672
t e s t a ɾ u d a,809
t e s t a ɾ u d o,1634
t e s t i k u l o,587
t e s t i k u l o s,2400
t e s t i f i k a ɾ,3348
t e s t i f i k o,689
t e s t i f i k e,548
t e s t i g o,23681
t e s t i g o s,16146
t e s t i m o n j o,6819
t e s t i m o n j o s,1144
t e s t o s t e ɾ o n a,774
t e t a,1426
t e t a s,11644
t e t e ɾ a,1153
t e k s a s,12165
t e k s t i l,476
t e k s t o,5813
t e k s t o s,1278
t e k s t u ɾ a,828
t i,507080
t i,36928
t i a,36032
t i a ɾ i a,453
t i a s,2439
t i b e ɾ j o,524
t i b e t,488
t i b j a,1626
t i b j o,1181
t i b u ɾ o n,5854
t i b u ɾ o n e s,4031
t i k,2029
t i k k,548
t i k k e t,1580
t i k k e t s,953
t j e m b l a,1350
t j e m b l a n,1014
t j e m b l o,651
t j e m p o,595700
t j e m p o s,29885
t j e n d a,46686
t j e n d a s,6863
t j e n d e,1838
t j e n d e n,1562
t j e n d o,750
t j e n e,897199
t j e n e n,230669
t j e n e s,734506
t j e n t e s,617
t j e ɾ n a,1867
t j e ɾ n o,4505
t j e ɾ n o s,709
t j e r a,118641
t j e r a s,12154
t j e s o,847
t i f f a n i,2484
t i f o n,611
t i f u s,611
t i x e ɾ,1199
t i g ɾ e,7882
t i g ɾ e s,2541
t i g ɾ e s a,770
t i x e ɾ a,690
t i x e ɾ a s,3461
t i x w a n a,1064
t i m a d o ɾ,513
t i m b ɾ e,3928
t i m e,6859
t i m e s,6005
t i m i d a,2952
t i m i d e s,618
t i m i d o,4760
t i m i d o s,823
t i m m i,2676
t i m o,1015
t i m o n,3580
t i m o t i,2537
t i n a,9257
t i n j e b l a s,2343
t i n o,657
t i n t a,4363
t i n t e,670
t i n t o,1942
t i n t o ɾ e ɾ i a,1693
t i o,118734
t i o s,11569
t i p a,1125
t i p i k a,2329
t i p i k a m e n t e,488
t i p i k o,7383
t i p i k o s,548
t i p o,287913
t i p o s,45235
t i ɾ a,15002
t i ɾ a b a,1103
t i ɾ a d,1102
t i ɾ a d a,2165
t i ɾ a d o,8502
t i ɾ a d o ɾ,5273
t i ɾ a d o ɾ e s,1720
t i ɾ a d o s,1059
t i ɾ a l a,3041
t i ɾ a l e,485
t i ɾ a l o,2872
t i ɾ a m e,1027
t i ɾ a m o s,1497
t i ɾ a n,2052
t i ɾ a n d o,5276
t i ɾ a n d o s e,763
t i ɾ a n i a,1476
t i ɾ a n o,1663
t i ɾ a n o s,604
t i ɾ a n t e s,682
t i ɾ a ɾ,14001
t i ɾ a ɾ e,1486
t i ɾ a ɾ e m o s,500
t i ɾ a ɾ i a,711
t i ɾ a ɾ l a,1683
t i ɾ a ɾ l a s,638
t i ɾ a ɾ l e,1188
t i ɾ a ɾ l o,3036
t i ɾ a ɾ l o s,658
t i ɾ a ɾ m e,3244
t i ɾ a ɾ m e l a,510
t i ɾ a ɾ n o s,516
t i ɾ a ɾ o n,1877
t i ɾ a ɾ s e,2420
t i ɾ a ɾ t e,2671
t i ɾ a ɾ t e l a,624
t i ɾ a s,4137
t i ɾ a s t e,2831
t i ɾ a t e,1858
t i ɾ e,4113
t i ɾ e,3977
t i ɾ e l a,491
t i ɾ e n,3467
t i ɾ e n s e,570
t i ɾ e s,2112
t i ɾ o,25909
t i ɾ o,6778
t i ɾ o n,1127
t i ɾ o s,5714
t i ɾ o t e o,6463
t i ɾ o t e o s,814
t i t a n,1034
t i t a n e s,638
t i t a n i k,1533
t i t a n j o,1116
t i t e ɾ e,1351
t i t e ɾ e s,761
t i t o,2382
t i t u l a,559
t i t u l a d o,512
t i t u l a ɾ,2010
t i t u l a ɾ e s,1826
t i t u l o,1098
t i t u l o,11301
t i t u l o s,2151
t i s a,1228
t o a j a,6133
t o a j a s,3508
t o b i a s,992
t o b i j o,3812
t o b i j o s,1810
t o b o g a n,462
t o b i,6902
t o k a,32046
t o k a b a,4422
t o k a b a n,650
t o k a b a s,520
t o k a d a,633
t o k a d i s k o s,720
t o k a d o,8853
t o k a d o ɾ,1231
t o k a l a,1233
t o k a l o,1281
t o k a m e,2226
t o k a m o s,2071
t o k a n,3366
t o k a n d o,8524
t o k a ɾ,31949
t o k a ɾ a,1209
t o k a ɾ a,1891
t o k a ɾ a n,493
t o k a ɾ a s,620
t o k a ɾ a s,604
t o k a ɾ e,1764
t o k a ɾ e m o s,572
t o k a ɾ i a,911
t o k a ɾ l a,4640
t o k a ɾ l a s,910
t o k a ɾ l e,1489
t o k a ɾ l o,5452
t o k a ɾ l o s,1020
t o k a ɾ m e,6309
t o k a ɾ n o s,910
t o k a ɾ o n,1300
t o k a ɾ s e,912
t o k a ɾ t e,4146
t o k a s,5923
t o k a s t e,2062
t o s i n o,2820
t o k o,5238
t o k o,7162
t o d,1078
t o d a,235858
t o d a s,246616
t o d a b i a,164848
t o d o,1378062
t o d o p o d e ɾ o s o,4156
t o d o s,769889
t o d o t e r e n o,527
t o f u,940
t o g a,814
t o k j o,5677
t o k i o,1431
t o l e d o,659
t o l e ɾ a,794
t o l e ɾ a n s i a,1795
t o l e ɾ a n t e,641
t o l e ɾ a ɾ,2424
t o l e ɾ a ɾ e,1287
t o l e ɾ a ɾ l o,1018
t o l e ɾ o,982
t o m a,119963
t o m a b a,3877
t o m a b a m o s,485
t o m a b a n,754
t o m a b a s,462
t o m a d,1626
t o m a d a,3124
t o m a d a s,1452
t o m a d o,25442
t o m a d o s,931
t o m a l a,5946
t o m a l a s,845
t o m a l e,696
t o m a l o,17799
t o m a l o s,756
t o m a m e,2703
t o m a m o s,12258
t o m a n,7557
t o m a n d o,23810
t o m a n d o m e,762
t o m a n d o s e,675
t o m a ɾ,110426
t o m a ɾ a,3171
t o m a ɾ a,10265
t o m a ɾ a n,635
t o m a ɾ a n,1907
t o m a ɾ a s,1043
t o m a ɾ a s,1978
t o m a ɾ e,17023
t o m a ɾ e m o s,6719
t o m a ɾ i a,3906
t o m a ɾ i a s,665
t o m a ɾ l a,4256
t o m a ɾ l a s,1356
t o m a ɾ l e,2362
t o m a ɾ l e s,525
t o m a ɾ l o,8516
t o m a ɾ l o s,962
t o m a ɾ m e,7662
t o m a ɾ m e l o,540
t o m a ɾ n o s,4414
t o m a ɾ o n,6982
t o m a ɾ s e,6291
t o m a ɾ s e l o,918
t o m a ɾ t e,7525
t o m a ɾ t e l o,1093
t o m a s,18985
t o m a s,1663
t o m a s t e,9407
t o m a t e,4529
t o m a t e,14689
t o m a t e l a,462
t o m a t e l o,3969
t o m a t e s,2422
t o m e,31203
t o m e,19594
t o m e l a,748
t o m e l o,2720
t o m e m o n o s,811
t o m e m o s,5484
t o m e n,12864
t o m e n l o,1123
t o m e n s e,2067
t o m e s,8445
t o m e s e,3959
t o m e s e l o,636
t o m m i,25881
t o m o,17533
t o m o,26499
t o m o g ɾ a f i a,1720
t o n e l a d a,1706
t o n e l a d a s,4955
t o n i k a,664
t o n i k o,460
t o n o,9836
t o n o s,1060
t o n t a,18936
t o n t a s,2487
t o n t e ɾ i a,11697
t o n t e ɾ i a s,24928
t o n t i n,475
t o n t o,53375
t o n t o s,10857
t o n i,35788
t o p a d o,704
t o p a m o s,572
t o p a ɾ m e,536
t o p e,2488
t o p e,1040
t o p o,2203
t o k e,19351
t o k e,3929
t o k e i s,536
t o k e m o s,617
t o k e n,4520
t o k e s,19052
t o ɾ a s i k a,613
t o ɾ a k s,904
t o ɾ b e j i n o,574
t o ɾ s i,453
t o ɾ s i d a,760
t o ɾ s i d o,1484
t o ɾ e ɾ o,555
t o ɾ m e n t a,18224
t o ɾ m e n t a s,2707
t o ɾ m e n t o,1264
t o ɾ n a,716
t o ɾ n a d o,2196
t o ɾ n a d o s,508
t o ɾ n e o,5638
t o ɾ n e o s,496
t o ɾ n i j o,1661
t o ɾ n i j o s,1096
t o ɾ n i k e t e,617
t o ɾ n o,2432
t o ɾ o,5942
t o ɾ o n t o,1453
t o ɾ o s,1770
t o ɾ p e,4632
t o ɾ p e d o,1945
t o ɾ p e d o s,2290
t o ɾ p e s,846
t o ɾ p e s a,481
t o r e,16122
t o r e n t e,974
t o r e s,6249
t o ɾ s o,1097
t o ɾ t a,4059
t o ɾ t a s,1089
t o ɾ t i j a,1755
t o ɾ t i j a s,496
t o ɾ t i t a s,1059
t o ɾ t o l i t o s,655
t o ɾ t u g a,5134
t o ɾ t u g a s,1964
t o ɾ t u ɾ a,6240
t o ɾ t u ɾ a d o,1681
t o ɾ t u ɾ a d o s,470
t o ɾ t u ɾ a n d o,834
t o ɾ t u ɾ a ɾ,1310
t o ɾ t u ɾ a ɾ l o,574
t o ɾ t u ɾ a ɾ m e,1278
t o ɾ t u ɾ a ɾ o n,776
t o ɾ t u ɾ a ɾ t e,828
t o ɾ t u ɾ a s,1122
t o ɾ t u ɾ o,625
t o s,2650
t o s k a,556
t o s k a n a,556
t o s e,520
t o s e ɾ,756
t o s t a d a,1581
t o s t a d a s,2088
t o s t a d o,1160
t o s t a d o ɾ a,951
t o t a l,23097
t o t a l i d a d,1185
t o t a l m e n t e,45372
t o k s i k a,754
t o k s i k o,1364
t o k s i k o l o x i a,488
t o k s i k o l o x i k o,588
t o k s i k o s,1289
t o k s i n a,1167
t o k s i n a s,1270
t o i o t a,535
t ɾ a b a,823
t ɾ a b a d a,520
t ɾ a b a d o,538
t ɾ a b a x a,39166
t ɾ a b a x a b a,16180
t ɾ a b a x a b a m o s,1026
t ɾ a b a x a b a n,1984
t ɾ a b a x a b a s,1608
t ɾ a b a x a d o,12873
t ɾ a b a x a d o ɾ,4545
t ɾ a b a x a d o ɾ a,2424
t ɾ a b a x a d o ɾ e s,8841
t ɾ a b a x a m o s,9715
t ɾ a b a x a n,9988
t ɾ a b a x a n d o,58218
t ɾ a b a x a ɾ,104319
t ɾ a b a x a ɾ a,1068
t ɾ a b a x a ɾ a,1357
t ɾ a b a x a ɾ a n,684
t ɾ a b a x a ɾ a s,502
t ɾ a b a x a ɾ a s,1327
t ɾ a b a x a ɾ e,2882
t ɾ a b a x a ɾ e m o s,1778
t ɾ a b a x a ɾ i a,894
t ɾ a b a x a ɾ o n,1587
t ɾ a b a x a s,17026
t ɾ a b a x a s t e,2066
t ɾ a b a x e,4210
t ɾ a b a x e,6797
t ɾ a b a x e m o s,1104
t ɾ a b a x e n,1759
t ɾ a b a x e s,1943
t ɾ a b a x i t o,1011
t ɾ a b a x o,380938
t ɾ a b a x o,7200
t ɾ a b a x o s,12824
t ɾ a k s i o n,979
t ɾ a s e,761
t ɾ a k t o ɾ,2504
t ɾ a k t o ɾ e s,528
t ɾ a k i,7471
t ɾ a d i s i o n,7878
t ɾ a d i s i o n a l,3856
t ɾ a d i s i o n a l e s,1142
t ɾ a d i s i o n a l m e n t e,480
t ɾ a d i s i o n e s,2103
t ɾ a d u k s i o n,6441
t ɾ a d u s e,806
t ɾ a d u s i d o,5914
t ɾ a d u s i d o s,1261
t ɾ a d u s i ɾ,1415
t ɾ a d u s i ɾ l o,508
t ɾ a d u k t o ɾ,1346
t ɾ a e,41204
t ɾ a e d,1803
t ɾ a e d m e,1145
t ɾ a e l a,4007
t ɾ a e l a s,575
t ɾ a e l e,1833
t ɾ a e l o,6953
t ɾ a e l o s,1666
t ɾ a e m e,17051
t ɾ a e m e l a,1213
t ɾ a e m e l o,1893
t ɾ a e m o s,2408
t ɾ a e n,6000
t ɾ a e n o s,1549
t ɾ a e ɾ,28287
t ɾ a e ɾ a,5281
t ɾ a e ɾ a n,1295
t ɾ a e ɾ a s,1003
t ɾ a e ɾ e,12385
t ɾ a e ɾ e m o s,2060
t ɾ a e ɾ i a,2068
t ɾ a e ɾ i a s,644
t ɾ a e ɾ l a,5827
t ɾ a e ɾ l a s,884
t ɾ a e ɾ l e,4949
t ɾ a e ɾ l e s,1546
t ɾ a e ɾ l o,8874
t ɾ a e ɾ l o s,3275
t ɾ a e ɾ m e,11423
t ɾ a e ɾ m e l o,699
t ɾ a e ɾ n o s,3136
t ɾ a e ɾ t e,7269
t ɾ a e s,11374
t ɾ a e t e,612
t ɾ a f i k a n d o,514
t ɾ a f i k a n t e,5012
t ɾ a f i k a n t e s,2925
t ɾ a f i k a ɾ,614
t ɾ a f i k o,1220
t ɾ a f i k o,13034
t ɾ a g a,1776
t ɾ a g a d o,1558
t ɾ a g a n d o,484
t ɾ a g a ɾ,2485
t ɾ a g a ɾ m e,610
t ɾ a g a ɾ s e,1118
t ɾ a g a ɾ t e,500
t ɾ a g a t e,621
t ɾ a g a t e l o,672
t ɾ a x e d j a,8882
t ɾ a x e d j a s,950
t ɾ a x i k a,1721
t ɾ a x i k a m e n t e,572
t ɾ a x i k o,3643
t ɾ a g o,29810
t ɾ a g o,1606
t ɾ a g o s,5951
t ɾ a g e,644
t ɾ a g e,668
t ɾ a g i t o,501
t ɾ a i a,3505
t ɾ a i a n,703
t ɾ a i s i o n,8682
t ɾ a i s i o n a,905
t ɾ a i s i o n a d o,4486
t ɾ a i s i o n a n,600
t ɾ a i s i o n a n d o,696
t ɾ a i s i o n a ɾ,2248
t ɾ a i s i o n a ɾ i a,773
t ɾ a i s i o n a ɾ m e,1197
t ɾ a i s i o n a ɾ n o s,640
t ɾ a i s i o n a ɾ o n,581
t ɾ a i s i o n a ɾ t e,697
t ɾ a i s i o n a s,564
t ɾ a i s i o n a s t e,1836
t ɾ a i s i o n e,474
t ɾ a i s i o n e,901
t ɾ a i s i o n e ɾ o,825
t ɾ a i s i o n e s,617
t ɾ a i s i o n o,453
t ɾ a i s i o n o,3413
t ɾ a i d o,25875
t ɾ a i d o ɾ,10826
t ɾ a i d o ɾ a,1273
t ɾ a i d o ɾ e s,3498
t ɾ a i g a,10676
t ɾ a i g a l o,728
t ɾ a i g a m e,1702
t ɾ a i g a m o s,677
t ɾ a i g a n,8848
t ɾ a i g a n l a,475
t ɾ a i g a n l o,1496
t ɾ a i g a n l o s,520
t ɾ a i g a n m e,1194
t ɾ a i g a s,2669
t ɾ a i g o,14254
t ɾ a i l e ɾ,678
t ɾ a x e,52451
t ɾ a x e ɾ a,2184
t ɾ a x e ɾ a n,580
t ɾ a x e ɾ a s,959
t ɾ a x e ɾ o n,6995
t ɾ a x e s,7109
t ɾ a x i m o s,3223
t ɾ a x i s t e,11256
t ɾ a x o,21580
t ɾ a m a,2202
t ɾ a m a n,470
t ɾ a m a n d o,3037
t ɾ a m a s,648
t ɾ a m i t e s,794
t ɾ a m o,899
t ɾ a m p a,26758
t ɾ a m p a s,5381
t ɾ a m p i j a,516
t ɾ a m p o l i n,589
t ɾ a m p o s a,611
t ɾ a m p o s o,2437
t ɾ a m p o s o s,590
t ɾ a n s e,1543
t ɾ a n k i,712
t ɾ a n k i l a,27105
t ɾ a n k i l a m e n t e,2703
t ɾ a n k i l a s,1366
t ɾ a n k i l i s e,557
t ɾ a n k i l i s e n s e,1218
t ɾ a n k i l i s e s e,3616
t ɾ a n k i l i d a d,4550
t ɾ a n k i l i s a,1041
t ɾ a n k i l i s a d o ɾ,519
t ɾ a n k i l i s a n t e,1094
t ɾ a n k i l i s a n t e s,886
t ɾ a n k i l i s a ɾ,543
t ɾ a n k i l i s a ɾ m e,863
t ɾ a n k i l i s a ɾ s e,588
t ɾ a n k i l i s a ɾ t e,1464
t ɾ a n k i l o,58458
t ɾ a n k i l o s,10012
t ɾ a n s a k s i o n,1594
t ɾ a n s a k s i o n e s,905
t ɾ a n s b o ɾ d a d o ɾ,2471
t ɾ a n s k ɾ i p s i o n,750
t ɾ a n s k ɾ i p s i o n e s,458
t ɾ a n s k u ɾ s o,687
t ɾ a n s e k s w a l,456
t ɾ a n s f e ɾ e n s i a,4611
t ɾ a n s f e ɾ e n s i a s,516
t ɾ a n s f e ɾ i d a,572
t ɾ a n s f e ɾ i d o,1920
t ɾ a n s f e ɾ i d o s,517
t ɾ a n s f e ɾ i ɾ,1617
t ɾ a n s f i ɾ j e ɾ o n,528
t ɾ a n s f i ɾ j o,574
t ɾ a n s f o ɾ m a,1621
t ɾ a n s f o ɾ m a s i o n,1981
t ɾ a n s f o ɾ m a d o,1503
t ɾ a n s f o ɾ m a n,523
t ɾ a n s f o ɾ m a n d o,535
t ɾ a n s f o ɾ m a ɾ,1794
t ɾ a n s f o ɾ m a ɾ m e,467
t ɾ a n s f o ɾ m a ɾ s e,1618
t ɾ a n s f o ɾ m o,1531
t ɾ a n s f u s j o n,906
t ɾ a n s i s i o n,2044
t ɾ a n s i l b a n j a,772
t ɾ a n s i t o,3151
t ɾ a n s m i s j o n,7428
t ɾ a n s m i s j o n e s,1393
t ɾ a n s m i s o ɾ,2957
t ɾ a n s m i t a,494
t ɾ a n s m i t e,1521
t ɾ a n s m i t e n,597
t ɾ a n s m i t i d o,670
t ɾ a n s m i t j e n d o,1656
t ɾ a n s m i t i ɾ,2733
t ɾ a n s p a ɾ e n t e,1509
t ɾ a n s p l a n t e,1745
t ɾ a n s p l a n t e s,527
t ɾ a n s p o ɾ t a,704
t ɾ a n s p o ɾ t a s i o n,500
t ɾ a n s p o ɾ t a d o,873
t ɾ a n s p o ɾ t a d o ɾ,2050
t ɾ a n s p o ɾ t a n d o,541
t ɾ a n s p o ɾ t a ɾ,2227
t ɾ a n s p o ɾ t a ɾ l o,586
t ɾ a n s p o ɾ t a ɾ l o s,474
t ɾ a n s p o ɾ t e,12096
t ɾ a n s p o ɾ t e s,1500
t ɾ a n b i a,1655
t ɾ a p o,2066
t ɾ a p o s,1293
t ɾ a k e a,479
t ɾ a s,55400
t ɾ a s b o ɾ d a d o ɾ,1221
t ɾ a s e ɾ a,7637
t ɾ a s e ɾ a s,833
t ɾ a s e ɾ o,40131
t ɾ a s e ɾ o s,3900
t ɾ a s l a d a d o,1796
t ɾ a s l a d a ɾ,1270
t ɾ a s l a d a ɾ l o,550
t ɾ a s l a d a ɾ o n,754
t ɾ a s l a d a ɾ s e,697
t ɾ a s l a d o,2839
t ɾ a s l a d o,567
t ɾ a s p a s a ɾ,472
t ɾ a s p l a n t e,1087
t ɾ a s t o,1099
t ɾ a s t o ɾ n a d a,589
t ɾ a s t o ɾ n a d o,1141
t ɾ a s t o ɾ n o,1751
t ɾ a s t o ɾ n o s,612
t ɾ a s t o s,719
t ɾ a t a,91242
t ɾ a t a b a,12737
t ɾ a t a b a m o s,511
t ɾ a t a b a n,1582
t ɾ a t a b a s,772
t ɾ a t a d a,974
t ɾ a t a d o,14898
t ɾ a t a d o s,1446
t ɾ a t a l a,536
t ɾ a t a l o,717
t ɾ a t a m e,541
t ɾ a t a m j e n t o,13372
t ɾ a t a m j e n t o s,1549
t ɾ a t a m o s,6794
t ɾ a t a n,7783
t ɾ a t a n d o,55600
t ɾ a t a n d o s e,1188
t ɾ a t a ɾ,29174
t ɾ a t a ɾ a,1789
t ɾ a t a ɾ a,1818
t ɾ a t a ɾ a n,932
t ɾ a t a ɾ a s,566
t ɾ a t a ɾ e,5160
t ɾ a t a ɾ e m o s,1763
t ɾ a t a ɾ i a,1155
t ɾ a t a ɾ l a,1728
t ɾ a t a ɾ l e,496
t ɾ a t a ɾ l o,2371
t ɾ a t a ɾ l o s,946
t ɾ a t a ɾ m e,2628
t ɾ a t a ɾ n o s,634
t ɾ a t a ɾ o n,3719
t ɾ a t a ɾ s e,2542
t ɾ a t a ɾ t e,1410
t ɾ a t a s,9857
t ɾ a t a s t e,3161
t ɾ a t e,9072
t ɾ a t e,11589
t ɾ a t e m o s,1661
t ɾ a t e n,3484
t ɾ a t e s,4211
t ɾ a t o,67398
t ɾ a t o,12176
t ɾ a t o s,3064
t ɾ a u m a,5499
t ɾ a u m a s,714
t ɾ a u m a t i k a,482
t ɾ a u m a t i k o,826
t ɾ a u m a t i s m o,806
t ɾ a b e s,44307
t ɾ a b e s i a,1030
t ɾ a b e s t i,824
t ɾ a b e s u ɾ a,951
t ɾ a b e s u ɾ a s,912
t ɾ a b j e s a,1342
t ɾ a b j e s o,1888
t ɾ a b j e s o s,466
t ɾ a i e k t o,1253
t ɾ a i e k t o ɾ j a,2617
t ɾ a i e n d o,2736
t ɾ a s a d o,586
t ɾ a s a ɾ,679
t ɾ e b o l,752
t ɾ e b o l e s,454
t ɾ e s e,3987
t ɾ e tʃ o,620
t ɾ e g w a,3061
t ɾ e i n t a,11406
t ɾ e m e n d a,3407
t ɾ e m e n d a m e n t e,1265
t ɾ e m e n d o,4878
t ɾ e n,50256
t ɾ e n e s,5916
t ɾ e n s a s,815
t ɾ e p a,553
t ɾ e p a n d o,492
t ɾ e p a ɾ,1446
t ɾ e s,260774
t ɾ e s s i e n t o s,1641
t ɾ e t a,732
t ɾ i a n g w l a ɾ,574
t ɾ i a n g w l o,2006
t ɾ i b a l,1591
t ɾ i b u,7967
t ɾ i b u n a,642
t ɾ i b u n a l,16590
t ɾ i b u n a l e s,2397
t ɾ i b u n o,695
t ɾ i b u s,2328
t ɾ i b u t o,1933
t ɾ i g o,2822
t ɾ i m e s t ɾ e,1512
t ɾ i n a,828
t ɾ i n tʃ e ɾ a,1294
t ɾ i n tʃ e ɾ a s,1488
t ɾ i n e o,1793
t ɾ i n i d a d,1619
t ɾ i o,2145
t ɾ i p a,1077
t ɾ i p a s,3010
t ɾ i p l e,4435
t ɾ i p o d e,539
t ɾ i p u l a s i o n,13241
t ɾ i p u l a n t e,806
t ɾ i p u l a n t e s,988
t ɾ i s t a n,1271
t ɾ i s t e,38191
t ɾ i s t e m e n t e,1186
t ɾ i s t e s,4331
t ɾ i s t e s a,6118
t ɾ i t u ɾ a d o ɾ,537
t ɾ j u n f a,725
t ɾ j u n f a d o,731
t ɾ j u n f a ɾ,1681
t ɾ j u n f o,3763
t ɾ j u n f o s,633
t ɾ i b j a l,1052
t ɾ i s a s,1041
t ɾ o s i t o,565
t ɾ o s i t o s,547
t ɾ o f e o,2884
t ɾ o f e o s,1414
t ɾ o l,480
t ɾ o j,893
t ɾ o j s,633
t ɾ o m b o n,619
t ɾ o m p a,749
t ɾ o m p e t a,2141
t ɾ o m p e t a s,883
t ɾ o n k o,3288
t ɾ o n k o s,898
t ɾ o n o,7240
t ɾ o p a,2782
t ɾ o p a s,14206
t ɾ o p e s e,997
t ɾ o p e s a d o,569
t ɾ o p e s a ɾ,673
t ɾ o p e s o,911
t ɾ o p i k a l,1548
t ɾ o p i k a l e s,641
t ɾ o i,4131
t ɾ o i a,2159
t ɾ o s o,8344
t ɾ o s o s,3319
t ɾ u tʃ a,1471
t ɾ u tʃ a s,645
t ɾ u k o,17098
t ɾ u k o s,8164
t ɾ w e n o,2425
t ɾ w e n o s,1356
t ɾ w e k e,577
t ɾ u f a s,678
t ɾ u m a n,2465
t s u n a m i,614
t u,1823795
t u,1024729
t u b a,599
t u b e ɾ k u l o s i s,1445
t u b e ɾ i a,1834
t u b e ɾ i a s,1905
t u b o,7489
t u b o s,3422
t u k o,928
t u k s o n,903
t w e ɾ k a s,730
t w e ɾ t o,733
t u g w ɾ j o,561
t u l i p a n e s,529
t u m b a,17342
t u m b a d a,622
t u m b a d o,1404
t u m b a ɾ,717
t u m b a ɾ m e,691
t u m b a ɾ t e,458
t u m b a s,3971
t u m b a t e,1805
t u m b e s e,573
t u m o ɾ,5400
t u m o ɾ e s,1052
t u m u l t o,492
t u n e l,10204
t u n e l e s,3187
t u n i k a,1218
t u ɾ b a,653
t u ɾ b a n t e,585
t u ɾ b i n a s,496
t u ɾ b j o,510
t u ɾ b o,810
t u ɾ b u l e n s i a,1077
t u ɾ k a,621
t u ɾ k o,2630
t u ɾ k o s,1784
t u ɾ i n,802
t u ɾ i s m o,1427
t u ɾ i s t a,2685
t u ɾ i s t a s,4096
t u ɾ i s t i k a,566
t u ɾ i s t i k o,735
t u ɾ n e ɾ,6174
t u ɾ n o,23086
t u ɾ n o s,2901
t u ɾ k i a,1622
t u s,306394
t u t e l a,567
t u t o ɾ,2570
t u t o ɾ a,791
t u b e,90633
t u b j e ɾ a,28157
t u b j e ɾ a m o s,4051
t u b j e ɾ a n,3498
t u b j e ɾ a s,9118
t u b j e ɾ o n,14833
t u b j e s e,3879
t u b j e s e m o s,630
t u b j e s e s,905
t u b i m o s,29580
t u b i s t e,24821
t u b i s t e i s,469
t u b o,68462
t u i a,42229
t u i a s,5560
t u i o,58324
t u i o s,8706
t i s o n,1425
u,19620
u b i k a,467
u b i k a s i o n,6421
u b i k a d o,872
u b i k a ɾ,1067
u b i k a ɾ l o,696
u k ɾ a n j a,1012
u d,143174
u d s,42164
u f,831
u g a n d a,545
u,48913
u l s e ɾ a,1195
u l s e ɾ a s,509
u l i s e s,772
u l t i m a,8525
u l t i m a,102935
u l t i m a m e n t e,19118
u l t i m a s,1210
u l t i m a s,13696
u l t i m a t u m,839
u l t i m o,79330
u l t i m o s,30383
u l t ɾ a,1048
u l t ɾ a x e,673
u l t ɾ a s o n i d o,865
u l t ɾ a b j o l e t a,632
u m b e ɾ t o,567
u m b i l i k a l,602
u m b ɾ a l,1713
u n,6176768
u n a,4134224
u n a m o n o s,502
u n a n,1166
u n a n i m e,834
u n a n s e,1023
u n a s,102187
u n a s e,561
u n e,4847
u n e n,1840
u n e s,1082
u n e t e,3074
u n g w e n t o,504
u n i,1485
u n i k a,84008
u n i k a m e n t e,3548
u n i k a s,3555
u n i k o,122424
u n i k o ɾ n j o,1225
u n i k o ɾ n j o s,485
u n i k o s,7742
u n i d a,2725
u n i d a d,24130
u n i d a d e s,10680
u n i d a s,3360
u n i d o,5786
u n i d o s,32044
u n j e n d o,579
u n j e ɾ a,581
u n j e ɾ o n,1048
u n i f o ɾ m a d o s,730
u n i f o ɾ m e,14407
u n i f o ɾ m e s,3865
u n i m o s,1008
u n i o,2468
u n j o n,9736
u n i o s,635
u n i ɾ,3694
u n i ɾ a,1289
u n i ɾ a n,849
u n i ɾ e,715
u n i ɾ e m o s,457
u n i ɾ l o s,646
u n i ɾ m e,5101
u n i ɾ n o s,3147
u n i ɾ s e,10263
u n i ɾ s e n o s,924
u n i ɾ t e,5792
u n i s t e,661
u n i b e ɾ s a l,3558
u n i b e ɾ s i d a d,41328
u n i b e ɾ s i d a d e s,2030
u n i b e ɾ s i t a ɾ j a,1548
u n i b e ɾ s i t a ɾ j a s,497
u n i b e ɾ s i t a ɾ j o,2931
u n i b e ɾ s i t a ɾ j o s,1538
u n i b e ɾ s o,19399
u n i b e ɾ s o s,752
u n o,442653
u n o s,190250
u ɲ a,1661
u ɲ a s,7575
u ɾ a n j o,1465
u ɾ b a n a,1094
u ɾ b a n o,936
u ɾ x e n s i a,3087
u ɾ x e n s i a s,4500
u ɾ x e n t e,11098
u ɾ x e n t e m e n t e,1234
u ɾ x e n t e s,876
u ɾ n a,1066
u ɾ n a s,456
u ɾ s s,718
u s,4914
u s a,31653
u s a b a,5821
u s a b a m o s,568
u s a b a n,2098
u s a b a s,567
u s a d a,3126
u s a d a s,1153
u s a d o,12580
u s a d o s,1977
u s a l a,914
u s a l o,1393
u s a m o s,7568
u s a n,11679
u s a n d o,23548
u s a n d o l o,580
u s a ɾ,63703
u s a ɾ a,1379
u s a ɾ a,1903
u s a ɾ a n,516
u s a ɾ a n,980
u s a ɾ a s,729
u s a ɾ a s,1155
u s a ɾ e,4104
u s a ɾ e m o s,3392
u s a ɾ i a,2341
u s a ɾ l a,9314
u s a ɾ l a s,2659
u s a ɾ l o,14243
u s a ɾ l o s,3325
u s a ɾ m e,1018
u s a ɾ o n,3841
u s a ɾ s e,1906
u s a ɾ t e,1192
u s a s,8277
u s a s t e,4184
u s e,7240
u s e,5293
u s e m o s,1370
u s e n,3531
u s e s,4126
u s o,20756
u s o,10100
u s o s,719
u s t e d,605705
u s t e d e s,186294
u s w a l,2271
u s w a l e s,459
u s w a l m e n t e,3915
u s w a ɾ j o,1171
u s w a ɾ j o s,848
u t a,1960
u t e n s i l j o s,510
u t e ɾ o,1934
u t i l,14735
u t i l e s,2459
u t i l i s e,1085
u t i l i s e,760
u t i l i s e n,464
u t i l i d a d,2073
u t i l i s a,4548
u t i l i s a b a,727
u t i l i s a d a,866
u t i l i s a d o,3291
u t i l i s a d o s,499
u t i l i s a m o s,1065
u t i l i s a n,1811
u t i l i s a n d o,3378
u t i l i s a ɾ,7672
u t i l i s a ɾ l a,1230
u t i l i s a ɾ l o,1834
u t i l i s a ɾ l o s,578
u t i l i s a ɾ o n,627
u t i l i s a s,690
u t i l i s a s t e,521
u t i l i s o,1009
u t i l i s o,2330
u t o p i a,575
u b a,1626
u b a s,2284
u i,2315
b a,558648
b a k a,9559
b a k a s i o n e s,26611
b a k a n t e,1481
b a k a s,6000
b a s i a,9124
b a s i a d o,565
b a s i a ɾ,1463
b a s i a s,4040
b a s i l a ɾ,473
b a s i o,743
b a s i o,15765
b a s i o s,2984
b a k u n a,2493
b a k u n a s,910
b a g a,1314
b a g a b u n d a,653
b a g a b u n d o,4214
b a g a b u n d o s,1998
b a g a m e n t e,1004
b a g a n d o,1559
b a g a ɾ,1096
b a x i n a,5133
b a x i n a l,694
b a x i n a s,917
b a g o,4405
b a g o n,3860
b a g o n e s,1816
b a g o s,1923
b a i n a,870
b a i n i j a,2026
b a i s,12276
b a x i j a,995
b a l d ɾ a,1550
b a l d ɾ i a,1376
b a l e,212238
b a l e n,4940
b a l e n s i a,569
b a l e n t i a,3524
b a l e n t i n,5081
b a l e n t i n a,731
b a l e n t i n e,1684
b a l e n t i n o,606
b a l e ɾ,2532
b a l e ɾ j a,498
b a l e ɾ j e,3149
b a l e ɾ o s o,668
b a l e s,2133
b a l g a,3862
b a l g a m e,3233
b a l g o,1472
b a l i a,3452
b a l i d a,1293
b a l i d e s,560
b a l i d o,992
b a l i d o,1350
b a l j e n t e,19833
b a l j e n t e m e n t e,710
b a l j e n t e s,4911
b a l j e ɾ a,488
b a l i x a,1120
b a l i x a s,574
b a l j o,2464
b a l j o s a,3231
b a l j o s a s,1058
b a l j o s o,5837
b a l j o s o s,1104
b a l i u m,1369
b a j a,3069
b a j a s,982
b a j e,10247
b a j e s,731
b a l o ɾ,31777
b a l o ɾ a,920
b a l o ɾ a d o,476
b a l o ɾ a ɾ,709
b a l o ɾ a s,477
b a l o ɾ e s,5391
b a l o ɾ o,926
b a l s,1720
b a l b u l a,2357
b a l b u l a s,1090
b a m o n o s,113471
b a m o s,1174298
b a m p i ɾ o,9274
b a m p i ɾ o s,9050
b a n,179545
b a n k o u b e ɾ,827
b a n d a l i s m o,879
b a n e s s a,4946
b a n g w a ɾ d j a,1190
b a n i d a d,2170
b a n i d o s o,764
b a n o,5463
b a p o ɾ,4556
b a p o ɾ e s,594
b a k e ɾ o,6598
b a k e ɾ o s,3898
b a ɾ a,2307
b a ɾ a d o,461
b a ɾ a d o s,460
b a ɾ j a b l e,754
b a ɾ j a b l e s,896
b a ɾ j a s i o n,780
b a ɾ j a s i o n e s,742
b a ɾ j a ɾ,2636
b a ɾ j a s,19491
b a ɾ i s e l a,592
b a ɾ j e d a d,2360
b a ɾ j e d a d e s,863
b a ɾ j o s,20958
b a ɾ i t a,1656
b a ɾ o n,3677
b a ɾ o n e s,1326
b a ɾ s o b j a,1771
b a s,357561
b a s k o,461
b a s k u l a ɾ,671
b a s e k t o m i a,477
b a s i x a,691
b a s o,14617
b a s o s,4406
b a s t a,774
b a s t o,950
b a t e ɾ,647
b a t i k a n o,3141
b a i a,179315
b a i a i s,1448
b a i a m o n o s,4138
b a i a m o s,24370
b a i a n,34405
b a i a n s e,25183
b a i a s,43958
b a i a s e,22374
b e,211795
b e a,31389
b e a l o,1180
b e a m o n o s,736
b e a m o s,36866
b e a m o s l o,1381
b e a n,15419
b e a n l o,496
b e a s,12236
b e s e s,217543
b e s i n a,3976
b e s i n a s,586
b e s i n d a d,461
b e s i n d a ɾ j o,8509
b e s i n o,9638
b e s i n o s,13744
b e k t o ɾ,866
b e d a,614
b e g a,1652
b e g a s,13191
b e x e t a s i o n,714
b e x e t a l,1871
b e x e t a l e s,2087
b e x e t a ɾ j a n a,1266
b e x e t a ɾ j a n o,1563
b e i k u l o,11548
b e i k u l o s,4517
b e i a,17689
b e i a m o s,1799
b e i a n,2290
b e i a s,2060
b e i n t e,15092
b e i n t i s i n k o,2085
b e i n t i k w a t ɾ o,1112
b e i n t i d o s,891
b e i n t i o tʃ o,455
b e i n t i s j e t e,515
b e i n t i t ɾ e s,677
b e i n t j u n o,650
b e i s,4127
b e x e s t o ɾ j o,463
b e x e s,1436
b e x i g a,1395
b e l a,6834
b e l a d a,4233
b e l a ɾ,602
b e l a s,8063
b e l a t o ɾ j o,645
b e l e ɾ o,805
b e j o,1058
b e l o,3119
b e l o s e s,674
b e l o s i d a d,25168
b e l o s i d a d e s,825
b e l o s,3442
b e m o s,69212
b e n,232766
b e n a,1828
b e n a d o,1260
b e n a s,4387
b e n s e,1437
b e n s e d o ɾ,1372
b e n s e ɾ,5757
b e n s e ɾ a,522
b e n s e ɾ e m o s,738
b e n s e ɾ l o,1839
b e n s e ɾ l o s,1310
b e n s e ɾ m e,1271
b e n s e ɾ n o s,468
b e n s e ɾ t e,638
b e n s i d a,1857
b e n s i d o,6275
b e n s i d o s,1521
b e n s i m o s,454
b e n s i o,1408
b e n d a,3738
b e n d a d o s,618
b e n d a x e,849
b e n d a x e s,579
b e n d a n,893
b e n d a s,2579
b e n d e,9385
b e n d e d o ɾ,7874
b e n d e d o ɾ a,962
b e n d e d o ɾ e s,2247
b e n d e m o s,2517
b e n d e n,5379
b e n d e ɾ,23566
b e n d e ɾ a,1272
b e n d e ɾ a n,572
b e n d e ɾ e,1589
b e n d e ɾ e m o s,820
b e n d e ɾ i a,1263
b e n d e ɾ l a,3792
b e n d e ɾ l a s,1346
b e n d e ɾ l e,2448
b e n d e ɾ l e s,800
b e n d e ɾ l o,5151
b e n d e ɾ l o s,1520
b e n d e ɾ m e,2295
b e n d e ɾ n o s,687
b e n d e ɾ s e,830
b e n d e ɾ s e l o,833
b e n d e ɾ t e,1410
b e n d e s,2913
b e n d i,3936
b e n d i a,2209
b e n d i a n,658
b e n d i d a,1049
b e n d i d a s,485
b e n d i d o,7755
b e n d i d o s,766
b e n d j e n d o,7344
b e n d j e ɾ a,567
b e n d j e ɾ o n,1622
b e n d i m o s,997
b e n d j o,6097
b e n d i s t e,2478
b e n d o,4643
b e n d ɾ a,26571
b e n d ɾ a n,9413
b e n d ɾ a s,6898
b e n d ɾ e,4289
b e n d ɾ e m o s,781
b e n d ɾ i a,12633
b e n d ɾ i a n,2025
b e n d ɾ i a s,4277
b e n e s i a,4060
b e n e n o,11535
b e n e n o s,679
b e n e n o s a,1235
b e n e n o s a s,623
b e n e n o s o,1255
b e n e s w e l a,1075
b e n g a,122040
b e n g a d o ɾ,847
b e n g a d o ɾ e s,461
b e n g a n,29263
b e n g a n s a,16993
b e n g a ɾ,2062
b e n g a ɾ e,730
b e n g a ɾ m e,2912
b e n g a ɾ n o s,786
b e n g a ɾ s e,5379
b e n g a ɾ t e,2364
b e n g a s,12965
b e n g a t i b o,594
b e n g o,25609
b e n i a,13324
b e n i a m o s,1495
b e n i a n,3743
b e n i a s,2088
b e n i d,7917
b e n i d a,680
b e n i d o,75387
b e n i m o s,7800
b e n i ɾ,128277
b e n i ɾ m e,684
b e n i ɾ s e,813
b e n i ɾ t e,978
b e n i s,1668
b e n t a,13410
b e n t a x a,12056
b e n t a x a s,2964
b e n t a n a,37337
b e n t a n a s,11163
b e n t a n i j a,2029
b e n t a n i j a s,464
b e n t a s,5882
b e n t i l a s i o n,2575
b e n t i l a d o ɾ,1580
b e n t i s k a,525
b e n t ɾ i k u l a ɾ,577
b e n t u ɾ a,1134
b e n u s,3121
b e o,187517
b e ɾ,501955
b e ɾ a,4910
b e ɾ a,24399
b e ɾ a n,11317
b e ɾ a n o,27615
b e ɾ a n o s,1076
b e ɾ a s,56232
b e ɾ a s,38800
b e ɾ b a l,984
b e ɾ b o,648
b e ɾ d a d,625274
b e ɾ d a d e ɾ a,21882
b e ɾ d a d e ɾ a m e n t e,8847
b e ɾ d a d e ɾ a s,2012
b e ɾ d a d e ɾ o s,5894
b e ɾ d a d e s,1515
b e ɾ d e,27791
b e ɾ d e s,6857
b e ɾ d u g o,1684
b e ɾ d u ɾ a,712
b e ɾ d u ɾ a s,2955
b e ɾ e,37773
b e ɾ e d i k t o,4562
b e ɾ e i s,1832
b e ɾ e m o s,34486
b e ɾ g a,4306
b e ɾ g a s,745
b e ɾ g o n s o s a,770
b e ɾ g o n s o s o,4673
b e ɾ g w e n s a,21745
b e ɾ i a,6002
b e ɾ i a m o s,1155
b e ɾ i a n,1041
b e ɾ i a s,1328
b e ɾ i f i k a,1216
b e ɾ i f i k a s i o n,755
b e ɾ i f i k a d o,859
b e ɾ i f i k a m o s,475
b e ɾ i f i k a n d o,741
b e ɾ i f i k a ɾ,3642
b e ɾ i f i k a ɾ l o,1558
b e ɾ i f i k e,813
b e ɾ i f i k e,819
b e ɾ i f i k e n,556
b e ɾ x a,955
b e ɾ l a,64520
b e ɾ l a s,10298
b e ɾ l e,33815
b e ɾ l e s,3051
b e ɾ l o,116911
b e ɾ l o s,25892
b e ɾ m e,50803
b e ɾ m o n t,1494
b e ɾ n o s,26422
b e ɾ o n a,967
b e ɾ o n i k a,3215
b e ɾ o s,5350
b e r u g a s,523
b e ɾ s a j e s,623
b e ɾ s e,9879
b e ɾ s e l a s,602
b e ɾ s i k u l o,623
b e ɾ s j o n,10837
b e ɾ s j o n e s,1331
b e ɾ s o,1431
b e ɾ s o s,1447
b e ɾ t e,166302
b e ɾ t e b ɾ a,552
b e ɾ t e b ɾ a l,898
b e ɾ t e d e ɾ o,915
b e ɾ t e l a s,579
b e ɾ t i k a l,1468
b e ɾ t i g o,864
b e s,155856
b e s t i a,1308
b e s t i b u l o,3978
b e s t i d a,5584
b e s t i d a s,614
b e s t i d o,38499
b e s t i d o ɾ,754
b e s t i d o s,7516
b e s t i m e n t a,1185
b e s t i m o s,468
b e s t i ɾ,3616
b e s t i ɾ e,478
b e s t i ɾ m e,4868
b e s t i ɾ n o s,740
b e s t i ɾ s e,3796
b e s t i ɾ t e,3492
b e s t w a ɾ j o,3983
b e s t w a ɾ j o s,522
b e t a,600
b e t e,115776
b e t e ɾ a n o,2278
b e t e ɾ a n o s,2342
b e t e ɾ i n a ɾ j a,718
b e t e ɾ i n a ɾ j o,2453
b e s,806927
b i,137387
b i a,9421
b j a b l e,1091
b j a g ɾ a,1169
b j a x a,4415
b j a x a b a,1167
b j a x a d o,3288
b j a x a m o s,1520
b j a x a n,2024
b j a x a n d o,4249
b j a x a n t e,513
b j a x a ɾ,14416
b j a x a ɾ a,511
b j a x a ɾ e m o s,695
b j a x a ɾ o n,496
b j a x a s,1101
b j a x e,68488
b j a x e,927
b j a x e s i t o,465
b j a x e ɾ o,2693
b j a x e ɾ o s,1874
b j a x e s,8565
b j a x o,2070
b j a x o,1363
b i a s,4582
b i b o ɾ a,3085
b i b o ɾ a s,1015
b i b ɾ a,739
b i b ɾ a s i o n,1082
b i b ɾ a s i o n e s,1555
b i b ɾ a d o ɾ,831
b i k a ɾ j o,567
b i s e,1474
b i s e n t e,512
b i s e p ɾ e s i d e n t e,5240
b i s e b e ɾ s a,914
b i s i o,1750
b i s i o s,1399
b i s i o s o,983
b i k t i m a,28830
b i k t i m a s,18675
b i k t o ɾ,6363
b i k t o ɾ j a,23935
b i k t o ɾ j a s,1768
b i k t o ɾ j o s o,760
b i d a,509483
b i d a s,38818
b i d e n t e,1307
b i d e o,5037
b i d e o x w e g o,714
b i d e o x w e g o s,1505
b i d e o s,1042
b i d ɾ j o,5959
b i d ɾ j o s,1192
b j e x a,38904
b j e x a s,8698
b j e x i t a,546
b j e x i t o,501
b j e x o,136698
b j e x o s,26896
b j e n a,3997
b j e n d o,36584
b j e n d o l a,1069
b j e n d o l o,2013
b j e n d o l o s,511
b j e n d o m e,1221
b j e n d o n o s,1158
b j e n d o s e,756
b j e n d o t e,2059
b j e n e,130829
b j e n e n,43438
b j e n e s,35823
b j e n t o,25476
b j e n t o s,3610
b j e n t ɾ e,3844
b j e ɾ a,7615
b j e ɾ a m o s,652
b j e ɾ a n,2171
b j e ɾ a s,2892
b j e ɾ n e s,21894
b j e ɾ o n,18040
b j e s e,997
b j e t k o n g,747
b j e t n a m,8767
b j e t n a m i t a,827
b j e t n a m i t a s,1022
b i g a,859
b i g a s,763
b i x i a,820
b i x i l a,7068
b i x i l a b a,626
b i x i l a d,512
b i x i l a d a,1078
b i x i l a d o,2439
b i x i l a d o s,558
b i x i l a l a,870
b i x i l a l o,1901
b i x i l a l o s,696
b i x i l a m o s,627
b i x i l a n,1540
b i x i l a n s i a,12168
b i x i l a n d o,7852
b i x i l a n d o l o,694
b i x i l a n d o m e,562
b i x i l a n d o t e,593
b i x i l a n t e,4004
b i x i l a n t e s,1634
b i x i l a ɾ,5496
b i x i l a ɾ e,1135
b i x i l a ɾ e m o s,452
b i x i l a ɾ l a,1013
b i x i l a ɾ l o,1933
b i x i l a ɾ l o s,764
b i x i l a ɾ m e,799
b i x i l a ɾ t e,794
b i x i l a s,482
b i x i l e,1879
b i x i l e n,1600
b i x i l e s,504
b i x i l j a,586
b i x i l o,861
b i g o ɾ,1326
b i k i n g o,830
b i k i n g o s,805
b i l,2684
b i l e s,579
b i j a,6570
b i j a n o,2940
b i j a n o s,1912
b i m o s,17011
b i n a g ɾ e,1200
b i n k u l a d o,622
b i n k u l o,2804
b i n k u l o s,886
b i n e,45050
b i n j e n d o,10833
b i n j e ɾ a,8493
b i n j e ɾ a n,1716
b i n j e ɾ a s,5504
b i n j e ɾ o n,13425
b i n j e s e,937
b i n i m o s,9671
b i n i s t e,18059
b i n o,93731
b i n o s,2227
b i ɲ a,460
b i ɲ e d o,699
b j o,54010
b j o l a,2134
b j o l a s i o n,8594
b j o l a s i o n e s,1459
b j o l a d a,2006
b j o l a d o,2424
b j o l a d o ɾ,2373
b j o l a d o ɾ e s,1020
b j o l a n,534
b j o l a n d o,1588
b j o l a ɾ,3171
b j o l a ɾ l a,722
b j o l a ɾ m e,1133
b j o l a ɾ o n,1413
b j o l a ɾ t e,506
b j o l a s t e,808
b j o l e,510
b j o l e n s i a,16204
b j o l e n t a,3100
b j o l e n t a m e n t e,1005
b j o l e n t a s,1102
b j o l e n t o,6166
b j o l e n t o s,2907
b j o l e t a,1909
b j o l e t a s,741
b j o l i n,3592
b j o l i n e s,505
b j o l i n i s t a,927
b j o l o,3266
b j o l o n tʃ e l o,613
b i p,1388
b i ɾ a,634
b i ɾ a l,817
b i ɾ a ɾ,511
b i ɾ x e n,13490
b i ɾ x e n e s,1856
b i ɾ x i n j a,6504
b i ɾ x i n i d a d,2582
b i ɾ i l i d a d,602
b i r e i,1214
b i ɾ t w a l,1612
b i ɾ t w a l m e n t e,913
b i ɾ t u d,3471
b i ɾ t u d e s,1627
b i ɾ t u o s a,499
b i ɾ t u o s o,636
b i ɾ w e l a,1250
b i ɾ u s,14660
b i s a,2005
b i s a d o,799
b i s a s,520
b i s i b i l i d a d,907
b i s i b l e,2071
b i s i b l e s,902
b i s j o n,16229
b i s j o n a ɾ j o,635
b i s j o n e s,4397
b i s i t a,27387
b i s i t a b a,832
b i s i t a d o,1962
b i s i t a m o s,630
b i s i t a n,649
b i s i t a n d o,2037
b i s i t a n o s,1106
b i s i t a n t e,2727
b i s i t a n t e s,4928
b i s i t a ɾ,11604
b i s i t a ɾ e,616
b i s i t a ɾ l a,2787
b i s i t a ɾ l e,934
b i s i t a ɾ l o,2686
b i s i t a ɾ l o s,1012
b i s i t a ɾ m e,4921
b i s i t a ɾ n o s,3361
b i s i t a ɾ t e,3572
b i s i t a s,9777
b i s i t e,1085
b i s i t e,690
b i s i t o,720
b i s i t o,1915
b i s o n,784
b i s o ɾ,634
b i s p e ɾ a,1849
b i s p e ɾ a s,579
b i s t a,53222
b i s t a n s e,659
b i s t a s,3143
b i s t a s e,892
b i s t a s o,27893
b i s t e,57794
b i s t e i s,695
b i s t e n,1174
b i s t e s,2193
b i s t e t e,6655
b i s t j e n d o,1669
b i s t j o,516
b i s t o,230072
b i s t o s,1581
b i s w a l,5498
b i s w a l e s,750
b i t a,489
b i t a l,5532
b i t a l e s,3504
b i t a l i d a d,616
b i t a m i n a,1021
b i t a m i n a s,2173
b i t ɾ i n a,641
b j u d a,7324
b j u d a s,1191
b j u d o,878
b i b a,35742
b i b a m o s,1438
b i b a n,2236
b i b a s,4401
b i b e,53234
b i b e n,15475
b i b e ɾ e s,909
b i b e s,15834
b i b i,3370
b i b i a,13691
b i b i a m o s,1997
b i b i a n,2890
b i b i a s,1164
b i b i d o,12332
b i b j e n d a,1577
b i b j e n d a s,1074
b i b j e n d o,20433
b i b j e n t e,3258
b i b j e n t e s,1322
b i b j e ɾ a,1664
b i b j e ɾ o n,1873
b i b i m o s,12540
b i b j o,5272
b i b i ɾ,101166
b i b i ɾ a,4219
b i b i ɾ a n,1284
b i b i ɾ a s,2402
b i b i ɾ e,2931
b i b i ɾ e m o s,2362
b i b i ɾ i a,1450
b i b i ɾ l a,1204
b i b i ɾ l o,594
b i b i s,677
b i b i s t e,921
b i b o,84815
b i b o s,17036
b i s k o n d e,513
b l a d,874
b l a d i m i ɾ,1563
b o k a b u l a ɾ j o,1610
b o k a s i o n,1497
b o k a l,983
b o k a l e s,1046
b o s e ɾ o,541
b o s e s,7865
b o d k a,6304
b o g e,772
b o l a b a,1012
b o l a d o,2877
b o l a d o ɾ,2275
b o l a d o ɾ a,1161
b o l a d o ɾ a s,853
b o l a d o ɾ e s,1277
b o l a m o s,1924
b o l a n d o,12621
b o l a n t e,5409
b o l a n t e s,943
b o l a ɾ,29584
b o l a ɾ a,533
b o l a ɾ a,1314
b o l a ɾ a n,644
b o l a ɾ e,1915
b o l a ɾ e m o s,977
b o l a ɾ i a,473
b o l a ɾ l e,641
b o l a ɾ l o,1196
b o l a ɾ m e,592
b o l a ɾ o n,1554
b o l a ɾ t e,846
b o l a s t e,651
b o l a t i l,469
b o l k a n,2366
b o l k a n e s,701
b o l d e m o ɾ t,1605
b o l e,1262
b o l e i b o l,551
b o l e m o s,572
b o l k s w a x e n,550
b o l o,4139
b o l t a x e,845
b o l t e a,1011
b o l t e a ɾ,728
b o l t e a t e,1387
b o l t j o s,972
b o l u m e n,4927
b o l u m e n e s,459
b o l u n t a d,20183
b o l u n t a ɾ j a,1896
b o l u n t a ɾ j a m e n t e,2194
b o l u n t a ɾ j o,5011
b o l u n t a ɾ j o s,4119
b o l b a i s,667
b o l b a m o s,13698
b o l b e d,3228
b o l b e i s,498
b o l b e m o s,10944
b o l b e ɾ,145291
b o l b e ɾ a,27715
b o l b e ɾ a n,6515
b o l b e ɾ a s,11031
b o l b e ɾ e,36729
b o l b e ɾ e m o s,13918
b o l b e ɾ i a,8745
b o l b e ɾ i a m o s,906
b o l b e ɾ i a n,759
b o l b e ɾ i a s,2136
b o l b e ɾ l a,1116
b o l b e ɾ l e,640
b o l b e ɾ l o,2399
b o l b e ɾ l o s,522
b o l b e ɾ m e,5028
b o l b e ɾ n o s,1311
b o l b e ɾ s e,7177
b o l b e ɾ t e,4684
b o l b i,14088
b o l b i a,4787
b o l b i a m o s,524
b o l b i a n,910
b o l b i a s,484
b o l b j e n d o,16643
b o l b j e n d o m e,988
b o l b j e n d o s e,1345
b o l b j e ɾ a,4465
b o l b j e ɾ a m o s,485
b o l b j e ɾ a n,765
b o l b j e ɾ a s,1541
b o l b j e ɾ o n,6564
b o l b j e s e,726
b o l b i m o s,3706
b o l b j o,30875
b o l b i s t e,8293
b o l b o,706
b o m i t a,630
b o m i t a d o,675
b o m i t a n d o,1341
b o m i t a ɾ,7149
b o m i t e,479
b o m i t e,878
b o m i t o,906
b o m i t o,1064
b o m i t o,2430
b o m i t o s,686
b o ɾ t i s e,783
b o s,27380
b o s o t ɾ a s,4089
b o s o t ɾ o s,45525
b o t a,1285
b o t a s i o n,3305
b o t a d o,1077
b o t a m o s,602
b o t a n,613
b o t a n t e s,1619
b o t a ɾ,5313
b o t a ɾ o n,646
b o t e,996
b o t e,779
b o t e m o s,595
b o t e n,967
b o t o,9876
b o t o,978
b o t o s,9072
b o i,660269
b o s,56180
b u d u,1741
b w e l a,8155
b w e l a n,3270
b w e l a s,1069
b w e l e,1771
b w e l e n,1348
b w e l o,33416
b w e l o s,2892
b w e l t a,100836
b w e l t a s,13527
b w e l t o,56712
b w e l b a,38262
b w e l b a n,12991
b w e l b a s,18850
b w e l b a s e,577
b w e l b e,67729
b w e l b e l o,478
b w e l b e n,10066
b w e l b e s,13685
b w e l b e t e,2328
b w e l b o,31578
b w e s t ɾ a,23833
b w e s t ɾ a s,8720
b w e s t ɾ o,23379
b w e s t ɾ o s,10925
b u l k a n o,1852
b u l g a ɾ,4382
b u l g a ɾ e s,725
b u l n e ɾ a b i l i d a d,524
b u l n e ɾ a b l e,3845
b u l n e ɾ a b l e s,1611
w a s j n g t o n,21753
w a t e ɾ l o o,992
w a t s o n,5828
w e b,5736
w j s k i,15750
w i n d o w s,597
w i s k o n s i n,1578
k s a b j e ɾ,1346
k s e n a,3152
i,7641362
i a,1281584
i a s e,2718
i a s e n,626
i a s i a,631
i a k u s a,1431
i a l e,3054
i a n k e e,1030
i a n k i,1945
i a ɾ d a,517
i a ɾ d a s,2712
i a t e,3365
i a t e s,1062
i e g w a,1772
i e n,1403
i e n d o,22726
i e n d o s e,1287
i e ɾ b a,1039
i e ɾ n o,2133
i e s o,1705
i o,2133592
i o d a,1542
i o d o,551
i o g a,2611
i o g w ɾ,853
i o l a n d a,564
i o n k i,481
i o ɾ k,59292
i o ɾ k ʃ i ɾ e,743
i o u t u b e,999
i u g o,498
i u g o s l a b j a,829
i u g w l a ɾ,617
i b o n n e,1313
s a f i ɾ o,514
s a n a o ɾ j a,1847
s a n a o ɾ j a s,1770
s a n x a,1628
s a p a t e ɾ o,651
s a p a t i j a,601
s a p a t i j a s,3594
s a p a t o,6925
s a p a t o s,32736
s a ɾ,2542
s a ɾ a,1815
s a ɾ p a,576
s a ɾ p a ɾ,1300
s a s,557
s e t a,1106
s e u s,2727
s i g g i,1184
s o d j a k o,931
s o e,5808
s o m b i,1535
s o m b j e,1069
s o m b j e s,1032
s o n a,36331
s o n a s,3928
s o o,2306
s o o l o x i k o,3558
s o o m,698
s o k e t e,513
s o r a,10630
s o r a s,1253
s o r o,4732
s o r o s,844
s u m b a n d o,525
s u m b i d o,1156
s u m o,2939
s u ɾ d o,1430
s u ɾ i tʃ,923
