a1,10445760
a a ɾ o1 n,632
a b a1 d,973
a b a d i1 a,1149
a b a1 x o,105998
a b a n d o1 n a,3523
a b a n d o n a1 d a,2958
a b a n d o n a1 d a s,504
a b a n d o n a1 d o,9484
a b a n d o n a1 d o s,1406
a b a n d o n a1 m o s,981
a b a n d o1 n a n,1240
a b a n d o n a1 n d o,1242
a b a n d o n a1 ɾ,12030
a b a n d o n a1 ɾ a,522
a b a n d o n a ɾ a1,922
a b a n d o n a ɾ e1,1218
a b a n d o n a ɾ i1 a,695
a b a n d o n a1 ɾ l a,1194
a b a n d o n a1 ɾ l o,1784
a b a n d o n a1 ɾ l o s,730
a b a n d o n a1 ɾ m e,1718
a b a n d o n a1 ɾ n o s,585
a b a n d o n a1 ɾ o n,1668
a b a n d o n a1 ɾ t e,1152
a b a n d o1 n a s,1101
a b a n d o n a1 s t e,1992
a b a n d o1 n e,2321
a b a n d o n e1,1748
a b a n d o1 n e n,1788
a b a n d o1 n e s,1747
a b a n d o1 n o,2747
a b a n d o n o1,6322
a b a n i1 k o,707
a b a1 ɾ k a,537
a b a s t e s i m j e1 n t o,661
a b a t i1 d o,1191
a b d o1 m e n,1749
a b d o m i n a1 l,1245
a b d o m i n a1 l e s,1165
a b e1 x a,2936
a b e1 x a s,3800
a b e r a s j o1 n,505
a b e ɾ t u1 ɾ a,948
a b j e1 ɾ t a,19633
a b j e ɾ t a m e1 n t e,1793
a b j e1 ɾ t a s,3793
a b j e1 ɾ t o,21390
a b j e1 ɾ t o s,8028
a b i1 s m o,3035
a b o g a s i1 a,573
a b o g a1 d a,5033
a b o g a1 d o,50651
a b o g a1 d o s,12384
a b o m i n a1 b l e,878
a b o m i n a s j o1 n,887
a b o1 n o,952
a b o ɾ d a1 x e,699
a b o ɾ d a1 n d o,552
a b o ɾ d a1 ɾ,2186
a b o1 ɾ d o,2186
a b o ɾ t a1 ɾ,1750
a b o1 ɾ t e n,671
a b o1 ɾ t o,3164
a b o1 ɾ t o s,635
a1 b ɾ a,14164
a b ɾ a k a d a1 b ɾ a,667
a b ɾ a a1 m,2874
a1 b ɾ a l a,609
a1 b ɾ a l o,614
a b ɾ a1 m o s,981
a1 b ɾ a n,15135
a1 b ɾ a s,3627
a b ɾ a1 s a,1139
a b ɾ a s a1 d o,479
a b ɾ a1 s a m e,4705
a b ɾ a s a1 n d o,630
a b ɾ a s a1 ɾ,1786
a b ɾ a s a1 ɾ l a,896
a b ɾ a s a1 ɾ l o,729
a b ɾ a s a1 ɾ m e,1218
a b ɾ a s a1 ɾ t e,2536
a b ɾ a1 s o,7459
a b ɾ a s o1,733
a b ɾ a1 s o s,1550
a1 b ɾ e,44869
a1 b ɾ e l a,3275
a1 b ɾ e l o,4228
a1 b ɾ e l o s,633
a1 b ɾ e m e,1144
a1 b ɾ e n,3227
a1 b ɾ e s,3314
a1 b ɾ e t e,1051
a b ɾ i1,3803
a b ɾ i1 a,1081
a b ɾ i1 d,2488
a b ɾ j e1 n d o,3288
a b ɾ j e1 n d o s e,860
a b ɾ j e1 ɾ a,990
a b ɾ j e1 ɾ o n,2386
a b ɾ i1 g o,15912
a b ɾ i1 g o s,2030
a b ɾ i1 l,7295
a b ɾ i1 m o s,3145
a b ɾ j o1,8266
a b ɾ i1 ɾ,30726
a b ɾ i ɾ a1,2538
a b ɾ i ɾ a1 n,942
a b ɾ i ɾ e1,2817
a b ɾ i ɾ e1 m o s,1408
a b ɾ i ɾ i1 a,518
a b ɾ i1 ɾ l a,4894
a b ɾ i1 ɾ l a s,600
a b ɾ i1 ɾ l e,1759
a b ɾ i1 ɾ l o,4795
a b ɾ i1 ɾ l o s,836
a b ɾ i1 ɾ m e,1958
a b ɾ i1 ɾ n o s,700
a b ɾ i1 ɾ s e,3506
a b ɾ i1 ɾ t e,1726
a b ɾ i1 s t e,1794
a1 b ɾ o,3849
a b ɾ o1 tʃ a t e,1180
a b ɾ o1 tʃ e n s e,1014
a b ɾ o1 tʃ e s e,454
a b ɾ u m a1 d a,528
a b ɾ u m a1 d o,837
a b ɾ u m a d o1 ɾ,698
a b ɾ u m a d o1 ɾ a,550
a b s o l u s j o1 n,933
a b s o l u t a m e1 n t e,25109
a b s o l u1 t o,24147
a b s o1 ɾ b e,841
a b s o ɾ b e1 ɾ,844
a b s o ɾ b i1 d o,573
a b s t i n e1 n s j a,1250
a b s t ɾ a1 k t o,623
a b s w e1 l t o,742
a b s u1 ɾ d a,2107
a b s u1 ɾ d a s,766
a b s u1 ɾ d o,9039
a b w e1 l a,40125
a b w e1 l a s,565
a b w e l i1 t a,3122
a b w e l i1 t o,959
a b w e1 l o,37146
a b w e1 l o s,3031
a b u1 n d a n,474
a b u n d a1 n s j a,1603
a b u n d a1 n t e,976
a b u1 r e,1746
a b u1 r e n,636
a b u1 r e s,957
a b u r i1 a,453
a b u r i1 d a,6105
a b u r i1 d a s,1394
a b u r i1 d o,14673
a b u r i1 d o s,1974
a b u r j e1 n d o,903
a b u r i m j e1 n t o,2293
a b u r i1 ɾ m e,743
a b u r i1 ɾ s e,459
a b u r i1 ɾ t e,693
a b u1 r o,1465
a b u1 s a,483
a b u s a1 d o,750
a b u s a d o1 ɾ,561
a b u s a1 n d o,656
a b u s a1 ɾ,1365
a b u s i1 b o,507
a b u1 s o,4086
a b u s o1,551
a b u1 s o s,1322
a k a1,63604
a k a1 b a,65795
a k a b a1 b a,4622
a k a b a1 b a m o s,491
a k a b a1 b a n,653
a k a b a1 d a,2052
a k a b a1 d o,29752
a k a b a1 d o s,1928
a k a1 b a l o,1292
a k a b a1 m o s,15676
a k a1 b a n,14831
a k a b a1 n d o,3401
a k a b a1 ɾ,28346
a k a b a1 ɾ a,1939
a k a b a ɾ a1,7325
a k a b a1 ɾ a n,462
a k a b a ɾ a1 n,1685
a k a b a ɾ a1 s,2207
a k a b a ɾ e1,2709
a k a b a ɾ e1 m o s,2221
a k a b a ɾ i1 a,2372
a k a b a1 ɾ l o,1312
a k a b a1 ɾ o n,6085
a k a b a1 ɾ s e,1199
a k a1 b a s,19976
a k a b a1 s t e,2323
a k a1 b e,12215
a k a b e1,3763
a k a b e1 m o s,4063
a k a1 b e n,2179
a k a1 b e s,2003
a k a1 b o,58664
a k a b o1,52443
a k a d e1 m j a,7165
a k a d e1 m i k a,628
a k a d e1 m i k o,1320
a k a m p a1 ɾ,1976
a k a m p a ɾ e1 m o s,469
a k a n t i l a1 d o,1754
a k a n t i l a1 d o s,570
a k a ɾ i1 s j a,570
a k a ɾ i s j a1 ɾ,663
a k a1 s o,31748
a k s e1 d e,660
a k s e d e1 ɾ,4516
a k s e d i1,617
a k s e d i1 d o,1066
a k s e d j o1,1190
a k s e s i1 b l e,837
a k s e1 s o,19051
a k s e s o1 ɾ j o,589
a k s e s o1 ɾ j o s,1327
a k s e1 s o s,508
a k s i d e n t a1 l,1821
a k s i d e n t a l m e1 n t e,3016
a k s i d e1 n t e,51415
a k s i d e1 n t e s,4893
a k s j o1 n,31288
a k s j o1 n e s,16784
a k s j o n i1 s t a,559
a k s j o n i1 s t a s,1640
a s e1 tʃ a,774
a s e tʃ a1 n d o,881
a s e1 tʃ o,895
a s e1 i t e,9600
a s e i1 t u n a s,1169
a s e l e1 ɾ a,3390
a s e l e ɾ a s j o1 n,834
a s e l e ɾ a1 d o,1243
a s e l e ɾ a d o1 ɾ,2408
a s e l e ɾ a1 n d o,864
a s e l e ɾ a1 ɾ,2011
a s e1 n t o,6065
a s e1 p t a,9498
a s e p t a1 b a,743
a s e p t a1 b l e,2760
a s e p t a s j o1 n,1311
a s e p t a1 d a,1773
a s e p t a1 d a s,496
a s e p t a1 d o,7219
a s e1 p t a l o,3266
a s e p t a1 m o s,2969
a s e1 p t a n,2877
a s e p t a1 n d o,1271
a s e p t a1 ɾ,21224
a s e p t a1 ɾ a,1162
a s e p t a ɾ a1,2392
a s e p t a ɾ a1 n,909
a s e p t a ɾ a1 s,625
a s e p t a ɾ e1,3304
a s e p t a ɾ e1 m o s,564
a s e p t a ɾ i1 a,2332
a s e p t a ɾ i1 a s,538
a s e p t a1 ɾ l a,1654
a s e p t a1 ɾ l o,10350
a s e p t a1 ɾ l o s,478
a s e p t a1 ɾ m e,818
a s e p t a1 ɾ o n,1801
a s e p t a1 ɾ t e,523
a s e1 p t a s,4699
a s e p t a1 s t e,1582
a s e1 p t e,4238
a s e p t e1,3249
a s e1 p t e l o,515
a s e p t e1 m o s l o,464
a s e1 p t e n,1194
a s e1 p t e s,1574
a s e1 p t o,12685
a s e p t o1,4447
a s e1 ɾ a,3064
a s e1 ɾ k a,74290
a s e ɾ k a1 b a,1365
a s e ɾ k a1 d o,1146
a s e1 ɾ k a m e,761
a s e ɾ k a m j e1 n t o,1675
a s e ɾ k a1 m o s,2421
a s e1 ɾ k a n,3709
a s e ɾ k a1 n d o,4471
a s e ɾ k a1 n d o m e,484
a s e ɾ k a1 n d o n o s,1080
a s e ɾ k a1 n d o s e,5474
a s e ɾ k a1 o s,1344
a s e ɾ k a1 ɾ,1546
a s e ɾ k a1 ɾ a,638
a s e ɾ k a ɾ a1,618
a s e ɾ k a ɾ e1,563
a s e ɾ k a1 ɾ m e,6261
a s e ɾ k a1 ɾ n o s,3424
a s e ɾ k a1 ɾ o n,493
a s e ɾ k a1 ɾ s e,9157
a s e ɾ k a1 ɾ t e,4627
a s e1 ɾ k a s,1830
a s e1 ɾ k a t e,13031
a s e1 ɾ k o,1795
a s e ɾ k o1,3614
a s e1 ɾ o,9697
a s e1 ɾ k e,4848
a s e ɾ k e1,1345
a s e1 ɾ k e n,2418
a s e1 ɾ k e n s e,4798
a s e1 ɾ k e s,6931
a s e1 ɾ k e s e,3491
a s e ɾ t a1 d a,684
a s e ɾ t a1 d o,1805
a s e ɾ t a1 ɾ,756
a s e ɾ t a1 s t e,601
a s e ɾ t e1,582
a s e ɾ t i1 x o,1579
a s e ɾ t i1 x o s,926
a s e ɾ t o1,602
a s i d e1 s,548
a1 s i d o,4883
a s j e1 ɾ t a,556
a s j e1 ɾ t o,755
a k l a1 ɾ a,903
a k l a ɾ a1 d o,1142
a k l a ɾ a1 ɾ,5850
a k l a ɾ a ɾ a1,467
a k l a ɾ a1 ɾ l e,462
a k l a ɾ a1 ɾ l o,1586
a k l a ɾ a1 ɾ m e,637
a k l a ɾ a1 ɾ t e,672
a k l a1 ɾ e,885
a k l a ɾ e1 m o s,1030
a g n e1,540
a k o x e d o1 ɾ,1521
a k o x e d o1 ɾ a,619
a k o x i1 d a,1459
a k o m o d a1 ɾ,669
a k o m o1 d a t e,459
a k o m p a1 j a,3950
a k o m p a j a1 b a,614
a k o m p a j a1 d a,990
a k o m p a j a1 d o,2116
a k o m p a1 j a m e,2957
a k o m p a1 j a n,984
a k o m p a1 j a n o s,943
a k o m p a j a1 n t e,2784
a k o m p a j a1 n t e s,879
a k o m p a j a1 ɾ,2428
a k o m p a j a1 ɾ a,786
a k o m p a j a ɾ a1,1669
a k o m p a j a ɾ e1,2267
a k o m p a j a1 ɾ l a,1862
a k o m p a j a1 ɾ l e,959
a k o m p a j a1 ɾ l o,1566
a k o m p a j a1 ɾ l o s,880
a k o m p a j a1 ɾ m e,7400
a k o m p a j a1 ɾ n o s,4088
a k o m p a j a1 ɾ t e,3449
a k o m p a1 j a s,1601
a k o m p a1 j e,5151
a k o m p a1 j e m e,2871
a k o m p a1 j e n,714
a k o m p a1 j e m m e,897
a k o m p a1 j e n o s,1163
a k o m p a1 j e s,660
a k o m p a1 j o,4509
a k o m p a j o1,851
a k o n d i s j o n a1 d o,3245
a k o n d i s j o n a d o1 ɾ,465
a k o n s e1 x a,724
a k o n s e x a1 d o,459
a k o n s e x a1 ɾ,509
a k o n s e x a ɾ i1 a,514
a k o n s e x a1 ɾ l e,510
a k o n s e x a1 ɾ m e,466
a k o n s e x a1 ɾ t e,499
a k o n s e1 x o,3190
a k o n s e x o1,611
a k o n t e s i m j e1 n t o,2056
a k o n t e s i m j e1 n t o s,2776
a k o p l a m j e1 n t o,469
a k o ɾ a s a1 d o,720
a k o ɾ d a1 d o,3188
a k o ɾ d a1 i s,506
a k o ɾ d a1 m o s,4058
a k o ɾ d a1 ɾ,2014
a k o ɾ d a ɾ a1,658
a k o ɾ d a ɾ a1 s,645
a k o ɾ d a ɾ e1,579
a k o ɾ d a1 ɾ m e,2909
a k o ɾ d a1 ɾ o n,465
a k o ɾ d a1 ɾ s e,1192
a k o ɾ d a1 ɾ t e,1218
a k o ɾ d a1 s t e,665
a k o1 ɾ d e,1454
a k o ɾ d e1,1397
a k o ɾ d e o1 n,537
a k o1 ɾ d e s,668
a k o ɾ d o1,938
a k o r a l a1 d o,672
a k o ɾ t a1 ɾ,537
a k o1 s a,488
a k o s a1 d o,535
a k o s a d o1 ɾ,1221
a k o s a1 n d o,1124
a k o s a1 ɾ,586
a k o s a1 ɾ m e,536
a k o1 s o,2537
a k o s t a1 b a,1127
a k o s t a1 d a,1146
a k o s t a1 d o,5473
a k o s t a1 m o s,1072
a k o s t a1 n d o,1333
a k o s t a1 n d o m e,478
a k o s t a1 n d o s e,966
a k o s t a1 n d o t e,686
a k o s t a1 ɾ,2427
a k o s t a ɾ e1,652
a k o s t a ɾ i1 a,525
a k o s t a1 ɾ m e,8913
a k o s t a1 ɾ n o s,1691
a k o s t a1 ɾ s e,8490
a k o s t a1 ɾ t e,7867
a k o s t a1 s t e,2990
a k o s t e1,3011
a k o s t u1 m b ɾ a,1251
a k o s t u m b ɾ a1 b a,932
a k o s t u m b ɾ a1 d a,3474
a k o s t u m b ɾ a1 d o,6397
a k o s t u m b ɾ a1 d o s,1521
a k o s t u m b ɾ a1 n d o,881
a k o s t u m b ɾ a1 ɾ,525
a k o s t u m b ɾ a ɾ a1 s,921
a k o s t u m b ɾ a1 ɾ m e,3148
a k o s t u m b ɾ a1 ɾ s e,2734
a k o s t u m b ɾ a1 ɾ t e,1612
a k o s t u1 m b ɾ a s,1086
a k o s t u1 m b ɾ a t e,1702
a k o s t u m b ɾ e1,553
a k o s t u1 m b ɾ e s,654
a k o s t u1 m b ɾ o,1168
a1 k ɾ e,488
a k ɾ e e d o1 ɾ e s,584
a1 k ɾ e s,1434
a k ɾ o b a1 s j a s,494
a k ɾ o1 b a t a,576
a1 k t a,2482
a1 k t a s,481
a k t i t u1 d,12083
a k t i t u1 d e s,657
a k t i1 b a,3982
a k t i b a s j o1 n,908
a k t i b a1 d a,1321
a k t i b a1 d o,2977
a k t i b a1 d o s,722
a k t i b a1 n d o,1104
a k t i b a1 ɾ,2504
a k t i b a ɾ a1,482
a k t i1 b a s,485
a k t i1 b e,975
a k t i1 b e n,956
a k t i b i d a1 d,9288
a k t i b i1 s t a,762
a k t i b i1 s t a s,592
a k t i1 b o,4512
a k t i b o1,1078
a k t i1 b o s,2199
a1 k t o,19058
a k t o1 ɾ,13728
a k t o1 ɾ e s,8074
a1 k t o s,7095
a k t ɾ i1 s e s,1326
a k t ɾ i1 s,8977
a k t u1 a,6996
a k t w a1 b a,1424
a k t w a s j o1 n,9286
a k t w a s j o1 n e s,1080
a k t w a1 d o,2193
a k t w a1 l,9099
a k t w a1 l e s,1658
a k t w a l i d a1 d,1715
a k t w a l i s a s j o1 n,1025
a k t w a l i s a s j o1 n e s,455
a k t w a l i s a1 ɾ,575
a k t w a l m e1 n t e,5554
a k t w a1 m o s,1352
a k t u1 a n,1990
a k t w a1 n d o,8014
a k t w a1 ɾ,20171
a k t w a ɾ a1,523
a k t u1 a s,3332
a k t w a1 s t e,628
a k t w e1,1103
a k t u1 e,1406
a k t w e1 m o s,482
a k t u1 e n,735
a k t u1 e s,1064
a k t w o1,1940
a k t u1 o,1210
a k w a1 ɾ j o,1745
a k w a1 t i k o,892
a k u1 d a,738
a k u1 d e,838
a k u1 d e n,508
a k u d i1 d o,688
a k u d j o1,846
a k u d i1 ɾ,2468
a k w e1 ɾ d a,5709
a k w e1 ɾ d a n,1177
a k w e1 ɾ d a s,22260
a k w e1 ɾ d a t e,4509
a k w e1 ɾ d e,660
a k w e1 ɾ d e n s e,495
a k w e1 ɾ d e s,553
a k w e1 ɾ d e s e,649
a k w e1 ɾ d o,352549
a k w e1 ɾ d o s,1352
a k w e1 s t a,2182
a k w e1 s t a n,586
a k w e1 s t a s,2140
a k w e1 s t a t e,5205
a k w e1 s t e,920
a k w e1 s t e s,713
a k w e1 s t e s e,921
a k w e1 s t o,1734
a k u m u l a s j o1 n,527
a k u m u l a1 d o,563
a k u m u l a1 n d o,626
a k u m u l a1 ɾ,500
a k u1 s a,3442
a k u s a s j o1 n,5590
a k u s a s j o1 n e s,4017
a k u s a1 d a,2182
a k u s a1 d o,11453
a k u s a1 d o s,2385
a k u1 s a n,1616
a k u s a1 n d o,1696
a k u s a1 ɾ,2200
a k u s a1 ɾ l o,1356
a k u s a1 ɾ m e,2120
a k u s a1 ɾ o n,906
a k u s a1 ɾ t e,850
a k u1 s a s,744
a k u1 s e,485
a k u1 s o,945
a k u s o1,1323
a k u1 s t i k a,528
a d a1 n,2293
a d a1 p t a,491
a d a p t a s j o1 n,973
a d a p t a1 d o,780
a d a p t a1 ɾ,478
a d a p t a1 ɾ m e,766
a d a p t a1 ɾ s e,2893
a d a p t a1 ɾ t e,644
a d e k w a1 d a,5640
a d e k w a d a m e1 n t e,1507
a d e k w a1 d a s,1081
a d e k w a1 d o,9499
a d e k w a1 d o s,1009
a d e l a1 n t a,866
a d e l a n t a1 d o,4584
a d e l a n t a1 n d o,505
a d e l a n t a1 ɾ,1024
a d e l a n t a1 ɾ m e,744
a d e l a n t a1 ɾ n o s,636
a d e l a n t a1 ɾ s e,648
a d e l a1 n t a t e,1324
a d e l a1 n t e,129612
a d e l a1 n t e n s e,518
a d e l a1 n t o,2413
a d e l a n t o1,818
a d e l g a s a1 ɾ,458
a d e m a1 s,77255
a d e1 n t ɾ o,45781
a d e ɾ e1 s o,463
a d e s i1 b a,1129
a d i k s j o1 n,2378
a d i s j o n a1 l,2264
a d i s j o n a1 l e s,1531
a d i1 k t a,1910
a d i1 k t o,4657
a d i1 k t o s,1895
a d j e s t ɾ a m j e1 n t o,479
a d i n e ɾ a1 d o,472
a d j o1 s,159209
a d i b i1 n a,11547
a d i b i n a1 d o,1459
a d i b i n a1 n d o,599
a d i b i n a1 n s a,583
a d i b i n a1 n s a s,608
a d i b i n a1 ɾ,8875
a d i b i n a1 ɾ l o,1436
a d i b i1 n a s,869
a d i b i n a1 s t e,639
a d i b i1 n e,1609
a d i b i n e1,474
a d i b i1 n e n,1556
a d i b i1 n o,2002
a d x u1 n t o,1837
a d m i n i1 s t ɾ a,559
a d m i n i s t ɾ a s j o1 n,6369
a d m i n i s t ɾ a d o1 ɾ,3169
a d m i n i s t ɾ a1 ɾ,991
a d m i n i s t ɾ a t i1 b a,507
a d m i n i s t ɾ a t i1 b o,863
a d m i1 ɾ a,1361
a d m i ɾ a1 b a,1097
a d m i ɾ a1 b l e,2690
a d m i ɾ a s j o1 n,1936
a d m i ɾ a1 d o,987
a d m i ɾ a d o1 ɾ,3385
a d m i ɾ a d o1 ɾ a,1113
a d m i ɾ a d o1 ɾ e s,1901
a d m i1 ɾ a n,523
a d m i ɾ a1 n d o,599
a d m i ɾ a1 ɾ,1314
a d m i1 ɾ o,5024
a d m i s j o1 n,1554
a d m i s j o1 n e s,519
a d m i1 t a,780
a d m i1 t a l o,570
a d m i1 t e,3287
a d m i1 t e l o,4473
a d m i1 t e n,935
a d m i1 t e s,1229
a d m i t i1 d o,1355
a d m i t j o1,1490
a d m i t i1 ɾ,9958
a d m i t i1 ɾ l o,7335
a d m i1 t o,5744
a1 d n,14386
a d o l e s s e1 n s j a,1034
a d o l e s s e1 n t e,6763
a d o l e s s e1 n t e s,4610
a d o1 l f o,505
a d o1 n d e,14218
a d o1 n d e,74764
a d o p s j o1 n,2764
a d o p t a1 d a,777
a d o p t a1 d o,1840
a d o p t a1 ɾ,2319
a d o p t a1 ɾ o n,489
a d o p t i1 b a,697
a d o p t i1 b o,913
a d o p t i1 b o s,771
a d o p t o1,802
a d o1 ɾ a,4575
a d o ɾ a1 b a,2322
a d o ɾ a1 b a n,546
a d o ɾ a1 b l e,11407
a d o ɾ a1 b l e s,1773
a d o ɾ a s j o1 n,778
a d o ɾ a1 d a,834
a d o ɾ a1 d o,842
a d o ɾ a1 m o s,747
a d o1 ɾ a n,3046
a d o ɾ a1 ɾ,1183
a d o1 ɾ a s,762
a d o1 ɾ n o,869
a d o1 ɾ n o s,1193
a d o1 ɾ o,11610
a d k j e1 ɾ e,512
a d k i ɾ i1 d o,1102
a d k i ɾ j o1,613
a d k i ɾ i1 ɾ,1499
a d k i s i s j o1 n,1140
a d ɾ e1 d e,853
a d ɾ e n a l i1 n a,2813
a d ɾ j a1 n a,1114
a d w a1 n a,1724
a d w a1 n a s,1018
a d u l a d o1 ɾ,474
a d u1 l t a,2751
a d u l t e1 ɾ j o,1290
a d u1 l t o,7227
a d u1 l t o s,8988
a d b e ɾ s a1 ɾ j o,1671
a d b e ɾ s a1 ɾ j o s,668
a d b e ɾ s i d a1 d,653
a d b e ɾ t e1 n s j a,7243
a d b e ɾ t e1 n s j a s,963
a d b e ɾ t i1,4446
a d b e ɾ t i1 d o,2014
a d b e ɾ t i1 ɾ,1220
a d b e ɾ t i1 ɾ l e,3385
a d b e ɾ t i1 ɾ l e s,1556
a d b e ɾ t i1 ɾ m e,1028
a d b e ɾ t i1 ɾ n o s,478
a d b e ɾ t i1 ɾ t e,3244
a d b j e1 ɾ t e,697
a d b j e1 ɾ t o,6951
a d b i ɾ t j e1 n d o,510
a d b i ɾ t j e1 ɾ o n,587
a d b i ɾ t j o1,2228
a e1 ɾ e a,7671
a e1 ɾ e a s,1984
a e1 ɾ e o,6045
a e1 ɾ e o s,917
a e ɾ o1 d ɾ o m o,793
a e ɾ o l i1 n e a,1309
a e ɾ o l i1 n e a s,891
a e ɾ o p w e1 ɾ t o,19546
a e ɾ o p w e1 ɾ t o s,1248
a e ɾ o s o1 l,860
a f a1 n,519
a f e k s j o1 n,608
a f e1 k t a,6336
a f e k t a1 d a,1403
a f e k t a1 d a s,539
a f e k t a1 d o,3464
a f e k t a1 d o s,1062
a f e1 k t a n,1175
a f e k t a1 n d o,1488
a f e k t a1 ɾ,2289
a f e k t a ɾ a1,1460
a f e k t a ɾ i1 a,711
a f e1 k t e,1522
a f e1 k t o,5266
a f e k t o1,2100
a f e k t w o1 s o,487
a f e i1 t a d a,537
a f e i1 t a d o,1371
a f e i1 t a ɾ,2320
a f e i1 t a ɾ m e,1872
a f e i1 t a ɾ s e,1322
a f e i1 t a ɾ t e,1074
a f e m i n a1 d o,732
a f e r a1 ɾ m e,762
a f e r a1 ɾ s e,1072
a f e r a1 ɾ t e,633
a f e1 r a t e,791
a f g a n i s t a1 n,3770
a f i s j o1 n,831
a f i s j o n a1 d a,482
a f i s j o n a1 d o,2701
a f i s j o n a1 d o s,2073
a f i l a1 d a,849
a f i l a1 d o,1328
a f i l a1 d o s,685
a f i n i d a1 d,474
a f i1 ɾ m a,2478
a f i ɾ m a s j o1 n,1231
a f i ɾ m a s j o1 n e s,494
a f i1 ɾ m a n,982
a f i ɾ m a1 ɾ,989
a f i ɾ m a t i1 b o,3048
a f i ɾ m o1,508
a f l i k s j o1 n,728
a f l i x i1 d o,769
a f l o1 x a,775
a f l o x a1 ɾ,531
a f o ɾ t u n a1 d a,4387
a f o ɾ t u n a d a m e1 n t e,5104
a f o ɾ t u n a1 d o,10554
a f o ɾ t u n a1 d o s,3476
a f ɾ e1 n t a,452
a1 f ɾ i k a,8936
a f ɾ i k a1 n o,1721
a f ɾ i k a1 n o s,1244
a1 f ɾ o,1167
a f ɾ o d i1 t a,538
a f ɾ o1 n t a l o,572
a f ɾ o n t a1 ɾ,2728
a f ɾ o n t a1 ɾ l o,1546
a f ɾ o n t e1 m o s l o,868
a f t e1 ɾ,1364
a f w e1 ɾ a,77710
a f w e1 ɾ a s,5106
a g a1 tʃ a,577
a g a tʃ a1 d o,575
a g a tʃ a1 o s,782
a g a tʃ a1 ɾ s e,534
a g a tʃ a1 t e,787
a g a1 tʃ a t e,8970
a g a1 tʃ e n s e,3274
a g a1 tʃ e s e,1200
a g a1 r a,9275
a g a r a1 d o,1850
a g a1 r a l a,2403
a g a1 r a l e,662
a g a1 r a l o,4319
a g a1 r a m e,961
a g a r a1 m o s,1603
a g a1 r a n,1457
a g a r a1 n d o,1024
a g a r a1 ɾ,6796
a g a r a ɾ e1,669
a g a r a1 ɾ l a,942
a g a r a1 ɾ l o,2324
a g a r a1 ɾ l o s,604
a g a r a1 ɾ m e,1424
a g a r a1 ɾ o n,1844
a g a r a1 ɾ s e,871
a g a r a1 ɾ t e,1286
a g a1 r a s,1266
a g a r a1 s t e,1399
a g a1 r a t e,8978
a g a1 r e,2767
a g a r e1,3240
a g a1 r e n,2433
a g a1 r e n l a,572
a g a1 r e n l o,2792
a g a1 r e n l o s,611
a g a1 r e n s e,3114
a g a1 r e s,701
a g a1 r e s e,1111
a g a1 r o,2188
a g a r o1,4125
a x e1 n s j a,13377
a x e1 n s j a s,2502
a x e1 n d a,6672
a x e1 n t e,73066
a x e1 n t e s,19467
a1 x i l,948
a x i l i d a1 d,519
a x i1 t a,1022
a x i t a s j o1 n,891
a x i t a1 d a,908
a x i t a1 d o,1894
a x i t a1 n d o,545
a x i t a1 ɾ,814
a x i1 t o,512
a g o n i1 a,2174
a g o n i s a1 n d o,608
a g o n i s a1 n t e,478
a g o1 s t o,6666
a g o1 t a,880
a g o t a1 d a,2253
a g o t a1 d o,4187
a g o t a d o1 ɾ,1718
a g o t a1 d o s,842
a g o t a m j e1 n t o,802
a g o t a1 n d o,631
a g o t o1,527
a g ɾ a1 d a,7954
a g ɾ a d a1 b a,911
a g ɾ a d a1 b l e,34343
a g ɾ a d a1 b l e s,2649
a g ɾ a1 d a n,1355
a g ɾ a d a1 ɾ,673
a g ɾ a d a ɾ a1,643
a g ɾ a d a ɾ i1 a,857
a g ɾ a d a1 ɾ l e,618
a g ɾ a1 d a s,2199
a g ɾ a1 d e,906
a g ɾ a d e1 s e,2398
a g ɾ a d e1 s e l e,654
a g ɾ a d e s e1 m o s,2945
a g ɾ a d e1 s e n,596
a g ɾ a d e s e1 ɾ,4169
a g ɾ a d e s e ɾ a1,691
a g ɾ a d e s e ɾ a1 s,592
a g ɾ a d e s e ɾ e1,727
a g ɾ a d e s e ɾ i1 a,3821
a g ɾ a d e s e1 ɾ l e,7718
a g ɾ a d e s e1 ɾ l e s,2900
a g ɾ a d e s e1 ɾ m e,2198
a g ɾ a d e s e1 ɾ m e l o,1308
a g ɾ a d e s e1 ɾ s e l o,3291
a g ɾ a d e s e1 ɾ t e,7783
a g ɾ a d e s e1 ɾ t e l o,2124
a g ɾ a d e1 s e s,562
a g ɾ a d e1 s e s e l o,520
a g ɾ a d e s i1,475
a g ɾ a d e s i1 d a,3902
a g ɾ a d e s i1 d o,7635
a g ɾ a d e s i1 d o s,2799
a g ɾ a d e s i m j e1 n t o,3485
a g ɾ a d e1 s k a,796
a g ɾ a d e1 s k a s,892
a g ɾ a d e1 s k o,21874
a g ɾ a1 d o,2265
a g ɾ a d o1,663
a g ɾ e1 g a,721
a g ɾ e g a1 d o,920
a g ɾ e g a1 ɾ,2722
a g ɾ e g a1 ɾ l e,574
a g ɾ e s j o1 n,3920
a g ɾ e s i1 b a,2037
a g ɾ e s i b i d a1 d,906
a g ɾ e s i1 b o,3170
a g ɾ e s i1 b o s,1050
a g ɾ e s o1 ɾ,1187
a1 g ɾ j a,452
a g ɾ i1 k o l a,713
a g ɾ i k u l t o1 ɾ,578
a g ɾ i k u l t o1 ɾ e s,848
a g ɾ i k u l t u1 ɾ a,1661
a1 g w a,132759
a g w a f j e1 s t a s,1485
a g w a1 n t a,13953
a g w a n t a1 b a,560
a g w a n t a1 d o,991
a g w a1 n t a l o,533
a g w a1 n t a n,742
a g w a n t a1 n d o,1430
a g w a n t a1 ɾ,9680
a g w a n t a ɾ a1,1166
a g w a n t a ɾ e1,485
a g w a n t a1 ɾ l o,2278
a g w a n t a1 ɾ m e,794
a g w a n t a1 ɾ t e,904
a g w a1 n t a s,1198
a g w a1 n t a t e,960
a g w a1 n t e,2230
a g w a n t e1,454
a g w a1 n t e n,1141
a g w a1 n t o,4771
a g w a n t o1,550
a g w a1 ɾ d a,5551
a g w a1 ɾ d e,1784
a g w a1 ɾ d e n,1103
a g w a ɾ d j e1 n t e,845
a1 g w a s,8157
a g u1 d a,1503
a g u1 d o,1781
a g i x o1 n,678
a1 g i l a,5115
a1 g i l a s,1292
a g u1 x a,5709
a g u1 x a s,3059
a g u x e1 ɾ o,18269
a g u x e1 ɾ o s,5469
a g u s t i1 n,494
a1,166655
a i1,485022
a o1 g a,1253
a o g a1 d a,502
a o g a1 d o,2122
a o g a1 n d o,1822
a o g a1 n d o s e,666
a o g a1 ɾ,1400
a o g a1 ɾ m e,1218
a o g a1 ɾ o n,483
a o g a1 ɾ s e,1860
a o g a1 ɾ t e,800
a o1 g o,1195
a o g o1,2415
a o1 ɾ a,1161407
a o ɾ k a1 d o,1246
a o ɾ k a1 ɾ,550
a o ɾ k a1 ɾ m e,532
a o ɾ k o1,719
a o ɾ i1 t a,737
a o1 r a,1368
a o r a1 d o,2050
a o1 r a m e,778
a o r a1 m o s,466
a o r a1 n d o,1227
a o r a1 ɾ,3740
a o r a ɾ a1,486
a o r a ɾ e1,518
a o r a1 ɾ l e,884
a o r a1 ɾ m e,492
a o r a1 ɾ n o s,608
a o r a1 ɾ s e,516
a o r a1 ɾ t e,1056
a o1 r a s,500
a o1 r a t e,1904
a o1 r a t e l o,1259
a o r e1,471
a o1 r e s e,674
a o1 r o,1287
a o1 r o s,3522
a u1 m a d o,602
a u j e1 n t a ɾ,512
a1 i ɾ e,58270
a1 i ɾ e s,4326
a i1 ɾ l i n e s,786
a i1 s l a d a,1302
a i1 s l a d o,3008
a i1 s l a d o s,1337
a i1 s l a n t e,515
a i1 s l a ɾ,1148
a x a1,4714
a x e d ɾ e1 s,4585
a x e1 n a,933
a x e1 n a s,546
a x e1 n o,925
a x e1 n o s,634
a1 x o,2758
a x u1 s t a,1237
a x u s t a1 d a,620
a x u s t a1 d o,1725
a x u s t a1 d o s,781
a x u s t a1 n d o,466
a x u s t a1 ɾ,2024
a x u s t a1 ɾ s e,786
a x u1 s t e,1861
a x u1 s t e s,1281
a1 l,3549720
a1 l a,7475
a l a1,3307
a l a b a1 d o,2722
a l a b a1 m a,2333
a l a b a1 n s a s,642
a l a s e1 n a,568
a l a m b ɾ a1 d a,602
a l a1 m b ɾ e,2575
a l a1 m b ɾ e s,583
a1 l a m o,530
a l a1 ɾ d e,472
a l a ɾ d e a1 n d o,512
a l a ɾ d e a1 ɾ,854
a l a ɾ g a1 ɾ,536
a l a1 ɾ m a,12806
a l a ɾ m a1 n t e,795
a l a ɾ m a1 ɾ s e,969
a l a1 ɾ m a s,2194
a1 l a s,10074
a l a1 s k a,3425
a1 l b a,2730
a l b a1 n j a,779
a l b a1 n i,781
a l b a j i1 l,653
a l b a1 t ɾ o s,528
a l b e d ɾ i1 o,871
a l b e ɾ g a1 ɾ,528
a l b e1 ɾ g e,1341
a l b e1 ɾ t o,2418
a l b i1 n o,509
a l b o1 n d i g a s,1229
a l b o ɾ o1 t o,3508
a1 l b u m,3847
a1 l b u m e s,663
a l k a g u1 e t e,544
a l k a1 i d e,2246
a l k a1 l d e,18482
a l k a l d e1 s a,531
a l k a l d i1 a,595
a l k a1 n s e,11443
a l k a n s e1,625
a l k a1 n s e n,547
a l k a n t a ɾ i1 j a,1578
a l k a n t a ɾ i1 j a s,946
a l k a1 n s a,4905
a l k a n s a1 d o,3732
a l k a1 n s a m e,1262
a l k a n s a1 m o s,772
a l k a1 n s a n,1090
a l k a n s a1 n d o,943
a l k a n s a1 ɾ,9007
a l k a n s a ɾ a1,1030
a l k a n s a ɾ e1,981
a l k a n s a ɾ e1 m o s,861
a l k a n s a1 ɾ l a,1092
a l k a n s a1 ɾ l o,2012
a l k a n s a1 ɾ l o s,1002
a l k a n s a1 ɾ m e,1090
a l k a n s a1 ɾ n o s,670
a l k a n s a1 ɾ o n,690
a l k a n s a1 ɾ t e,893
a l k a1 n s a s,659
a l k a1 n s o,2460
a l k a n s o1,1971
a l k a t ɾ a1 s,935
a1 l s e,1683
a1 l s e s,471
a l k o1 b a,796
a l k o o1 l,15957
a l k o o1 l i k a,1084
a l k o o1 l i k o,2242
a l k o o1 l i k o s,1084
a l k o o l i1 s m o,712
a l d e1 a,9114
a l d e a1 n o s,1480
a l d e1 a s,1052
a1 l e,1208
a l e a s j o1 n,651
a l e a t o1 ɾ j o,663
a l e1 g a,617
a l e g a1 ɾ,633
a l e g a1 t o,658
a l e1 g ɾ a,31093
a l e g ɾ a1 d o,506
a l e g ɾ a1 m o s,599
a l e g ɾ a1 ɾ,659
a l e g ɾ a ɾ a1,1935
a l e g ɾ a ɾ i1 a,893
a l e g ɾ a1 ɾ m e,851
a l e g ɾ a1 ɾ s e,748
a l e g ɾ a1 ɾ t e,1312
a l e1 g ɾ a s,1177
a l e1 g ɾ a t e,2488
a l e1 g ɾ e,8739
a l e g ɾ e1,565
a l e g ɾ e m e1 n t e,781
a l e1 g ɾ e s,2123
a l e g ɾ i1 a,14801
a l e g ɾ i1 a s,842
a l e1 g ɾ o,41770
a l e g ɾ o1,1111
a l e1 x a,2917
a l e x a1 d a,2143
a l e x a1 d o,6062
a l e x a1 d o s,1772
a l e1 x a l o,608
a l e x a m j e1 n t o,476
a l e x a1 m o s,453
a l e1 x a n,761
a l e x a1 n d o,1155
a l e x a1 n d o s e,842
a l e x a n d ɾ i1 a,762
a l e x a1 n d ɾ o,4242
a l e x a1 o s,704
a l e x a1 ɾ,1928
a l e x a1 ɾ a,481
a l e x a1 ɾ l a,685
a l e x a1 ɾ l o,1032
a l e x a1 ɾ l o s,488
a l e x a1 ɾ m e,5065
a l e x a1 ɾ n o s,1864
a l e x a1 ɾ s e,4235
a l e x a1 ɾ t e,4254
a l e1 x a s,841
a l e1 x a t e,30647
a l e1 x e,1518
a l e x e1,662
a l e1 x e n,839
a l e1 x e n s e,7446
a l e1 x e s,1899
a l e1 x e s e,5761
a l e1 x o,540
a l e x o1,993
a l e l u1 j a,3726
a l e m a1 n,14016
a l e m a1 n a,4582
a l e m a1 n a s,1547
a l e m a1 n e s,16182
a l e m a1 n j a,13268
a l e n t a d o1 ɾ,707
a l e1 ɾ x j a,1815
a l e1 ɾ x j a s,956
a l e1 ɾ x i k a,1996
a l e1 ɾ x i k o,1873
a l e ɾ o1 n e s,560
a l e1 ɾ t a,15052
a l e ɾ t a1 ɾ,615
a l e1 ɾ t a s,1165
a l e1 t a,1206
a l e1 t a s,745
a1 l f a,6585
a l f a b e1 t o,1291
a l f e1 ɾ e s,2287
a l f i1 l,851
a l f i l e1 ɾ,1064
a l f i l e1 ɾ e s,620
a l f o1 m b ɾ a,7138
a l f o1 m b ɾ a s,1793
a l f o1 n s o,802
a l f ɾ e1 d o,2289
a1 l g a s,1447
a1 l x e b ɾ a,695
a1 l g o,1134248
a l g o d o1 n,4417
a l g o ɾ i1 d m o,722
a l g w a s i1 l,7895
a l g w a s i1 l e s,698
a1 l g j e n,478872
a l g u1 n,175401
a l g u1 n a,206480
a l g u1 n a s,94864
a l g u1 n o,24987
a l g u1 n o s,107408
a l j a1 d a,649
a l j a1 d a s,470
a l j a1 d o,2625
a l j a1 d o s,4634
a l j a1 n s a,7641
a l j a1 n s a s,697
a1 l j a s,3334
a l i1 s j a,5572
a1 l j e n,1676
a l j e n i1 x e n a,4254
a l j e n i1 x e n a s,4104
a l j e1 n s,1295
a l j e1 n t o,10488
a l i m e1 n t a,2893
a l i m e n t a s j o1 n,1685
a l i m e n t a1 d o,1032
a l i m e n t a1 d o s,477
a l i m e1 n t a n,1450
a l i m e n t a1 n d o,1007
a l i m e n t a1 n d o s e,694
a l i m e n t a1 ɾ,5222
a l i m e n t a1 ɾ l a,544
a l i m e n t a1 ɾ l o,1001
a l i m e n t a1 ɾ l o s,959
a l i m e n t a1 ɾ m e,584
a l i m e n t a1 ɾ n o s,574
a l i m e n t a1 ɾ s e,2605
a l i m e n t a1 ɾ t e,912
a l i m e1 n t a s,462
a l i m e1 n t e,512
a l i m e n t i1 s j a,1117
a l i m e1 n t o,4074
a l i m e1 n t o s,4944
a l i n e a s j o1 n,917
a l i n e a1 d o s,520
a l i s t a1 ɾ m e,794
a l i s t a1 ɾ s e,960
a l i s t e1,514
a l i1 t a s,679
a l i1 b j a,915
a l i b j a1 d a,861
a l i b j a1 d o,1321
a l i b j a1 ɾ,2108
a l i1 b j o,5867
a j a1,133352
a j a n a m j e1 n t o,1674
a j e1 g ɾ a,665
a j e1 n d e,591
a j i1,264784
a1 l m a,44735
a l m a s e1 n,8609
a l m a s e n a m j e1 n t o,947
a l m a s e n a1 ɾ,709
a l m a s e1 n e s,1677
a1 l m a s,9817
a l m e1 x a,554
a l m e1 x a s,888
a l m e1 n d ɾ a s,699
a l m i ɾ a1 n t e,9069
a l m o a1 d a,5014
a l m o a1 d a s,1367
a l m o ɾ s a1 m o s,785
a l m o ɾ s a1 n d o,755
a l m o ɾ s a1 ɾ,8838
a l m w e1 ɾ s o,17583
a l m w e1 ɾ s o s,849
a l o1,3072
a l o k a1 d a,644
a l o k a1 d o,845
a l o1 x a,698
a l o x a1 d o,487
a l o x a m j e1 n t o,2292
a l o1 n s o,938
a1 l p e s,890
a l k i1 l a,954
a l k i l a1 d o,2048
a l k i l a1 m o s,603
a l k i l a1 ɾ,3416
a l k i l a1 ɾ l o,496
a l k i l e1,890
a l k i l e1 ɾ,9116
a l k i l e1 ɾ e s,462
a l k i l o1,1094
a l k i t ɾ a1 n,658
a l r e d e d o1 ɾ,46624
a l r e d e d o1 ɾ e s,2781
a1 l t a,30818
a l t a m e1 n t e,3637
a l t a1 ɾ,3958
a1 l t a s,5901
a l t a b o1 s e s,710
a l t a b o1 s,1427
a l t e1 ɾ a,1097
a l t e ɾ a s j o1 n,865
a l t e ɾ a s j o1 n e s,489
a l t e ɾ a1 d a,2082
a l t e ɾ a1 d o,3436
a l t e ɾ a1 d o s,522
a l t e ɾ a1 n d o,667
a l t e ɾ a1 ɾ,2036
a l t e ɾ k a1 d o,771
a l t e1 ɾ e,554
a l t e1 ɾ e s,802
a l t e ɾ n a t i1 b a,9909
a l t e ɾ n a t i1 b a s,1943
a l t e ɾ n a t i1 b o,960
a l t e ɾ o1,833
a l t e1 s a,14739
a l t i b a1 x o s,467
a l t i t u1 d,2105
a1 l t o,92120
a1 l t o s,7024
a l t u1 ɾ a,12358
a l t u1 ɾ a s,3750
a l u1 b j a s,776
a l u s i n a s j o1 n,1372
a l u s i n a s j o1 n e s,2861
a l u s i n a1 n d o,1525
a l u s i n a1 n t e,2082
a l u m i1 n j o,1798
a l u1 m n a,1814
a l u1 m n a s,579
a l u1 m n o,3648
a l u1 m n o s,6539
a1 l s a,1354
a l s a1 ɾ,734
a l s e i1 m e ɾ,1231
a1 m a,29243
a m a1 b a,14223
a m a1 b a m o s,473
a m a1 b a n,980
a m a1 b a s,2974
a m a b i l i d a1 d,3813
a m a1 b l e,43924
a m a b l e m e1 n t e,2240
a m a1 b l e s,5616
a m a1 d a,5672
a m a1 d o,10616
a m a d o1 ɾ,517
a m a1 d o s,925
a1 m a m e,1278
a1 m a n,6304
a m a1 n d o,794
a m a1 n d o t e,489
a m a n e1 s e,763
a m a n e s e1 ɾ,11960
a m a n e1 s k a,947
a m a1 n t e,16718
a m a1 n t e s,6945
a m a1 ɾ,12188
a m a1 ɾ a,1131
a m a ɾ a1,790
a m a ɾ a1 s,788
a m a ɾ e1,2232
a m a1 ɾ g a,1443
a m a ɾ g a1 d a,711
a m a ɾ g a1 d o,1226
a m a1 ɾ g o,1792
a m a ɾ g u1 ɾ a,1054
a m a ɾ i1 a,555
a m a ɾ i1 j a,4252
a m a ɾ i1 j a s,1673
a m a ɾ i1 j o,8105
a m a ɾ i1 j o s,2038
a m a1 ɾ l a,1938
a m a1 ɾ l e,544
a m a1 ɾ l o,2193
a m a1 ɾ m e,3362
a m a1 ɾ n o s,711
a m a r a1 d o,919
a m a1 r a s,752
a m a1 ɾ s e,542
a m a1 ɾ t e,5251
a1 m a s,20550
a m a1 s t e,959
a m a t e1 u ɾ,1093
a m a t e1 u ɾ s,479
a m a s o1 n a,518
a m a s o1 n a s,1355
a1 m b a ɾ,748
a1 m b a s,13714
a m b i s j o1 n,3700
a m b i s j o1 n e s,1610
a m b i s j o1 s a,908
a m b i s j o1 s o,2479
a m b i s j o1 s o s,508
a m b j e n t a1 l,1175
a m b j e n t a1 l e s,631
a m b j e1 n t e,11049
a m b j e1 n t e s,454
a1 m b i t o,624
a1 m b o s,50227
a m b u l a1 n s j a,12594
a m b u l a1 n s j a s,925
a m b u l a1 n t e,1289
a1 m e,2693
a m e1,2850
a m e1 l j a,3003
a m e1 n,11877
a m e n a1 s e s,477
a m e n a1 s a,19548
a m e n a s a1 b a,579
a m e n a s a1 d a,897
a m e n a s a1 d o,2582
a m e n a s a1 d o s,512
a m e n a1 s a n,949
a m e n a s a1 n d o,2790
a m e n a s a1 n d o m e,567
a m e n a s a1 n t e,486
a m e n a s a1 ɾ,1273
a m e n a s a1 ɾ m e,1204
a m e n a s a1 ɾ o n,955
a m e n a1 s a s,5306
a m e n a s a1 s t e,470
a m e n a s o1,3549
a m e1 ɾ i k a,24063
a m e ɾ i k a1 n a,9251
a m e ɾ i k a1 n a s,2390
a m e ɾ i k a1 n o,19500
a m e ɾ i k a1 n o s,16207
a1 m e s,2347
a m e t ɾ a j a d o1 ɾ a,2133
a m e t ɾ a j a d o1 ɾ a s,1863
a m i1 g a,56297
a m i g a1 b l e,2449
a m i g a1 b l e s,691
a m i1 g a s,14963
a m i1 g o,300586
a m i1 g o s,181529
a m i g i1 t a,1401
a m i g i1 t o,4813
a m i g i1 t o s,914
a m i1 s,459
a m i s t a1 d,15035
a m i s t a1 d e s,1746
a m i s t o1 s a,1461
a m i s t o1 s o,2139
a m i s t o1 s o s,828
a m n e1 s j a,1999
a m n i s t i1 a,1015
a1 m o,96728
a m o1,1680
a m o1 ɾ,197426
a m o ɾ s i1 t o,1309
a m o1 ɾ e s,1618
a m o ɾ i1 o,946
a m o ɾ o1 s a,2666
a m o ɾ o1 s o,1954
a m o ɾ o1 s o s,515
a1 m o s,3210
a m p a1 ɾ o,508
a1 m p l j a,1812
a m p l j a s j o1 n,704
a m p l j a m e1 n t e,545
a m p l j a1 ɾ,1384
a m p l i f i k a d o1 ɾ,674
a1 m p l j o,1911
a m p o1 j a,657
a m p o1 j a s,996
a m u l e1 t o,2553
a1 n a,7368
a n a1 l,1212
a n a l x e1 s i k o s,1029
a n a1 l i s i s,13404
a n a l i1 s t a,1800
a n a l i1 s t a s,690
a n a l i1 s a,606
a n a l i s a1 d o,991
a n a l i s a1 m o s,598
a n a l i s a1 n d o,1422
a n a l i s a1 ɾ,3222
a n a l i s a1 ɾ l a,480
a n a l i s a1 ɾ l o,1074
a n a l o x i1 a,521
a n a ɾ a ɲ x a1 d o,490
a n a ɾ k i1 a,1339
a n a ɾ k i1 s t a,657
a n a ɾ k i1 s t a s,534
a n a s t a1 s j a,693
a n a t o m i1 a,1205
a n s e s t ɾ a1 l,618
a n s e s t ɾ a1 l e s,482
a n s e1 s t ɾ o,473
a n s e1 s t ɾ o s,3017
a1 n tʃ a,1069
a1 n tʃ a s,623
a1 n tʃ o,2832
a n tʃ o1 a s,505
a1 n tʃ o s,480
a n s j a1 n a,4696
a n s j a1 n a s,847
a n s j a1 n o,7326
a n s j a1 n o s,5084
a1 ɲ k l a,1516
a1 ɲ k l a s,686
a1 n d a,48264
a n d a1 b a,3998
a n d a1 b a n,843
a n d a1 b a s,1330
a n d a1 d o,813
a n d a1 m o s,1110
a1 n d a n,4449
a n d a1 n d o,16727
a n d a1 n t e,810
a n d a1 ɾ,16195
a n d a ɾ a1,487
a1 n d a s,5293
a1 n d a t e,895
a1 n d e,2040
a1 n d e n,897
a n d e1 n,1353
a n d e1 ɾ s o n,6293
a1 n d e s,1316
a1 n d o,3672
a n d ɾ e1 a,4086
a n d ɾ e1 s,1095
a n d ɾ o1 i d e,1100
a n d ɾ o1 i d e s,794
a n d ɾ o1 m e d a,680
a n d u1 b e,622
a n d u1 b o,948
a n e1 g d o t a,1053
a n e1 g d o t a s,668
a n e1 m j a,782
a n e s t e1 s j a,2180
a n e u1 ɾ i s m a,1304
a n e1 g s o,693
a m f e t a m i1 n a s,808
a m f i t ɾ j o1 n,3155
a m f i t ɾ j o1 n a,1371
a m f i t ɾ j o1 n e s,524
a1 ɲ x e l,19864
a1 ɲ x e l a,2377
a1 ɲ x e l e s,22168
a ɲ x e1 l i k a,695
a ɲ x e l i1 n a,1017
a ɲ x e l i1 t o,1301
a ɲ x e l i1 t o s,664
a ɲ g o1 l a,476
a ɲ g i1 l a,734
a ɲ g i1 l a s,484
a ɲ g u l a1 ɾ,554
a1 ɲ g u l o,4701
a1 ɲ g u l o s,1394
a ɲ g u1 s t j a,2786
a ɲ g u s t j a1 d a,683
a ɲ g u s t j a1 d o,715
a n e1 l a,504
a n e1 l o,1426
a n i1 b a l,471
a n i1 j o,31949
a n i1 j o s,5134
a n i1 m a,1221
a n i m a s j o1 n,1239
a n i m a1 d a,1039
a n i m a1 d o,2130
a n i m a d o1 ɾ,513
a n i m a d o1 ɾ a,1786
a n i m a d o1 ɾ a s,1505
a n i m a1 d o s,1433
a n i m a1 l,22273
a n i m a1 l e s,30093
a n i m a1 ɾ,1286
a n i m a1 ɾ l a,532
a n i m a1 ɾ l o,574
a n i m a1 ɾ m e,1096
a n i m a1 ɾ t e,1230
a n i1 m a t e,4708
a n i1 m e,605
a n i1 m e n s e,550
a n i1 m e s e,537
a n i1 m o,1241
a n i m o1,453
a1 n i m o,7417
a1 n i m o s,1404
a n i k i l a s j o1 n,718
a n i k i l a1 ɾ,616
a n i1 t a,2999
a n i b e ɾ s a1 ɾ j o,8320
a1 n o,2171
a n o1 tʃ e,72473
a n o tʃ e s e1 ɾ,2887
a n o tʃ e1 s k a,1025
a n o m a l i1 a,2179
a n o m a l i1 a s,1202
a n o1 n i m a,1936
a n o1 n i m a s,604
a n o n i m a1 t o,850
a n o1 n i m o,2027
a n o1 n i m o s,1281
a n o ɾ m a1 l,2894
a n o ɾ m a1 l e s,852
a1 n o s,2716
a n o1 t a,2078
a n o t a s j o1 n,1199
a n o t a s j o1 n e s,708
a n o t a1 d o,1286
a n o t a1 n d o,460
a n o t a1 ɾ,2024
a n o t a ɾ e1,464
a n o t a1 ɾ l o,790
a n o1 t e,731
a n o t e1,864
a n o1 t o,645
a n o t o1,829
a n s e1 l m o,584
a1 n s j a,850
a n s j a1 b a,454
a1 n s j a s,1103
a n s j e d a1 d,3746
a n s i1 o,689
a n s j o1 s a,2227
a n s j o1 s o,4841
a n s j o1 s o s,1612
a n t a1 j o,1129
a n t a1 ɾ t i d a,1055
a1 n t e,43653
a n t e a j e1 ɾ,860
a n t e s e d e1 n t e s,7814
a n t e l a s j o1 n,647
a n t e m a1 n o,1047
a n t e1 n a,2397
a n t e1 n a s,809
a n t e o1 x o s,3426
a n t e p a s a1 d o,553
a n t e p a s a1 d o s,3143
a n t e ɾ j o1 ɾ,12407
a n t e ɾ j o1 ɾ e s,3488
a n t e ɾ j o ɾ m e1 n t e,7486
a1 n t e s,440999
a1 n t i,1336
a n t i b a1 l a s,960
a n t i b j o1 t i k o s,2209
a n t i s i p a s j o1 n,915
a n t i s i p a1 d o,875
a n t i s i p a1 ɾ,524
a n t i s i1 p o,1291
a n t i k o n s e p t i1 b o s,469
a n t i k ɾ i1 s t o,687
a n t i k w a1 d a,884
a n t i k w a1 d o,1918
a n t i k w e1 ɾ p o s,762
a n t i d e p ɾ e s i1 b o s,823
a n t i1 d o t o,2972
a n t i d ɾ o1 g a s,489
a n t i1 g w a,14982
a n t i g w a m e1 n t e,501
a n t i1 g w a s,4160
a n t i g w e d a1 d,2252
a n t i g w e d a1 d e s,2055
a n t i1 g w o,16637
a n t i1 g w o s,9055
a n t i m a t e1 ɾ j a,837
a n t i p a1 t i k o,538
a n t i s o s j a1 l,463
a n t o1 x a,711
a n t o1 x e,503
a n t o1 x o,1067
a n t o1 n j a,839
a n t o1 n j o,8586
a n t o1 ɾ tʃ a,2006
a n t o1 ɾ tʃ a s,1133
a1 n t ɾ a s,503
a1 n t ɾ o,1561
a n t ɾ o p o l o x i1 a,527
a n w a1 l,3202
a n w a1 l e s,842
a n w a1 ɾ j o,1347
a n u1 b i s,1069
a n u1 l a,698
a n u l a s j o1 n,1267
a n u l a1 d o,814
a n u l a1 ɾ,1935
a n u l a1 ɾ l o,551
a n u1 n s j a,1484
a n u n s j a1 d o,1275
a n u1 n s j a n,548
a n u n s j a1 n d o,676
a n u n s j a1 ɾ,3517
a n u n s j a1 ɾ l e s,592
a n u n s j a1 ɾ l o,832
a n u n s j a1 ɾ o n,478
a n u1 n s j o,10323
a n u n s j o1,1497
a n u1 n s j o s,3899
a n s w e1 l o,2300
a j a1 d e,1152
a j a d i1 d o,874
a j a d i1 m o s,543
a j a d j o1,492
a j a d i1 ɾ,3991
a j a d i1 ɾ l e,488
a j i1 k o s,897
a1 j o,136594
a1 j o s,448790
a o1 ɾ t a,798
a p a1 tʃ e,1283
a p a1 tʃ e s,1256
a p a s i1 b l e,765
a p a1 g a,9195
a p a g a1 d,474
a p a g a1 d a,1094
a p a g a1 d a s,853
a p a g a1 d o,4134
a p a g a1 d o s,602
a p a1 g a l a,2449
a p a1 g a l o,5323
a p a g a1 m o s,605
a p a1 g a n,955
a p a g a1 n d o,913
a p a g a1 ɾ,7023
a p a g a ɾ e1,622
a p a g a1 ɾ l a,1172
a p a g a1 ɾ l o,2874
a p a g a1 ɾ o n,900
a p a g a1 ɾ s e,723
a p a1 g a s,570
a p a1 g o,1014
a p a g o1,1941
a p a g o1 n,1725
a p a1 g e,2907
a p a g e1,732
a p a1 g e l o,755
a p a1 g e n,2673
a p a1 g e n l o,617
a p a1 g e s,673
a p a ɾ a1 t o,6886
a p a ɾ a1 t o s,2730
a p a1 ɾ k a,460
a p a ɾ k a1 d o,1083
a p a ɾ k a m j e1 n t o,2545
a p a ɾ k a1 ɾ,1120
a p a ɾ e a m j e1 n t o,786
a p a ɾ e a1 ɾ s e,821
a p a ɾ e1 s e,15391
a p a ɾ e1 s e n,4289
a p a ɾ e s e1 ɾ,8469
a p a ɾ e s e ɾ a1,2756
a p a ɾ e s e ɾ a1 n,620
a p a ɾ e s e ɾ i1 a,551
a p a ɾ e s e1 ɾ s e,520
a p a ɾ e s e1 ɾ t e,574
a p a ɾ e1 s e s,1945
a p a ɾ e s i1,538
a p a ɾ e s i1 a,1317
a p a ɾ e s i1 d o,3611
a p a ɾ e s j e1 n d o,1205
a p a ɾ e s j e1 ɾ a,1085
a p a ɾ e s j e1 ɾ o n,2604
a p a ɾ e s j o1,13566
a p a ɾ e s i1 s t e,1518
a p a ɾ e1 n t a,951
a p a ɾ e n t a1 ɾ,955
a p a ɾ e1 n t e,1504
a p a ɾ e n t e m e1 n t e,15046
a p a ɾ e1 s k a,3714
a p a ɾ e1 s k a n,974
a p a ɾ e1 s k a s,539
a p a ɾ e1 s k o,797
a p a ɾ i s j o1 n,2720
a p a ɾ i s j o1 n e s,821
a p a ɾ j e1 n s j a,6072
a p a ɾ j e1 n s j a s,2506
a p a1 ɾ t a,3523
a p a ɾ t a1 d o,2255
a p a ɾ t a m e1 n t o,27606
a p a ɾ t a m e1 n t o s,2393
a p a ɾ t a1 o s,2737
a p a ɾ t a1 ɾ,1235
a p a ɾ t a1 ɾ l o,508
a p a ɾ t a1 ɾ m e,991
a p a ɾ t a1 ɾ s e,1150
a p a ɾ t a1 ɾ t e,1042
a p a1 ɾ t a t e,11840
a p a1 ɾ t e,15004
a p a1 ɾ t e n s e,6267
a p a1 ɾ t e s,585
a p a1 ɾ t e s e,4170
a p a ɾ t o1,528
a p a s j o1 n a,473
a p a s j o n a1 d a,1168
a p a s j o n a d a m e1 n t e,539
a p a s j o n a1 d o,2069
a p a s j o n a1 n t e,813
a p e1 g o,528
a p e l a s j o1 n,2032
a p e l a s j o1 n e s,624
a p e l a1 ɾ,1039
a p e j i1 d o,9787
a p e j i1 d o s,555
a p e1 n a,615
a p e n a1 d a,707
a p e n a1 d o,1178
a p e1 n a s,37000
a p e1 n d i s e,1207
a p e n d i s i1 t i s,614
a p e ɾ i t i1 b o,1549
a p e ɾ i t i1 b o s,886
a p e ɾ t u1 ɾ a,3098
a p e1 s t a,11190
a p e s t a1 b a,594
a p e1 s t a n,1750
a p e s t a1 ɾ,633
a p e1 s t a s,2389
a p e1 s t o,743
a p e s t o1 s a,1150
a p e s t o1 s o,2998
a p e s t o1 s o s,625
a p e t e1 s e,9653
a p e t e s i1 a,756
a p e t e1 s k a,836
a p e t i1 t o,5129
a p j a1 d e,875
a1 p j o,565
a p l a1 s t a,688
a p l a s t a1 d a,738
a p l a s t a1 d o,1634
a p l a s t a1 d o s,511
a p l a1 s t a l o,571
a p l a s t a1 n d o,593
a p l a s t a1 ɾ,1940
a p l a s t a ɾ e1,616
a p l a s t a1 ɾ l o,546
a p l a s t a1 ɾ l o s,494
a p l a s t a1 ɾ t e,517
a p l a s t o1,679
a p l a1 u d a n,614
a p l a u1 d i ɾ,680
a p l a1 u s o,4440
a p l a1 u s o s,1661
a p l a s a m j e1 n t o,698
a p l a s a1 ɾ,520
a p l a s a1 ɾ l o,510
a p l i1 k a,1893
a p l i k a s j o1 n,1672
a p l i k a s j o1 n e s,736
a p l i k a1 d a,503
a p l i k a1 d o,526
a p l i1 k a n,728
a p l i k a1 ɾ,1711
a p l i k a1 ɾ s e,552
a p o k a l i1 p s i s,2401
a p o d e1 ɾ a,551
a p o d e ɾ a1 d o,697
a p o d e ɾ a1 ɾ s e,2051
a p o d e ɾ o1,740
a p o1 d o,3063
a p o1 d o s,680
a p o x e1 o,591
a p o1 l o,2612
a p o p l e x i1 a,515
a p o1 ɾ t a,581
a p o ɾ t a1 ɾ,891
a p o s e1 n t o s,1880
a p o s t a1 d o,1613
a p o s t a d o1 ɾ,829
a p o s t a1 m o s,943
a p o s t a1 n d o,1460
a p o s t a1 ɾ,8026
a p o s t a ɾ i1 a,1718
a p o s t a1 ɾ l o,1670
a p o s t a1 s t e,598
a p o s t e1,1229
a p o s t o1,763
a p o1 s t o l,602
a p o1 s t o l e s,538
a p o1 j a,3229
a p o j a1 b a,533
a p o j a1 d o,1623
a p o j a1 m o s,933
a p o1 j a n,1405
a p o j a1 n d o,935
a p o j a1 ɾ,3819
a p o j a ɾ a1,541
a p o j a ɾ e1,767
a p o j a1 ɾ l a,705
a p o j a1 ɾ l o,851
a p o j a1 ɾ m e,1889
a p o j a1 ɾ n o s,791
a p o j a1 ɾ s e,750
a p o j a1 ɾ t e,1932
a p o1 j a s,686
a p o1 j a t e,1168
a p o1 j e,1051
a p o j e1,525
a p o1 j e n,491
a p o1 j o,20823
a p o j o1,931
a p ɾ e1 s j a,2450
a p ɾ e s j a1 b a,539
a p ɾ e s j a1 d o,1078
a p ɾ e s j a1 m o s,1455
a p ɾ e1 s j a n,987
a p ɾ e s j a1 ɾ,2856
a p ɾ e s j a ɾ i1 a,1309
a p ɾ e s j a1 ɾ l o,672
a p ɾ e1 s j a s,761
a p ɾ e1 s j e,740
a p ɾ e1 s j o,10571
a p ɾ e1 n d a,1955
a p ɾ e1 n d a n,1186
a p ɾ e1 n d a s,1623
a p ɾ e1 n d e,7257
a p ɾ e n d e1 m o s,922
a p ɾ e1 n d e n,1725
a p ɾ e n d e1 ɾ,32290
a p ɾ e n d e ɾ a1,1378
a p ɾ e n d e ɾ a1 n,1045
a p ɾ e n d e ɾ a1 s,2511
a p ɾ e n d e ɾ e1,1115
a p ɾ e n d e ɾ e1 m o s,459
a p ɾ e n d e1 ɾ l o,1155
a p ɾ e1 n d e s,2570
a p ɾ e n d i1,10505
a p ɾ e n d i1 d o,12271
a p ɾ e n d j e1 n d o,4963
a p ɾ e n d j e1 ɾ o n,1113
a p ɾ e n d i1 m o s,1519
a p ɾ e n d j o1,4035
a p ɾ e n d i1 s t e,5181
a p ɾ e n d i1 s,3154
a p ɾ e n d i s a1 x e,1553
a p ɾ e1 n d o,1289
a p ɾ e s u ɾ a1 d o,788
a p ɾ e s u ɾ a1 ɾ m e,520
a p ɾ e s u ɾ a1 ɾ n o s,1618
a p ɾ e s u ɾ a1 ɾ s e,840
a p ɾ e s u ɾ a1 ɾ t e,615
a p ɾ e s u1 ɾ a t e,6153
a p ɾ e s u1 ɾ e n s e,1653
a p ɾ e s u1 ɾ e s,669
a p ɾ e s u1 ɾ e s e,1139
a p ɾ e t a1 d a,976
a p ɾ e t a1 d o,2665
a p ɾ e t a1 d o s,1010
a p ɾ e t a1 n d o,997
a p ɾ e t a1 ɾ,2876
a p ɾ e t e1,538
a p ɾ e t o1,708
a p ɾ e t o1 n,1418
a p ɾ j e1 t a,3841
a p ɾ j e1 t a l o,527
a p ɾ j e1 t a s,834
a p ɾ j e1 t e,1060
a p ɾ j e1 t e s,505
a p ɾ j e1 t o,2044
a p ɾ j e1 t o s,936
a p ɾ i1 s a,2815
a p ɾ o b a s j o1 n,4302
a p ɾ o b a1 d a,1019
a p ɾ o b a1 d o,2753
a p ɾ o b a1 ɾ,2021
a p ɾ o b a ɾ i1 a,531
a p ɾ o b a1 ɾ l o,492
a p ɾ o b e1,628
a p ɾ o b o1,1517
a p ɾ o p j a1 d a,3179
a p ɾ o p j a d a m e1 n t e,1623
a p ɾ o p j a1 d a s,694
a p ɾ o p j a1 d o,8666
a p ɾ o p j a1 d o s,692
a p ɾ o b e1 tʃ a,1869
a p ɾ o b e tʃ a1 d o,962
a p ɾ o b e1 tʃ a n,681
a p ɾ o b e tʃ a1 n d o,1120
a p ɾ o b e tʃ a1 n d o s e,516
a p ɾ o b e tʃ a1 ɾ,4010
a p ɾ o b e tʃ a1 ɾ l a,983
a p ɾ o b e tʃ a1 ɾ l o,862
a p ɾ o b e tʃ a1 ɾ m e,1001
a p ɾ o b e tʃ a1 ɾ s e,2177
a p ɾ o b e tʃ a1 ɾ t e,731
a p ɾ o b e1 tʃ a s,457
a p ɾ o b e1 tʃ e,1338
a p ɾ o b e tʃ e1,627
a p ɾ o b e1 tʃ e n,532
a p ɾ o b e1 tʃ o,625
a p ɾ o b e tʃ o1,1004
a p ɾ o g s i1 m a,2456
a p ɾ o g s i m a s j o1 n,1046
a p ɾ o g s i m a1 d a,555
a p ɾ o g s i m a d a m e1 n t e,6450
a p ɾ o g s i m a1 d o,478
a p ɾ o g s i1 m a n,682
a p ɾ o g s i m a1 n d o s e,1494
a p ɾ o g s i m a1 ɾ s e,465
a p ɾ w e1 b a,1640
a p ɾ w e1 b a s,476
a p ɾ w e1 b e,824
a p ɾ w e1 b o,1224
a p t i t u1 d,754
a p t i t u1 d e s,759
a1 p t o,1299
a p w e1 s t a,14094
a p w e1 s t a s,9985
a p w e1 s t o,35864
a p w e1 s t o s,496
a p u1 n t a,5363
a p u n t a1 b a,634
a p u n t a1 d o,1295
a p u1 n t a l o,484
a p u1 n t a m e,608
a p u1 n t a n,1251
a p u n t a1 n d o,3354
a p u n t a1 n d o l e,624
a p u n t a1 n d o m e,654
a p u n t a1 ɾ,2593
a p u n t a1 ɾ l e,586
a p u n t a1 ɾ m e,1228
a p u1 n t a s,1441
a p u1 n t e,1288
a p u n t e1,641
a p u1 n t e n,2921
a p u1 n t e s,1953
a p u1 n t o,2770
a p u n t o1,1253
a p u j a l a1 d a,478
a p u j a l a1 d o,1577
a p u j a l a1 ɾ,798
a p u j a l a1 ɾ o n,644
a p u j a l o1,1327
a p u ɾ a1 d a,753
a p u ɾ a1 d o,1651
a p u ɾ a1 d o s,533
a p u ɾ a1 ɾ,582
a p u ɾ a1 ɾ m e,812
a p u ɾ a1 ɾ n o s,2712
a p u ɾ a1 ɾ s e,1081
a p u ɾ a1 ɾ t e,1262
a p u1 ɾ a t e,27860
a p u1 ɾ e,591
a p u ɾ e1 m o n o s,727
a p u ɾ e1 n s e,764
a p u1 ɾ e n s e,10669
a p u1 ɾ e s,920
a p u1 ɾ e s e,2897
a p u1 ɾ o,3605
a p u1 ɾ o s,2774
a k e1 l,31457
a k e1 j a,24693
a k e1 j a,510
a k e1 j a s,4350
a k e1 j o,13076
a k e1 j o s,21515
a k e1 j o s,1322
a k i1,1764186
a k i1 l e s,1831
a1 ɾ,1100
a1 ɾ a b e,4119
a1 ɾ a b e s,3127
a ɾ a1 b j a,1776
a ɾ a1 d o,570
a ɾ a1 n d a n o,756
a ɾ a1 n d a n o s,1193
a ɾ a1 j a,7497
a ɾ a1 j a s,2847
a ɾ a j a1 s o,570
a ɾ a j a1 s o s,693
a1 ɾ b i t ɾ o,2089
a1 ɾ b o l,24964
a1 ɾ b o l e s,16582
a ɾ b u1 s t o,1528
a ɾ b u1 s t o s,2461
a1 ɾ k a,2941
a ɾ k a1 ɲ x e l,561
a1 ɾ s e,608
a ɾ tʃ i b a1 d o,456
a ɾ tʃ i b a1 ɾ,479
a ɾ tʃ i1 b o,10758
a ɾ tʃ i1 b o s,14940
a ɾ s i1 j a,1313
a1 ɾ k o,6666
a1 ɾ k o s,948
a1 ɾ d a,529
a1 ɾ d e,3473
a1 ɾ d e n,1486
a ɾ d e1 ɾ,1881
a ɾ d e ɾ a1,587
a ɾ d j e1 n d o,4394
a ɾ d j e1 n t e,4322
a ɾ d j e1 n t e s,991
a ɾ d i1 j a,2717
a ɾ d i1 j a s,1770
a ɾ d o1 ɾ,736
a1 ɾ d w o,525
a1 ɾ e,9923
a1 ɾ e a,22626
a1 ɾ e a s,3392
a ɾ e1 n a,15168
a ɾ e1 n a s,1338
a ɾ e1 ɲ k e,662
a ɾ e1 ɲ k e s,495
a1 ɾ e s,857
a ɾ e1 t e,506
a ɾ e1 t e s,800
a ɾ x e1 l j a,1184
a ɾ x e n t i1 n a,2476
a ɾ x e n t i1 n o,521
a ɾ g u m e n t a1 ɾ,457
a ɾ g u m e1 n t o,3962
a ɾ g u m e1 n t o s,1953
a ɾ i s t o k ɾ a1 s j a,492
a ɾ i s t o1 k ɾ a t a,673
a ɾ i s t o1 k ɾ a t a s,739
a ɾ i s t o1 t e l e s,701
a ɾ i d m e1 t i k a,518
a ɾ i s o1 n a,4295
a ɾ k a1 n s a s,984
a1 ɾ m a,91393
a ɾ m a1 d a,8877
a ɾ m a1 d a s,2266
a ɾ m a d i1 j o,508
a ɾ m a1 d o,7934
a ɾ m a1 d o s,6271
a ɾ m a d u1 ɾ a,4333
a ɾ m a d u1 ɾ a s,527
a ɾ m a m e1 n t o,2463
a ɾ m a1 n d o,2133
a ɾ m a1 n i,624
a ɾ m a1 ɾ,3334
a ɾ m a1 ɾ j o,12505
a ɾ m a1 ɾ j o s,1197
a1 ɾ m a s,77941
a ɾ m e1 n j a,480
a ɾ m e1 n j o,515
a ɾ m e1 n j o s,583
a ɾ m e ɾ i1 a,781
a ɾ m i s t i1 s j o,467
a ɾ m o1,953
a ɾ m o n i1 a,3053
a ɾ m o1 n i k a,858
a ɾ n e1 s,658
a1 ɾ o,1702
a ɾ o1 m a,3125
a1 ɾ o s,1241
a1 ɾ p a,890
a ɾ p i1 a,1109
a ɾ p o1 n,584
a ɾ k e o l o x i1 a,708
a ɾ k e o1 l o g o,610
a ɾ k e o1 l o g o s,572
a ɾ k e1 ɾ o,810
a ɾ k e1 ɾ o s,1280
a ɾ k i t e1 k t o,3530
a ɾ k i t e1 k t o s,655
a ɾ k i t e k t u1 ɾ a,1971
a r a1 ɲ k a,5218
a r a ɲ k a1 d a,525
a r a ɲ k a1 d o,1446
a r a1 ɲ k a n,598
a r a ɲ k a1 n d o,547
a r a ɲ k a1 ɾ,3651
a r a ɲ k a ɾ a1,512
a r a ɲ k a ɾ e1,1676
a r a ɲ k a1 ɾ l e,1543
a r a ɲ k a1 ɾ l o,544
a r a ɲ k a1 ɾ m e,915
a r a ɲ k a1 ɾ o n,716
a r a ɲ k a1 ɾ t e,1362
a r a1 ɲ k o,1023
a r a ɲ k o1,1906
a r a1 ɲ k e,2199
a r a ɲ k e1,471
a r a1 ɲ k e n,725
a r a s a1 ɾ,789
a r a1 s t ɾ a,1617
a r a s t ɾ a1 d a,481
a r a s t ɾ a1 d o,1730
a r a1 s t ɾ a n,611
a r a s t ɾ a1 n d o,1379
a r a s t ɾ a1 n d o s e,1524
a r a s t ɾ a1 n d o t e,492
a r a s t ɾ a1 ɾ,1543
a r a s t ɾ a1 ɾ l o,523
a r a s t ɾ a1 ɾ m e,1503
a r a s t ɾ a1 ɾ o n,539
a r a s t ɾ a1 ɾ s e,1092
a r a s t ɾ a1 ɾ t e,1098
a r a1 s t ɾ a t e,536
a r a1 s t ɾ e,1062
a r a s t ɾ o1,1384
a1 r e,2099
a r e b a t a1 d o,646
a r e b a1 t o,660
a r e s i1 f e,1328
a r e1 g l a,4218
a r e g l a1 d a,1189
a r e g l a1 d o,9546
a r e1 g l a l o,2364
a r e g l a1 m o s,2444
a r e1 g l a n,1008
a r e g l a1 n d o,2854
a r e g l a1 ɾ,24145
a r e g l a1 ɾ a,514
a r e g l a ɾ a1,2470
a r e g l a ɾ a1 s,577
a r e g l a ɾ e1,4875
a r e g l a ɾ e1 m o s,3437
a r e g l a ɾ i1 a,572
a r e g l a1 ɾ l a,2126
a r e g l a1 ɾ l a s,488
a r e g l a1 ɾ l e,574
a r e g l a1 ɾ l o,16858
a r e g l a1 ɾ l o s,484
a r e g l a1 ɾ m e,2608
a r e g l a1 ɾ m e l a s,2340
a r e g l a1 ɾ n o s,857
a r e g l a1 ɾ n o s l a s,633
a r e g l a1 ɾ o n,1032
a r e g l a1 ɾ s e,2333
a r e g l a1 ɾ s e l a s,2064
a r e g l a1 ɾ t e,1750
a r e g l a1 ɾ t e l a s,1278
a r e1 g l a s,1486
a r e g l a1 s t e,1508
a r e1 g l a t e,1281
a r e1 g l a t e l a s,1152
a r e1 g l e,2891
a r e g l e1,2670
a r e g l e1 m o s,732
a r e1 g l e n,1188
a r e1 g l e s,709
a r e1 g l o,8579
a r e g l o1,2993
a r e1 g l o s,4009
a r e p e n t i1 d a,455
a r e p e n t i1 d o,1767
a r e p e n t i m j e1 n t o,1537
a r e p e n t i1 ɾ,1143
a r e p e n t i ɾ a1,855
a r e p e n t i ɾ a1 s,1997
a r e p e n t i1 ɾ m e,1159
a r e p e n t i1 ɾ s e,1670
a r e p e n t i1 ɾ t e,988
a r e p j e1 n t a,652
a r e p j e1 n t e,692
a r e p j e1 n t e s,1163
a r e p j e1 n t o,2763
a r e1 s t a,644
a r e s t a1 d a,1558
a r e s t a1 d o,9832
a r e s t a1 d o s,2089
a r e s t a1 m o s,1127
a r e1 s t a n,1116
a r e s t a1 n d o,690
a r e s t a1 ɾ,4572
a r e s t a1 ɾ a n,582
a r e s t a ɾ a1 n,692
a r e s t a ɾ e1,698
a r e s t a1 ɾ l a,730
a r e s t a1 ɾ l e,620
a r e s t a1 ɾ l o,3504
a r e s t a1 ɾ l o s,880
a r e s t a1 ɾ m e,2889
a r e s t a1 ɾ n o s,517
a r e s t a1 ɾ o n,4198
a r e s t a1 ɾ t e,1826
a r e1 s t e,881
a r e1 s t e n,2330
a r e1 s t e n l o,1112
a r e1 s t o,12254
a r e s t o1,1367
a r e1 s t o s,1912
a r i1 b a,120000
a r j e1 s g a,1428
a r j e s g a1 d a,694
a r j e s g a1 d o,5248
a r j e s g a1 m o s,964
a r j e1 s g a n,588
a r j e s g a1 n d o,1977
a r j e s g a1 ɾ,4340
a r j e s g a ɾ e1,1423
a r j e s g a ɾ i1 a,945
a r j e s g a1 ɾ l o,776
a r j e s g a1 ɾ m e,4849
a r j e s g a1 ɾ n o s,3550
a r j e s g a1 ɾ s e,3936
a r j e s g a1 ɾ t e,1466
a r j e1 s g a s,1206
a r j e s g a1 s t e,713
a r j e1 s g a t e,543
a r j e1 s g o,1026
a r j e s g o1,865
a r j e1 s g e,624
a r j e s g e1,821
a r j e1 s g e s,512
a r i1 d m j a,630
a r o d i j a1 ɾ m e,506
a r o d i j a1 ɾ s e,1004
a r o d i1 j a t e,3242
a r o d i1 j e n s e,587
a r o d i1 j e s e,536
a r o g a1 n s j a,2224
a r o g a1 n t e,4941
a r o g a1 n t e s,723
a r o1 x a,2142
a r o x a1 d o,1321
a r o1 x a l a,837
a r o1 x a l o,707
a r o1 x a m e,528
a r o1 x a n,495
a r o x a1 n d o,530
a r o x a1 ɾ,1966
a r o x a ɾ e1,456
a r o x a1 ɾ l o,521
a r o x a1 ɾ m e,623
a r o x a1 ɾ o n,825
a r o1 x a s,455
a r o1 x e,918
a r o x e1,660
a r o1 x e n,603
a r o1 x o,465
a r o x o1,2280
a r o1 j o,3102
a r o1 j o s,499
a r o1 s,8841
a r u1 g a,533
a r u g a1 d a,555
a r u g a1 d o,571
a r u1 g a s,1280
a r w i1 n a,1851
a r w i n a1 d a,1653
a r w i n a1 d o,6585
a r w i n a1 d o s,962
a r w i n a1 m o s,458
a r w i1 n a n,561
a r w i n a1 n d o,2776
a r w i n a1 ɾ,7728
a r w i n a ɾ a1,1167
a r w i n a ɾ a1 s,631
a r w i n a ɾ e1,477
a r w i n a ɾ i1 a,913
a r w i n a1 ɾ l e,590
a r w i n a1 ɾ l o,2529
a r w i n a1 ɾ m e,1299
a r w i n a1 ɾ n o s,458
a r w i n a1 ɾ o n,1061
a r w i n a1 ɾ t e,884
a r w i1 n a s,1097
a r w i n a1 s t e,3260
a r w i1 n e,1796
a r w i n e1,2544
a r w i1 n e s,1915
a r w i1 n o,631
a r w i n o1,3909
a ɾ s e n a1 l,2130
a ɾ s e1 n i k o,732
a1 ɾ t e,29096
a ɾ t e f a1 k t o,2975
a ɾ t e f a1 k t o s,1523
a ɾ t e1 ɾ j a,2635
a ɾ t e ɾ j a1 l,1419
a ɾ t e1 ɾ j a s,1085
a1 ɾ t e s,5645
a1 ɾ t i k o,1406
a ɾ t i k u l a s j o1 n e s,759
a ɾ t i k u1 l o,1256
a ɾ t i1 k u l o,14444
a ɾ t i1 k u l o s,5984
a ɾ t i f i s j a1 l,3498
a ɾ t i f i s j a1 l e s,3849
a ɾ t i j e ɾ i1 a,3958
a ɾ t i j e1 ɾ o,836
a ɾ t i1 s t a,14460
a ɾ t i1 s t a s,5838
a ɾ t i1 s t i k a,1466
a ɾ t i1 s t i k o,2211
a ɾ t ɾ i1 t i s,961
a ɾ t u1 ɾ o,3986
a ɾ s o b i1 s p o,2081
a1 s,12415
a1 s a,737
a s a1 d a,1099
a s a1 d o,3036
a s a l t a1 d o,944
a s a l t a1 n t e,718
a s a l t a1 n t e s,588
a s a l t a1 ɾ,1473
a s a l t a1 ɾ o n,1253
a s a1 l t o,10560
a s a l t o1,718
a s a1 l t o s,1446
a s a m b l e1 a,2570
a s a1 ɾ,524
a s s e n d e1 n t e,460
a s s e n d e1 ɾ,1780
a s s e n d i1 d o,1285
a s s e n d j e1 n d o,578
a s s e n d j e1 ɾ o n,754
a s s e n s j o1 n,655
a s s e1 n s o,5144
a s s e n s o1 ɾ,9974
a s s e n s o1 ɾ e s,1336
a s s j e1 n d e,778
a1 s k o,11476
a s e1 d j o,572
a s e g u1 ɾ a,3026
a s e g u ɾ a1 b a,480
a s e g u ɾ a1 d a,1296
a s e g u ɾ a1 d o,3479
a s e g u ɾ a d o1 ɾ a,950
a s e g u ɾ a1 d o s,623
a s e g u ɾ a1 m o s,664
a s e g u1 ɾ a n,832
a s e g u ɾ a1 n d o,775
a s e g u ɾ a1 n d o m e,658
a s e g u ɾ a1 n d o s e,502
a s e g u ɾ a1 o s,591
a s e g u ɾ a1 ɾ,6958
a s e g u ɾ a ɾ a1,617
a s e g u ɾ a ɾ e1,4007
a s e g u ɾ a ɾ e1 m o s,828
a s e g u ɾ a1 ɾ l e,2383
a s e g u ɾ a1 ɾ l e s,860
a s e g u ɾ a1 ɾ l o,1408
a s e g u ɾ a1 ɾ m e,19908
a s e g u ɾ a1 ɾ n o s,8497
a s e g u ɾ a1 ɾ o n,523
a s e g u ɾ a1 ɾ s e,9057
a s e g u ɾ a1 ɾ t e,4518
a s e g u1 ɾ a t e,22760
a s e g u1 ɾ e,1039
a s e g u ɾ e1,816
a s e g u ɾ e1 m o n o s,762
a s e g u1 ɾ e n,1423
a s e g u1 ɾ e n s e,3547
a s e g u1 ɾ e s e,4808
a s e g u1 ɾ o,16731
a s e g u ɾ o1,1681
a s e n t a m j e1 n t o,550
a s e n t a1 ɾ s e,456
a s e1 o,657
a s e r a d e1 ɾ o,582
a1 s e s,1565
a s e s i1 n a,6308
a s e s i n a1 d a,6705
a s e s i n a1 d a s,1278
a s e s i n a1 d o,17104
a s e s i n a1 d o s,4822
a s e s i1 n a n,683
a s e s i n a1 n d o,879
a s e s i n a1 ɾ,6170
a s e s i n a1 ɾ l a,599
a s e s i n a1 ɾ l o,1103
a s e s i n a1 ɾ m e,1419
a s e s i n a1 ɾ o n,4179
a s e s i n a1 ɾ t e,756
a s e s i1 n a s,943
a s e s i n a1 s t e,1774
a s e s i n a1 t o,45054
a s e s i n a1 t o s,12248
a s e s i1 n e,463
a s e s i n e1,1081
a s e s i1 n o,59375
a s e s i n o1,5928
a s e s i1 n o s,14952
a s e s o1 ɾ,3071
a s e s o1 ɾ a,560
a s e s o ɾ a m j e1 n t o,667
a s e s o1 ɾ e s,1004
a s f a1 l t o,936
a s f i1 g s j a,1077
a s i1,1030180
a1 s j a,3608
a s j a1 t i k a,1057
a s j a1 t i k o,1422
a s j a1 t i k o s,1074
a s j e1 n t e,504
a s j e1 n t o,23538
a s j e1 n t o s,7009
a s i g n a s j o1 n,1627
a s i g n a1 d a,715
a s i g n a1 d o,2595
a s i g n a1 d o s,623
a s i g n a1 ɾ,604
a s i g n a1 ɾ o n,1036
a s i g n o1,740
a s i1 l o,3983
a s i m i l a1 ɾ,681
a s i1 s t a,653
a s i1 s t e,695
a s i s t e1 n s j a,4813
a s i s t e1 n t a,693
a s i s t e1 n t e,13738
a s i s t e1 n t e s,1845
a s i s t i1,530
a s i s t i1 d o,865
a s i s t j o1,843
a s i s t i1 ɾ,4397
a s i s t i ɾ a1,562
a1 s m a,1993
a1 s n o,1467
a s o s j a s j o1 n,5354
a s o s j a s j o1 n e s,463
a s o s j a1 d a,746
a s o s j a1 d o,1668
a s o s j a1 d o s,1710
a s o s j a1 ɾ s e,552
a s o1 m a,600
a s o1 m b ɾ a,1279
a s o m b ɾ a1 d a,490
a s o m b ɾ a1 d o,919
a s o1 m b ɾ o,909
a s o m b ɾ o1 s a,3155
a s o m b ɾ o1 s a s,753
a s o m b ɾ o1 s o,11169
a s o m b ɾ o1 s o s,650
a s p e1 k t o,19423
a s p e1 k t o s,3024
a1 s p e n,967
a1 s p e ɾ o,613
a s p i1 ɾ a,878
a s p i ɾ a s j o1 n e s,669
a s p i ɾ a d o1 ɾ a,1466
a s p i ɾ a1 n t e,1188
a s p i ɾ a1 n t e s,753
a s p i ɾ a1 ɾ,1134
a s p i ɾ i1 n a,2394
a s p i ɾ i1 n a s,1418
a s k e ɾ o1 s a,4023
a s k e ɾ o1 s a s,1004
a s k e ɾ o1 s o,13724
a s k e ɾ o1 s o s,1717
a1 s t a,1417
a s t e ɾ o1 i d e,1189
a s t e ɾ o1 i d e s,900
a s t i1 j a,1204
a s t i1 j a s,526
a s t i j e1 ɾ o,577
a s t o1 ɾ,1041
a s t ɾ a1 l,478
a1 s t ɾ o,980
a s t ɾ o n a1 u t a,2504
a s t ɾ o n a1 u t a s,2043
a s t ɾ o n o m i1 a,793
a s t u1 s j a,1186
a s t u1 t a,1546
a s t u1 t o,5210
a s t u1 t o s,894
a s u1 m a,584
a s u1 m e,1324
a s u1 m e s,587
a s u m i1,1214
a s u m i1 d o,650
a s u m j e1 n d o,2327
a s u m i1 m o s,794
a s u m j o1,835
a s u m i1 ɾ,5237
a s u m i ɾ e1,554
a s u m i1 ɾ l o,506
a s u1 m o,4683
a s u1 n t o,64715
a s u1 n t o s,26267
a s u1 s t a,10492
a s u s t a1 b a,993
a s u s t a1 d a,11863
a s u s t a1 d o,18359
a s u s t a1 d o s,3077
a s u s t a1 m o s,521
a s u1 s t a n,2519
a s u s t a1 n d o,3223
a s u s t a1 ɾ,3470
a s u s t a1 ɾ l a,1650
a s u s t a1 ɾ l e,519
a s u s t a1 ɾ l o,1602
a s u s t a1 ɾ l o s,1040
a s u s t a1 ɾ m e,4678
a s u s t a1 ɾ n o s,1574
a s u s t a1 ɾ o n,668
a s u s t a1 ɾ s e,1594
a s u s t a1 ɾ t e,4530
a s u1 s t a s,2431
a s u s t a1 s t e,3888
a s u1 s t e,2030
a s u s t e1,2961
a s u1 s t e n,706
a s u1 s t e s,2996
a s u1 s t o,1419
a s u s t o1,4142
a1 t a,1178
a t a1 k a,4982
a t a k a1 d a,1749
a t a k a1 d o,5049
a t a k a1 d o s,1709
a t a1 k a m e,479
a t a k a1 m o s,1216
a t a1 k a n,4222
a t a k a1 n d o,3833
a t a k a1 n t e,1369
a t a k a1 n t e s,473
a t a k a1 ɾ,11893
a t a k a1 ɾ a,464
a t a k a ɾ a1,1288
a t a k a ɾ a1 n,1159
a t a k a ɾ e1 m o s,1514
a t a k a1 ɾ l o,894
a t a k a1 ɾ l o s,1032
a t a k a1 ɾ m e,1452
a t a k a1 ɾ n o s,1848
a t a k a1 ɾ o n,4988
a t a k a1 ɾ t e,581
a t a1 k a s,719
a t a1 k o,764
a t a k o1,7464
a t a1 d a,2169
a t a1 d a s,1571
a t a1 d o,4749
a t a1 d o s,1407
a t a d u1 ɾ a s,1145
a t a1 x o,3276
a t a1 x o s,469
a1 t a l o,689
a t a1 k e,46320
a t a k e1 m o s,558
a t a1 k e n,2780
a t a1 k e s,9403
a t a1 ɾ,2430
a t a ɾ d e s e1 ɾ,2932
a t a1 ɾ l a,514
a t a1 ɾ l o,1022
a t a1 ɾ l o s,464
a t a1 ɾ m e,1174
a t a1 ɾ o n,720
a t a1 ɾ t e,874
a t a s k a1 d a,1437
a t a s k a1 d o,3555
a t a s k a1 d o s,894
a t a1 s k o,610
a t a s k o1,891
a1 l p a,1783
a t a u1 d,5560
a t a u1 d e s,1274
a1 t e,586
a t e1,903
a t e1 n a s,1269
a t e n s j o1 n,64431
a t e n s j o1 n e s,768
a t e n d e1 ɾ,6851
a t e n d e ɾ a1,804
a t e n d e ɾ e1,751
a t e n d e1 ɾ l a,534
a t e n d e1 ɾ l o,998
a t e n d e1 ɾ m e,891
a t e n d e1 ɾ t e,536
a t e n d i1 d o,861
a t e n d j e1 n d o,1166
a t e n d j o1,682
a t e n e1 a,474
a t e n e1 ɾ s e,489
a t e1 n t a,1149
a t e n t a1 d o,2570
a t e n t a1 d o s,660
a t e n t a m e1 n t e,3179
a t e1 n t o,3678
a t e1 n t o s,2837
a t e1 o,802
a t e1 r a,922
a t e r a1 d a,989
a t e r a1 d o,1280
a t e r a d o1 ɾ,3789
a t e r a d o1 ɾ a,1105
a t e r i1 s e,861
a t e r i s e1 m o s,501
a t e r i1 s a,1196
a t e r i s a1 d o,1253
a t e r i s a1 x e,5971
a t e r i s a1 m o s,749
a t e r i s a1 n d o,573
a t e r i s a1 ɾ,6496
a t e r i s a ɾ e1 m o s,621
a t e r i s o1,1649
a t e r o ɾ i1 s a,725
a t e r o ɾ i s a1 d a,1201
a t e r o ɾ i s a1 d o,1476
a t e r o ɾ i s a1 d o s,555
a t e s t i g w a1 ɾ,475
a1 t i k o,3237
a t j e1 n d a,1066
a t j e1 n d a n,704
a t j e1 n d e,3456
a t j e1 n d o,1639
a t i1 l a,710
a t l a1 n t a,3143
a t l a1 n t i k o,2464
a1 t l a s,760
a t l e1 t a,2191
a t l e1 t a s,1432
a t l e1 t i k a,505
a t l e1 t i k o,620
a t l e t i1 s m o,661
a d m o1 s f e ɾ a,6034
a t o1,889
a t o1 m i k a,2219
a t o1 m i k a s,751
a t o1 m i k o,553
a1 t o m o,834
a1 t o m o s,1050
a t o n t a1 d o,577
a t o ɾ a1 d a,754
a t o ɾ a1 d o,1339
a t o ɾ m e1 n t a,760
a t o ɾ m e n t a1 d o,883
a t o ɾ m e n t a1 ɾ m e,454
a t o ɾ o1,614
a t ɾ a k a d o1 ɾ,455
a t ɾ a k a1 ɾ,940
a t ɾ a k s j o1 n,4069
a t ɾ a k s j o1 n e s,1023
a t ɾ a1 k o,2715
a t ɾ a1 k o s,464
a t ɾ a k t i1 b a,7537
a t ɾ a k t i1 b a s,1021
a t ɾ a k t i1 b o,8936
a t ɾ a k t i1 b o s,1088
a t ɾ a1 e,4328
a t ɾ a1 e n,1507
a t ɾ a e1 ɾ,3499
a t ɾ a e ɾ a1,631
a t ɾ a e1 ɾ l o,653
a t ɾ a e1 ɾ l o s,554
a t ɾ a1 e s,585
a t ɾ a i1 a,626
a t ɾ a i1 d a,1026
a t ɾ a i1 d o,1589
a t ɾ a1 i g o,453
a t ɾ a1 x o,1425
a t ɾ a1 p a,3009
a t ɾ a p a1 d a,4941
a t ɾ a p a1 d a s,688
a t ɾ a p a1 d o,13302
a t ɾ a p a1 d o s,6539
a t ɾ a1 p a l a,1412
a t ɾ a1 p a l o,2727
a t ɾ a1 p a l o s,521
a t ɾ a p a1 m o s,2626
a t ɾ a1 p a n,2753
a t ɾ a p a1 n d o,462
a t ɾ a p a1 ɾ,11126
a t ɾ a p a ɾ a1,747
a t ɾ a p a1 ɾ a n,537
a t ɾ a p a ɾ a1 n,1327
a t ɾ a p a ɾ e1,1628
a t ɾ a p a ɾ e1 m o s,1880
a t ɾ a p a1 ɾ l a,1278
a t ɾ a p a1 ɾ l e,626
a t ɾ a p a1 ɾ l o,6571
a t ɾ a p a1 ɾ l o s,1804
a t ɾ a p a1 ɾ m e,2531
a t ɾ a p a1 ɾ n o s,768
a t ɾ a p a1 ɾ o n,3944
a t ɾ a p a1 ɾ t e,1887
a t ɾ a1 p a s,644
a t ɾ a p a1 s t e,1669
a t ɾ a1 p e,1518
a t ɾ a p e1,2372
a t ɾ a p e1 m o s,712
a t ɾ a1 p e n,2483
a t ɾ a1 p e n l a,710
a t ɾ a1 p e n l o,3366
a t ɾ a1 p e n l o s,996
a t ɾ a1 p o,1042
a t ɾ a p o1,3089
a t ɾ a1 s,106136
a t ɾ a s a1 d a,1149
a t ɾ a s a1 d o,2426
a t ɾ a s a1 d o s,1468
a t ɾ a1 s o,744
a t ɾ a b e s a1 d o,1621
a t ɾ a b e s a1 m o s,642
a t ɾ a b e s a1 n d o,2224
a t ɾ a b e s a1 ɾ,5649
a t ɾ a b e s a1 ɾ l a,634
a t ɾ a b e s a1 ɾ l o,886
a t ɾ a b e s a1 ɾ o n,462
a t ɾ a b e s e1,525
a t ɾ a b e s o1,2377
a t ɾ a b j e1 s a,2006
a t ɾ a b j e1 s a n,737
a t ɾ a b j e1 s e,570
a t ɾ a j e1 n d o,501
a t ɾ e1 b a,1070
a t ɾ e1 b a s,3880
a t ɾ e1 b e,5104
a t ɾ e1 b e n,1416
a t ɾ e b e ɾ i1 a,1640
a t ɾ e b e ɾ i1 a s,503
a t ɾ e b e1 ɾ s e,620
a t ɾ e1 b e s,8819
a t ɾ e1 b e t e,1139
a t ɾ e b i1,599
a t ɾ e b i1 a,565
a t ɾ e b i1 d a,977
a t ɾ e b i1 d o,3096
a t ɾ e b i m j e1 n t o,644
a t ɾ e b j o1,690
a t ɾ e1 b o,2289
a t ɾ i b u1 t o s,579
a t ɾ o1 s e s,548
a t ɾ o s i d a1 d,669
a t ɾ o s i d a1 d e s,979
a t ɾ o p e j a1 d o,1651
a t ɾ o p e j a1 ɾ,582
a t ɾ o p e j a1 ɾ o n,499
a t ɾ o p e j e1,455
a t ɾ o p e1 j o,862
a t ɾ o p e j o1,1653
a t ɾ o p i1 n a,558
a t ɾ o1 s,1666
a t w e1 n d o,1427
a t u1 n,2609
a t u ɾ d i1 d a,461
a t u ɾ d i1 d o,908
a u1 d a s j a,902
a u1 d a s,1745
a u d i1 s j o n,4755
a u d i1 s j o n e s,1150
a u1 d j e n s j a,9733
a u1 d j e n s j a s,1156
a u1 d i f o n o,468
a u1 d i f o n o s,520
a1 u d j o,2204
a u d i1 t o ɾ j o,982
a u1 g u ɾ j o,546
a u1 g u s t a,682
a u1 g u s t o,1455
a1 u l a,1617
a u1 j a n d o,452
a u1 m e n t a,3937
a u m e1 n t a d o,1820
a u1 m e n t a n,936
a u m e1 n t a n d o,2113
a u m e1 n t a ɾ,4363
a u m e n t a1 ɾ a,652
a u m e1 n t a ɾ o n,507
a u1 m e n t e,926
a u1 m e n t o,6896
a u m e1 n t o,1118
a u1 n,227747
a1 u ɲ k e,114712
a1 u ɾ a,1121
a u1 ɾ e l j o,660
a u ɾ i k u1 l a ɾ,658
a u ɾ i k u1 l a ɾ e s,958
a u1 ɾ o ɾ a,1829
a u1 s e n s j a,5561
a u1 s e n t e,3075
a u1 s e n t e s,527
a u1 s t ɾ a l j a,5020
a u s t ɾ a1 l j a n o,1012
a u s t ɾ a1 l j a n o s,521
a1 u s t ɾ j a,2066
a u1 t e n t i k a,4385
a u1 t e n t i k a s,725
a u t e n t i s i1 d a d,631
a u1 t e n t i k o,7492
a u1 t e n t i k o s,1406
a1 u t o,120911
a u t o b j o g ɾ a1 f i a,487
a u t o1 b u s,22542
a u t o1 b u s e s,2752
a u t o k o1 n t ɾ o l,461
a u t o d e s t ɾ u1 k s j o n,1239
a u t o e1 s t i m a,1808
a u1 t o g ɾ a f o,3066
a u1 t o g ɾ a f o s,907
a u t o1 m a t i k a,1672
a u t o1 m a t i k a m e n t e,1838
a u t o1 m a t i k a s,820
a u t o1 m a t i k o,4029
a u t o1 m a t i k o s,566
a u t o1 m o b i l,3910
a u t o1 m o b i l e s,1340
a u t o m o b i1 l i s t i k o,785
a u t o n o1 m i a,563
a u t o1 p i s t a,6725
a u t o1 p i s t a s,793
a u1 t o p s j a,5186
a u1 t o p s j a s,646
a u1 t o ɾ,5456
a u1 t o ɾ a,551
a u1 t o ɾ e s,1147
a u t o ɾ i1 d a d,12468
a u t o ɾ i1 d a d e s,8877
a u t o1 ɾ i s a,655
a u t o ɾ i s a1 s j o n,7359
a u t o ɾ i1 s a d a,1433
a u t o ɾ i1 s a d o,4328
a u t o ɾ i1 s a d o s,808
a u t o ɾ i1 s a ɾ,677
a u t o ɾ i1 s o,1208
a1 u t o s,16488
a u t o1 s t o p,488
a u g s i1 l j a ɾ,1938
a u g s i1 l j a ɾ e s,870
a u1 g s i l j o,11063
a u1 g s i l j o s,1232
a b a l a1 n tʃ a,968
a b a1 n s e,4802
a b a1 n s e n,2505
a b a1 n s e s,1753
a b a1 n s a,3679
a b a n s a1 d a,3721
a b a n s a1 d a s,747
a b a n s a1 d o,3586
a b a n s a1 d o s,981
a b a n s a1 m o s,913
a b a1 n s a n,1011
a b a n s a1 n d o,4278
a b a n s a1 ɾ,4702
a b a n s o1,491
a b a ɾ i1 s j a,1700
a b a1 ɾ o,717
a b a t a1 ɾ,3246
a1 b e,6564
a b e s i1 n a,993
a b e1 n a,1690
a b e n i1 d a,6241
a b e n t o1 n,1524
a b e n t u1 ɾ a,13665
a b e n t u1 ɾ a s,4199
a b e n t u ɾ e1 ɾ o,983
a b e ɾ g o n s a1 d a,3095
a b e ɾ g o n s a1 d o,5075
a b e ɾ g o n s a1 d o s,601
a b e ɾ g o n s a1 n d o,665
a b e ɾ g o n s a1 ɾ,680
a b e ɾ g o n s a1 ɾ m e,1930
a b e ɾ g o n s a1 ɾ s e,3428
a b e ɾ g o n s a1 ɾ t e,3084
a b e ɾ g w e1 n s e,486
a b e ɾ g w e1 n s e s,870
a b e ɾ g w e1 n s a,2164
a b e ɾ g w e1 n s a s,1155
a b e ɾ i1 a,1089
a b e ɾ j a1 d o,894
a b e ɾ i1 g w a,4395
a b e ɾ i g w a s j o1 n e s,508
a b e ɾ i g w a1 d o,2204
a b e ɾ i1 g w a l o,1299
a b e ɾ i g w a1 m o s,1124
a b e ɾ i g w a1 n d o,686
a b e ɾ i g w a1 ɾ,19887
a b e ɾ i g w a ɾ e1,1766
a b e ɾ i g w a ɾ e1 m o s,1841
a b e ɾ i g w a1 ɾ l o,13840
a b e ɾ i g w a1 ɾ o n,482
a b e ɾ i1 g w a s,642
a b e ɾ i g w a1 s t e,1486
a b e ɾ i1 g w e,1725
a b e ɾ i g w e1,1207
a b e ɾ i g w e1 m o s,958
a b e ɾ i g w e1 m o s l o,746
a b e ɾ i1 g w e n,861
a b e ɾ i1 g w e s,581
a b e ɾ i1 g w o,687
a b e ɾ i g w o1,1347
a b e ɾ j o1,631
a b e ɾ s j o1 n,625
a1 b e s,5537
a b e s t ɾ u1 s,619
a1 b i,617
a b j a s j o1 n,2015
a b j a d o1 ɾ,700
a b j o1 n,52399
a b j o1 n e s,13355
a b j o n e1 t a,494
a b i1 s a,2622
a b i s a1 d o,3329
a b i1 s a l e,881
a b i1 s a m e,7550
a b i s a1 m o s,460
a b i s a1 n d o,538
a b i1 s a n o s,641
a b i s a1 ɾ,5186
a b i s a ɾ e1,3047
a b i s a ɾ e1 m o s,778
a b i s a1 ɾ l e,3764
a b i s a1 ɾ l e s,1428
a b i s a1 ɾ m e,2890
a b i s a1 ɾ n o s,1088
a b i s a1 ɾ o n,1121
a b i s a1 ɾ t e,2206
a b i1 s a s,718
a b i s a1 s t e,862
a b i1 s e,1832
a b i s e1,1248
a b i1 s e m e,2557
a b i1 s e n,947
a b i1 s e m m e,1343
a b i1 s o,11954
a b i s o1,2002
a b i1 s o s,1293
a b i1 s p a,725
a b i1 s p a s,641
a b i s p o1 n,1109
a g s i1 l a s,452
a1 i,75234
a j e1 ɾ,59232
a j u1 d a,144768
a j u d a1 b a,2211
a j u d a1 d m e,2978
a j u d a1 d o,8145
a j u1 d a l a,1374
a j u1 d a l e,1764
a j u1 d a l o,1684
a j u1 d a m e,57288
a j u d a1 m o s,2120
a j u1 d a n,3811
a j u d a1 n d o,10409
a j u d a1 n d o l o,476
a j u d a1 n d o m e,1127
a j u d a1 n d o n o s,554
a j u d a1 n d o t e,728
a j u1 d a n o s,4678
a j u d a1 n t e,9829
a j u d a1 n t e s,1861
a j u d a1 ɾ,75215
a j u d a1 ɾ a,3238
a j u d a ɾ a1,12670
a j u d a1 ɾ a n,516
a j u d a ɾ a1 n,2085
a j u d a1 ɾ a s,953
a j u d a ɾ a1 s,2741
a j u d a ɾ e1,9277
a j u d a ɾ e1 m o s,2179
a j u d a ɾ i1 a,6172
a j u d a ɾ i1 a n,532
a j u d a ɾ i1 a s,1168
a j u d a1 ɾ l a,21347
a j u d a1 ɾ l a s,978
a j u d a1 ɾ l e,31145
a j u d a1 ɾ l e s,8028
a j u d a1 ɾ l o,25287
a j u d a1 ɾ l o s,10682
a j u d a1 ɾ m e,56947
a j u d a1 ɾ n o s,25705
a j u d a1 ɾ o n,2223
a j u d a1 ɾ o s,2423
a j u d a1 ɾ s e,1235
a j u d a1 ɾ t e,73205
a j u1 d a s,7753
a j u d a1 s t e,3592
a j u1 d e,22481
a j u d e1,4015
a j u1 d e l o,507
a j u1 d e m e,12280
a j u d e1 m o s,684
a j u1 d e n,2834
a j u1 d e n l o,953
a j u1 d e m m e,17656
a j u1 d e n n o s,1739
a j u1 d e n o s,2462
a j u1 d e s,4322
a j u1 d o,8494
a j u d o1,10907
a j u1 n o,494
a j u n t a m j e1 n t o,4089
a s a f a1 t a,1362
a s a1 ɾ,5994
a s o t a1 d o,454
a s o t a1 ɾ,550
a s o1 t e,839
a s o t e1 a,2305
a s o1 t e s,899
a s t e1 k a,536
a s t e1 k a s,457
a s u1 k a ɾ,13072
a s u1 f ɾ e,1111
a s u1 l,33671
a s u1 l e s,8369
b a1 b a,2186
b a1 b e,1668
b a b i l o1 n j a,1465
b a b o1 ɾ,2466
b a b o1 s a,539
b a k a l a1 o,894
b a1 tʃ e,693
b a1 tʃ e s,666
b a tʃ i j e ɾ a1 t o,1790
b a1 k o n,1428
b a k t e1 ɾ j a,1146
b a k t e1 ɾ j a s,1461
b a a1 m a s,1140
b a i1 a,5917
b a1 i l a,8175
b a i1 l a b a,1093
b a i1 l a d o,1062
b a i1 l a m o s,2435
b a1 i l a n,1693
b a i1 l a n d o,8172
b a i1 l a ɾ,33699
b a i l a1 ɾ e,766
b a i l a1 ɾ e m o s,599
b a i l a1 ɾ i n,2818
b a i l a1 ɾ i n a,5277
b a i l a1 ɾ i n a s,1648
b a i l a1 ɾ i n e s,1511
b a1 i l a s,2632
b a1 i l e,35327
b a i1 l e,549
b a i1 l e m o s,1925
b a1 i l e n,832
b a1 i l e s,2687
b a1 i l o,2326
b a i1 l o,534
b a1 x a,43028
b a x a1 b a,1045
b a x a1 d,1266
b a x a1 d a,786
b a x a1 d o,4188
b a1 x a l a,3530
b a1 x a l o,3054
b a1 x a m e,3648
b a x a1 m o s,2626
b a1 x a n,2045
b a x a1 n d o,7340
b a x a1 ɾ,25191
b a x a1 ɾ a,744
b a x a ɾ a1,1432
b a x a ɾ e1,2684
b a x a ɾ e1 m o s,1155
b a x a1 ɾ l a,906
b a x a1 ɾ l e,964
b a x a1 ɾ l o,1651
b a x a1 ɾ m e,2136
b a x a1 ɾ n o s,578
b a x a1 ɾ o n,1488
b a x a1 ɾ s e,1737
b a x a1 ɾ t e,1432
b a1 x a s,7976
b a x a1 s t e,871
b a1 x a t e,8445
b a1 x e,9372
b a x e1,2447
b a1 x e l a,510
b a1 x e m e,635
b a x e1 m o s,1675
b a1 x e n,7051
b a1 x e n l a s,494
b a1 x e n l o,1322
b a1 x e m m e,852
b a1 x e n s e,1245
b a1 x e s,2194
b a1 x e s e,1837
b a x i1 t o,1601
b a1 x o,124790
b a x o1,4721
b a1 x o s,4623
b a1 l a,22776
b a l a1 d a,505
b a l a1 n s e,2387
b a l a1 n s a,1219
b a1 l a s,17194
b a l a1 s o,1817
b a l a1 s o s,1297
b a l b o1 a,1729
b a l k o1 n,3209
b a1 l d e,1590
b a l e a1 d o,452
b a1 l i,772
b a l i1 s t i k a,1485
b a l i1 s a,591
b a j e1 n a,3738
b a j e1 n a s,3005
b a j e1 s t a,498
b a j e1 d,4170
b a l n e a1 ɾ j o,582
b a l o1 n,5542
b a l o n s e1 s t o,3792
b a1 l s a,2046
b a l t i m o1 ɾ e,4083
b a m b u1,1009
b a n a1 l,575
b a n a1 n a,2155
b a n a1 n a s,1114
b a1 ɲ k a,2340
b a ɲ k a1 ɾ j a,1836
b a ɲ k a1 ɾ j a s,1029
b a ɲ k a1 ɾ j o,1020
b a ɲ k a1 ɾ j o s,725
b a ɲ k a r o1 t a,2110
b a1 ɲ k o,38752
b a1 ɲ k o s,7746
b a1 n d a,27037
b a n d a1 d a,467
b a1 n d a s,4601
b a n d e1 x a,3514
b a n d e1 x a s,552
b a n d e1 ɾ a,10317
b a n d e1 ɾ a s,2068
b a n d i1 d o,3318
b a n d i1 d o s,3909
b a1 n d o,3345
b a1 n d o s,1118
b a1 ɲ g,4408
b a ɲ g k o1 k,1614
b a1 ɲ x o,885
b a ɲ k e1 ɾ o,2373
b a ɲ k e1 ɾ o s,1326
b a ɲ k e1 t e,3739
b a ɲ k e1 t e s,469
b a ɲ k i1 j o,929
b a1 j a,510
b a j a1 d o,943
b a j a d o1 ɾ,637
b a j a1 n d o,471
b a j a1 n d o s e,458
b a j a1 ɾ,790
b a j a1 ɾ m e,2155
b a j a1 ɾ n o s,684
b a j a1 ɾ s e,2357
b a j a1 ɾ t e,1546
b a j e1 ɾ a,5084
b a1 j o,57223
b a1 j o s,4555
b a1 ɾ,35725
b a ɾ a1 x a,1136
b a ɾ a n d i1 j a,605
b a ɾ a1 t a,4342
b a ɾ a1 t a s,1781
b a ɾ a t i1 x a s,640
b a ɾ a1 t o,9193
b a ɾ a1 t o s,2266
b a1 ɾ b a,7651
b a ɾ b a k o1 a,2428
b a1 ɾ b a ɾ a,4537
b a ɾ b a ɾ i d a1 d,1029
b a1 ɾ b a ɾ o,2233
b a1 ɾ b a ɾ o s,1555
b a1 ɾ b a s,798
b a ɾ b e ɾ i1 a,704
b a ɾ b e1 ɾ o,1880
b a1 ɾ b j e,2165
b a ɾ b i1 j a,1939
b a1 ɾ k a,2956
b a ɾ k a1 s a,710
b a ɾ s e l o1 n a,1651
b a1 ɾ k o,53524
b a1 ɾ k o s,9396
b a1 ɾ e s,3433
b a1 ɾ m a n,1267
b a ɾ o1 n,7066
b a ɾ o n e1 s a,2075
b a ɾ k e1 ɾ o,479
b a1 r a,8040
b a r a1 k a,831
b a r a1 k a s,840
b a r a k o1 n e s,603
b a r a1 ɲ k o,1185
b a1 r a s,3947
b a1 r e,616
b a r e1 ɾ,1116
b a r e1 ɾ a,3666
b a r e1 ɾ a s,1360
b a r i k a1 d a,1081
b a r i k a1 d a s,1065
b a r i1 d o,1147
b a r j e1 n d o,492
b a r i1 g a,3032
b a r i1 l,3411
b a r i1 l e s,2125
b a1 r j o,16576
b a1 r j o s,2144
b a1 r o,4396
b a r o1 t e s,1143
b a ɾ u1 j o,485
b a1 s a,2973
b a s a1 d a,3584
b a s a1 d a s,656
b a s a1 d o,4845
b a s a1 d o s,1172
b a1 s a n,666
b a s a1 n d o m e,1686
b a s a1 n d o n o s,1035
b a s a1 n d o s e,1707
b a1 s e,38314
b a s e b a1 j,1502
b a1 s e s,3990
b a1 s i k a,1962
b a s i k a m e1 n t e,1010
b a1 s i k a m e n t e,9954
b a1 s i k a s,1449
b a1 s i k o,3459
b a1 s i k o s,1461
b a s k e d b a1 j,560
b a1 s k e d,541
b a1 s t a,88247
b a s t a1 b a,780
b a1 s t a n,522
b a s t a1 n t e,106301
b a s t a1 n t e s,4595
b a s t a1 ɾ,664
b a s t a ɾ a1,1907
b a s t a1 ɾ d o,19961
b a s t a1 ɾ d o s,6940
b a s t a ɾ i1 a,737
b a s t i d o1 ɾ e s,874
b a s t i1 j a,453
b a s t o1,770
b a s t o1 n,3851
b a s u1 ɾ a,43145
b a s u1 ɾ a s,700
b a s u ɾ e1 ɾ o,3204
b a s u ɾ e1 ɾ o s,504
b a1 t a,4046
b a t a1 j a,29481
b a t a1 j a s,3788
b a t a j o1 n e s,468
b a1 t a s,492
b a1 t e,3999
b a t e1 a,661
b a t e a d o1 ɾ,1026
b a t e1 a n,655
b a t e a1 ɾ,962
b a1 t e n,482
b a t e1 o,474
b a t e ɾ i1 a,7567
b a t e ɾ i1 a s,2904
b a t e ɾ i1 s t a,1039
b a1 t e s,3076
b a t i1 d a,665
b a t i1 d o,2028
b a t i1 d o s,457
b a t i1 ɾ,1075
b a t i1 ɾ s e,472
b a t i1 s t a,1147
b a1 d m a n,6805
b a u1 l,3839
b a u1 t i s m o,836
b a u1 t i s t a,998
b a u t i1 s a d o,842
b a u1 t i s o,902
b a1 j a s,847
b a j o n e1 t a,754
b a j o n e1 t a s,686
b a s a1 ɾ,515
b a1 s o,1233
b e1 a,1249
b e a t ɾ i1 s,718
b e1 b a,3777
b e b a1 m o s,2204
b e1 b a n,1501
b e1 b a s,1869
b e1 b e,25723
b e b e1,82879
b e b e1 d,557
b e b e d o1 ɾ,681
b e1 b e l o,1075
b e b e1 m o s,1397
b e1 b e n,2146
b e b e1 ɾ,36517
b e b e ɾ e1,1350
b e b e ɾ e1 m o s,864
b e b e1 ɾ l a,492
b e b e1 ɾ l o,1044
b e1 b e s,5723
b e b e1 s,10407
b e1 b e t e,653
b e1 b e t e l o,1252
b e b i1,2156
b e b i1 a,2034
b e b i1 d a,14611
b e b i1 d a s,6606
b e b i1 d o,7164
b e b j e1 n d o,10931
b e b i1 m o s,847
b e b j o1,2179
b e b i1 s t e,1374
b e b i1 t a,459
b e b i1 t o,512
b e1 b o,6311
b e1 k a,4708
b e1 k a s,721
b e1 i x e,686
b e i1 x i ɲ g,885
b e i1 ɾ u d,1233
b e1 i s b o l,8188
b e l e1 n,543
b e l f a1 s d,799
b e1 l g a,1099
b e1 l g a s,577
b e1 l x i k a,1456
b e l g ɾ a1 d o,977
b e l i1 n d a,710
b e1 j a,23534
b e1 j a s,3988
b e j e1 s a,23036
b e j e1 s a s,1250
b e j i1 s i m a,1079
b e j i1 s i m o,725
b e1 j o,8294
b e1 j o s,1545
b e m o1 l,554
b e n d e s i1 d a,530
b e n d e s i1 d o,1406
b e n d e s i1 d o s,562
b e n d e s i1 ɾ,686
b e n d e1 ɾ,2240
b e n d i1 s e,1460
b e n d i1 s e m e,454
b e n d i s j o1 n,6651
b e n d i s j o1 n e s,1736
b e n d i1 g a,10416
b e n d i1 g a m e,551
b e n d i1 t a,3424
b e n d i1 t o,4425
b e n d i1 t o s,870
b e n e f a k t o1 ɾ,767
b e n e1 f i k a,832
b e n e f i s e1 n s j a,1487
b e n e f i1 s j a,974
b e n e f i s j a1 ɾ s e,944
b e n e f i1 s j o,6095
b e n e f i1 s j o s,6140
b e n e f i s j o1 s o,585
b e n e1 f i k o,503
b e ɲ g a1 l a,1294
b e ɲ g a1 l a s,794
b e n i1 g n o,584
b e n i1 t o,685
b e ɲ x a m i1 n,1748
b e ɾ l i1 n,9475
b e ɾ m u1 d a s,1028
b e ɾ n a1 ɾ d o,1146
b e1 ɾ t a,1325
b e1 s a,2811
b e s a1 b a,745
b e s a1 d o,2969
b e1 s a l a,1078
b e1 s a l o,745
b e1 s a m e,9141
b e s a1 m o s,1766
b e1 s a n,913
b e s a1 n d o,2450
b e s a1 n d o n o s,528
b e s a1 n d o s e,1015
b e s a1 ɾ,7065
b e s a1 ɾ a,466
b e s a ɾ e1,622
b e s a ɾ i1 a,468
b e s a1 ɾ l a,2443
b e s a1 ɾ l e,1009
b e s a1 ɾ l o,1340
b e s a1 ɾ m e,5489
b e s a1 ɾ n o s,1376
b e s a1 ɾ s e,1505
b e s a1 ɾ t e,5783
b e1 s a s,1801
b e s a1 s t e,1821
b e1 s e,1498
b e s e1,2150
b e1 s e s,829
b e s i1 t o,1575
b e1 s o,26807
b e s o1,2577
b e1 s o s,5668
b e1 s t j a,14777
b e s t j a1 l,556
b e1 s t j a s,3788
b e1 t a,2119
b i1,1393
b j a1 ɲ k a,1993
b i b e ɾ o1 n,685
b i1 b l j a,10193
b i1 b l j a s,478
b i1 b l i k o,584
b i b l j o t e1 k a,11963
b i b l j o t e k a1 ɾ j a,552
b i b l j o t e k a1 ɾ j o,669
b i b l j o t e1 k a s,536
b i k a ɾ b o n a1 t o,608
b i1 s e p s,521
b i1 tʃ o,4451
b i1 tʃ o s,4015
b i1 s i,3291
b i s i k l e1 t a,8612
b i s i k l e1 t a s,1255
b j e1 n,2271161
b j e n a b e n t u ɾ a1 d o s,546
b j e1 n e s,6500
b j e n e s t a1 ɾ,3898
b j e m b e n i1 d a,25335
b j e m b e n i1 d a s,1265
b j e m b e n i1 d o,34087
b j e m b e n i1 d o s,20366
b i g o1 t e,4826
b i g o1 t e s,1057
b i k i1 n i,1526
b i j a1 ɾ,3285
b i j e1 t e,8184
b i j e t e1 ɾ a,4550
b i j e1 t e s,8592
b i j o1 n,1040
b i j o1 n e s,3564
b i1 ɲ g o,5468
b i n o k u l a1 ɾ e s,742
b j o g ɾ a f i1 a,1183
b j o l o x i1 a,2177
b j o l o1 x i k a,1864
b j o l o1 x i k a s,871
b j o l o1 x i k o,2066
b j o l o1 x i k o s,883
b j o1 p s j a,1969
b j o k i1 m i k a,586
b i1 p,675
b i p o l a1 ɾ,461
b i ɾ m a1 n j a,811
b i1 s,505
b i s a b w e1 l a,493
b i s a b w e1 l o,1104
b i s e g s w a1 l,605
b i s t e1 k,2016
b i s t u ɾ i1,1237
b i1 d,784
b i t a1 k o ɾ a,1959
b i s a1 r o,564
b i s k o1 tʃ o,1167
b i s k o1 tʃ o s,995
b l a1,6300
b l a1 ɲ k a,28260
b l a ɲ k a n j e1 b e s,724
b l a1 ɲ k a s,5655
b l a1 ɲ k o,54234
b l a1 ɲ k o s,16268
b l a1 n d a,1018
b l a1 n d o,2618
b l a1 n d o s,581
b l a ɲ k i1 t o,1067
b l a s f e1 m j a,1127
b l a s f e1 m o,507
b l e1 d o,2109
b l i n d a1 d o,1438
b l i n d a1 d o s,689
b l i n d a1 x e,453
b l o1 k k,1131
b l o1 g,1581
b l o1 k e,3758
b l o k e1 a,1637
b l o k e a1 d a,1385
b l o k e a1 d a s,647
b l o k e a1 d o,3018
b l o k e a1 d o s,637
b l o k e a1 n d o,1622
b l o k e a1 ɾ,2044
b l o k e1 e n,585
b l o k e1 o,3954
b l o k e o1,627
b l o1 k e s,1682
b l w e1 s,2656
b l u1 s a,2648
b o1 a,913
b o1 b a,1649
b o b a1 d a,533
b o b a1 d a s,1480
b o b i1 n a,498
b o b i1 n a s,524
b o1 b o,4189
b o1 b o s,844
b o1 k a,62578
b o k a d i1 j o,2077
b o k a d i1 j o s,1815
b o k a1 d o,2067
b o1 k a s,1719
b o k a1 s a,556
b o k a1 s a s,1217
b o s e1 t o,537
b o s e1 t o s,652
b o s i1 n a,1599
b o k o1 n,677
b o k o1 t a,660
b o1 d a,41819
b o1 d a s,7887
b o d e1 g a,4246
b o1 d i,647
b o f e t a1 d a,1993
b o f e t a1 d a s,634
b o e1 m j a,507
b o1 i n a,522
b o1 l,784
b o1 l a,15192
b o1 l a s,11111
b o l tʃ e b i1 k e,468
b o l tʃ e b i1 k e s,622
b o l e1 ɾ a,720
b o l e t i1 n,1850
b o l e1 t o,6221
b o l e1 t o s,5888
b o1 l i,824
b o l i1 tʃ e,783
b o l i1 g ɾ a f o,2564
b o l i1 t a s,667
b o l i1 b j a,1130
b o1 j o,1132
b o1 j o s,1258
b o l o1 n j a,467
b o1 l o s,2743
b o1 l s a,30509
b o1 l s a s,7418
b o l s i1 j o,15010
b o l s i1 j o s,5683
b o l s i1 t a,532
b o1 l s o,13220
b o l s o1 n,1535
b o1 l s o s,1357
b o l u1 d o,1065
b o1 m b a,32553
b o m b a ɾ d e a1 d o,543
b o m b a ɾ d e1 a n,453
b o m b a ɾ d e a1 ɾ,1126
b o m b a ɾ d e a1 ɾ o n,472
b o m b a ɾ d e1 o,2882
b o m b a ɾ d e1 o s,1016
b o m b a ɾ d e1 ɾ o,1266
b o m b a ɾ d e1 ɾ o s,1899
b o1 m b a s,13196
b o1 m b a i,1465
b o m b e1 a,495
b o m b e a1 ɾ,558
b o m b e1 ɾ o,2376
b o m b e1 ɾ o s,6051
b o m b i1 j a,1018
b o m b i1 j a s,498
b o m b o1 n,1786
b o m b o n s i1 t o,625
b o m b o1 n e s,1207
b o1 n,2558
b o n d a1 d,5552
b o n d a d o1 s a,486
b o n d a d o1 s o,973
b o n i f i k a s j o1 n,604
b o n i1 t a,38955
b o n i1 t a s,7472
b o n i1 t o,53746
b o n i1 t o s,5617
b o1 n o,1995
b o1 n o s,2914
b o o1 x j e,1171
b o o1 k,687
b o o1 m,2722
b o1 ɾ d a,2299
b o ɾ d a1 d o,546
b o1 ɾ d e,8794
b o1 ɾ d e n,667
b o1 ɾ d e s,1113
b o1 ɾ d o,19816
b o1 r a,1473
b o r a1 tʃ a,5649
b o r a tʃ e1 ɾ a,1172
b o r a1 tʃ o,22494
b o r a1 tʃ o s,4321
b o r a1 d a,493
b o r a1 d o,2581
b o r a d o1 ɾ,1291
b o r a1 d o s,569
b o r a1 n d o,533
b o r a1 ɾ,4121
b o r a1 ɾ l o,1135
b o r a1 ɾ o n,466
b o1 r e,534
b o r o1,1019
b o r o1 n,1146
b o r o1 s a,857
b o r o1 s o,1149
b o1 s n j a,1085
b o1 s k e,26694
b o s k e1 x o,475
b o1 s k e s,4722
b o1 s t o n,9724
b o1 t a,3099
b o t a1 n i k o,489
b o t a1 ɾ,762
b o1 t a s,10995
b o1 t e,19614
b o t e1 j a,21854
b o t e1 j a s,5827
b o1 t e s,4062
b o t i1 n,3180
b o t i k i1 n,1343
b o t o1 n,10550
b o t o1 n e s,5382
b o u1 t i k e,502
b o1 b e d a,4028
b o g s e a d o1 ɾ,2845
b o g s e a d o1 ɾ e s,816
b o g s e a1 ɾ,1027
b o g s e1 o,3768
b o1 j a,587
b o1 i s,1693
b ɾ a1 g a,711
b ɾ a1 g a s,2513
b ɾ a g e1 t a,538
b ɾ a1 n d i,3730
b ɾ a s i1 l,4423
b ɾ a s i l e1 j a,544
b ɾ a s i l e1 j o,649
b ɾ a1 b a,514
b ɾ a1 b o,16410
b ɾ a1 b o s,487
b ɾ a s a l e1 t e,2557
b ɾ a s a l e1 t e s,746
b ɾ a1 s o,31068
b ɾ a1 s o s,25876
b ɾ e1 a,505
b ɾ e1 tʃ a,2431
b ɾ e t a1 j a,3280
b ɾ e1 b e,8310
b ɾ e b e m e1 n t e,1201
b ɾ e1 b e s,906
b ɾ i b o1 n,1689
b ɾ i b o1 n e s,492
b ɾ i g a1 d a,4478
b ɾ i g a1 d a s,582
b ɾ i1 j a,4716
b ɾ i j a1 b a,808
b ɾ i1 j a n,1400
b ɾ i j a1 n d o,1525
b ɾ i j a1 n t e,26164
b ɾ i j a1 n t e s,5814
b ɾ i j a1 ɾ,2226
b ɾ i j a ɾ a1,473
b ɾ i1 j e,933
b ɾ i1 j o,4356
b ɾ i1 n d a,920
b ɾ i n d a1 m o s,653
b ɾ i n d a1 ɾ,2342
b ɾ i n d e1 m o s,2665
b ɾ i1 n d i s,6713
b ɾ i1 n d o,2238
b ɾ i1 s a,3327
b ɾ i t a1 n i k a,3051
b ɾ i t a1 n i k a s,716
b ɾ i t a1 n i k o,5941
b ɾ i t a1 n i k o s,4487
b ɾ o1 tʃ e,1571
b ɾ o1 k o l i,540
b ɾ o1 m a,41586
b ɾ o1 m a s,7728
b ɾ o m e1 a,2368
b ɾ o m e a1 b a,3618
b ɾ o m e1 a n,464
b ɾ o m e a1 n d o,31505
b ɾ o m e a1 ɾ,2066
b ɾ o m e1 a s,9438
b ɾ o m e1 e s,1817
b ɾ o m e1 o,4161
b ɾ o m i1 s t a,1333
b ɾ o1 ɲ k a,1155
b ɾ o1 n s e,1762
b ɾ o n s e a1 d o,1841
b ɾ o1 ɲ k o,543
b ɾ o1 t e,1292
b ɾ o1 t e s,621
b ɾ u1 x a,14201
b ɾ u1 x a s,5820
b ɾ u x e ɾ i1 a,1937
b ɾ u1 x o,1747
b ɾ u1 x o s,544
b ɾ u1 x u l a,2549
b ɾ u1 m a,556
b ɾ u1 n o,4920
b ɾ u s k a m e1 n t e,546
b ɾ u1 s k o,1197
b ɾ u s e1 l a s,1298
b ɾ u1 t a,858
b ɾ u t a1 l,3856
b ɾ u t a1 l e s,799
b ɾ u t a l i d a1 d,1337
b ɾ u t a l m e1 n t e,1195
b ɾ u1 t o,4060
b ɾ u1 t o s,700
b u k a1 l,623
b u k a ɾ e1 s d,469
b u s e a1 ɾ,969
b u s e1 o,1342
b u1 d a,3365
b u d a p e1 s d,1218
b u d i1 n,909
b u d i1 s t a,962
b w e1 n,250826
b w e1 n a,263234
b w e1 n a s,179974
b w e n i1 s i m a,1296
b w e n i1 s i m o,2523
b w e1 n o,924565
b w e1 n o s,134106
b w e1 i,1807
b w e1 j e s,643
b u1 f a l o,2059
b u1 f a l o s,1164
b u f a1 n d a,1961
b u f e1 t e,1706
b u f f e1 d,1218
b u f o1 n,1382
b u1 o,1351
b u1 o s,452
b w i1 t ɾ e,1053
b w i1 t ɾ e s,1638
b u l e b a1 ɾ,592
b u l g a1 ɾ j a,550
b u j d o1 g,697
b u1 l t o,1395
b u1 l t o s,475
b u1 n k e ɾ,1311
b u1 k e,2423
b u1 k e s,918
b u ɾ b u1 x a,2255
b u ɾ b u1 x a s,2882
b u ɾ d e1 l,2254
b u ɾ d e1 o s,560
b u ɾ x e1 ɾ,1075
b u ɾ g e1 s,731
b u ɾ g e1 s a,619
b u ɾ g e1 s e s,509
b u ɾ g e s i1 a,586
b u1 ɾ l a,2596
b u ɾ l a1 d o,718
b u1 ɾ l a n,1077
b u ɾ l a1 n d o,1959
b u ɾ l a1 n d o s e,831
b u ɾ l a1 ɾ,698
b u ɾ l a1 ɾ m e,750
b u ɾ l a1 ɾ s e,2648
b u ɾ l a1 ɾ t e,1874
b u1 ɾ l a s,1624
b u1 ɾ l a t e,567
b u1 ɾ l e,475
b u1 ɾ l e s,1281
b u ɾ l o1,488
b u ɾ o k ɾ a1 s j a,957
b u ɾ o1 k ɾ a t a,574
b u ɾ o1 k ɾ a t a s,610
b u r i1 t o,821
b u1 r o,5881
b u1 r o s,962
b u1 s,4002
b u1 s k a,42116
b u s k a1 b a,9321
b u s k a1 b a m o s,1238
b u s k a1 b a n,2178
b u s k a1 b a s,2200
b u s k a1 d,978
b u s k a1 d o,8727
b u s k a d o1 ɾ,2969
b u s k a d o1 ɾ e s,593
b u s k a1 d o s,1020
b u s k a1 i s,521
b u1 s k a l a,1108
b u1 s k a l e,534
b u1 s k a l o,2272
b u1 s k a m e,2198
b u s k a1 m o s,12260
b u1 s k a n,11552
b u s k a1 n d o,85406
b u s k a1 n d o l a,1992
b u s k a1 n d o l e,837
b u s k a1 n d o l o,3265
b u s k a1 n d o l o s,694
b u s k a1 n d o m e,1913
b u s k a1 n d o n o s,732
b u s k a1 n d o t e,4662
b u s k a1 ɾ,68767
b u s k a1 ɾ a,1383
b u s k a ɾ a1,1379
b u s k a ɾ a1 n,1157
b u s k a ɾ a1 s,457
b u s k a ɾ e1,7127
b u s k a ɾ e1 m o s,3172
b u s k a ɾ i1 a,1041
b u s k a1 ɾ l a,8228
b u s k a1 ɾ l a s,1754
b u s k a1 ɾ l e,4857
b u s k a1 ɾ l e s,578
b u s k a1 ɾ l o,17598
b u s k a1 ɾ l o s,4441
b u s k a1 ɾ m e,11095
b u s k a1 ɾ n o s,2654
b u s k a1 ɾ o n,1266
b u s k a1 ɾ o s,468
b u s k a1 ɾ s e,1020
b u s k a1 ɾ t e,13907
b u1 s k a s,12784
b u s k a1 s t e,1628
b u1 s k a t e,3722
b u1 s k o,18165
b u s k o1,2787
b u1 s k e,6207
b u s k e1,5340
b u1 s k e d a,17025
b u1 s k e d a s,548
b u1 s k e l o,521
b u s k e1 m o s,3321
b u1 s k e n,5800
b u1 s k e n l o,689
b u1 s k e s,2088
b u1 s k e s e,556
b u1 s t o,939
b u1 s o,992
b u s o1 n,3166
b u1 s o s,687
b i p a1 s s,816
k a b a1 l e s,1022
k a b a1 l g a,1064
k a b a l g a1 n d o,1107
k a b a l g a1 ɾ,1901
k a b a j e ɾ i1 a,4005
k a b a j e1 ɾ o,27934
k a b a j e1 ɾ o s,63784
k a b a j e ɾ o1 s o,467
k a b a j i1 t o,1102
k a b a1 j o,41304
k a b a1 j o s,23508
k a b a1 j a,7861
k a b a1 j a s,696
k a b a ɾ e1 d,1268
k a1 b e,4233
k a b e s e1 ɾ a,872
k a b e s i1 j a,467
k a b e s i1 t a,795
k a b e j e1 ɾ a,938
k a b e1 j o,22264
k a b e1 j o s,2019
k a b e j u1 d o,583
k a1 b e n,818
k a b e1 ɾ,536
k a b e1 s a,177317
k a b e1 s a s,12099
k a b e s o1 n,725
k a b e s o1 t a,1089
k a b i1 n a,8501
k a b i1 n a s,638
k a1 b l e,11705
k a b l e a1 d o,711
k a1 b l e s,5056
k a1 b o,23407
k a1 b o s,1890
k a1 b ɾ a,6024
k a1 b ɾ a s,2226
k a b ɾ e a1 d a,735
k a b ɾ e a1 d o,1708
k a b ɾ o1 n,25569
k a b ɾ o1 n a,937
k a b ɾ o n a1 s o,882
k a b ɾ o1 n e s,6875
k a1 k a,4283
k a k a g u1 e t e,995
k a k a g u1 e t e s,1014
k a k a1 o,814
k a s e ɾ i1 a,4079
k a s e ɾ o1 l a,462
k a tʃ a1 r o,1161
k a tʃ e m i1 ɾ a,744
k a tʃ o1 n d a,601
k a tʃ o1 n d o,1006
k a tʃ o r i1 t o,1266
k a tʃ o1 r o,3247
k a tʃ o1 r o s,1916
k a1 k t u s,1130
k a1 d a,225746
k a d a1 b e ɾ,16407
k a d a1 b e ɾ e s,8873
k a d e1 n a,15509
k a d e1 n a s,5129
k a d e1 ɾ a,2716
k a d e1 ɾ a s,2744
k a d e1 t e,1485
k a d e1 t e s,960
k a1 e,17871
k a e1 m o s,1218
k a1 e n,5968
k a e1 ɾ,24499
k a e ɾ a1,4792
k a e ɾ a1 n,1693
k a e ɾ a1 s,771
k a e ɾ e1,710
k a e ɾ e1 m o s,503
k a e ɾ i1 a,1504
k a e1 ɾ l e,870
k a e1 ɾ m e,1712
k a e1 ɾ s e,3462
k a e1 ɾ t e,1498
k a1 e s,4859
k a f e1,72065
k a f e i1 n a,1269
k a f e1 s,2175
k a f e t e1 ɾ a,1263
k a f e t e ɾ i1 a,5899
k a1 g a,1326
k a g a1 d a,1824
k a g a1 d o,2195
k a1 g a n,564
k a g a1 n d o,1505
k a g a1 ɾ,3943
k a g a1 ɾ l a,682
k a g a1 ɾ m e,532
k a g a1 ɾ s e,636
k a1 g a s,765
k a g a1 s t e,906
k a1 g o,3306
k a g o1,942
k a g o1 n,521
k a1 g e,548
k a g e1,941
k a1 g e s,526
k a i1,5345
k a i1 a,2936
k a i1 a n,806
k a i1 d a,8877
k a i1 d a s,804
k a i1 d o,15137
k a i1 d o s,1576
k a1 i g a,5959
k a1 i g a n,1496
k a1 i g a s,1322
k a1 i g o,3543
k a i1 m a n,1383
k a i1 m a n e s,681
k a i1 m o s,726
k a i1 n,664
k a1 i ɾ o,2107
k a i1 s t e,2496
k a1 x a,49270
k a1 x a s,11546
k a x e1 ɾ a,778
k a x e1 ɾ o,2654
k a x e1 ɾ o s,572
k a x i1 t a,996
k a x o1 n,5504
k a x o1 n e s,1383
k a x w e1 l a,776
k a1 l,5439
k a1 l a,533
k a l a b a1 s a,2526
k a l a b a1 s a s,858
k a l a b o1 s o,3182
k a l a b o1 s o s,463
k a l a1 d a,505
k a l a m a1 ɾ,988
k a l a m a1 ɾ e s,635
k a l a1 m b ɾ e,812
k a l a1 m b ɾ e s,621
k a l a m i d a1 d,679
k a l a1 j a,626
k a l a b e1 ɾ a,1637
k a l a b e1 ɾ a s,562
k a l s e t i1 n,1061
k a l s e t i1 n e s,4487
k a1 l s j o,951
k a l k u1 l a,875
k a l k u l a1 d o,1534
k a l k u l a d o1 ɾ a,720
k a l k u l a1 n d o,522
k a l k u l a1 ɾ,1681
k a l k u l e1,481
k a l k u1 l o,1281
k a1 l k u l o,2140
k a1 l k u l o s,3561
k a l k u1 t a,940
k a l d e1 ɾ a,1498
k a l d e1 ɾ a s,734
k a l d e1 ɾ o,514
k a1 l d o,1317
k a1 l e,610
k a l e f a k s j o1 n,2442
k a l e n d a1 ɾ j o,3419
k a l e n d a1 ɾ j o s,460
k a l e n t a d o1 ɾ,917
k a l e n t a m j e1 n t o,2360
k a l e n t a1 n d o,1375
k a l e n t a1 ɾ,2153
k a l e n t a1 ɾ m e,612
k a l e n t a1 ɾ s e,1128
k a l e n t a1 ɾ t e,752
k a l e n t i1 t o,577
k a l i1 b ɾ e,4099
k a1 l i d a,2028
k a l i d a1 d,9096
k a1 l i d a s,458
k a l i d e1 s,714
k a1 l i d o,2766
k a1 l i d o s,518
k a l j e1 n t a,1793
k a l j e1 n t e,35246
k a l j e1 n t e s,6065
k a l i1 f a,453
k a l i f i1 k a,562
k a l i f i k a s j o1 n,848
k a l i f i k a s j o1 n e s,1756
k a l i f i k a1 d a,566
k a l i f i k a1 d o,1381
k a l i f i k a1 ɾ,539
k a l i f o1 ɾ n j a,18351
k a l i g ɾ a f i1 a,909
k a1 l i s,916
k a1 j a,10825
k a j a1 d a,2740
k a j a1 d o,6533
k a j a1 d o s,1678
k a1 j a n,544
k a j a1 o s,1709
k a j a1 ɾ,4832
k a j a1 ɾ a,519
k a j a1 ɾ a s,566
k a j a ɾ e1,560
k a j a1 ɾ m e,1540
k a j a1 ɾ o s,557
k a j a1 ɾ s e,2574
k a j a1 ɾ t e,5288
k a1 j a s,2546
k a1 j a t e,134641
k a1 j e,75422
k a j e x e1 ɾ a,1109
k a j e x e1 ɾ o,1680
k a j e x e1 ɾ o s,653
k a j e x o1 n,7446
k a j e x o1 n e s,772
k a1 j e n,1139
k a1 j e n s e,9143
k a1 j e s,20863
k a1 j e s e,11195
k a1 j o,1259
k a j o1,558
k a1 j o s,589
k a1 l m a,37664
k a l m a1 d a,1223
k a l m a1 d o,3435
k a l m a1 d o s,767
k a l m a1 n t e,891
k a l m a1 n t e s,943
k a l m a1 o s,1055
k a l m a1 ɾ,2312
k a l m a ɾ a1,781
k a l m a1 ɾ l a,668
k a l m a1 ɾ l o,800
k a l m a1 ɾ m e,2355
k a l m a1 ɾ n o s,1658
k a l m a1 ɾ s e,2690
k a l m a1 ɾ t e,4778
k a1 l m a s,639
k a1 l m a t e,55015
k a1 l m e,2458
k a l m e1 m o n o s,735
k a1 l m e n,572
k a1 l m e n s e,6684
k a1 l m e s,552
k a1 l m e s e,10349
k a1 l m o,902
k a l o1 ɾ,29509
k a l o ɾ i1 a s,1260
k a l u1 m n j a,589
k a l u ɾ o1 s a,636
k a l u ɾ o1 s o,1486
k a1 l b a,940
k a1 l b o,3176
k a1 l b o s,480
k a l s a1 d o,1049
k a l s o1 n,454
k a l s o n s i1 j o s,3366
k a l s o1 n e s,3256
k a1 m a,82240
k a m a l e o1 n,673
k a1 m a ɾ a,43629
k a m a ɾ a1 d a,10281
k a m a ɾ a1 d a s,5171
k a m a ɾ a d e ɾ i1 a,499
k a1 m a ɾ a s,14345
k a m a ɾ e1 ɾ a,5045
k a m a ɾ e1 ɾ a s,677
k a m a ɾ e1 ɾ o,6952
k a m a ɾ e1 ɾ o s,947
k a m a ɾ o1 g ɾ a f o,767
k a m a ɾ o1 n,919
k a m a ɾ o1 n e s,1737
k a m a ɾ o1 t e,2669
k a1 m a s,4469
k a1 m b j a,20376
k a m b j a1 b a,1037
k a m b j a1 d a,695
k a m b j a1 d o,35756
k a1 m b j a l o,757
k a m b j a1 m o s,3603
k a1 m b j a n,7315
k a m b j a1 n d o,8258
k a m b j a1 n t e,504
k a m b j a1 ɾ,58509
k a m b j a1 ɾ a,1628
k a m b j a ɾ a1,6510
k a m b j a1 ɾ a n,453
k a m b j a ɾ a1 n,1219
k a m b j a ɾ a1 s,1044
k a m b j a ɾ e1,2514
k a m b j a ɾ e1 m o s,1282
k a m b j a ɾ i1 a,3494
k a m b j a1 ɾ l a,2099
k a m b j a1 ɾ l a s,824
k a m b j a1 ɾ l e,1535
k a m b j a1 ɾ l o,6854
k a m b j a1 ɾ l o s,805
k a m b j a1 ɾ m e,7155
k a m b j a1 ɾ n o s,1042
k a m b j a1 ɾ o n,4431
k a m b j a1 ɾ s e,3042
k a m b j a1 ɾ t e,4278
k a1 m b j a s,3766
k a m b j a1 s t e,3777
k a1 m b j a t e,2515
k a1 m b j e,7153
k a m b j e1,6185
k a m b j e1 m o s,1690
k a1 m b j e n,2457
k a1 m b j e s,2907
k a1 m b j o,70611
k a m b j o1,14788
k a1 m b j o s,12375
k a m b o1 j a,1123
k a m e1 j o,3069
k a m e1 j o s,1397
k a m e ɾ i1 n o,1545
k a m i1 l a,557
k a m i1 j a,3371
k a m i1 n a,9918
k a m i n a1 b a,1833
k a m i n a1 d o,1489
k a m i n a1 m o s,1789
k a m i1 n a n,1615
k a m i n a1 n d o,15189
k a m i n a1 n t e,638
k a m i n a1 n t e s,526
k a m i n a1 ɾ,24165
k a m i n a ɾ e1,1058
k a m i n a ɾ e1 m o s,633
k a m i1 n a s,2134
k a m i n a1 t a,2516
k a m i n a1 t a s,464
k a m i1 n e,2161
k a m i n e1,1229
k a m i n e1 m o s,877
k a m i1 n e n,1267
k a m i1 n e s,558
k a m i1 n o,150079
k a m i n o1,1045
k a m i1 n o s,7873
k a m j o1 n,26799
k a m j o n e1 ɾ o,1276
k a m j o n e1 ɾ o s,865
k a m j o1 n e s,6421
k a m j o n e1 t a,16307
k a m j o n e1 t a s,697
k a m i1 s a,18105
k a m i1 s a s,3289
k a m i s e1 t a,6683
k a m i s e1 t a s,2214
k a m i s o1 n,1387
k a m p a m e1 n t o,17097
k a m p a m e1 n t o s,1040
k a m p a1 n a,5542
k a m p a n a1 ɾ j o,606
k a m p a1 n a s,3556
k a m p a n i1 j a,766
k a m p a n i1 t a,476
k a m p a1 j a,13342
k a m p a1 j a s,902
k a m p e o1 n,15406
k a m p e o1 n a,1158
k a m p e o n a1 t o,5377
k a m p e o n a1 t o s,595
k a m p e o1 n e s,2533
k a m p e s i1 n a,907
k a m p e s i1 n o,2758
k a m p e s i1 n o s,4119
k a m p e1 s t ɾ e,612
k a m p i1 ɲ g,805
k a m p i1 j a,486
k a1 m p o,57967
k a1 m p o s,10542
k a1 m p u s,3520
k a m u f l a1 x e,1482
k a1 n,10614
k a1 n a,590
k a n a d a1,6907
k a n a d j e1 n s e,2544
k a n a d j e1 n s e s,1565
k a n a1 l,14830
k a n a1 l e s,3656
k a n a1 j a,4745
k a n a1 j a s,1335
k a n a1 ɾ j o,1111
k a1 n a s,665
k a n a1 s t a,2480
k a n s e1 l a,2052
k a n s e l a s j o1 n,583
k a n s e l a1 d a,994
k a n s e l a1 d o,2709
k a n s e1 l a l o,609
k a n s e l a1 m o s,482
k a n s e l a1 ɾ,4857
k a n s e l a ɾ e1,521
k a n s e l a1 ɾ l a,642
k a n s e l a1 ɾ l o,1725
k a n s e l a1 ɾ o n,1085
k a n s e1 l e,894
k a n s e l e1,573
k a n s e1 l e n,598
k a n s e1 l o,463
k a n s e l o1,1804
k a1 n s e ɾ,16594
k a1 n tʃ a,2498
k a n s i j e1 ɾ,4562
k a n s j o1 n,40483
k a n s j o1 n e s,13178
k a n d a1 d o,1355
k a n d e l a1 b ɾ o,663
k a n d e1 n t e,571
k a n d i d a1 t a,928
k a n d i d a1 t o,5828
k a n d i d a1 t o s,2833
k a n d i d a t u1 ɾ a,797
k a n e1 l a,1458
k a ɲ g ɾ e1 x o,2629
k a ɲ g ɾ e1 x o s,1374
k a ɲ g u1 ɾ o,1786
k a n i1 b a l,628
k a n i1 b a l e s,771
k a n i b a l i1 s m o,461
k a n i1 k a s,629
k a n i1 n o,604
k a n n a1 b i s,521
k a n o1 a,1121
k a1 n s a,1504
k a n s a1 d a,17989
k a n s a1 d a s,456
k a n s a1 d o,27043
k a n s a1 d o s,3695
k a1 n s a n,596
k a n s a1 n s j o,1511
k a n s a1 n d o,1550
k a n s a1 ɾ m e,540
k a n s a1 ɾ s e,490
k a1 n s a s,1039
k a1 n s e,657
k a n s e1,2464
k a1 n s e s,459
k a1 n s o,969
k a n s o1,870
k a1 n t a,10411
k a n t a1 b a,2517
k a n t a1 b a n,599
k a n t a1 d o,1079
k a1 n t a l a,653
k a1 n t a m e,639
k a n t a1 m o s,1218
k a1 n t a n,2583
k a n t a1 n d o,7854
k a1 n t a n o s,512
k a n t a1 n t e,7556
k a n t a1 n t e s,1473
k a n t a1 ɾ,21975
k a n t a ɾ a1,921
k a n t a ɾ e1,1334
k a n t a ɾ e1 m o s,603
k a n t a1 ɾ l a,996
k a n t a1 ɾ l e,782
k a1 n t a ɾ o s,595
k a1 n t a s,2280
k a1 n t e,2396
k a n t e1,638
k a n t e1 m o s,1061
k a1 n t e n,1375
k a n t e1 ɾ a,939
k a1 n t e s,724
k a n t i d a1 d,18568
k a n t i d a1 d e s,2788
k a n t i m p l o1 ɾ a,519
k a n t i1 n a,1918
k a n t i n e1 ɾ o,1272
k a1 n t o,6419
k a n t o1,1224
k a n t o1 ɾ,639
k a1 n t o s,753
k a1 j a,2414
k a j e ɾ i1 a,740
k a j e ɾ i1 a s,988
k a1 j o,945
k a j o1 n,8154
k a j o1 n e s,4849
k a1 o,1371
k a1 o s,8718
k a o1 t i k o,523
k a1 p a,7570
k a p a1 s e s,9020
k a p a s i d a1 d,9959
k a p a s i d a1 d e s,1137
k a p a s i t a1 d o,895
k a p a ɾ a s o1 n,1005
k a1 p a s,2375
k a p a t a1 s,1749
k a p a1 s,36683
k a p e j a1 n,1120
k a p i1 j a,3315
k a p i t a1 l,8302
k a p i t a1 l e s,728
k a p i t a l i1 s m o,1272
k a p i t a l i1 s t a,1056
k a p i t a l i1 s t a s,507
k a p i t a1 n,117558
k a p i t a1 n a,2616
k a p i t a1 n e s,1630
k a p i t o1 l j o,952
k a p i1 t u l o,7082
k a p i1 t u l o s,913
k a1 p o,798
k a p o1,979
k a p o1 n e,1516
k a p o1 t a,516
k a p o1 t e,479
k a1 p ɾ i,803
k a p ɾ i1 tʃ o,1725
k a p ɾ i1 tʃ o s,953
k a p ɾ i tʃ o1 s a,531
k a p ɾ i tʃ o1 s o,471
k a p ɾ i k o1 ɾ n j o,812
k a1 p s u l a,3067
k a1 p s u l a s,1160
k a1 p t a,624
k a p t a1 d o,1030
k a p t a1 n d o,722
k a p t a1 ɾ,1476
k a1 p t a s,666
k a1 p t o,771
k a p t o1,584
k a p t u1 ɾ a,3349
k a p t u ɾ a1 d a,671
k a p t u ɾ a1 d o,4490
k a p t u ɾ a1 d o s,1411
k a p t u ɾ a1 m o s,825
k a p t u1 ɾ a n,593
k a p t u ɾ a1 ɾ,3786
k a p t u ɾ a1 ɾ l o,1217
k a p t u ɾ a1 ɾ l o s,470
k a p t u ɾ a1 ɾ o n,1591
k a p t u ɾ o1,1010
k a p u1 tʃ a,1551
k a p u tʃ i1 n o,943
k a p u1 j o,6080
k a p u1 j o s,1437
k a1 ɾ a,124786
k a ɾ a b i1 n a,508
k a ɾ a k o1 l,1010
k a ɾ a k o1 l e s,1586
k a ɾ a1 k t e ɾ,8566
k a ɾ a k t e1 ɾ e s,583
k a ɾ a k t e ɾ i1 s t i k a,1070
k a ɾ a k t e ɾ i1 s t i k a s,2078
k a ɾ a1 x o,74477
k a ɾ a1 x o s,4700
k a ɾ a1 m b a,10267
k a ɾ a m e1 l o,3719
k a ɾ a m e1 l o s,4020
k a1 ɾ a s,12304
k a ɾ a b a1 n a,4014
k a ɾ a b a1 n a s,741
k a1 ɾ a i,15013
k a ɾ b o i1 d ɾ a t o s,711
k a ɾ b o1 n,4898
k a ɾ b o1 n o,2660
k a ɾ b u ɾ a d o1 ɾ,805
k a ɾ k a x a1 d a s,509
k a1 ɾ s e l,42747
k a ɾ s e l e1 ɾ o,945
k a1 ɾ s e l e s,1033
k a ɾ d e n a1 l,3795
k a ɾ d e n a1 l e s,938
k a ɾ d i1 a k a,799
k a ɾ d i1 a k o,3877
k a ɾ d i1 a k o s,491
k a ɾ e1 s e,1414
k a ɾ e1 s e n,557
k a1 ɾ e i,813
k a1 ɾ g a,23265
k a ɾ g a1 b a,461
k a ɾ g a1 d a,3852
k a ɾ g a1 d a s,962
k a ɾ g a1 d o,5274
k a ɾ g a d o1 ɾ,1882
k a ɾ g a d o1 ɾ e s,560
k a ɾ g a1 d o s,1128
k a1 ɾ g a l o,617
k a ɾ g a m e1 n t o,3937
k a ɾ g a m e1 n t o s,472
k a ɾ g a1 m o s,663
k a1 ɾ g a n,721
k a ɾ g a1 n d o,4148
k a ɾ g a1 ɾ,7940
k a ɾ g a ɾ e1,599
k a ɾ g a1 ɾ l a,995
k a ɾ g a1 ɾ l o,1881
k a ɾ g a1 ɾ m e,794
k a ɾ g a1 ɾ o n,463
k a ɾ g a1 ɾ s e,868
k a ɾ g a1 ɾ t e,808
k a1 ɾ g a s,3277
k a1 ɾ g o,36303
k a ɾ g o1,959
k a1 ɾ g o s,13601
k a1 ɾ g e,1127
k a ɾ g e1,640
k a1 ɾ g e n,2137
k a ɾ g e1 ɾ o,1445
k a ɾ i1 b e,1767
k a ɾ i k a t u1 ɾ a,672
k a ɾ i k a t u1 ɾ a s,565
k a ɾ i1 s j a,500
k a ɾ i1 s j a s,776
k a ɾ i d a1 d,7615
k a1 ɾ j e s,481
k a ɾ i j i1 t o,752
k a ɾ i1 j o,163261
k a ɾ i1 j o s,549
k a ɾ i j o1 s a,1367
k a ɾ i j o1 s o,1964
k a ɾ i1 s m a,716
k a ɾ i1 t a,1259
k a1 ɾ l a,5086
k a1 ɾ l o s,10209
k a ɾ m e1 l a,1269
k a1 ɾ m e n,3638
k a ɾ n a1 d a,2483
k a ɾ n a1 l,1161
k a ɾ n a b a1 l,2364
k a1 ɾ n e,39834
k a ɾ n e1,1746
k a ɾ n e1 ɾ o,1052
k a1 ɾ n e s,969
k a ɾ n e1 d,1861
k a ɾ n i s e ɾ i1 a,1900
k a ɾ n i s e1 ɾ o,4890
k a ɾ n i s e1 ɾ o s,593
k a1 ɾ o,11062
k a ɾ o1 l,9076
k a ɾ o l i1 n a,3053
k a1 ɾ o s,2600
k a ɾ o1 t i d a,576
k a1 ɾ p a,2186
k a ɾ p e1 t a,1601
k a ɾ p i n t e ɾ i1 a,494
k a ɾ p i n t e1 ɾ o,2085
k a r e1 ɾ a,43566
k a r e1 ɾ a s,9166
k a r e1 t a,2159
k a r e1 t a s,706
k a r e1 t e,706
k a r e t e1 ɾ a,18312
k a r e t e1 ɾ a s,3053
k a r e t i1 j a,850
k a r i1 l,1480
k a r i1 t o,1798
k a1 r o,17251
k a r o1 j a,508
k a1 r o s,3257
k a r o1 s a,1696
k a r w a1 x e,3287
k a r w a1 x e s,472
k a r u s e1 l,749
k a1 ɾ t a,50591
k a1 ɾ t a s,32661
k a ɾ t e1 l,6172
k a1 ɾ t e l,537
k a ɾ t e1 l e s,2635
k a ɾ t e1 ɾ,15468
k a ɾ t e1 ɾ a,9678
k a ɾ t e1 ɾ a s,791
k a ɾ t e1 ɾ o,2787
k a ɾ t o1 n,1706
k a ɾ t u1 tʃ o,960
k a ɾ t u1 tʃ o s,2027
k a1 s a,624136
k a s a b l a1 ɲ k a,1258
k a s a1 d a,15131
k a s a1 d a s,1249
k a s a1 d o,27088
k a s a1 d o s,11823
k a s a m j e1 n t o,2915
k a s a1 m o s,4333
k a1 s a n,1976
k a s a1 n d o,547
k a s a1 n d o m e,487
k a s a1 n d o s e,1031
k a s a1 n d o t e,456
k a s a n o1 b a,1462
k a s a1 ɾ,13423
k a s a1 ɾ a,2131
k a s a ɾ a1,2241
k a s a1 ɾ a s,704
k a s a ɾ a1 s,2094
k a s a ɾ e1,3448
k a s a ɾ e1 m o s,1833
k a s a ɾ i1 a,2054
k a s a ɾ i1 a s,1276
k a s a1 ɾ m e,26459
k a s a1 ɾ n o s,11192
k a s a1 ɾ o n,1850
k a s a1 ɾ s e,32047
k a s a1 ɾ t e,20090
k a1 s a s,22877
k a s a1 s t e,3721
k a1 s a t e,5469
k a s k a b e1 l,1197
k a s k a1 d a,1512
k a s k a1 d a s,466
k a1 s k a ɾ a,1159
k a s k a ɾ o1 n,472
k a s k a r a1 b j a s,525
k a1 s k o,8535
k a1 s k o s,1800
k a1 s e,6229
k a s e1,5531
k a s e1 m o n o s,1050
k a s e1 m o s,1114
k a1 s e n,690
k a s e1 ɾ a,2448
k a s e1 ɾ a s,544
k a s e1 ɾ o,2639
k a s e1 ɾ o s,704
k a1 s e s,2312
k a s e1 t a,893
k a1 s i,150378
k a s i1 j a,1060
k a s i1 j a s,764
k a s i j e1 ɾ o,1917
k a s i1 n o,7319
k a s i1 n o s,1460
k a s i1 t a,2445
k a1 s o,149288
k a s o1,7695
k a1 s o s,18495
k a s k i1 j o,475
k a s k i1 j o s,743
k a1 s t a,1078
k a s t a1 j a s,674
k a s t a1 j o,1822
k a s t e j a1 n o,489
k a s t i d a1 d,918
k a s t i1 g a,1063
k a s t i g a1 d a,1667
k a s t i g a1 d o,4106
k a s t i g a1 d o s,1716
k a s t i1 g a m e,460
k a s t i1 g a n,562
k a s t i g a1 n d o,904
k a s t i g a1 ɾ,2293
k a s t i g a ɾ a1,595
k a s t i g a1 ɾ l a,522
k a s t i g a1 ɾ l o,886
k a s t i g a1 ɾ l o s,528
k a s t i g a1 ɾ m e,1632
k a s t i g a1 ɾ t e,1475
k a s t i1 g o,12054
k a s t i1 g o s,838
k a s t i1 g e,483
k a s t i1 j o,16956
k a s t i1 j o s,932
k a s t i1 ɲ g,746
k a s t o1 ɾ,1830
k a s t o1 ɾ e s,521
k a s t ɾ a1 d o,519
k a1 s t ɾ o,2005
k a s w a1 l,1849
k a s w a l i d a1 d,11996
k a s w a l m e1 n t e,1360
k a t a k u1 m b a s,559
k a t a l i1 n a,2699
k a t a l i s a d o1 ɾ,669
k a t a1 l o g o,1695
k a t a ɾ a1 t a s,1796
k a t a1 r o,587
k a t a1 s t ɾ o f e,2339
k a t a s t ɾ o1 f i k o,631
k a1 t e,1192
k a t e d ɾ a1 l,2176
k a t e g o ɾ i1 a,3912
k a t e g o ɾ i1 a s,631
k a t e ɾ i1 ɲ g,756
k a t e1 t e ɾ,730
k a t o1 l i k a,2983
k a t o1 l i k o,2624
k a t o1 l i k o s,1743
k a t o1 ɾ s e,3307
k a1 t ɾ e,762
k a u1 k a s i k o,548
k a1 u tʃ o,598
k a1 u s a,36610
k a u1 s a d a,1211
k a u1 s a d a s,585
k a u1 s a d o,7072
k a u1 s a d o s,481
k a1 u s a n,1646
k a u1 s a n d o,3449
k a u1 s a n t e,475
k a u1 s a ɾ,7667
k a u s a1 ɾ a,1186
k a u s a1 ɾ i a,1002
k a u1 s a ɾ l e,1894
k a u1 s a ɾ l e s,466
k a u1 s a ɾ m e,460
k a u1 s a ɾ o n,896
k a u1 s a ɾ t e,1034
k a1 u s a s,3199
k a u1 s a s t e,713
k a1 u s e,1963
k a u1 s e,711
k a1 u s o,807
k a u1 s o,5515
k a u1 t e l a,841
k a u t e1 l o s o,726
k a u1 t i b a,528
k a u t i1 b e ɾ j o,805
k a u1 t i b o,613
k a1 b a,1350
k a b a1 n d o,1878
k a b a1 ɾ,3567
k a b e1 ɾ n a,991
k a b e1 ɾ n a s,889
k a b e ɾ n i1 k o l a,612
k a b j a1 ɾ,2108
k a b i d a1 d,992
k a j e1 n d o,6944
k a j e1 n d o s e,770
k a j e1 ɾ a,2065
k a j e1 ɾ o n,4271
k a1 j o,2241
k a j o1,25477
k a1 s a,12327
k a s a1 d o,1129
k a s a d o1 ɾ,6555
k a s a d o1 ɾ a,1346
k a s a d o1 ɾ e s,4415
k a s a f a n t a1 s m a s,556
k a s a1 m o s,512
k a1 s a n,814
k a s a1 n d o,2975
k a s a1 ɾ,7985
k a s a1 ɾ l o,614
k a s a1 ɾ l o s,619
k a s a r e k o m p e1 n s a s,495
k a1 s a s,2186
k a1 s o,697
s e b a1 d a,521
s e1 b o,2311
s e b o1 j a,2638
s e b o1 j a s,1776
s e1 b ɾ a,940
s e s i1 l j a,1868
s e1 d e,793
s e d e1 ɾ,2238
s e d i1 d o,484
s e d j o1,637
s e1 d o,651
s e g a1 d o,645
s e g e1 ɾ a,1098
s e1 x a,811
s e1 x a s,2260
s e1 l d a,13081
s e1 l d a s,2840
s e l e1 b ɾ a,1590
s e l e b ɾ a s j o1 n,4389
s e l e b ɾ a s j o1 n e s,601
s e l e b ɾ a1 d o,526
s e l e b ɾ a1 m o s,1959
s e l e1 b ɾ a n,905
s e l e b ɾ a1 n d o,3117
s e l e b ɾ a1 ɾ,10258
s e l e b ɾ a ɾ a1,480
s e l e b ɾ a ɾ e1 m o s,996
s e l e b ɾ a1 ɾ l o,5470
s e1 l e b ɾ e,1187
s e l e b ɾ e1 m o s,813
s e l e b ɾ i d a1 d,1825
s e l e b ɾ i d a1 d e s,1534
s e l e1 b ɾ o,667
s e l e1 s t e,1892
s e l e s t j a1 l,2604
s e l e s t j a1 l e s,535
s e1 l j a,2411
s e l i b a1 t o,559
s e1 l o,1236
s e1 l o s,6137
s e l o1 s a,5838
s e l o1 s o,9222
s e l o1 s o s,833
s e1 l u l a,2798
s e l u l a1 ɾ,14678
s e l u l a1 ɾ e s,2928
s e1 l u l a s,6237
s e m e n t e1 ɾ j o,8650
s e m e n t e1 ɾ j o s,591
s e m e1 n t o,2795
s e1 n a,49254
s e n a1 d o,1428
s e n a1 m o s,2390
s e n a1 n d o,1959
s e n a1 ɾ,37688
s e n a ɾ e1,507
s e n a ɾ e1 m o s,1223
s e1 n a s,2030
s e n e1 m o s,557
s e n i s e1 ɾ o,1323
s e n i s j e1 n t a,2080
s e n i1 s a,1154
s e n i1 s a s,6573
s e1 n s o,602
s e n s u1 ɾ a,1180
s e n t a1 b o,7328
s e n t a1 b o s,12487
s e n t e n a1 ɾ,765
s e n t e n a1 ɾ e s,1012
s e n t e1 n o,671
s e n t i1 m e t ɾ o,1705
s e n t i1 m e t ɾ o s,4306
s e1 n t i m o,1246
s e1 n t i m o s,1287
s e n t i n e1 l a,1175
s e n t i n e1 l a s,1318
s e1 n t ɾ a,524
s e n t ɾ a1 d o,848
s e n t ɾ a1 l,21638
s e n t ɾ a1 l e s,1405
s e n t ɾ a1 ɾ m e,613
s e n t ɾ a1 ɾ n o s,1004
s e n t ɾ a1 ɾ s e,690
s e n t ɾ a1 ɾ t e,644
s e1 n t ɾ a t e,927
s e n t ɾ e1 m o n o s,464
s e1 n t ɾ o,48133
s e1 n t ɾ o s,2605
s e n t u ɾ j o1 n,468
s e1 j o,805
s e1 p a,796
s e p i1 j o,3893
s e p i1 j o s,548
s e1 ɾ a,2840
s e ɾ a1 m i k a,998
s e1 ɾ k a,121505
s e ɾ k a1 n a,4610
s e ɾ k a1 n a s,1243
s e ɾ k a1 n o,9058
s e ɾ k a1 n o s,2949
s e1 ɾ k a s,496
s e1 ɾ k o,642
s e1 ɾ d a,1211
s e ɾ d i1 t o,1604
s e ɾ d i1 t o s,499
s e1 ɾ d o,22519
s e1 ɾ d o s,8479
s e ɾ e a1 l,1920
s e ɾ e a1 l e s,2245
s e ɾ e b ɾ a1 l,8424
s e ɾ e b ɾ a1 l e s,1939
s e ɾ e b ɾ i1 t o,625
s e ɾ e1 b ɾ o,41440
s e ɾ e1 b ɾ o s,2847
s e ɾ e m o1 n j a,9602
s e ɾ e m o n j a1 l,554
s e ɾ e m o1 n j a s,1214
s e ɾ e1 s a,1928
s e ɾ e1 s a s,1206
s e ɾ i1 j a,1016
s e ɾ i1 j a s,1737
s e1 ɾ o,15061
s e1 ɾ o s,809
s e r a1 b a,628
s e r a1 d,1086
s e r a1 d a,15080
s e r a1 d a s,4031
s e r a1 d o,19407
s e r a1 d o s,4970
s e r a d u1 ɾ a,4260
s e r a d u1 ɾ a s,1600
s e r a x e1 ɾ o,1040
s e r a1 m o s,2768
s e r a1 n d o,3333
s e r a1 ɾ,20578
s e r a1 ɾ a,597
s e r a ɾ a1,1003
s e r a ɾ a1 n,627
s e r a ɾ e1,1343
s e r a ɾ e1 m o s,684
s e r a1 ɾ l a,1416
s e r a1 ɾ l e,504
s e r a1 ɾ l o,1453
s e r a1 ɾ o n,2197
s e r a1 ɾ s e,1036
s e r a1 s t e,999
s e r e1,1979
s e r e1 m o s,732
s e1 r o,764
s e r o1,4335
s e r o1 x o,1426
s e ɾ t e1 s a,5838
s e ɾ t i f i k a1 d o,4365
s e ɾ t i f i k a1 d o s,892
s e ɾ b e1 s a,36248
s e ɾ b e1 s a s,6447
s e s a1 ɾ,3389
s e1 s a ɾ,10314
s e s a1 ɾ e a,636
s e1 s e,1183
s e1 s e n,531
s e1 s p e d,4321
s e1 s t a,2235
s e1 s t o,1066
s e1 t ɾ o,800
tʃ a k a1 l,808
tʃ a k a1 l e s,464
tʃ a1 tʃ a ɾ a,640
tʃ a1 d,3351
tʃ a l a1 d o,871
tʃ a l e1 k o,4182
tʃ a l e1 k o s,866
tʃ a l e1 d,696
tʃ a m a1 n,589
tʃ a m b e l a1 n,602
tʃ a m p a1 g n e,3460
tʃ a m p a1 n,6931
tʃ a m p a1 j a,4638
tʃ a m p i j o1 n e s,853
tʃ a m p u1,1350
tʃ a1 n s e,6286
tʃ a1 n s e s,1080
tʃ a n e1 l,989
tʃ a n t a1 x e,2989
tʃ a n t a x e a1 n d o,671
tʃ a n t a x e a1 ɾ,599
tʃ a n t a x e a1 ɾ m e,869
tʃ a n t a x i1 s t a,507
tʃ a1 o,2868
tʃ a1 p a,898
tʃ a k e1 t a,14454
tʃ a k e1 t a s,982
tʃ a1 ɾ k o,1687
tʃ a1 ɾ l a,11771
tʃ a ɾ l a1 m o s,660
tʃ a ɾ l a1 n d o,1181
tʃ a ɾ l a1 ɾ,4009
tʃ a1 ɾ l a s,1973
tʃ a ɾ l a t a1 n,1555
tʃ a ɾ l e1 s t o n,981
tʃ a1 s i s,494
tʃ a s k i1 d o,475
tʃ a1 d,850
tʃ a t a1 r a,3296
tʃ a b a1 l,5678
tʃ a b a1 l e s,1258
tʃ e1,4077
tʃ e1 k a,652
tʃ e tʃ e1 n j a,590
tʃ e1 k o,544
tʃ e k o s l o b a1 k j a,646
tʃ e d d a1 ɾ,554
tʃ e1 f,5699
tʃ e l i1 n,722
tʃ e l i1 n e s,1755
tʃ e1 l o,518
tʃ e1 k e,15139
tʃ e k e1 a,660
tʃ e k e a1 ɾ,1338
tʃ e k e1 o,1612
tʃ e k e1 ɾ a,691
tʃ e1 k e s,5310
tʃ e ɾ o k e1 e,688
tʃ i1 k,799
tʃ i1 k a,180957
tʃ i k a1 g o,16342
tʃ i1 k a s,87034
tʃ i tʃ o1 n,473
tʃ i1 k l e,3680
tʃ i1 k l e s,778
tʃ i1 k o,154600
tʃ i1 k o s,153051
tʃ i f l a1 d a,1394
tʃ i f l a1 d o,4380
tʃ i f l a1 d o s,1216
tʃ i w a1 w a,758
tʃ i1 l e,2546
tʃ i1 l i,1429
tʃ i j a1 n d o,479
tʃ i j a1 ɾ,745
tʃ i m e n e1 a,4729
tʃ i m e n e1 a s,740
tʃ i m p a n s e1,1006
tʃ i m p a n s e1 s,676
tʃ i1 n,1552
tʃ i1 n a,19655
tʃ i1 n a s,1193
tʃ i1 n o,12678
tʃ i1 n o s,7132
tʃ i1 p,5176
tʃ i1 p ɾ e,708
tʃ i1 p s,1376
tʃ i k i1 j a,1597
tʃ i k i1 j o,1403
tʃ i k i1 j o s,616
tʃ i k i1 t a,1637
tʃ i k i t i1 n,496
tʃ i k i1 t o,1601
tʃ i1 s m e,1301
tʃ i1 s m e s,2195
tʃ i s m o1 s a,530
tʃ i1 s p a,2840
tʃ i1 s p a s,1618
tʃ i1 s t e,11526
tʃ i1 s t e s,5098
tʃ i s t o1 s a,589
tʃ i s t o1 s o,4506
tʃ i1 t a,479
tʃ i b a1 t o,682
tʃ i1 b o,1673
tʃ o1,2369
tʃ o1 k a,1859
tʃ o k a1 d o,791
tʃ o1 k a l a,1104
tʃ o k a1 m o s,605
tʃ o1 k a n,518
tʃ o k a1 n t e,602
tʃ o k a1 ɾ,1889
tʃ o k a1 ɾ o n,491
tʃ o1 tʃ o,600
tʃ o1 k o,525
tʃ o k o1,2052
tʃ o k o l a1 t e,16932
tʃ o k o l a1 t e s,1832
tʃ o1 f e ɾ,2209
tʃ o f e1 ɾ,5724
tʃ o1 k e,5007
tʃ o k e1,599
tʃ o1 k e s,743
tʃ o ɾ i1 s o,539
tʃ o ɾ l i1 t o,779
tʃ o r a1 d a,509
tʃ o r a1 d a s,1308
tʃ o1 r o,909
tʃ o1 r o s,562
tʃ o1 s a,1802
tʃ u1 tʃ o,748
tʃ u l e1 t a,888
tʃ u l e1 t a s,1136
tʃ u1 l o,2708
tʃ u1 l o s,505
tʃ u1 p a,2556
tʃ u p a1 d o,715
tʃ u1 p a m e,1424
tʃ u1 p a m e l a,1495
tʃ u p a1 n d o,930
tʃ u p a1 ɾ,2344
tʃ u p a1 ɾ m e,556
tʃ u p a1 ɾ m e l a,469
tʃ u p a1 ɾ s e,452
tʃ u p a1 ɾ s e l a,555
tʃ u p a1 ɾ t e,545
tʃ u1 p a s,641
tʃ u1 p a t e,698
tʃ u p a b e1 ɾ g a s,703
tʃ u1 p e,548
tʃ u1 p o,465
tʃ u1 s m a,1190
s i1 a,629
s j a n u1 ɾ o,1104
s j a1 o,1770
s i k a t ɾ i1 s e s,3547
s i k a t ɾ i1 s,4822
s i1 k l o,3551
s i k l o1 n,460
s i1 k l o p e,564
s i1 k l o s,950
s j e1 g a,5558
s j e g a m e1 n t e,638
s j e1 g a s,2511
s j e1 g o,14851
s j e1 g o s,3180
s j e l i1 t o,594
s j e1 l o,73499
s j e1 l o s,35498
s j e1 n,19821
s j e1 n a g a,982
s j e1 n s j a,17253
s j e1 n s j a s,4705
s j e n t i1 f i k a,3941
s j e n t i1 f i k a m e n t e,764
s j e n t i1 f i k a s,811
s j e n t i1 f i k o,9884
s j e n t i1 f i k o s,8989
s j e1 n t o,11511
s j e1 n t o s,17159
s j e1 r a,30618
s j e1 r a l a,1719
s j e1 r a l o,1018
s j e1 r a l o s,534
s j e1 r a n,2385
s j e1 r a s,2066
s j e1 r e,10399
s j e1 r e n,5805
s j e1 r e s,1955
s j e1 r o,2861
s j e1 ɾ t a,15050
s j e ɾ t a m e1 n t e,11848
s j e1 ɾ t a s,10749
s j e1 ɾ t o,200781
s j e1 ɾ t o s,7082
s j e1 ɾ b o,2396
s j e1 ɾ b o s,857
s i1 f ɾ a,2522
s i f ɾ a1 d o,508
s i1 f ɾ a s,3381
s i g a r i1 j o,12462
s i g a r i1 j o s,10490
s i g a1 r o,4809
s i g a1 r o s,2978
s i g w e1 j a,525
s i l i1 n d ɾ o,885
s i l i1 n d ɾ o s,804
s i1 m a,8334
s i m j e1 n t o s,1758
s i1 ɲ k o,119210
s i ɲ k w e1 n t a,8526
s i1 n e,28241
s i n e a1 s t a,666
s i n e m a t o g ɾ a1 f i k a,544
s i1 n e s,792
s i1 n i k a,593
s i1 n i k o,1556
s i n i1 s m o,596
s i1 n t a,21409
s i1 n t a s,6276
s i1 n t o,581
s i n t u1 ɾ a,2832
s i n t u ɾ o1 n,9639
s i n t u ɾ o1 n e s,2544
s i1 ɾ k o,9042
s i ɾ k w i1 t o,4133
s i ɾ k w i1 t o s,2626
s i ɾ k u1 l a,549
s i ɾ k u l a s j o1 n,2191
s i ɾ k u l a1 n d o,718
s i ɾ k u l a1 ɾ,1937
s i ɾ k u1 l e n,480
s i ɾ k u1 l o,1264
s i1 ɾ k u l o,9442
s i1 ɾ k u l o s,3598
s i ɾ k u n s t a1 n s j a,1967
s i ɾ k u n s t a n s j a1 l,543
s i ɾ k u n s t a1 n s j a s,11778
s i ɾ w e1 l a,608
s i ɾ w e1 l a s,704
s i ɾ u x i1 a,14584
s i ɾ u x i1 a s,1345
s i ɾ u x a1 n a,798
s i ɾ u x a1 n o,6442
s i ɾ u x a1 n o s,1656
s i1 s k o,472
s i1 s n e,2028
s i1 s n e s,772
s i s t e1 ɾ n a,860
s i1 t a,51237
s i t a s j o1 n,1308
s i t a1 d o,1114
s i t a1 n d o,725
s i t a1 ɾ,1105
s i1 t a s,8366
s i1 t o,692
s j u d a1 d,141310
s j u d a d a1 n a,1106
s j u d a d a n i1 a,745
s j u d a d a1 n o,7100
s j u d a d a1 n o s,9698
s j u d a d e1 l a,764
s j u d a1 d e s,8936
s i1 b i k o,485
s i b i1 l,10940
s i b i1 l e s,9267
s i b i l i s a s j o1 n,5843
s i b i l i s a s j o1 n e s,1347
s i b i l i s a1 d a,1149
s i b i l i s a1 d o,1659
s i b i l i s a1 d o s,905
k l a1 n,5006
k l a n d e s t i1 n a,683
k l a n d e s t i1 n o,877
k l a1 n e s,847
k l a1 ɾ a,12625
k l a ɾ a m e1 n t e,14766
k l a1 ɾ a s,3410
k l a ɾ i d a1 d,3943
k l a ɾ i n e1 t e,657
k l a1 ɾ o,334545
k l a1 ɾ o s,2600
k l a1 s e,113011
k l a1 s e s,21287
k l a1 s i k a,2855
k l a1 s i k o,5911
k l a1 s i k o s,1530
k l a s i f i k a s j o1 n,921
k l a s i f i k a1 d a,931
k l a s i f i k a1 d o,1766
k l a s i f i k a1 d o s,826
k l a s i f i k a1 ɾ,494
k l a1 u d j a,3510
k l a1 u d j o,1608
k l a u s t ɾ o1 f o b j a,566
k l a1 u s u l a,1022
k l a1 b a,627
k l a b a1 d a,705
k l a b a1 d o,1707
k l a b a1 ɾ,1118
k l a b a1 ɾ l e,684
k l a1 b e,14894
k l a b e1 l e s,536
k l a1 b e s,1578
k l a b i1 k u l a,770
k l a1 b o,3016
k l a b o1,870
k l a1 b o s,2220
k l a1 g s o n,462
k l e m e1 n s j a,1815
k l e1 ɾ i g o,1603
k l e1 ɾ o,724
k l i1 k,995
k l i tʃ e1,1237
k l j e1 n t a,1364
k l j e1 n t e,30140
k l j e n t e1 l a,1212
k l j e1 n t e s,23926
k l i1 m a,8848
k l i m a1 t i k o,502
k l i1 m a s,738
k l i1 n i k a,9906
k l i1 n i k a s,875
k l i1 n i k o,903
k l i1 p,633
k l i1 t o ɾ i s,764
k l o a1 k a,1271
k l o a1 k a s,1035
k l o1 n,1561
k l o1 n e s,1573
k l o1 ɾ o,771
k l o ɾ o f o1 ɾ m o,507
k l o1 s e d,954
k l u1 b,39657
k l u1 b e s,2450
k l u1 b s,1238
k o a k s j o1 n,487
k o a1 g u l o,960
k o a1 g u l o s,581
k o a l i s j o1 n,1130
k o a ɾ t a1 d a,5695
k o a ɾ t a1 d a s,476
k o b a1 ɾ d e,16136
k o b a1 ɾ d e s,4666
k o b a ɾ d i1 a,1236
k o b e ɾ t i1 s o,2260
k o b e ɾ t u1 ɾ a,4344
k o b i1 x a,627
k o b i1 x o,481
k o1 b ɾ a,4253
k o b ɾ a1 d o,965
k o b ɾ a d o1 ɾ,469
k o b ɾ a1 m o s,566
k o1 b ɾ a n,1350
k o b ɾ a1 n d o,1036
k o b ɾ a1 ɾ,5653
k o b ɾ a ɾ a1,470
k o b ɾ a ɾ e1,879
k o b ɾ a1 ɾ l e,771
k o b ɾ a1 ɾ l o,534
k o b ɾ a1 ɾ m e,514
k o b ɾ a1 ɾ t e,600
k o1 b ɾ a s,1170
k o1 b ɾ e,3004
k o1 b ɾ o,2099
k o b ɾ o1,1118
k o1 k a,6597
k o k a i1 n a,6554
k o1 tʃ e,100382
k o tʃ e s i1 t o,831
k o tʃ e1 ɾ a,805
k o tʃ e1 ɾ o,1062
k o1 tʃ e s,12768
k o tʃ i1 n o,1098
k o tʃ i1 n o s,553
k o s i1 d o,960
k o s i1 n a,34729
k o s i n a1 b a,580
k o s i n a1 d o,1151
k o s i1 n a n,480
k o s i n a1 n d o,2636
k o s i n a1 ɾ,9461
k o s i n a ɾ e1,707
k o s i1 n a s,1596
k o s i1 n e,574
k o s i n e1,490
k o s i n e1 ɾ a,2970
k o s i n e1 ɾ o,4755
k o s i n e1 ɾ o s,865
k o s i1 n o,1388
k o s i n o1,476
k o1 k o,4643
k o k o d ɾ i1 l o,2245
k o k o d ɾ i1 l o s,1219
k o1 k o s,932
k o1 k t e l,2255
k o1 k t e l e s,1175
k o d i1 s j a,2132
k o d i s j o1 s o,928
k o d i s j o1 s o s,462
k o d i f i k a1 d o,914
k o1 d i g o,27547
k o1 d i g o s,5158
k o1 d o,2853
k o d o ɾ n i1 s,527
k o1 d o s,1317
k o e f i s j e1 n t e,855
k o1 f ɾ e,2602
k o1 x e,17622
k o x e1 d,2013
k o x e1 d l e,1174
k o x e1 d l o,873
k o1 x e l a,3158
k o1 x e l e,847
k o1 x e l o,7217
k o1 x e m e,1870
k o x e1 m o s,1584
k o1 x e n,1914
k o x e1 ɾ,20959
k o x e ɾ a1,818
k o x e ɾ a1 n,738
k o x e ɾ e1,4217
k o x e ɾ e1 m o s,1543
k o x e ɾ i1 a,635
k o x e1 ɾ l a,2101
k o x e1 ɾ l a s,544
k o x e1 ɾ l e,1730
k o x e1 ɾ l o,4711
k o x e1 ɾ m e,2745
k o x e1 ɾ s e,868
k o x e1 ɾ t e,2470
k o1 x e s,2851
k o1 x e t e,562
k o x i1,4877
k o x i1 a,761
k o x i1 d a,686
k o x i1 d o,8952
k o x j e1 n d o,2672
k o x j e1 ɾ a,539
k o x j e1 ɾ o n,1945
k o x i1 m o s,1060
k o x j o1,5395
k o x i1 s t e,2598
k o e ɾ e1 n t e,766
k o e1 t e,4844
k o e1 t e s,3180
k o i1 n s i d e,3208
k o i1 n s i d e n,2177
k o i n s i1 d e n s j a,12635
k o i n s i1 d e n s j a s,1706
k o i n s i1 d i m o s,521
k o i n s i1 d i ɾ,782
k o i1 n s i d o,771
k o1 i t o,645
k o1 x a,5089
k o1 x a l a,510
k o x a1 m o s,879
k o1 x a n,1744
k o1 x a s,1341
k o x i1 n,890
k o x i1 n e s,638
k o1 x o,5375
k o x o1 n e s,7267
k o x o n u1 d o,813
k o1 l a,15400
k o l a b o1 ɾ a,455
k o l a b o ɾ a s j o1 n,2231
k o l a b o ɾ a d o1 ɾ,769
k o l a b o ɾ a d o1 ɾ e s,645
k o l a b o ɾ a1 ɾ,1623
k o l a1 d a,1490
k o l a1 d o,670
k o l a p s a1 ɾ,552
k o l a1 p s o,2975
k o l a p s o1,750
k o l a1 ɾ m e,518
k o l a1 ɾ s e,818
k o1 l a s,1301
k o l a t e ɾ a1 l,884
k o l a t e ɾ a1 l e s,611
k o l tʃ o1 n,2797
k o l tʃ o1 n e s,733
k o1 l e,10336
k o l e a1 n d o,544
k o l e k s j o1 n,8084
k o l e k s j o1 n a,837
k o l e k s j o n a1 ɾ,536
k o l e k s j o n i1 s t a,1311
k o l e k s j o n i1 s t a s,470
k o l e k s j o1 n o,551
k o l e1 k t a,840
k o l e k t i1 b a,1135
k o l e k t i1 b o,1447
k o l e1 g a,18456
k o l e1 g a s,8420
k o l e x j a1 l,525
k o l e x j a1 l a,798
k o l e1 x j o,22014
k o l e1 x j o s,1014
k o1 l e ɾ a,2445
k o1 l e s,861
k o l e s t e ɾ o1 l,1063
k o l g a1 b a,556
k o l g a1 d a,1225
k o l g a1 d o,5300
k o l g a1 d o s,1000
k o l g a1 m o s,452
k o l g a1 n d o,3296
k o l g a1 n t e,904
k o l g a1 ɾ,7519
k o l g a ɾ a1 n,798
k o l g a ɾ e1,672
k o l g a1 ɾ l e,539
k o l g a1 ɾ l o,1282
k o l g a1 ɾ l o s,452
k o l g a1 ɾ m e,1010
k o l g a1 ɾ o n,776
k o l g a1 ɾ s e,618
k o l g a1 ɾ t e,590
k o l g a1 s t e,476
k o l g o1,1877
k o l g e1,659
k o l i1 j a s,487
k o l i1 n a,8603
k o l i1 n a s,4801
k o l i s e1 o,799
k o l i s j o1 n,1334
k o l i1 t a,457
k o j a1 ɾ,8723
k o j a1 ɾ e s,807
k o l m e1 n a,1979
k o l m i1 j o s,1531
k o1 l m o,1723
k o l o1 k a,3195
k o l o k a1 d a,863
k o l o k a1 d o,3050
k o l o k a1 d o s,572
k o l o1 k a l o,647
k o l o k a1 m o s,797
k o l o1 k a n,682
k o l o k a1 n d o,909
k o l o k a1 ɾ,4211
k o l o k a1 ɾ l a,622
k o l o k a1 ɾ l e,540
k o l o k a1 ɾ l o,909
k o l o k a1 ɾ m e,740
k o l o k a1 ɾ o n,796
k o l o k a1 ɾ s e,752
k o l o k a1 ɾ t e,702
k o l o1 k a s,728
k o l o1 k a t e,788
k o l o1 k o,687
k o l o k o1,1545
k o l o1 m b j a,1638
k o l o m b j a1 n o s,748
k o l o1 m b o,471
k o1 l o n,1136
k o l o1 n j a,6161
k o l o n j a1 l,1297
k o l o1 n j a s,2493
k o l o1 n o s,1362
k o l o1 k e,1201
k o l o k e1,777
k o l o1 k e n,769
k o l o1 k e n s e,522
k o l o1 ɾ,30781
k o l o ɾ a1 d o,3666
k o l o1 ɾ e s,9416
k o l o ɾ i1 d o,693
k o l o s a1 l,904
k o l u1 m n a,8437
k o l u1 m n a s,2011
k o l u1 m p j o,868
k o1 m a,12194
k o m a d ɾ e1 x a,1063
k o m a1 m o s,2393
k o1 m a n,3279
k o m a1 n tʃ e,556
k o m a1 n tʃ e s,511
k o m a n d a1 n s j a,779
k o m a n d a1 n t e,37731
k o m a n d a1 n t e s,1153
k o m a n d a1 ɾ,461
k o m a1 n d o,7172
k o m a1 n d o s,1363
k o m a1 ɾ k a,2116
k o1 m a s,3146
k o m b a1 t e,17499
k o m b a1 t e s,1190
k o m b a t j e1 n d o,820
k o m b a t j e1 n t e,696
k o m b a t j e1 n t e s,1226
k o m b a t i1 ɾ,4130
k o m b a t i1 ɾ l o,668
k o m b i1 n a,1066
k o m b i n a s j o1 n,6705
k o m b i n a s j o1 n e s,708
k o m b i n a1 d a,460
k o m b i n a1 d o,1046
k o m b i1 n a n,659
k o m b i n a1 ɾ,983
k o1 m b o,460
k o m b u s t i1 b l e,11236
k o m b u s t i1 b l e s,511
k o m b u s t j o1 n,808
k o1 m e,30966
k o m e1 d,579
k o m e1 d j a,4935
k o m e d j a1 n t e,1535
k o m e1 d j a s,692
k o m e d o1 ɾ,6106
k o1 m e l o,945
k o1 m e m e,539
k o m e m j e1 ɾ d a,492
k o m e1 m o s,4474
k o1 m e n,7116
k o m e n s e1,5492
k o m e n s e1 m o s,4312
k o m e1 n t a,547
k o m e n t a1 d o,724
k o m e n t a1 ɾ,1529
k o m e n t a1 ɾ j o,5547
k o m e n t a1 ɾ j o s,6523
k o m e n t a1 ɾ l o,578
k o m e n t o1,791
k o m e n s a1 b a,1270
k o m e n s a1 d o,5679
k o m e n s a1 m o s,5415
k o m e n s a1 n d o,4829
k o m e n s a1 ɾ,20212
k o m e n s a1 ɾ a,813
k o m e n s a ɾ a1,2629
k o m e n s a ɾ a1 n,776
k o m e n s a ɾ e1,1680
k o m e n s a ɾ e1 m o s,2443
k o m e n s a1 ɾ o n,4855
k o m e n s a1 s t e,1381
k o m e n s o1,19223
k o m e1 ɾ,94951
k o m e ɾ a1,1827
k o m e ɾ a1 n,1216
k o m e ɾ a1 s,1289
k o m e ɾ s j a1 l,11093
k o m e ɾ s j a1 l e s,3800
k o m e ɾ s j a1 n t e,2247
k o m e ɾ s j a1 n t e s,1781
k o m e ɾ s j a1 ɾ,618
k o m e1 ɾ s j o,5590
k o m e ɾ e1,3784
k o m e ɾ e1 m o s,2709
k o m e ɾ i1 a,1537
k o m e1 ɾ l a,1151
k o m e1 ɾ l a s,594
k o m e1 ɾ l o,2278
k o m e1 ɾ l o s,921
k o m e1 ɾ m e,4011
k o m e1 ɾ m e l o,562
k o m e1 ɾ n o s,1110
k o m e1 ɾ s e,3703
k o m e1 ɾ s e l a,655
k o m e1 ɾ s e l o,978
k o m e1 ɾ t e,3656
k o m e1 ɾ t e l o,723
k o1 m e s,7208
k o m e s t i1 b l e,494
k o m e s t i1 b l e s,1109
k o m e1 t a,4133
k o m e1 t a s,1950
k o m e1 t e,2894
k o1 m e t e,1978
k o1 m e t e l a,866
k o1 m e t e l o,2555
k o m e t e1 m o s,1037
k o m e1 t e n,1528
k o m e t e1 ɾ,7276
k o m e1 t e s,1123
k o m e t i1,5660
k o m e t i1 d o,9716
k o m e t i1 d o s,768
k o m e t j e1 n d o,3613
k o m e t j e1 ɾ o n,1256
k o m e t i1 m o s,954
k o m e t j o1,5718
k o m e t i1 s t e,1821
k o m e1 t o,562
k o m e s o1 n,584
k o m i1,5114
k o m i1 a,2356
k o m i1 a m o s,612
k o m i1 a n,749
k o m i1 k,692
k o1 m i k a,991
k o1 m i k a s,561
k o1 m i k o,3861
k o1 m i k o s,571
k o m i1 k s,1498
k o m i1 d a,92649
k o m i1 d a s,4506
k o m i1 d o,14338
k o m j e1 n s e,4701
k o m j e1 n s e n,3116
k o m j e1 n s e s,902
k o m j e1 n d o,13251
k o m j e1 n d o s e,872
k o m j e1 n s a,17796
k o m j e1 n s a n,3261
k o m j e1 n s a s,2064
k o m j e1 n s o,18302
k o m j e1 n s o s,1151
k o m j e1 ɾ a,621
k o m j e1 ɾ o n,2263
k o m i1 m o s,1723
k o m i1 n o,1243
k o m j o1,6207
k o m i s a1 ɾ j a,476
k o m i s a ɾ i1 a,7433
k o m i s a1 ɾ j o,11028
k o m i s j o1 n,8392
k o m i s j o n a1 d o,3565
k o m i s j o1 n e s,566
k o m i1 s t e,3505
k o m i t e1,12208
k o m i t e1 s,537
k o1 m o,1772746
k o1 m o,939606
k o1 m o d a,6961
k o1 m o d a m e n t e,754
k o1 m o d a s,639
k o m o d i d a1 d,1737
k o m o d i d a1 d e s,1060
k o1 m o d o,12444
k o m o d o1 ɾ o,1226
k o1 m o d o s,3151
k o m p a d e1 s k o,990
k o m p a1 d ɾ e,1974
k o m p a j e1 ɾ a,9080
k o m p a j e1 ɾ a s,1480
k o m p a j e1 ɾ o,34403
k o m p a j e1 ɾ o s,18534
k o m p a j i1 a,58436
k o m p a j i1 a s,5856
k o m p a1 ɾ a,1283
k o m p a ɾ a1 b l e,479
k o m p a ɾ a s j o1 n,2635
k o m p a ɾ a1 d a,948
k o m p a ɾ a1 d o,4104
k o m p a ɾ a1 d o s,471
k o m p a ɾ a1 n d o,642
k o m p a ɾ a1 ɾ,2367
k o m p a ɾ a1 ɾ l o,632
k o m p a ɾ a1 ɾ s e,820
k o m p a ɾ e s e1 ɾ,476
k o m p a1 ɾ t a,810
k o m p a1 ɾ t a n,461
k o m p a1 ɾ t e,2578
k o m p a1 ɾ t e n,2088
k o m p a1 ɾ t e s,799
k o m p a ɾ t i1 a,556
k o m p a ɾ t i1 d a,684
k o m p a ɾ t i1 d o,1872
k o m p a ɾ t j e1 n d o,1388
k o m p a ɾ t i m e1 n t o,1518
k o m p a ɾ t i1 m o s,4009
k o m p a ɾ t j o1,477
k o m p a ɾ t i1 ɾ,15252
k o m p a ɾ t i ɾ e1,648
k o m p a ɾ t i ɾ e1 m o s,879
k o m p a ɾ t i1 ɾ l a,1519
k o m p a ɾ t i1 ɾ l o,3890
k o m p a1 ɾ t o,1675
k o m p a1 s,1276
k o m p a s j o1 n,7466
k o m p a s i1 b a,508
k o m p a s i1 b o,1027
k o m p a t i1 b l e,1260
k o m p a t i1 b l e s,733
k o m p a t ɾ j o1 t a s,1514
k o m p e1 n s a,781
k o m p e n s a s j o1 n,1842
k o m p e n s a1 ɾ,2222
k o m p e n s a ɾ e1,924
k o m p e n s a1 ɾ l o,1242
k o m p e n s a1 ɾ t e,1482
k o m p e n s a1 ɾ t e l o,600
k o m p e t e1 n s j a,9973
k o m p e t e1 n s j a s,529
k o m p e t e1 n t e,1239
k o m p e t i s j o1 n,2755
k o m p e t i d o1 ɾ,863
k o m p e t i d o1 ɾ e s,1175
k o m p e t i1 ɾ,4758
k o m p e t i t i1 b a,461
k o m p e t i t i1 b o,790
k o m p i1 n tʃ e,693
k o m p i1 n tʃ e s,504
k o m p i1 t e n,513
k o m p i t j e1 n d o,1055
k o m p l a1 s e,2592
k o m p l a s e1 ɾ,1938
k o m p l a s e1 ɾ l a,613
k o m p l a s e1 ɾ l o,552
k o m p l a s e1 ɾ m e,830
k o m p l a s e1 ɾ t e,1200
k o m p l a s i1 d a,455
k o m p l a s i1 d o,1416
k o m p l e1 x a,1465
k o m p l e1 x a s,672
k o m p l e x i d a1 d,781
k o m p l e1 x o,6939
k o m p l e1 x o s,1113
k o m p l e1 t a,15252
k o m p l e t a1 d a,725
k o m p l e t a1 d o,1768
k o m p l e t a m e1 n t e,46830
k o m p l e t a1 ɾ,3974
k o m p l e1 t a s,1219
k o m p l e1 t e,726
k o m p l e1 t o,28014
k o m p l e1 t o s,1748
k o m p l i1 k a,1115
k o m p l i k a s j o1 n,1058
k o m p l i k a s j o1 n e s,2791
k o m p l i k a1 d a,4192
k o m p l i k a1 d a s,1478
k o m p l i k a1 d o,15374
k o m p l i k a1 d o s,934
k o m p l i k a1 ɾ,554
k o m p l i k a1 ɾ s e,518
k o1 m p l i s e,4705
k o1 m p l i s e s,1543
k o m p l i s i d a1 d,814
k o m p l o1 d,1899
k o m p o1 n e,593
k o m p o n e1 n t e,1252
k o m p o n e1 n t e s,1545
k o m p o n e1 ɾ,1018
k o m p o1 ɾ t a,2161
k o m p o ɾ t a1 d o,1113
k o m p o ɾ t a m j e1 n t o,12559
k o m p o ɾ t a m j e1 n t o s,459
k o m p o1 ɾ t a n,1037
k o m p o ɾ t a1 n d o,797
k o m p o ɾ t a1 ɾ m e,1626
k o m p o ɾ t a1 ɾ n o s,676
k o m p o ɾ t a1 ɾ s e,4204
k o m p o ɾ t a1 ɾ t e,2863
k o m p o1 ɾ t a s,1801
k o m p o1 ɾ t a t e,3901
k o m p o1 ɾ t e,573
k o m p o ɾ t e1,576
k o m p o1 ɾ t e n s e,898
k o m p o1 ɾ t e s,543
k o m p o1 ɾ t e s e,648
k o m p o ɾ t o1,578
k o m p o s i s j o1 n,1971
k o m p o s i t o1 ɾ,1944
k o m p o s i t o1 ɾ e s,454
k o m p o s t u1 ɾ a,707
k o1 m p ɾ a,14086
k o m p ɾ a1 b a,1098
k o m p ɾ a1 d a,533
k o m p ɾ a1 d o,10492
k o m p ɾ a d o1 ɾ,2929
k o m p ɾ a d o1 ɾ e s,1718
k o1 m p ɾ a l e,1202
k o1 m p ɾ a l o,598
k o1 m p ɾ a m e,1255
k o m p ɾ a1 m o s,4012
k o1 m p ɾ a n,2536
k o m p ɾ a1 n d o,4932
k o m p ɾ a1 ɾ,48448
k o m p ɾ a1 ɾ a,1027
k o m p ɾ a ɾ a1,1451
k o m p ɾ a ɾ a1 s,557
k o m p ɾ a ɾ e1,5697
k o m p ɾ a ɾ e1 m o s,1768
k o m p ɾ a ɾ i1 a,1556
k o m p ɾ a1 ɾ l a,3029
k o m p ɾ a1 ɾ l a s,940
k o m p ɾ a1 ɾ l e,5942
k o m p ɾ a1 ɾ l e s,676
k o m p ɾ a1 ɾ l o,4884
k o m p ɾ a1 ɾ l o s,1528
k o m p ɾ a1 ɾ m e,6956
k o m p ɾ a1 ɾ n o s,860
k o m p ɾ a1 ɾ o n,2079
k o m p ɾ a1 ɾ s e,1902
k o m p ɾ a1 ɾ t e,6336
k o1 m p ɾ a s,15072
k o m p ɾ a1 s t e,5804
k o1 m p ɾ a t e,3039
k o1 m p ɾ e,5441
k o m p ɾ e1,15200
k o m p ɾ e1 m o s,625
k o1 m p ɾ e n,1705
k o m p ɾ e1 n d a,1473
k o m p ɾ e1 n d a n,477
k o m p ɾ e1 n d a s,798
k o m p ɾ e1 n d e,7676
k o m p ɾ e1 n d e l o,479
k o m p ɾ e n d e1 m o s,952
k o m p ɾ e1 n d e n,1699
k o m p ɾ e n d e1 ɾ,9364
k o m p ɾ e n d e ɾ a1,1269
k o m p ɾ e n d e ɾ a1 s,878
k o m p ɾ e n d e1 ɾ l o,3162
k o m p ɾ e n d e1 ɾ m e,602
k o m p ɾ e1 n d e s,9327
k o m p ɾ e n d i1,2307
k o m p ɾ e n d i1 a,730
k o m p ɾ e n d i1 d o,4848
k o m p ɾ e n d j o1,986
k o m p ɾ e1 n d o,21161
k o m p ɾ e n s i1 b l e,2237
k o m p ɾ e n s j o1 n,2815
k o m p ɾ e n s i1 b a,988
k o m p ɾ e n s i1 b o,1618
k o1 m p ɾ e s,1440
k o1 m p ɾ e s e,520
k o m p ɾ e s j o1 n,615
k o m p ɾ i m i1 d o,544
k o1 m p ɾ o,5495
k o m p ɾ o1,12057
k o m p ɾ o b a s j o1 n,836
k o m p ɾ o b a1 d o,3272
k o m p ɾ o b a1 m o s,596
k o m p ɾ o b a1 n d o,1766
k o m p ɾ o b a1 ɾ,6806
k o m p ɾ o b a ɾ e1,948
k o m p ɾ o b a1 ɾ l o,5891
k o m p ɾ o b e1,1324
k o m p ɾ o b o1,476
k o m p ɾ o m e1 t e,622
k o m p ɾ o m e t e1 ɾ,1165
k o m p ɾ o m e t e1 ɾ m e,1087
k o m p ɾ o m e t e1 ɾ n o s,596
k o m p ɾ o m e t e1 ɾ s e,1696
k o m p ɾ o m e t e1 ɾ t e,984
k o m p ɾ o m e t i1 d a,3616
k o m p ɾ o m e t i1 d o,4708
k o m p ɾ o m e t i1 d o s,2315
k o m p ɾ o m e t j o1,581
k o m p ɾ o m e1 t o,501
k o m p ɾ o m i1 s o,13366
k o m p ɾ o m i1 s o s,2116
k o m p ɾ w e1 b a,2863
k o m p ɾ w e1 b a l o,1973
k o m p ɾ w e1 b e,1249
k o m p ɾ w e1 b e l o,608
k o m p ɾ w e1 b e n,645
k o m p w e1 ɾ t a,1187
k o m p w e1 ɾ t a s,777
k o m p w e1 s t a,760
k o m p w e1 s t o,2526
k o m p w e1 s t o s,770
k o m p u l s i1 b o,632
k o m p u1 s o,628
k o m p u t a s j o1 n,891
k o m p u t a d o1 ɾ,1161
k o m p u t a d o1 ɾ a,18245
k o m p u t a d o1 ɾ a s,5478
k o m u1 n,29522
k o m u1 n a,720
k o m u1 n e s,4145
k o m u n i1 k a,1153
k o m u n i k a s j o1 n,9182
k o m u n i k a s j o1 n e s,6186
k o m u n i k a1 d o,3258
k o m u n i k a d o1 ɾ,786
k o m u n i1 k a m e,2301
k o m u n i1 k a n,698
k o m u n i k a1 n d o,531
k o m u n i k a1 ɾ,1459
k o m u n i k a ɾ e1,726
k o m u n i k a1 ɾ l e,966
k o m u n i k a1 ɾ l e s,460
k o m u n i k a1 ɾ m e,3931
k o m u n i k a1 ɾ n o s,2505
k o m u n i k a1 ɾ s e,6065
k o m u n i k a1 ɾ t e,1516
k o m u n i1 k a t e,819
k o m u n i1 k o,728
k o m u n i k o1,665
k o m u n i d a1 d,13380
k o m u n i d a1 d e s,1082
k o m u n j o1 n,1458
k o m u n i1 k e,633
k o m u n i1 k e m e,1942
k o m u n i1 k e s e,682
k o m u n i1 s m o,1675
k o m u n i1 s t a,5897
k o m u n i1 s t a s,4408
k o m u n i t a1 ɾ j o,1460
k o m u1 m m e n t e,536
k o1 n,3249288
k o n s e b i1 d o,939
k o n s e b i1 ɾ,970
k o n s e1 d a,605
k o n s e1 d e,1765
k o n s e1 d e m e,787
k o n s e d e1 ɾ,855
k o n s e d e1 ɾ l e,778
k o n s e d e1 ɾ m e,758
k o n s e d i1 d a,472
k o n s e d i1 d o,2958
k o n s e d j o1,579
k o n s e1 d o,871
k o n s e x a1 l,2720
k o n s e1 x o,1178
k o n s e1 n t ɾ a,628
k o n s e n t ɾ a s j o1 n,5144
k o n s e n t ɾ a1 d a,857
k o n s e n t ɾ a1 d o,2310
k o n s e n t ɾ a1 d o s,534
k o n s e n t ɾ a1 n d o,487
k o n s e n t ɾ a1 ɾ,1161
k o n s e n t ɾ a1 ɾ m e,5409
k o n s e n t ɾ a1 ɾ n o s,2647
k o n s e n t ɾ a1 ɾ s e,2964
k o n s e n t ɾ a1 ɾ t e,3320
k o n s e1 n t ɾ a s,531
k o n s e1 n t ɾ a t e,10988
k o n s e1 n t ɾ e,572
k o n s e n t ɾ e1 m o n o s,1351
k o n s e1 n t ɾ e n s e,1390
k o n s e1 n t ɾ e s,514
k o n s e1 n t ɾ e s e,1316
k o n s e p s j o1 n,952
k o n s e1 p t o,6167
k o n s e1 p t o s,937
k o n s e ɾ n j e1 n t e,459
k o n s e ɾ t a1 ɾ,517
k o n s e s j o1 n,918
k o n s e s j o1 n e s,769
k o1 n tʃ a,2078
k o1 n tʃ a s,1058
k o n s j e1 n s j a,14064
k o n s j e1 ɾ n e,4116
k o n s j e1 ɾ t o,11006
k o n s j e1 ɾ t o s,2168
k o n s i1 l j o,628
k o n s j u d a d a1 n o s,510
k o1 ɲ k l a b e,488
k o ɲ k l w i1 d o,1102
k o ɲ k l w i1 ɾ,1406
k o ɲ k l u s j o1 n,5440
k o ɲ k l u s j o1 n e s,2952
k o ɲ k l u1 j e,897
k o ɲ k l u j e1 n t e,679
k o ɲ k ɾ e1 t a,860
k o ɲ k ɾ e t a m e1 n t e,594
k o ɲ k ɾ e1 t a s,515
k o ɲ k ɾ e1 t o,3628
k o ɲ k u b i1 n a,683
k o ɲ k w e1 ɾ d a,2447
k o ɲ k w e1 ɾ d a n,1181
k o ɲ k w e1 ɾ d o,835
k o ɲ k u ɾ s a1 n t e,795
k o ɲ k u ɾ s a1 n t e s,673
k o ɲ k u1 ɾ s o,8581
k o ɲ k u1 ɾ s o s,811
k o n d a1 d o,10342
k o n d a1 d o s,716
k o1 n d e,11833
k o n d e k o ɾ a1 d o,955
k o n d e1 n a,6508
k o n d e n a1 d a,2868
k o n d e n a d a m e1 n t e,730
k o n d e n a1 d o,9047
k o n d e n a1 d o s,3403
k o n d e1 n a n,516
k o n d e n a1 ɾ,1280
k o n d e n a1 ɾ l o,670
k o n d e n a1 ɾ m e,474
k o n d e n a1 ɾ o n,879
k o n d e1 n a s,974
k o n d e1 n o,609
k o n d e n o1,643
k o n d e1 s a,5781
k o n d e s s e n d j e1 n t e,1251
k o n d i s j o1 n,12070
k o n d i s j o n a1 l,6550
k o n d i s j o1 n e s,15352
k o n d o l e1 n s j a s,1865
k o n d o m i1 n j o,809
k o n d o1 n,2452
k o n d o1 n e s,2411
k o1 n d o ɾ,516
k o n d u k s j o1 n,1039
k o n d u1 s e,9798
k o n d u1 s e n,1277
k o n d u1 s e s,2302
k o n d u s i1 a,2783
k o n d u s i1 d o,1694
k o n d u s j e1 n d o,6209
k o n d u s i1 ɾ,19043
k o n d u s i ɾ a1,975
k o n d u s i ɾ e1,1379
k o n d u s i1 ɾ l o,990
k o n d u1 k t a,7578
k o n d u1 k t o,2387
k o n d u k t o1 ɾ,11625
k o n d u k t o1 ɾ a,623
k o n d u k t o1 ɾ e s,2150
k o n d u1 k t o s,1628
k o n d u1 x e,985
k o n d u1 x o,2068
k o n d u1 s k a,1866
k o n d u1 s k a s,462
k o n d u1 s k o,2759
k o n e1 k t a,2309
k o n e k t a1 d a,1936
k o n e k t a1 d a s,799
k o n e k t a1 d o,5894
k o n e k t a1 d o s,3099
k o n e k t a1 m o s,787
k o n e1 k t a n,565
k o n e k t a1 n d o,818
k o n e k t a1 ɾ,3104
k o n e k t a1 ɾ l o,829
k o n e k t a1 ɾ m e,1066
k o n e k t a1 ɾ n o s,604
k o n e k t a1 ɾ s e,1006
k o n e k t a1 ɾ t e,562
k o n e1 k t e,750
k o n e k t o1,543
k o n e x i1 j o,604
k o n e x i1 t a,970
k o n e x i1 t o,1719
k o n e x i1 t o s,473
k o n e1 x o,9093
k o n e1 x o s,3902
k o n e g s j o1 n,14774
k o n e g s j o1 n e s,3678
k o m f e d e ɾ a s j o1 n,623
k o m f e ɾ e1 n s j a,10864
k o m f e ɾ e1 n s j a s,2716
k o m f e s a1 d o,1479
k o m f e s a1 ɾ,5035
k o m f e s a1 ɾ l e,832
k o m f e s a1 ɾ l o,869
k o m f e s a1 ɾ m e,1306
k o m f e s a1 ɾ s e,866
k o m f e s a1 ɾ t e,1932
k o m f e s j o1 n,7296
k o m f e s j o n a1 ɾ j o,483
k o m f e s j o1 n e s,1077
k o m f e s o1,2440
k o m f e s o1 ɾ,491
k o m f i1 a,18780
k o m f j a1 b a,2532
k o m f j a1 b l e,3044
k o m f j a1 b l e s,811
k o m f j a1 d a,642
k o m f j a1 d o,3087
k o m f j a1 m o s,1951
k o m f i1 a n,1987
k o m f j a1 n d o,853
k o m f j a1 n s a,25764
k o m f j a1 ɾ,32114
k o m f j a1 ɾ a,621
k o m f j a ɾ e1,587
k o m f j a ɾ i1 a,802
k o m f j a1 ɾ l e,702
k o m f j a1 ɾ t e,518
k o m f i1 a s,6413
k o m f j a1 s t e,619
k o m f i d e1 n s j a,507
k o m f i d e n s j a1 l,4873
k o m f i d e n s j a1 l e s,831
k o m f i d e n s j a l i d a1 d,1437
k o m f i d e1 n t e,859
k o m f j e1,2482
k o m f i1 e,3347
k o m f i1 e n,1139
k o m f i1 e s,2392
k o m f j e1 s a,1746
k o m f j e1 s e,1013
k o m f j e1 s o,2618
k o m f i g u ɾ a s j o1 n,811
k o m f i n a1 d o,634
k o m f i n a m j e1 n t o,710
k o m f i1 n e s,724
k o m f j o1,1868
k o m f i1 o,14653
k o m f i1 ɾ m a,3137
k o m f i ɾ m a s j o1 n,3150
k o m f i ɾ m a1 d a,1287
k o m f i ɾ m a1 d o,5016
k o m f i ɾ m a1 d o s,517
k o m f i1 ɾ m a n,1168
k o m f i ɾ m a1 n d o,673
k o m f i ɾ m a1 ɾ,5186
k o m f i ɾ m a1 ɾ l o,2515
k o m f i ɾ m a1 ɾ o n,599
k o m f i1 ɾ m e,1260
k o m f i1 ɾ m e n,626
k o m f i1 ɾ m o,597
k o m f i ɾ m o1,1792
k o m f i s k a1 d o,691
k o m f i s k a1 ɾ,576
k o m f l i1 k t o,5573
k o m f l i1 k t o s,2003
k o m f o ɾ m a1 ɾ m e,542
k o m f o ɾ m a1 ɾ s e,1025
k o m f o ɾ m a1 ɾ t e,470
k o m f o1 ɾ m e,2584
k o m f o1 ɾ m o,705
k o m f o1 ɾ d,682
k o m f o ɾ t a1 b l e,1526
k o m f ɾ o n t a s j o1 n,945
k o m f u1 n d a,515
k o m f u1 n d a s,779
k o m f u1 n d e,2103
k o m f u1 n d e n,840
k o m f u1 n d e s,793
k o m f u n d i1,1009
k o m f u n d i1 d a,3766
k o m f u n d i1 d o,7978
k o m f u n d i1 d o s,853
k o m f u n d j e1 n d o,1030
k o m f u n d j o1,1046
k o m f u n d i1 ɾ,1383
k o m f u n d i1 ɾ l o,470
k o m f u n d i1 ɾ m e,866
k o m f u n d i1 ɾ s e,610
k o m f u n d i1 ɾ t e,482
k o m f u1 n d o,621
k o m f u1 s a,1819
k o m f u1 s a s,543
k o m f u s j o1 n,5555
k o m f u1 s o,4668
k o m f u1 s o s,499
k o ɲ x e1 l a,803
k o ɲ x e l a s j o1 n,498
k o ɲ x e l a1 d a,1930
k o ɲ x e l a1 d a s,722
k o ɲ x e l a1 d o,3245
k o ɲ x e l a d o1 ɾ,1847
k o ɲ x e l a1 d o s,1519
k o ɲ x e l a1 n d o,1195
k o ɲ x e l a1 ɾ,1027
k o ɲ x e l a1 ɾ s e,500
k o ɲ x e1 l e,464
k o ɲ x e l o1,666
k o1 ɲ g o,1004
k o ɲ g ɾ e g a s j o1 n,1213
k o ɲ g ɾ e s i1 s t a,3068
k o ɲ g ɾ e1 s o,7343
k o ɲ x e t u1 ɾ a,684
k o ɲ x e t u1 ɾ a s,803
k o ɲ x u1 n t a,850
k o ɲ x u1 n t o,4940
k o ɲ x u1 ɾ o,1058
k o n j e1 b a,1086
k o m m i1 g o,247719
k o m m o s j o1 n,2316
k o m m o s j o n a1 d a,470
k o m m o s j o n a1 d o,583
k o m m o b e d o1 ɾ,2132
k o m m o b e d o1 ɾ a,995
k o m m o b i1 d o,1099
k o m m o b j o1,608
k o m m w e1 b e,910
k o1 n o,1131
k o n o1 s e,56715
k o n o s e1 i s,2455
k o n o s e1 m o s,18827
k o n o1 s e n,17493
k o n o s e1 ɾ,37603
k o n o s e ɾ a1,1544
k o n o s e ɾ a1 n,803
k o n o s e ɾ a1 s,1945
k o n o s e ɾ e1,1079
k o n o s e ɾ e1 m o s,855
k o n o s e ɾ i1 a,805
k o n o s e1 ɾ l a,15708
k o n o s e1 ɾ l a s,1248
k o n o s e1 ɾ l e,9305
k o n o s e1 ɾ l e s,1155
k o n o s e1 ɾ l o,20685
k o n o s e1 ɾ l o s,5984
k o n o s e1 ɾ m e,4976
k o n o s e1 ɾ n o s,6555
k o n o s e1 ɾ o s,1354
k o n o s e1 ɾ s e,1972
k o n o s e1 ɾ t e,41687
k o n o1 s e s,70408
k o n o s i1,30403
k o n o s i1 a,20781
k o n o s i1 a m o s,1826
k o n o s i1 a n,2773
k o n o s i1 a s,4570
k o n o s i1 d a,6435
k o n o s i1 d a s,1454
k o n o s i1 d o,38897
k o n o s i1 d o s,4392
k o n o s j e1 n d o,2191
k o n o s j e1 n d o t e,549
k o n o s j e1 ɾ a,3741
k o n o s j e1 ɾ a m o s,606
k o n o s j e1 ɾ a n,639
k o n o s j e1 ɾ a s,1637
k o n o s j e1 ɾ o n,3825
k o n o s i m j e1 n t o,12534
k o n o s i m j e1 n t o s,3618
k o n o s i1 m o s,11351
k o n o s j o1,8731
k o n o s i1 s t e,8148
k o n o1 s k a,6764
k o n o s k a1 m o s,1330
k o n o1 s k a n,2924
k o n o1 s k a s,5381
k o n o1 s k o,104114
k o1 ɲ k e,3884
k o ɲ k i1 s t a,2220
k o ɲ k i s t a1 d o,1147
k o ɲ k i s t a d o1 ɾ,1025
k o ɲ k i s t a1 ɾ,3691
k o ɲ k i s t a1 ɾ l a,540
k o ɲ k i1 s t a s,756
k o ɲ k i s t o1,552
k o n s s j e1 n s j a,1649
k o n s s j e1 n t e,8914
k o n s s j e n t e m e1 n t e,491
k o n s s j e1 n t e s,1616
k o n s e k w e1 n s j a,2996
k o n s e k w e1 n s j a s,9977
k o n s e k u t i1 b o s,558
k o n s e g i1,15157
k o n s e g i1 a,1340
k o n s e g i1 d o,17823
k o n s e g i1 m o s,9135
k o n s e g i1 ɾ,62073
k o n s e g i ɾ a1,3414
k o n s e g i ɾ a1 n,1048
k o n s e g i ɾ a1 s,3909
k o n s e g i ɾ e1,8483
k o n s e g i ɾ e1 m o s,4746
k o n s e g i ɾ i1 a,1706
k o n s e g i ɾ i1 a s,615
k o n s e g i1 ɾ l a,2635
k o n s e g i1 ɾ l a s,1042
k o n s e g i1 ɾ l e,3395
k o n s e g i1 ɾ l e s,662
k o n s e g i1 ɾ l o,11691
k o n s e g i1 ɾ l o s,1134
k o n s e g i1 ɾ m e,4347
k o n s e g i1 ɾ n o s,1541
k o n s e g i1 ɾ s e,596
k o n s e g i1 ɾ t e,6640
k o n s e g i1 s t e,14199
k o n s e x e1 ɾ a,1763
k o n s e x e1 ɾ o,5102
k o n s e x e1 ɾ o s,1381
k o n s e1 x o,38041
k o n s e1 x o s,6949
k o n s e1 n s o,539
k o n s e n t i1 d o,723
k o n s e n t i m j e1 n t o,3279
k o n s e n t i1 ɾ,456
k o n s e1 ɾ x e,3177
k o n s e1 ɾ b a,2042
k o n s e ɾ b a s j o1 n,711
k o n s e ɾ b a1 d o,759
k o n s e ɾ b a d o1 ɾ,1582
k o n s e ɾ b a d o1 ɾ a,689
k o n s e ɾ b a d o1 ɾ e s,764
k o n s e ɾ b a1 ɾ,4816
k o n s e ɾ b a1 ɾ l a,694
k o n s e ɾ b a1 ɾ l o,1460
k o n s e1 ɾ b a s,976
k o n s e ɾ b a t o1 ɾ j o,756
k o n s e1 ɾ b e,600
k o n s e1 ɾ b o,714
k o n s i d e1 ɾ a,7550
k o n s i d e ɾ a1 b a,1450
k o n s i d e ɾ a1 b a n,541
k o n s i d e ɾ a1 b l e,1966
k o n s i d e ɾ a b l e m e1 n t e,795
k o n s i d e ɾ a s j o1 n,2893
k o n s i d e ɾ a s j o1 n e s,452
k o n s i d e ɾ a1 d a,1565
k o n s i d e ɾ a1 d o,7982
k o n s i d e ɾ a1 d o s,1064
k o n s i d e1 ɾ a l o,2775
k o n s i d e1 ɾ a m e,531
k o n s i d e ɾ a1 m o s,1359
k o n s i d e1 ɾ a n,2555
k o n s i d e ɾ a1 n d o,7564
k o n s i d e ɾ a1 ɾ,6921
k o n s i d e ɾ a ɾ e1,977
k o n s i d e ɾ a ɾ i1 a,1218
k o n s i d e ɾ a1 ɾ l o,2847
k o n s i d e ɾ a1 ɾ m e,636
k o n s i d e ɾ a1 ɾ s e,1498
k o n s i d e1 ɾ a s,1630
k o n s i d e1 ɾ a t e,1155
k o n s i d e1 ɾ e,2299
k o n s i d e ɾ e1,1037
k o n s i d e1 ɾ e l o,980
k o n s i d e ɾ e1 m o s,480
k o n s i d e1 ɾ e n,838
k o n s i d e1 ɾ e s,703
k o n s i d e1 ɾ e s e,523
k o n s i d e1 ɾ o,4667
k o n s i d e ɾ o1,963
k o n s j e1 n t e,491
k o n s i1 g a,6671
k o n s i1 g a m e,734
k o n s i g a1 m o s,2016
k o n s i1 g a n,1602
k o n s i1 g a s,2287
k o n s i1 g o,15011
k o n s i1 g e,16164
k o n s i1 g e l e,584
k o n s i1 g e l o,704
k o n s i1 g e m e,3940
k o n s i1 g e n,3306
k o n s i1 g e n o s,518
k o n s i1 g e s,6755
k o n s i1 g e t e,1527
k o n s i g j e1 n d o,1951
k o n s i g j e1 n t e,913
k o n s i g j e1 ɾ a,1066
k o n s i g j e1 ɾ o n,3016
k o n s i g j o1,14008
k o n s i1 s t e,3104
k o n s i s t e1 n t e,1185
k o n s i s t i1 a,595
k o n s o1 l a,993
k o n s o l a d o1 ɾ,553
k o n s o l a1 ɾ,524
k o n s o l a1 ɾ l a,548
k o n s o l a1 ɾ m e,772
k o n s o l a1 ɾ t e,550
k o n s o1 ɾ s j o,584
k o n s o1 ɾ t e,671
k o n s p i ɾ a s j o1 n,5782
k o n s p i ɾ a s j o1 n e s,626
k o n s p i ɾ a d o1 ɾ e s,634
k o n s p i ɾ a1 n d o,511
k o1 n s t a,949
k o n s t a1 n s j a,967
k o n s t a1 n t e,5596
k o n s t a n t e m e1 n t e,6387
k o n s t a1 n t e s,1545
k o1 n s t e,2234
k o n s t e l a s j o1 n,597
k o n s t e l a s j o1 n e s,484
k o n s t i t u s j o1 n,3306
k o n s t i t u s j o n a1 l,597
k o n s t i t u1 j e,850
k o n s t ɾ u k s j o1 n,7832
k o n s t ɾ u k s j o1 n e s,878
k o n s t ɾ u k t o1 ɾ,881
k o n s t ɾ u k t o1 ɾ e s,952
k o n s t ɾ w i1,1856
k o n s t ɾ w i1 d a,1968
k o n s t ɾ w i1 d a s,461
k o n s t ɾ w i1 d o,5064
k o n s t ɾ w i1 d o s,483
k o n s t ɾ w i1 m o s,2282
k o n s t ɾ w i1 ɾ,14692
k o n s t ɾ w i ɾ e1,711
k o n s t ɾ w i ɾ e1 m o s,976
k o n s t ɾ w i1 ɾ l a,668
k o n s t ɾ w i1 ɾ l o,1125
k o n s t ɾ w i1 ɾ s e,460
k o n s t ɾ w i1 s t e,614
k o n s t ɾ u1 j a,480
k o n s t ɾ u1 j e,1721
k o n s t ɾ u1 j e n,1164
k o n s t ɾ u j e1 n d o,4096
k o n s t ɾ u j e1 ɾ o n,2754
k o n s t ɾ u1 j e s,457
k o n s t ɾ u1 j o,736
k o n s t ɾ u j o1,4654
k o n s w e1 l a,862
k o n s w e1 l o,5614
k o1 n s u l,1629
k o n s u l a1 d o,2099
k o n s u1 l t a,4397
k o n s u l t a1 d o,772
k o n s u l t a1 ɾ,2010
k o n s u l t a1 ɾ l o,1102
k o n s u l t a1 ɾ m e,1218
k o n s u1 l t a s,684
k o n s u l t o1 ɾ,1117
k o n s u l t o1 ɾ j o,1851
k o n s u m a1 d o,562
k o n s u1 m e,1496
k o n s u1 m e n,583
k o n s u m i1 a,482
k o n s u m i1 d o,1062
k o n s u m i d o1 ɾ,954
k o n s u m i d o1 ɾ e s,811
k o n s u m j e1 n d o,817
k o n s u m j o1,461
k o n s u m i1 ɾ,1112
k o n s u1 m o,2278
k o n t a1 b a,3720
k o n t a1 b a n,616
k o n t a b i l i d a1 d,2182
k o n t a1 b l e,2423
k o n t a1 k t a,1029
k o n t a k t a1 d o,1590
k o n t a k t a1 ɾ,5184
k o n t a k t a ɾ e1,617
k o n t a k t a1 ɾ l a,620
k o n t a k t a1 ɾ l o,1186
k o n t a k t a1 ɾ m e,1191
k o n t a k t a1 ɾ n o s,618
k o n t a k t a1 ɾ s e,597
k o n t a k t a1 ɾ t e,990
k o n t a1 k t e,1112
k o n t a1 k t o,40691
k o n t a k t o1,1257
k o n t a1 k t o s,6505
k o n t a1 d o,15353
k o n t a d o1 ɾ,3600
k o n t a d o1 ɾ e s,648
k o n t a1 d o s,933
k o n t a x j o1,525
k o n t a x j o1 s a,845
k o n t a x j o1 s o,1550
k o n t a m i n a s j o1 n,2270
k o n t a m i n a1 d a,1210
k o n t a m i n a1 d o,1143
k o n t a m i n a1 ɾ,523
k o n t a1 m o s,2814
k o n t a1 n d o,8664
k o n t a1 n d o l e,692
k o n t a1 n d o m e,695
k o n t a1 ɾ,30132
k o n t a1 ɾ a,1526
k o n t a ɾ a1,1590
k o n t a ɾ a1 n,489
k o n t a1 ɾ a s,619
k o n t a ɾ a1 s,1211
k o n t a ɾ e1,8451
k o n t a ɾ e1 m o s,698
k o n t a ɾ i1 a,1246
k o n t a1 ɾ l a,848
k o n t a1 ɾ l e,13545
k o n t a1 ɾ l e s,4847
k o n t a1 ɾ l o,4539
k o n t a1 ɾ l o s,920
k o n t a1 ɾ m e,11398
k o n t a1 ɾ m e l o,4776
k o n t a1 ɾ n o s,4006
k o n t a1 ɾ n o s l o,699
k o n t a1 ɾ o n,1943
k o n t a1 ɾ s e l o,8985
k o n t a1 ɾ t e,13094
k o n t a1 ɾ t e l o,4060
k o n t a1 s t e,6072
k o n t e1,8863
k o n t e1 m p l a,693
k o n t e m p l a1 n d o,778
k o n t e m p l a1 ɾ,1303
k o n t e1 m p l e n,511
k o n t e n s j o1 n,1896
k o n t e n e d o1 ɾ,2962
k o n t e n e d o1 ɾ e s,1427
k o n t e n e1 ɾ,2633
k o n t e n e1 ɾ l o,822
k o n t e n e1 ɾ l o s,470
k o n t e n e1 ɾ m e,1008
k o n t e n e1 ɾ s e,459
k o n t e n i1 a,1291
k o n t e n i1 d a,460
k o n t e n i1 d o,4378
k o n t e n i1 d o s,455
k o n t e n j e1 n d o,563
k o n t e1 n t a,13112
k o n t e1 n t o,21058
k o n t e1 n t o s,5496
k o n t e1 o,1671
k o n t e1 s t a,11438
k o n t e s t a1 b a,487
k o n t e s t a1 d o,2084
k o n t e s t a d o1 ɾ,1917
k o n t e s t a d o1 ɾ a,779
k o n t e1 s t a l e,560
k o n t e1 s t a m e,5755
k o n t e1 s t a n,853
k o n t e s t a1 n d o,643
k o n t e s t a1 ɾ,9431
k o n t e s t a ɾ a1,571
k o n t e s t a ɾ e1,1058
k o n t e s t a1 ɾ l e,976
k o n t e s t a1 ɾ m e,1226
k o n t e s t a1 ɾ t e,690
k o n t e1 s t a s,2050
k o n t e s t a1 s t e,1079
k o n t e1 s t e,4161
k o n t e s t e1,928
k o n t e1 s t e m e,975
k o n t e1 s t e n,1064
k o n t e1 s t e s,2092
k o n t e1 s t o,1658
k o n t e s t o1,2522
k o n t e1 s t o,2167
k o n t j e1 n d a,530
k o n t j e1 n e,6211
k o n t j e1 n e n,1549
k o n t i1 g o,221759
k o n t i n e n t a1 l,1034
k o n t i n e1 n t e,3322
k o n t i n e1 n t e s,990
k o n t i1 n w a,5525
k o n t i n u1 a,16952
k o n t i n w a1 b a,682
k o n t i n w a s j o1 n,4732
k o n t i n w a1 d,513
k o n t i n w a1 d o,577
k o n t i n w a m e1 n t e,2708
k o n t i n w a1 m o s,2072
k o n t i n u1 a n,2255
k o n t i n w a1 n d o,460
k o n t i n w a1 ɾ,18210
k o n t i n w a1 ɾ a,458
k o n t i n w a ɾ a1,2771
k o n t i n w a ɾ a1 n,497
k o n t i n w a ɾ e1,857
k o n t i n w a ɾ e1 m o s,1642
k o n t i n w a1 ɾ o n,532
k o n t i1 n w a s,789
k o n t i n u1 a s,1112
k o n t i n w e1,552
k o n t i n u1 e,7028
k o n t i n w e1 m o s,2287
k o n t i n u1 e n,3044
k o n t i n w i d a1 d,839
k o n t i1 n w o,2132
k o n t i n w o1,1645
k o n t i n u1 o,843
k o n t o1,17108
k o1 n t ɾ a,153677
k o n t ɾ a a t a k a1 ɾ,559
k o n t ɾ a a t a1 k e,812
k o n t ɾ a b a n d i1 s t a,949
k o n t ɾ a b a n d i1 s t a s,960
k o n t ɾ a b a1 n d o,3056
k o n t ɾ a k s j o1 n,506
k o n t ɾ a k s j o1 n e s,965
k o n t ɾ a d i k s j o1 n,934
k o n t ɾ a d i k s j o1 n e s,523
k o n t ɾ a d i1 s e,464
k o n t ɾ a e1 ɾ,602
k o n t ɾ a1 x o,539
k o n t ɾ a m a e1 s t ɾ e,1224
k o n t ɾ a1 ɾ j a,1423
k o n t ɾ a1 ɾ j o,22649
k o n t ɾ a r e s t a1 ɾ,484
k o1 n t ɾ a s,596
k o n t ɾ a s e1 j a,4334
k o n t ɾ a s e1 j a s,476
k o n t ɾ a1 s t e,965
k o n t ɾ a1 t a,1563
k o n t ɾ a t a1 d a,646
k o n t ɾ a t a1 d o,4659
k o n t ɾ a t a1 d o s,580
k o n t ɾ a t a1 m o s,981
k o n t ɾ a1 t a n,823
k o n t ɾ a t a1 n d o,732
k o n t ɾ a t a1 ɾ,5661
k o n t ɾ a t a ɾ e1,512
k o n t ɾ a t a ɾ i1 a,552
k o n t ɾ a t a1 ɾ l a,600
k o n t ɾ a t a1 ɾ l o,808
k o n t ɾ a t a1 ɾ m e,1114
k o n t ɾ a t a1 ɾ o n,1918
k o n t ɾ a t a1 ɾ t e,1028
k o n t ɾ a t a1 s t e,1362
k o n t ɾ a1 t e,697
k o n t ɾ a t e1,2526
k o n t ɾ a t j e1 m p o,973
k o n t ɾ a t i1 s t a,1595
k o n t ɾ a t i1 s t a s,745
k o n t ɾ a1 t o,21172
k o n t ɾ a t o1,5696
k o n t ɾ a1 t o s,3708
k o n t ɾ i b u s j o1 n,2021
k o n t ɾ i b u s j o1 n e s,769
k o n t ɾ i b w i1 d o,473
k o n t ɾ i b w i1 ɾ,1397
k o n t ɾ i b u j e1 n t e,458
k o n t ɾ i b u j e1 n t e s,1060
k o n t ɾ i ɲ k a1 n t e,489
k o n t ɾ o1 l,65736
k o n t ɾ o1 l a,6959
k o n t ɾ o l a1 b a,783
k o n t ɾ o l a1 d a,1832
k o n t ɾ o l a1 d a s,567
k o n t ɾ o l a1 d o,4480
k o n t ɾ o l a d o1 ɾ,958
k o n t ɾ o l a1 d o s,771
k o n t ɾ o l a1 m o s,1032
k o n t ɾ o1 l a n,2405
k o n t ɾ o l a1 n d o,1745
k o n t ɾ o l a1 ɾ,15794
k o n t ɾ o l a1 ɾ l a,1735
k o n t ɾ o l a1 ɾ l o,5547
k o n t ɾ o l a1 ɾ l o s,1290
k o n t ɾ o l a1 ɾ m e,2329
k o n t ɾ o l a1 ɾ s e,1016
k o n t ɾ o l a1 ɾ t e,2120
k o n t ɾ o1 l a s,1183
k o n t ɾ o1 l a t e,3362
k o n t ɾ o1 l e,1442
k o n t ɾ o1 l e n,629
k o n t ɾ o1 l e s,3849
k o n t ɾ o1 l e s e,556
k o n t ɾ o1 l o,1670
k o n t ɾ o b e1 ɾ s j a,835
k o n t u n d e1 n t e,932
k o n t u s j o1 n,963
k o n t u s j o1 n e s,866
k o m b e1 n s e,1739
k o m b e n s e1 ɾ,6813
k o m b e n s e ɾ a1,554
k o m b e n s e ɾ e1,454
k o m b e n s e1 ɾ l a,2673
k o m b e n s e1 ɾ l e,1960
k o m b e n s e1 ɾ l e s,700
k o m b e n s e1 ɾ l o,3912
k o m b e n s e1 ɾ l o s,2318
k o m b e n s e1 ɾ m e,5022
k o m b e n s e1 ɾ n o s,617
k o m b e n s e1 ɾ s e,558
k o m b e n s e1 ɾ t e,2984
k o m b e n s i1,1816
k o m b e n s i1 d a,2155
k o m b e n s i1 d o,7789
k o m b e n s i1 d o s,1120
k o m b e n s j e1 ɾ o n,640
k o m b e n s j o1,2885
k o m b e n s j o1 n,3796
k o m b e n s j o n a1 l,1881
k o m b e n s j o n a1 l e s,648
k o m b e n s j o1 n e s,839
k o m b e n s i1 s t e,1154
k o m b e n d ɾ i1 a,769
k o m b e1 ɲ g a,740
k o m b e n j e1 n s j a,849
k o m b e n j e1 n t e,4355
k o m b e n j e n t e m e1 n t e,571
k o m b e1 n j o,845
k o m b e1 n t o,2726
k o m b e1 n s a,830
k o m b e ɾ s a s j o1 n,23131
k o m b e ɾ s a s j o1 n e s,4230
k o m b e ɾ s a1 m o s,857
k o m b e ɾ s a1 n d o,1460
k o m b e ɾ s a1 ɾ,5400
k o m b e ɾ s j o1 n,850
k o m b e ɾ t i1,3072
k o m b e ɾ t i1 a,675
k o m b e ɾ t i1 b l e,868
k o m b e ɾ t i1 d a,467
k o m b e ɾ t i1 d o,13792
k o m b e ɾ t i1 m o s,1172
k o m b e ɾ t i1 ɾ,6468
k o m b e ɾ t i ɾ a1,3524
k o m b e ɾ t i ɾ a1 n,828
k o m b e ɾ t i ɾ a1 s,1300
k o m b e ɾ t i ɾ e1,1816
k o m b e ɾ t i ɾ e1 m o s,732
k o m b e ɾ t i ɾ i1 a,1499
k o m b e ɾ t i1 ɾ l a,1299
k o m b e ɾ t i1 ɾ l o,2862
k o m b e ɾ t i1 ɾ l o s,801
k o m b e ɾ t i1 ɾ m e,8031
k o m b e ɾ t i1 ɾ n o s,1645
k o m b e ɾ t i1 ɾ s e,15989
k o m b e ɾ t i1 ɾ t e,7305
k o m b e ɾ t i1 s t e,2151
k o m b i k s j o1 n,1409
k o m b i k s j o1 n e s,1065
k o m b i1 k t o,2105
k o m b i1 k t o s,1188
k o m b j e1 n e,6250
k o m b j e1 ɾ t a,3091
k o m b j e1 ɾ t a n,725
k o m b j e1 ɾ t a s,1000
k o m b j e1 ɾ t e,13531
k o m b j e1 ɾ t e n,2800
k o m b j e1 ɾ t e s,1753
k o m b j e1 ɾ t e t e,785
k o m b j e1 ɾ t o,1010
k o m b i n s e1 n t e,3404
k o m b i ɾ t j e1 n d o,3697
k o m b i ɾ t j e1 n d o s e,1084
k o m b i ɾ t j e1 ɾ a,751
k o m b i ɾ t j e1 ɾ o n,2308
k o m b i ɾ t j o1,12392
k o m b i b i1 ɾ,755
k o m b o1 k a,479
k o m b o k a1 d o,1166
k o m b o k a1 ɾ,689
k o m b o k o1,591
k o1 m b o i,2325
k o m b u l s j o1 n,480
k o m b u l s j o1 n e s,1253
k o n j u g a1 l,616
k o1 j a,2179
k o j a1 k,3033
k o j a1 s o,972
k o1 j o,24970
k o1 j o s,850
k o o p e1 ɾ a,956
k o o p e ɾ a s j o1 n,3852
k o o p e ɾ a1 n d o,740
k o o p e ɾ a1 ɾ,3165
k o o p e ɾ a t i1 b a,894
k o o p e1 ɾ e,514
k o o ɾ d e n a1 d a s,5941
k o o ɾ d i n a s j o1 n,1168
k o o ɾ d i n a d o1 ɾ,576
k o o ɾ d i n a1 ɾ,802
k o1 p a,27066
k o1 p a s,6105
k o p e n a1 g e,689
k o1 p j a,14273
k o p j a1 d o,2898
k o1 p j a n,688
k o p j a1 n d o,605
k o p j a1 ɾ,1336
k o1 p j a s,7154
k o p i l o1 t o,1366
k o1 p j o,582
k o p i1 t a,723
k o1 p o,559
k o1 p o s,729
k o k e1 t a,453
k o k e t e a1 n d o,1371
k o k e t e a1 ɾ,1123
k o k e t e1 o,600
k o1 ɾ a,2075
k o ɾ a1 x e,8914
k o ɾ a1 l,1917
k o ɾ a1 n,787
k o ɾ a1 s a,672
k o ɾ a s o1 n,131616
k o ɾ a s o n a1 d a,2461
k o ɾ a s o n s i1 t o,548
k o ɾ a s o1 n e s,10441
k o ɾ b a1 t a,7961
k o ɾ b a1 t a s,1079
k o ɾ s e1 l,572
k o1 ɾ tʃ o,815
k o ɾ d e1 l j a,1010
k o ɾ d e ɾ i1 t o,607
k o ɾ d e1 ɾ o,4538
k o ɾ d e1 ɾ o s,824
k o ɾ d j a1 l,953
k o ɾ d o1 n,2045
k o ɾ d o1 n e s,1420
k o ɾ d u1 ɾ a,1641
k o ɾ e1 a,4801
k o ɾ e a1 n a,621
k o ɾ e a1 n o,1647
k o ɾ e a1 n o s,876
k o ɾ e o g ɾ a f i1 a,644
k o ɾ n e1 t a,841
k o ɾ n i1 s a,551
k o ɾ n u1 d o,877
k o1 ɾ o,5291
k o ɾ o1 n a,8863
k o ɾ o n a s j o1 n,1113
k o ɾ o n a1 d o,682
k o ɾ o1 n a s,1880
k o ɾ o n e1 l,48165
k o1 ɾ o s,518
k o ɾ p i1 j o,540
k o ɾ p o ɾ a s j o1 n,3809
k o ɾ p o ɾ a s j o1 n e s,1904
k o ɾ p o ɾ a1 l,2617
k o ɾ p o ɾ a1 l e s,806
k o ɾ p o ɾ a t i1 b a,1045
k o ɾ p o ɾ a t i1 b o,1223
k o ɾ p o ɾ a t i1 b o s,653
k o1 ɾ p u s,628
k o1 r a,3474
k o r a1 l,1986
k o r a1 m o s,834
k o1 r a n,10198
k o1 r a s,2637
k o1 r e,39585
k o r e1 a,2414
k o r e1 a s,839
k o r e k s j o1 n,2192
k o r e k s j o n a1 l,991
k o r e k s j o1 n e s,503
k o r e1 k t a,13184
k o r e k t a m e1 n t e,4864
k o r e1 k t a s,2443
k o r e1 k t o,74583
k o r e1 k t o s,1777
k o r e1 d,1909
k o r e d o1 ɾ,7548
k o r e d o1 ɾ e s,2439
k o r e x i1 d o,1175
k o r e x i1 d o s,767
k o r e x i1 ɾ,2358
k o r e x i1 ɾ l o,762
k o r e1 m o s,1641
k o1 r e n,3729
k o r e1 o,17052
k o r e1 o s,4130
k o r e1 ɾ,28547
k o r e ɾ a1,1054
k o r e ɾ e1,1186
k o r e ɾ e1 m o s,489
k o r e ɾ i1 a,465
k o1 r e s,3037
k o r e s p o1 n d a,467
k o r e s p o1 n d e,4964
k o r e s p o1 n d e n,680
k o r e s p o n d e1 n s j a,2569
k o r e s p o n d i1 a,551
k o r e s p o n s a1 l,1052
k o1 r e t e,1042
k o r i1,2876
k o r i1 a,2592
k o r i1 a n,726
k o r i1 d a,868
k o r i1 d o,1989
k o r j e1 n d o,23909
k o r j e1 n t e,16465
k o r j e1 n t e s,2305
k o r j e1 ɾ o n,774
k o r i1 x e m e,825
k o r i1 m o s,555
k o r j o1,3568
k o r i1 s t e,861
k o1 r o,2295
k o r o b o ɾ a1 ɾ,497
k o r o m p e1 ɾ,486
k o r o m p i1 d o,651
k o r u p s j o1 n,3713
k o r u1 p t a,722
k o r u1 p t o,2630
k o r u1 p t o s,1758
k o ɾ s e1,642
k o1 ɾ s o,742
k o1 ɾ t a,17111
k o ɾ t a1 b a,749
k o ɾ t a1 d a,2906
k o ɾ t a1 d a s,1370
k o ɾ t a1 d o,6996
k o ɾ t a d o1 ɾ,498
k o ɾ t a1 d o s,853
k o ɾ t a f w e1 g o s,454
k o1 ɾ t a l a,1447
k o1 ɾ t a l e,1131
k o1 ɾ t a l o,1382
k o1 ɾ t a m e,717
k o ɾ t a1 m o s,1770
k o1 ɾ t a n,1976
k o ɾ t a1 n d o,2996
k o ɾ t a1 ɾ,15282
k o ɾ t a1 ɾ a,571
k o ɾ t a ɾ a1,940
k o ɾ t a ɾ a1 n,665
k o ɾ t a ɾ e1,2763
k o ɾ t a ɾ e1 m o s,702
k o ɾ t a ɾ i1 a,769
k o ɾ t a1 ɾ l a,1498
k o ɾ t a1 ɾ l e,3638
k o ɾ t a1 ɾ l e s,505
k o ɾ t a1 ɾ l o,2131
k o ɾ t a1 ɾ m e,2981
k o ɾ t a1 ɾ o n,3353
k o ɾ t a1 ɾ s e,1490
k o ɾ t a1 ɾ t e,3220
k o1 ɾ t a s,3729
k o ɾ t a1 s t e,1725
k o1 ɾ t a t e,815
k o1 ɾ t e,36252
k o ɾ t e1,2646
k o ɾ t e x a1 ɾ,570
k o ɾ t e1 x o,893
k o ɾ t e1 m o s,587
k o1 ɾ t e n,5975
k o1 ɾ t e s,5280
k o ɾ t e1 s,2559
k o ɾ t e s a1 n a,578
k o ɾ t e s i1 a,5199
k o ɾ t e1 s a,2437
k o ɾ t i1 n a,3117
k o ɾ t i1 n a s,4866
k o1 ɾ t o,16627
k o ɾ t o1,6407
k o ɾ t o s i ɾ k w i1 t o,694
k o1 ɾ t o s,3228
k o1 s a,290469
k o s a1 k o,623
k o s a1 k o s,516
k o1 s a s,450763
k o s e1 tʃ a,4954
k o s e tʃ a1 ɾ,748
k o s e1 tʃ a s,1387
k o s e1 ɾ,2091
k o s j e1 n d o,521
k o s i1 t a,3392
k o s i1 t a s,1194
k o s m e1 t i k o s,877
k o1 s m i k a,738
k o1 s m i k o,720
k o1 s m o,1283
k o1 s m o s,1286
k o s k i1 j a s,3310
k o s k i j e1 o,474
k o1 s t a,20640
k o s t a1 b a,1208
k o s t a1 d o,8386
k o s t a1 d o s,594
k o s t a1 n d o,1038
k o s t a1 ɾ,3525
k o s t a1 ɾ a,495
k o s t a ɾ a1,5042
k o s t a ɾ i1 a,1636
k o s t a1 ɾ l e,636
k o s t a1 ɾ m e,512
k o s t a1 ɾ o n,592
k o s t a1 ɾ t e,626
k o1 s t a s,1979
k o1 s t e,1224
k o s t e a1 ɾ,516
k o s t e1 ɾ a,1452
k o1 s t e s,591
k o s t i1 j a,1385
k o s t i1 j a s,4323
k o1 s t o,5147
k o s t o1,7665
k o1 s t o s,1586
k o s t o1 s a,862
k o s t o1 s o,1432
k o s t u1 m b ɾ e,9432
k o s t u1 m b ɾ e s,3578
k o s t u1 ɾ a,1146
k o s t u ɾ e1 ɾ a,487
k o t i d j a1 n a,657
k o1 w b o i,1319
k o w b o1 i s,482
k o j o1 t e,1526
k o j o1 t e s,843
k ɾ a1 k k,3244
k ɾ a k o1 b j a,511
k ɾ a n e a1 l,757
k ɾ a1 n e o,6009
k ɾ a1 n e o s,723
k ɾ a1 s o,892
k ɾ a1 t e ɾ,1347
k ɾ e1 a,15482
k ɾ e a s j o1 n,5538
k ɾ e a1 d a,1607
k ɾ e a1 d a s,537
k ɾ e a1 d o,8858
k ɾ e a d o1 ɾ,3569
k ɾ e a d o1 ɾ e s,642
k ɾ e a1 d o s,1317
k ɾ e1 a m e,11838
k ɾ e a1 m o s,3036
k ɾ e1 a n,5380
k ɾ e a1 n d o,3914
k ɾ e a1 m m e,527
k ɾ e1 a m m e,4568
k ɾ e a1 ɾ,17392
k ɾ e a ɾ a1,704
k ɾ e a ɾ e1 m o s,467
k ɾ e a1 ɾ l o,496
k ɾ e a1 ɾ o n,2240
k ɾ e1 a s,12836
k ɾ e a1 s t e,1148
k ɾ e a t i1 b a,1644
k ɾ e a t i b i d a1 d,1222
k ɾ e a t i1 b o,2840
k ɾ e a t i1 b o s,638
k ɾ e1 s e,6012
k ɾ e1 s e n,3691
k ɾ e s e1 ɾ,10626
k ɾ e s e ɾ a1,1181
k ɾ e1 s e s,858
k ɾ e s i1,4534
k ɾ e s i1 a,991
k ɾ e s i1 d o,6540
k ɾ e s j e1 n d o,5740
k ɾ e s j e1 n t e,1857
k ɾ e s j e1 ɾ a,494
k ɾ e s j e1 ɾ o n,1260
k ɾ e s i m j e1 n t o,4124
k ɾ e s i1 m o s,1360
k ɾ e s j o1,4133
k ɾ e s i1 s t e,1367
k ɾ e d e n s j a1 l,457
k ɾ e d e n s j a1 l e s,1510
k ɾ e d i b i l i d a1 d,1901
k ɾ e1 d i t o,15255
k ɾ e1 d i t o s,2109
k ɾ e1 d o,851
k ɾ e1 e,114901
k ɾ e e1,1635
k ɾ e e1 d,1018
k ɾ e e1 d m e,1376
k ɾ e e1 i s,3781
k ɾ e1 e l o,1731
k ɾ e1 e m e,40533
k ɾ e e1 m o s,17228
k ɾ e1 e n,40256
k ɾ e e1 n s j a,2466
k ɾ e e1 n s j a s,3562
k ɾ e e1 ɾ,93522
k ɾ e e ɾ a1,4442
k ɾ e e ɾ a1 n,2751
k ɾ e e ɾ a1 s,3261
k ɾ e e ɾ e1,1270
k ɾ e e ɾ i1 a,3600
k ɾ e e ɾ i1 a n,698
k ɾ e e ɾ i1 a s,2467
k ɾ e e1 ɾ l a,596
k ɾ e e1 ɾ l e,3154
k ɾ e e1 ɾ l o,44226
k ɾ e e1 ɾ m e,10790
k ɾ e e1 ɾ m e l o,1138
k ɾ e e1 ɾ n o s,564
k ɾ e e1 ɾ s e,708
k ɾ e e1 ɾ t e,4992
k ɾ e e1 ɾ t e l o,645
k ɾ e1 e s,253910
k ɾ e i1,58920
k ɾ e i1 a,40673
k ɾ e i1 a m o s,2962
k ɾ e i1 a n,3355
k ɾ e i1 a s,5137
k ɾ e i1 b l e,1914
k ɾ e i1 d o,6422
k ɾ e i1 m o s,2270
k ɾ e i1 s t e,5349
k ɾ e1 m a,9500
k ɾ e m a j e1 ɾ a,1056
k ɾ e m a t o1 ɾ j o,569
k ɾ e1 o,698685
k ɾ e o1,6679
k ɾ e p u1 s k u l o,1162
k ɾ e1 s t a,1154
k ɾ e t i1 n o,6256
k ɾ e t i1 n o s,1327
k ɾ e j e1 n d o,3475
k ɾ e j e1 n t e,1629
k ɾ e j e1 n t e s,1024
k ɾ e j e1 ɾ a,2213
k ɾ e j e1 ɾ a s,701
k ɾ e j e1 ɾ o n,2885
k ɾ e j o1,7631
k ɾ e1 s k a,2561
k ɾ e1 s k a n,962
k ɾ e1 s k a s,908
k ɾ i1 a,2925
k ɾ j a1 d a,4587
k ɾ j a1 d a s,678
k ɾ j a1 d o,4848
k ɾ j a1 d o s,1944
k ɾ j a1 m o s,548
k ɾ j a1 n d o,990
k ɾ j a1 n s a,793
k ɾ j a1 ɾ,4026
k ɾ j a1 ɾ l o,736
k ɾ j a1 ɾ l o s,469
k ɾ j a1 ɾ o n,1194
k ɾ i1 a s,1478
k ɾ j a1 s t e,636
k ɾ j a t u1 ɾ a,14135
k ɾ j a t u1 ɾ a s,9754
k ɾ i k k e1 d,1040
k ɾ j e1,2255
k ɾ i1 m e n,38240
k ɾ i1 m e n e s,9802
k ɾ i m i n a1 l,16252
k ɾ i m i n a1 l e s,11920
k ɾ j o1,2368
k ɾ i1 o,3364
k ɾ i1 o s,2197
k ɾ i1 p t a,1158
k ɾ i1 k e d,494
k ɾ i1 s,504
k ɾ i1 s i s,12276
k ɾ i s t a1 l,11299
k ɾ i s t a1 l e s,2633
k ɾ i s t j a1 n a,2844
k ɾ i s t j a n d a1 d,478
k ɾ i s t j a n i1 s m o,1115
k ɾ i s t j a1 n o,4674
k ɾ i s t j a1 n o s,3905
k ɾ i s t i1 n a,3418
k ɾ i1 s t o,13255
k ɾ i s t o1 b a l,658
k ɾ i t e1 ɾ j o,1971
k ɾ i1 t i k a,4769
k ɾ i t i k a1 n d o,547
k ɾ i t i k a1 ɾ,1383
k ɾ i t i k a1 ɾ m e,468
k ɾ i t i1 k a s,534
k ɾ i1 t i k a s,2201
k ɾ i1 t i k o,3986
k ɾ i1 t i k o s,1899
k ɾ o1 m o,704
k ɾ o1 n i k a,1184
k ɾ o1 n i k o,485
k ɾ o n o1 m e t ɾ o,737
k ɾ o1 s s,2693
k ɾ u1 s e,4702
k ɾ u s e1,1361
k ɾ u s e1 m o s,664
k ɾ u1 s e n,936
k ɾ u s e1 ɾ o,4272
k ɾ u s e1 ɾ o s,978
k ɾ u1 s e s,2020
k ɾ u s j a1 l,2511
k ɾ u s j a1 l e s,459
k ɾ u s i f i k a1 d o,983
k ɾ u s i f i1 x o,731
k ɾ u s i f i g s j o1 n,702
k ɾ u s i g ɾ a1 m a,661
k ɾ u s i g ɾ a1 m a s,626
k ɾ u1 d a,1416
k ɾ u1 d o,2035
k ɾ w e1 l,12984
k ɾ w e l d a1 d,2816
k ɾ w e1 l e s,2259
k ɾ u x j e1 n t e,770
k ɾ u1 s,12474
k ɾ u1 s a,3440
k ɾ u s a1 d a,2109
k ɾ u s a1 d a s,1176
k ɾ u s a1 d o,4838
k ɾ u s a1 d o s,1651
k ɾ u s a1 m o s,1690
k ɾ u1 s a n,1435
k ɾ u s a1 n d o,4712
k ɾ u s a1 ɾ,12272
k ɾ u s a ɾ e1 m o s,835
k ɾ u s a1 ɾ l a,510
k ɾ u s a1 ɾ l o,736
k ɾ u s a1 ɾ m e,459
k ɾ u s a1 ɾ o n,1235
k ɾ u s a1 ɾ s e,604
k ɾ u1 s a s,763
k ɾ u s a1 s t e,618
k ɾ u1 s o,821
k ɾ u s o1,2644
k w a d e1 ɾ n o,2692
k w a d e1 ɾ n o s,808
k w a1 d ɾ a,4075
k w a d ɾ a1 d a,864
k w a d ɾ a1 d o,1998
k w a d ɾ a1 d o s,1710
k w a d ɾ a1 n t e,2375
k w a1 d ɾ a s,3389
k w a d ɾ i l a1 t e ɾ o,973
k w a d ɾ i1 j a,1134
k w a1 d ɾ o,9568
k w a1 d ɾ o s,4854
k w a1 l,74347
k w a1 l,141594
k w a1 l e s,9839
k w a1 l e s,13985
k w a l i d a1 d,1645
k w a l i d a1 d e s,3163
k w a l i f i k a1 d o,672
k w a l k j e1 ɾ,154570
k w a l k j e1 ɾ a,45560
k w a1 n,4553
k w a1 n,11304
k w a1 n d o,1000476
k w a1 n d o,116353
k w a1 n t a,2498
k w a1 n t a,6668
k w a1 n t a s,13206
k w a1 n t a s,26388
k w a1 n t i k a,1130
k w a1 n t i k o,481
k w a1 n t o,86454
k w a1 n t o,142711
k w a1 n t o s,15755
k w a1 n t o s,40235
k w a ɾ e1 n t a,6886
k w a ɾ e n t e1 n a,3870
k w a1 ɾ t a,6150
k w a ɾ t e1 l,7776
k w a ɾ t e1 l e s,1063
k w a ɾ t e1 t o,827
k w a1 ɾ t o,81011
k w a1 ɾ t o s,6782
k w a1 t ɾ o,111322
k w a t ɾ o s j e1 n t o s,700
k u1 b a,5609
k u b a1 n a,578
k u b a1 n o,1292
k u b a1 n o s,1475
k u b e1 t a,665
k u1 b i k o s,512
k u b i1 k u l o,656
k u b j e1 ɾ t a,13009
k u b j e1 ɾ t a s,2398
k u b j e1 ɾ t o,8926
k u b j e1 ɾ t o s,2701
k u1 b o,5245
k u1 b o s,1395
k u1 b ɾ a,1295
k u1 b ɾ a n,1544
k u1 b ɾ a m m e,832
k u1 b ɾ a n s e,3423
k u1 b ɾ e,5289
k u1 b ɾ e l o,659
k u1 b ɾ e m e,2922
k u1 b ɾ e n,1163
k u1 b ɾ e n o s,662
k u1 b ɾ e s,644
k u1 b ɾ e t e,2102
k u b ɾ i1,560
k u b ɾ i1 a,710
k u b ɾ j e1 n d o,2403
k u b ɾ i1 m o s,868
k u b ɾ j o1,1068
k u b ɾ i1 ɾ,7184
k u b ɾ i ɾ a1,1294
k u b ɾ i ɾ e1,1398
k u b ɾ i ɾ e1 m o s,787
k u b ɾ i1 ɾ l a,559
k u b ɾ i1 ɾ l o,1606
k u b ɾ i1 ɾ m e,1561
k u b ɾ i1 ɾ n o s,671
k u b ɾ i1 ɾ s e,1215
k u b ɾ i1 ɾ t e,1222
k u1 b ɾ o,1625
k u k a ɾ a1 tʃ a,2090
k u k a ɾ a1 tʃ a s,2273
k u tʃ a1 ɾ a,2960
k u tʃ a ɾ a1 d a,654
k u tʃ a1 ɾ a s,869
k u tʃ i1 j a,1558
k u tʃ i1 j a s,587
k u tʃ i1 j o,21832
k u tʃ i1 j o s,4228
k u1 k o,619
k u k u1,501
k w e1 l g a,3977
k w e1 l g a n,1067
k w e1 l g a s,527
k w e1 l g o,593
k w e1 l g e,1819
k w e1 l g e n,1155
k w e1 l g e n l o,460
k w e1 l g e s,1789
k w e1 j o,29445
k w e1 j o s,875
k w e1 ɲ k o,630
k w e1 n t a,175253
k w e1 n t a l e,3783
k w e1 n t a l e s,1979
k w e1 n t a l o,1265
k w e1 n t a m e,21394
k w e1 n t a m e l o,5195
k w e1 n t a n,5315
k w e1 n t a n o s,5172
k w e1 n t a n o s l o,553
k w e1 n t a s,26156
k w e1 n t a s e l o,2087
k w e1 n t e,6944
k w e1 n t e l e,469
k w e1 n t e m e,4375
k w e1 n t e m e l o,746
k w e1 n t e n,1436
k w e1 n t e m m e,492
k w e1 n t e n o s,1590
k w e1 n t e s,4690
k w e1 n t o,21960
k w e1 n t o s,6797
k w e1 ɾ d a,12913
k w e1 ɾ d a s,5600
k w e1 ɾ d o,1511
k w e1 ɾ n o,3169
k w e1 ɾ n o s,3497
k w e1 ɾ o,5640
k w e1 ɾ p o,101126
k w e1 ɾ p o s,18283
k w e1 ɾ b o,2611
k w e1 ɾ b o s,1654
k w e1 s t a,21950
k w e1 s t a n,2759
k w e1 s t a s,747
k w e1 s t e,3566
k w e s t j o1 n,30104
k w e s t j o1 n a,730
k w e s t j o n a1 b l e,488
k w e s t j o n a1 n d o,857
k w e s t j o n a1 ɾ,1906
k w e s t j o n a1 ɾ j o,636
k w e s t j o1 n e s,3095
k w e s t j o1 n o,482
k w e1 b a,7696
k w e1 b a s,2851
k w i1 d a,13499
k w i d a1 b a,1482
k w i d a1 d,1335
k w i d a1 d o,141916
k w i d a d o1 ɾ,1114
k w i d a1 d o s,3058
k w i d a d o1 s a,1423
k w i d a d o s a m e1 n t e,3787
k w i d a d o1 s o,3887
k w i d a d o1 s o s,1446
k w i1 d a l a,1447
k w i1 d a l o,1382
k w i1 d a m e,497
k w i d a1 m o s,958
k w i1 d a n,1202
k w i d a1 n d o,5615
k w i d a1 n d o m e,482
k w i d a1 n d o t e,594
k w i d a1 ɾ,19493
k w i d a1 ɾ a,1265
k w i d a ɾ a1,2267
k w i d a ɾ a1 n,592
k w i d a ɾ a1 s,775
k w i d a ɾ e1,4248
k w i d a ɾ e1 m o s,1433
k w i d a ɾ i1 a,1011
k w i d a1 ɾ l a,2863
k w i d a1 ɾ l e,591
k w i d a1 ɾ l o,2897
k w i d a1 ɾ l o s,1166
k w i d a1 ɾ m e,5041
k w i d a1 ɾ n o s,1484
k w i d a1 ɾ s e,3682
k w i d a1 ɾ t e,5468
k w i1 d a s,1612
k w i1 d a t e,24338
k w i1 d e,4742
k w i d e1,713
k w i1 d e n,1629
k w i1 d e n s e,2803
k w i1 d e s,1561
k w i1 d e s e,3742
k w i1 d o,2620
k w i d o1,1189
k u l a1 t a,855
k u l e1 b ɾ a,465
k u l i1 t o,1037
k u1 l o,47948
k u1 l o s,2828
k u1 l p a,94660
k u l p a b i l i d a1 d,2571
k u l p a1 b l e,29559
k u l p a1 b l e s,4418
k u l p a1 d o,560
k u1 l p a n,876
k u l p a1 n d o,908
k u l p a1 ɾ,4588
k u l p a1 ɾ l a,946
k u l p a1 ɾ l e,470
k u l p a1 ɾ l o,1042
k u l p a1 ɾ l o s,688
k u l p a1 ɾ m e,2505
k u l p a1 ɾ s e,490
k u l p a1 ɾ t e,2542
k u1 l p a s,1998
k u1 l p e,746
k u1 l p e n,456
k u1 l p e s,2251
k u1 l p o,5207
k u l p o1,551
k u1 l t a,462
k u l t i b a1 ɾ,1710
k u l t i1 b o,1637
k u l t i1 b o s,1419
k u1 l t o,3119
k u l t u1 ɾ a,8769
k u l t u ɾ a1 l,2578
k u l t u ɾ a1 l e s,668
k u l t u1 ɾ a s,2019
k u1 m b ɾ e,2322
k u1 m b ɾ e s,476
k u1 m p l a,2476
k u1 m p l a n,839
k u1 m p l a s,1237
k u1 m p l e,4684
k u m p l e a1 j o s,43887
k u1 m p l e n,1428
k u1 m p l e s,1114
k u m p l i1,2225
k u m p l i1 a,767
k u m p l i1 d a,1548
k u m p l i1 d o,7909
k u m p l i1 d o s,1405
k u m p l j e1 n d o,2269
k u m p l i m j e1 n t o,930
k u m p l i1 m o s,946
k u m p l j o1,2713
k u m p l i1 ɾ,13619
k u m p l i ɾ a1,1217
k u m p l i ɾ e1,1290
k u m p l i1 ɾ l a,674
k u m p l i1 ɾ l o,552
k u m p l i1 ɾ s e,605
k u m p l i1 s t e,752
k u1 m p l o,2157
k u1 n a,3819
k u1 n d a,830
k u n e1 t a,681
k u j a1 d a,2600
k u j a1 d o,3883
k w o1 t a,2030
k w o1 t a s,921
k u p i1 d o,1044
k u p o1 n,663
k u p o1 n e s,1304
k u1 p u l a,1118
k u1 ɾ a,17164
k u ɾ a s j o1 n,1138
k u ɾ a1 d a,1024
k u ɾ a1 d o,3228
k u1 ɾ a n,462
k u ɾ a n d e1 ɾ o,675
k u ɾ a1 n d o,695
k u ɾ a1 ɾ,5498
k u ɾ a ɾ a1,1023
k u ɾ a1 ɾ l a,1070
k u ɾ a1 ɾ l e,574
k u ɾ a1 ɾ l o,1667
k u ɾ a1 ɾ m e,1979
k u ɾ a1 ɾ s e,2033
k u ɾ a1 ɾ t e,1968
k u1 ɾ a s,2013
k u1 ɾ e,1117
k u ɾ j o1 s a,2571
k u ɾ j o s a m e1 n t e,883
k u ɾ j o s i d a1 d,13299
k u ɾ j o1 s o,13295
k u ɾ j o1 s o s,1039
k u ɾ o1,1262
k u r i1 k u l u m,1454
k u1 r o,582
k u1 r i,1285
k u1 ɾ s i,1577
k u1 ɾ s o,16818
k u1 ɾ s o s,1480
k u1 ɾ b a,4352
k u1 ɾ b a s,1713
k u s t o1 d j a,9303
k u s t o1 d j o,844
k u1 t i s,454
k u d t e1 ɾ,1041
k u1 j a,5638
k u1 j a s,1498
k u1 j o,7054
k u1 j o s,2173
d a1,151016
d a1 b a,13473
d a1 b a m o s,583
d a1 b a n,3151
d a1 b a s,987
d a k t i l a1 ɾ,453
d a k t i l a1 ɾ e s,1513
d a1 d,1755
d a1 d a,4074
d a1 d a s,2295
d a1 d l e,2258
d a1 d m e,3496
d a1 d n o s,561
d a1 d o,73263
d a1 d o s,4324
d a1 g a,2986
d a1 g a s,817
d a1 i s,1532
d a1 l a i,530
d a1 l e,88600
d a1 l e s,7459
d a1 l j a,512
d a1 l o,1481
d a1 m a,24664
d a1 m a s,29413
d a m a1 s k o,952
d a1 m e,216808
d a1 m e l a,12316
d a1 m e l a s,2241
d a1 m e l o,24330
d a1 m e l o s,1967
d a m i s e1 l a,505
d a1 m o s,11743
d a1 n,53797
d a1 n d o,27257
d a1 n d o l e,7184
d a1 n d o l e s,1378
d a1 n d o m e,2887
d a1 n d o n o s,984
d a1 n d o s e,1018
d a1 n d o t e,1761
d a1 n d i,777
d a n e1 s,874
d a1 n i,915
d a n j e1 l,18158
d a1 n o s,11827
d a1 n o s l o,671
d a1 n s a,4636
d a1 j a,778
d a j a1 d a,1710
d a j a1 d a s,508
d a j a1 d o,3542
d a j a1 d o s,893
d a j a1 ɾ,2435
d a j a1 ɾ t e,594
d a1 j o,57239
d a j o1,1007
d a1 j o s,9689
d a1 o s,3650
d a1 ɾ,100203
d a ɾ a1,22585
d a ɾ a1 n,8412
d a ɾ a1 s,5809
d a1 ɾ d o,1258
d a1 ɾ d o s,1528
d a ɾ e1,42361
d a ɾ e1 m o s,9092
d a ɾ i1 a,15766
d a ɾ i1 a m o s,459
d a ɾ i1 a n,2050
d a ɾ i1 a s,2577
d a1 ɾ l a,1984
d a1 ɾ l e,106408
d a1 ɾ l e s,24041
d a1 ɾ l o,2084
d a1 ɾ m e,60679
d a1 ɾ m e l a,1174
d a1 ɾ m e l o,1779
d a1 ɾ n o s,20974
d a1 ɾ o s,3045
d a1 ɾ s e,11354
d a1 ɾ s e l a,4150
d a1 ɾ s e l a s,1219
d a1 ɾ s e l o,7752
d a1 ɾ s e l o s,1291
d a1 ɾ t e,63262
d a1 ɾ t e l a,1443
d a1 ɾ t e l o,2992
d a1 ɾ t e l o s,465
d a1 s,46605
d a1 s e l a,2563
d a1 s e l a s,795
d a1 s e l o,5698
d a1 s e l o s,708
d a1 t a,3794
d a1 t e,21174
d a1 t o,2135
d a1 t o s,21707
d e1,15232279
d e1,22452
d e a m b u l a1 n d o,583
d e1 b a,10207
d e b a1 x o,33037
d e b a1 m o s,5529
d e1 b a n,1042
d e1 b a s,4314
d e b a1 t e,4443
d e b a1 t e s,685
d e b a t i1 ɾ,741
d e1 b e,248676
d e b e1 i s,3851
d e b e1 m o s,117508
d e1 b e n,62791
d e b e1 ɾ,20101
d e b e ɾ a1,6158
d e b e ɾ a1 n,2873
d e b e ɾ a1 s,3236
d e b e ɾ e1,1415
d e b e ɾ e1 m o s,1432
d e b e1 ɾ e s,6077
d e b e ɾ i1 a,172209
d e b e ɾ i1 a i s,2581
d e b e ɾ i1 a m o s,67030
d e b e ɾ i1 a n,27302
d e b e ɾ i1 a s,101771
d e1 b e s,138509
d e b i1,25085
d e b i1 a,30282
d e b i1 a m o s,3822
d e b i1 a n,3931
d e b i1 a s,5027
d e b i1 d a,836
d e b i d a m e1 n t e,1071
d e b i1 d o,28050
d e b j e1 ɾ a,2567
d e b j e1 ɾ a s,969
d e b j e1 ɾ o n,4279
d e1 b i l,18665
d e1 b i l e s,6104
d e b i l i d a1 d,7418
d e b i l i d a1 d e s,1511
d e b i l i1 t a,826
d e b i l i t a1 d o,619
d e b i l u1 tʃ o,712
d e b i1 m o s,4836
d e b j o1,21283
d e b i1 s t e,13141
d e1 b o,179950
d e b u1 d,1091
d e1 k a d a,3055
d e1 k a d a s,2879
d e k a d e1 n s j a,1127
d e k a d e1 n t e,630
d e k a1 n o,2451
d e k a p i t a1 d o,823
d e s e1 n a s,1620
d e s e1 n s j a,2306
d e s e1 n t e,10043
d e s e1 n t e s,1564
d e s e p s j o1 n,2836
d e s e p s j o1 n a,715
d e s e p s j o n a1 d a,1488
d e s e p s j o n a1 d o,5468
d e s e p s j o n a1 d o s,472
d e s e p s j o n a1 n t e,1389
d e s e p s j o n a1 ɾ,988
d e s e p s j o n a ɾ e1,477
d e s e p s j o n a1 ɾ l o,598
d e s e p s j o n a1 ɾ m e,456
d e s e p s j o n a1 ɾ t e,2032
d e s e p s j o1 n a s,724
d e s e p s j o n e1,523
d e s e p s j o1 n e s,1118
d e s i1,7485
d e s i1 a,39827
d e s i1 a m o s,928
d e s i1 a n,6611
d e s i1 a s,6636
d e s i1 d a,4250
d e s i d a1 m o s,551
d e s i1 d a n,1418
d e s i1 d a s,1641
d e s i1 d a s e,601
d e s i1 d e,8824
d e s i1 d e n,1930
d e s i1 d e s,4585
d e s i1 d e t e,1468
d e s i d i1,12313
d e s i d i1 d a,1665
d e s i d i d a m e1 n t e,570
d e s i d i1 d o,24114
d e s i d i1 d o s,715
d e s i d j e1 n d o,744
d e s i d j e1 ɾ a,725
d e s i d j e1 ɾ o n,3670
d e s i d i1 m o s,6489
d e s i d j o1,11452
d e s i d i1 ɾ,13431
d e s i d i ɾ a1,1727
d e s i d i ɾ a1 n,488
d e s i d i ɾ e1,1017
d e s i d i ɾ e1 m o s,670
d e s i d i1 ɾ l o,2429
d e s i d i1 ɾ m e,1060
d e s i d i1 ɾ s e,1530
d e s i d i1 ɾ t e,1146
d e s i d i1 s t e,3680
d e s i1 d l e,1840
d e s i1 d m e,2784
d e s i1 d m e l o,639
d e s i1 d o,3115
d e s i1 d s e l o,500
d e1 s i m a,1159
d e1 s i m o,1640
d e s i1 m o s,8676
d e s i1 ɾ,481889
d e s i1 ɾ l a,808
d e s i1 ɾ l a s,652
d e s i1 ɾ l e,116671
d e s i1 ɾ l e s,32895
d e s i1 ɾ l o,58441
d e s i1 ɾ m e,91248
d e s i1 ɾ m e l o,21218
d e s i1 ɾ n o s,20545
d e s i1 ɾ n o s l o,2061
d e s i1 ɾ o s,3810
d e s i1 ɾ s e,5274
d e s i1 ɾ s e l o,43655
d e s i1 ɾ s e l o s,930
d e s i1 ɾ t e,118102
d e s i1 ɾ t e l o,34910
d e s i1 s,2860
d e s i s j o1 n,42793
d e s i s j o1 n e s,12710
d e s i s i1 b a,587
d e s i s i1 b o,1229
d e k l a1 ɾ a,2602
d e k l a ɾ a s j o1 n,15897
d e k l a ɾ a s j o1 n e s,3816
d e k l a ɾ a1 d a,581
d e k l a ɾ a1 d o,3897
d e k l a ɾ a1 m o s,576
d e k l a1 ɾ a n,622
d e k l a ɾ a1 n d o,579
d e k l a ɾ a1 ɾ,4373
d e k l a ɾ a ɾ a1,522
d e k l a ɾ a1 ɾ m e,498
d e k l a ɾ a1 ɾ o n,801
d e k l a ɾ a1 ɾ s e,904
d e k l a1 ɾ e,985
d e k l a1 ɾ o,3690
d e k l a ɾ o1,3016
d e k o ɾ a s j o1 n,1922
d e k o ɾ a1 d o,1692
d e k o ɾ a d o1 ɾ,661
d e k o ɾ a1 d o s,636
d e k o ɾ a1 ɾ,877
d e k o1 ɾ o,568
d e k ɾ e1 t o,1489
d e d i1 k a,4535
d e d i k a1 b a,827
d e d i k a s j o1 n,1780
d e d i k a1 d a,1766
d e d i k a1 d o,4015
d e d i k a1 d o s,551
d e d i k a1 m o s,952
d e d i1 k a n,928
d e d i k a1 ɾ,1443
d e d i k a ɾ e1,571
d e d i k a1 ɾ l e,900
d e d i k a1 ɾ m e,1736
d e d i k a1 ɾ s e,1742
d e d i k a1 ɾ t e,1146
d e d i1 k a s,3295
d e d i1 k a t e,649
d e d i1 k o,2593
d e d i k o1,1042
d e d i k e1,748
d e1 d o,20290
d e1 d o s,22371
d e d u k s j o1 n,679
d e d u s i1 ɾ,1262
d e d u1 s k o,650
d e f e1 k t o,2951
d e f e1 k t o s,3018
d e f e k t w o1 s a,626
d e f e k t w o1 s o,786
d e f e n d e1 m o s,489
d e f e n d e1 ɾ,7848
d e f e n d e ɾ e1,616
d e f e n d e1 ɾ l a,1068
d e f e n d e1 ɾ l o,1446
d e f e n d e1 ɾ m e,3618
d e f e n d e1 ɾ n o s,2570
d e f e n d e1 ɾ s e,5683
d e f e n d e1 ɾ t e,2052
d e f e n d i1,634
d e f e n d i1 d o,1372
d e f e n d j e1 n d o,2242
d e f e n d j o1,1013
d e f e1 n s a,27765
d e f e1 n s a s,2745
d e f e n s i1 b a,2039
d e f e n s i1 b o,540
d e f e n s o1 ɾ,2931
d e f e n s o1 ɾ e s,994
d e f i s j e1 n s j a,705
d e f i s j e1 n t e,512
d e1 f i s i d,924
d e f j e1 n d a,745
d e f j e1 n d a n,513
d e f j e1 n d e,2049
d e f j e1 n d e n,639
d e f j e1 n d e s,1087
d e f j e1 n d e t e,807
d e f j e1 n d o,818
d e f i1 n e,2350
d e f i n i s j o1 n,3003
d e f i n i1 d o,844
d e f i n i1 ɾ,1225
d e f i n i t i1 b a,2483
d e f i n i t i b a m e1 n t e,25010
d e f i n i t i1 b o,2079
d e f o1 ɾ m e,754
d e f ɾ a u1 d a d o,755
d e f ɾ a u1 d a ɾ,475
d e f u n s j o1 n,1102
d e x e n e ɾ a1 d o,1526
d e x e n e ɾ a1 d o s,664
d e g ɾ a d a s j o1 n,704
d e g ɾ a d a1 d o,532
d e g ɾ a d a1 n t e,579
d e1 i s,566
d e1 x a,134891
d e x a1 b a,6074
d e x a1 b a n,1720
d e x a1 b a s,622
d e x a1 d,4527
d e x a1 d a,555
d e x a1 d l a,1075
d e x a1 d l e,1967
d e x a1 d l o,2601
d e x a1 d m e,10112
d e x a1 d o,44367
d e x a1 i s,862
d e1 x a l a,21440
d e1 x a l a s,1745
d e1 x a l e,7650
d e1 x a l e s,1239
d e1 x a l o,57988
d e1 x a l o s,5879
d e1 x a m e,242759
d e1 x a m e l a,604
d e1 x a m e l o,5026
d e x a1 m o s,15345
d e1 x a n,16241
d e x a1 n d o,11340
d e x a1 n d o l a,516
d e x a1 n d o l e,486
d e x a1 n d o l o,1028
d e x a1 n d o m e,1461
d e x a1 n d o n o s,570
d e x a1 n d o t e,935
d e1 x a n o s,10390
d e x a1 ɾ,123390
d e x a1 ɾ a,7509
d e x a ɾ a1,10785
d e x a1 ɾ a m o s,455
d e x a1 ɾ a n,2628
d e x a ɾ a1 n,5651
d e x a1 ɾ a s,4150
d e x a ɾ a1 s,6195
d e x a ɾ e1,30583
d e x a ɾ e1 m o s,7640
d e x a ɾ i1 a,9200
d e x a ɾ i1 a n,1528
d e x a ɾ i1 a s,2542
d e x a1 ɾ l a,17166
d e x a1 ɾ l a s,2348
d e x a1 ɾ l e,11059
d e x a1 ɾ l e s,2841
d e x a1 ɾ l o,42286
d e x a1 ɾ l o s,8913
d e x a1 ɾ m e,30365
d e x a1 ɾ n o s,8775
d e x a1 ɾ o n,15081
d e x a1 ɾ o s,1218
d e x a1 ɾ s e,2941
d e x a1 ɾ s e l o,990
d e x a1 ɾ t e,26861
d e1 x a s,27274
d e x a1 s e,880
d e1 x a s e l o,906
d e x a1 s t e,23004
d e1 x a t e,9391
d e1 x e,40794
d e x e1,32455
d e x e1 i s,1520
d e1 x e l a,3662
d e1 x e l e,1470
d e1 x e l o,9636
d e1 x e l o s,1440
d e1 x e m e,53175
d e1 x e m e l o,1512
d e x e1 m o n o s,1125
d e x e1 m o s,9356
d e x e1 m o s l e,601
d e x e1 m o s l o,4723
d e1 x e n,21612
d e1 x e n l a,2551
d e1 x e n l e,671
d e1 x e n l o,7805
d e1 x e n l o s,1762
d e1 x e m m e,29525
d e1 x e m m e l o,556
d e1 x e n n o s,2839
d e1 x e n o s,5249
d e1 x e n s e,631
d e1 x e s,34071
d e1 x e s e,1917
d e1 x o,30037
d e x o1,55840
d e1 l,3533213
d e l a n t a1 l,1157
d e l a1 n t e,38967
d e l a n t e1 ɾ a,3263
d e l a n t e1 ɾ o,1635
d e l a n t e1 ɾ o s,453
d e l a1 t a,536
d e l a t a1 d o,522
d e l a t a1 ɾ,865
d e l a t a1 ɾ m e,540
d e l a t o1,1247
d e1 l e,3262
d e l e g a s j o1 n,1804
d e l e g a1 d o,1576
d e l e g a1 d o s,1303
d e l e1 i t e,705
d e l e t ɾ e1 a,770
d e l e t ɾ e a1 ɾ,952
d e l e t ɾ e a1 ɾ l o,506
d e l f i1 n,1604
d e l f i1 n e s,2084
d e l g a1 d a,3100
d e l g a1 d a s,692
d e l g a1 d o,4474
d e l g a1 d o s,656
d e1 l i,1711
d e1 l j a,1340
d e l i b e ɾ a d a m e1 n t e,2267
d e l i b e ɾ a1 d o,524
d e l i k a1 d a,3859
d e l i k a d a m e1 n t e,552
d e l i k a1 d a s,776
d e l i k a d e1 s a,1486
d e l i k a1 d o,5272
d e l i k a1 d o s,995
d e l i1 s j a,1277
d e l i1 s j a s,553
d e l i s j o1 s a,3797
d e l i s j o1 s a s,1163
d e l i s j o1 s o,9429
d e l i s j o1 s o s,1423
d e l i ɲ k w e1 n s j a,765
d e l i ɲ k w e1 n t e,3515
d e l i ɲ k w e1 n t e s,3281
d e l i ɾ a1 n d o,1318
d e l i ɾ a1 n t e,589
d e l i1 ɾ j o,1136
d e l i1 ɾ j o s,1024
d e l i1 t o,8920
d e l i1 t o s,3342
d e1 l t a,4802
d e m a1 n d a,7806
d e m a n d a1 d o,853
d e m a1 n d a m e,602
d e m a1 n d a n,475
d e m a n d a1 n d o,651
d e m a n d a1 n t e,1161
d e m a n d a1 ɾ,2141
d e m a n d a ɾ e1,710
d e m a n d a1 ɾ l o,515
d e m a n d a1 ɾ l o s,584
d e m a n d a1 ɾ m e,670
d e m a n d a1 ɾ t e,660
d e m a1 n d a s,3075
d e m a1 n d o,631
d e m a n d o1,524
d e m a1 s,67681
d e m a s j a1 d a,9899
d e m a s j a1 d a s,7567
d e m a s j a1 d o,197209
d e m a s j a1 d o s,8215
d e1 m e,11915
d e1 m e l a,2134
d e1 m e l a s,460
d e1 m e l o,3351
d e m e1 n s j a,1612
d e m e1 n t e,3884
d e m e1 n t e s,887
d e m e n t o1 ɾ e s,543
d e1 m o,1125
d e m o k ɾ a1 s j a,5414
d e m o1 k ɾ a t a,1540
d e m o1 k ɾ a t a s,1397
d e m o k ɾ a1 t i k a,673
d e m o k ɾ a1 t i k o,898
d e m o l e1 ɾ,613
d e m o l i s j o1 n,1203
d e m o n i1 a k a,456
d e m o1 n j o,21303
d e m o1 n j o s,78063
d e1 m o n o s,1720
d e m o1 ɾ a,3265
d e m o ɾ a1 d o,681
d e m o ɾ a1 n d o,538
d e m o ɾ a1 ɾ,941
d e m o ɾ a ɾ a1,627
d e m o1 ɾ a s,551
d e m o ɾ o1,530
d e1 m o s,5134
d e1 m o s l e,4991
d e1 m o s l e s,886
d e m o s t ɾ a s j o1 n,4131
d e m o s t ɾ a1 d o,4175
d e m o s t ɾ a1 n d o,730
d e m o s t ɾ a1 ɾ,10311
d e m o s t ɾ a ɾ a1,666
d e m o s t ɾ a ɾ e1,1768
d e m o s t ɾ a1 ɾ l e,2763
d e m o s t ɾ a1 ɾ l e s,978
d e m o s t ɾ a1 ɾ l o,4459
d e m o s t ɾ a1 ɾ m e,904
d e m o s t ɾ a1 ɾ o n,461
d e m o s t ɾ a1 ɾ s e l o,891
d e m o s t ɾ a1 ɾ t e,1542
d e m o s t ɾ a1 ɾ t e l o,909
d e m o s t ɾ a1 s t e,482
d e m o s t ɾ o1,1692
d e m w e1 s t ɾ a,6156
d e m w e1 s t ɾ a l e,523
d e m w e1 s t ɾ a l o,1481
d e m w e1 s t ɾ a m e,642
d e m w e1 s t ɾ a m e l o,880
d e m w e1 s t ɾ a n,1330
d e m w e1 s t ɾ a s,603
d e m w e1 s t ɾ e,1256
d e1 n,16808
d e n e g a1 d a,1512
d e n e g a1 d o,1160
d e1 n l e,8242
d e1 n l e s,1258
d e1 m m e,9358
d e1 n o s,1185
d e1 n s a,808
d e1 n s e,4602
d e n s i d a1 d,1197
d e1 n s o,928
d e n t a d u1 ɾ a,1061
d e n t a1 l,2745
d e n t a1 l e s,826
d e n t i1 s t a,5572
d e n t i1 s t a s,452
d e1 n t ɾ o,152509
d e n u1 n s j a,3314
d e n u n s j a1 d o,873
d e n u n s j a1 ɾ,1736
d e n u n s j a ɾ e1,569
d e n u n s j a1 ɾ l o,1256
d e n u n s j a1 ɾ m e,554
d e n u n s j a1 ɾ t e,494
d e n u1 n s j a s,796
d e n u n s j o1,1057
d e p a1 ɾ a,550
d e p a ɾ t a m e1 n t o,38860
d e p a ɾ t a m e1 n t o s,1713
d e p e1 n d e,27201
d e p e n d e1 m o s,580
d e p e1 n d e n,1763
d e p e n d e1 n s j a,652
d e p e n d e1 ɾ,1715
d e p e n d e ɾ a1,858
d e p e n d i1 a,772
d e p e n d j e1 n d o,1820
d e p e n d j e1 n t e,1001
d e p e n d j e1 ɾ a,794
d e p e1 n d o,619
d e p l o ɾ a1 b l e,510
d e p o1 ɾ t e,6593
d e p o1 ɾ t e s,5802
d e p o ɾ t i1 s t a,953
d e p o ɾ t i1 s t a s,632
d e p o ɾ t i1 b a,1023
d e p o ɾ t i1 b a s,603
d e p o ɾ t i1 b o,2666
d e p o ɾ t i1 b o s,1095
d e p o s i t a1 d o,452
d e p o s i t a1 ɾ,666
d e p o s i1 t o,924
d e p o1 s i t o,9498
d e p o1 s i t o s,1936
d e p ɾ a b a1 d o,659
d e p ɾ e d a d o1 ɾ,1126
d e p ɾ e d a d o1 ɾ e s,1098
d e p ɾ e s j o1 n,4641
d e p ɾ e s i1 b o,547
d e p ɾ i1 m e,837
d e p ɾ i m e1 n t e,2897
d e p ɾ i m i1 d a,2152
d e p ɾ i m i1 d o,4260
d e p ɾ i1 s a,21435
d e1 ɾ b i,1083
d e ɾ e1 tʃ a,43978
d e ɾ e1 tʃ a s,516
d e ɾ e tʃ a1 s o,476
d e ɾ e1 tʃ o,65126
d e ɾ e1 tʃ o s,17476
d e ɾ i1 b a,2257
d e ɾ i b a1 d o,467
d e r a1 m a,628
d e r a m a1 d a,794
d e r a m a1 d o,946
d e r a m a m j e1 n t o,978
d e r a m a1 ɾ,1435
d e r a1 m e,1708
d e r a m o1,896
d e r e t i1 d o,938
d e r e t i1 ɾ,536
d e r e t i1 ɾ s e,574
d e r i1 b a,623
d e r i b a1 d o,1501
d e r i1 b a l o,474
d e r i b a1 ɾ,2906
d e r i b a1 ɾ l o,1114
d e r i b a1 ɾ l o s,452
d e r i b a1 ɾ o n,693
d e r i b o1,861
d e r i1 t e,1077
d e r i t j e1 n d o,639
d e r o k a1 ɾ,821
d e r o1 t a,4897
d e r o t a1 d o,2924
d e r o t a1 d o s,886
d e r o t a1 ɾ,3405
d e r o t a1 ɾ l o,1116
d e r o t a1 ɾ l o s,862
d e r o t a1 ɾ m e,582
d e r o1 t a s,548
d e r o t o1,748
d e r u1 m b a,792
d e r u m b a1 ɾ,528
d e r u m b a1 ɾ s e,764
d e r u1 m b e,862
d e r u m b o1,829
d e1 s,17726
d e s a k a1 t o,923
d e s a k t i b a1 d o,903
d e s a k t i b a1 ɾ,1470
d e s a k t i b a1 ɾ l a,466
d e s a k t i b a1 ɾ l o,566
d e s a k w e1 ɾ d o,2099
d e s a f i1 a,845
d e s a f j a1 d o,507
d e s a f j a1 n d o,795
d e s a f j a1 n t e,767
d e s a f j a1 ɾ,1549
d e s a f j a1 ɾ m e,836
d e s a f j o1,730
d e s a f i1 o,7044
d e s a f i1 o s,1217
d e s a f o ɾ t u n a1 d a,953
d e s a f o ɾ t u n a d a m e1 n t e,8250
d e s a f o ɾ t u n a1 d o,2899
d e s a f o ɾ t u n a1 d o s,547
d e s a g ɾ a1 d a,589
d e s a g ɾ a d a1 b l e,10640
d e s a g ɾ a d a1 b l e s,1961
d e s a g ɾ a d e s i1 d a,522
d e s a g ɾ a d e s i1 d o,810
d e s a1 g w e,1306
d e s a o g a1 ɾ m e,492
d e s a o g a1 ɾ s e,540
d e s a o1 g a t e,484
d e s a l m a1 d o,469
d e s a l o1 x e n,461
d e s a l o1 x o,490
d e s a m p a ɾ a1 d o s,568
d e s a ɲ g ɾ a1 d o,460
d e s a ɲ g ɾ a1 n d o,467
d e s a p a ɾ e1 s e,7658
d e s a p a ɾ e1 s e n,2356
d e s a p a ɾ e s e1 ɾ,11322
d e s a p a ɾ e s e ɾ a1,2277
d e s a p a ɾ e s e ɾ a1 n,815
d e s a p a ɾ e s e ɾ i1 a,476
d e s a p a ɾ e1 s e s,885
d e s a p a ɾ e s i1 a,511
d e s a p a ɾ e s i1 d a,3775
d e s a p a ɾ e s i1 d a s,1634
d e s a p a ɾ e s i1 d o,19160
d e s a p a ɾ e s i1 d o s,2655
d e s a p a ɾ e s j e1 n d o,1375
d e s a p a ɾ e s j e1 ɾ a,1280
d e s a p a ɾ e s j e1 ɾ o n,3919
d e s a p a ɾ e s j o1,18448
d e s a p a ɾ e s i1 s t e,1469
d e s a p a ɾ e1 s k a,2690
d e s a p a ɾ e1 s k a n,901
d e s a p a ɾ e1 s k a s,484
d e s a p a ɾ e1 s k o,529
d e s a p a ɾ i s j o1 n,4325
d e s a p a ɾ i s j o1 n e s,614
d e s a p e ɾ s i b i1 d o,1016
d e s a ɾ m a1 d o,1996
d e s a ɾ m a1 d o s,643
d e s a ɾ m a1 ɾ,956
d e s a1 ɾ m e,455
d e s a r o1 j a,1187
d e s a r o j a1 d a,533
d e s a r o j a1 d o,2776
d e s a r o1 j a n,734
d e s a r o j a1 n d o,1263
d e s a r o j a1 ɾ,2984
d e s a r o j a1 ɾ o n,755
d e s a r o j a1 ɾ s e,724
d e s a r o1 j o,6171
d e s a r o j o1,1254
d e s a1 s t ɾ e,22334
d e s a1 s t ɾ e s,1514
d e s a s t ɾ o1 s o,895
d e s a1 t a,623
d e s a t a1 d o,546
d e s a1 t a m e,1361
d e s a t a1 ɾ,628
d e s a t o1,526
d e s a j u1 n a,517
d e s a j u n a1 d o,882
d e s a j u n a1 n d o,633
d e s a j u n a1 ɾ,7206
d e s a j u1 n o,18291
d e s k a b e j a1 d o,674
d e s k a f e i1 n a d o,1043
d e s k a1 l s a,553
d e s k a1 l s o,614
d e s k a1 n s a,8391
d e s k a n s a1 d o,913
d e s k a1 n s a n,733
d e s k a n s a1 n d o,3171
d e s k a n s a1 ɾ,19331
d e s k a n s a ɾ e1,818
d e s k a n s a ɾ e1 m o s,639
d e s k a1 n s a s,681
d e s k a1 n s e,5193
d e s k a n s e1 m o s,520
d e s k a1 n s e n,3111
d e s k a1 n s e s,927
d e s k a1 n s o,20652
d e s k a p o t a1 b l e,768
d e s k a ɾ a1 d a,853
d e s k a ɾ a d a m e1 n t e,550
d e s k a ɾ a1 d o,1304
d e s k a1 ɾ g a,3571
d e s k a ɾ g a1 d o,1236
d e s k a ɾ g a1 n d o,700
d e s k a ɾ g a1 ɾ,2049
d e s k a1 ɾ g a s,973
d e s k a1 ɾ o,1110
d e s k a1 ɾ t a,674
d e s k a ɾ t a1 d o,1099
d e s k a ɾ t a1 ɾ,1538
d e s s e n d e1 n s j a,840
d e s s e n d e1 ɾ,1257
d e s s e n d j e1 n d o,857
d e s s e n d j e1 n t e,1558
d e s s e n d j e1 n t e s,1225
d e s s e1 n s o,2233
d e s s j e1 n d e,1341
d e s s i f ɾ a1 d o,614
d e s s i f ɾ a1 ɾ,2659
d e s s i f ɾ a1 ɾ l o,1212
d e s k o m p o s i s j o1 n,1144
d e s k o m p w e1 s t o,756
d e s k o m p u1 s o,719
d e s k o n s e ɾ t a1 d o,733
d e s k o n s e ɾ t a1 n t e,892
d e s k o n e1 k t a,572
d e s k o n e k t a1 d o,1620
d e s k o n e k t a1 ɾ,1288
d e s k o m f j a1 d o,541
d e s k o m f j a1 n s a,905
d e s k o n o1 s e,718
d e s k o n o s i1 d a,4139
d e s k o n o s i1 d a s,1137
d e s k o n o s i1 d o,9289
d e s k o n o s i1 d o s,3597
d e s k o n o1 s k o,717
d e s k o n s i d e ɾ a1 d o,581
d e s k o n t a m i n a s j o1 n,492
d e s k o n t e1 n t o,997
d e s k o n t ɾ o l a1 d o,608
d e s k o ɾ t e1 s,1562
d e s k ɾ i1 b a,657
d e s k ɾ i1 b e,2550
d e s k ɾ i1 b e n,679
d e s k ɾ i b j e1 n d o,505
d e s k ɾ i b j o1,1390
d e s k ɾ i b i1 ɾ,3555
d e s k ɾ i b i ɾ i1 a,691
d e s k ɾ i b i1 ɾ l a,628
d e s k ɾ i b i1 ɾ l o,2459
d e s k ɾ i p s j o1 n,5782
d e s k ɾ i p s j o1 n e s,553
d e s k ɾ i1 t o,1015
d e s k u b j e1 ɾ t a,1158
d e s k u b j e1 ɾ t o,12886
d e s k u b j e1 ɾ t o s,793
d e s k u1 b ɾ a,2842
d e s k u b ɾ a1 m o s,651
d e s k u1 b ɾ a n,1642
d e s k u1 b ɾ a s,760
d e s k u1 b ɾ e,4441
d e s k u1 b ɾ e n,2192
d e s k u1 b ɾ e s,1200
d e s k u b ɾ i1,8251
d e s k u b ɾ j e1 n d o,842
d e s k u b ɾ j e1 ɾ a,863
d e s k u b ɾ j e1 ɾ o n,3720
d e s k u b ɾ i m j e1 n t o,5175
d e s k u b ɾ i m j e1 n t o s,1294
d e s k u b ɾ i1 m o s,4011
d e s k u b ɾ j o1,8926
d e s k u b ɾ i1 ɾ,17217
d e s k u b ɾ i ɾ a1,1259
d e s k u b ɾ i ɾ a1 n,1121
d e s k u b ɾ i ɾ a1 s,1062
d e s k u b ɾ i ɾ e1,777
d e s k u b ɾ i ɾ e1 m o s,1134
d e s k u b ɾ i1 ɾ l o,4677
d e s k u b ɾ i1 s t e,2330
d e s k u1 b ɾ o,1383
d e s k w e1 n t o,3435
d e s k w e1 n t o s,486
d e s k w i1 d a,4853
d e s k w i d a1 d a,763
d e s k w i d a1 d o,2435
d e s k w i d a1 d o s,460
d e s k w i1 d e,1417
d e s k w i1 d o,1131
d e1 s d e,325391
d e s d e1 n,494
d e s d i1 tʃ a,464
d e s d i tʃ a1 d a,640
d e s d i tʃ a1 d o,918
d e1 s e,2636
d e s e1 a,25740
d e s e a1 b a,5691
d e s e a1 b a n,459
d e s e a1 b a s,809
d e s e a1 b l e,689
d e s e a1 d a,488
d e s e a1 d o,3796
d e s e1 a m e,1936
d e s e a1 m o s,3129
d e s e1 a n,5754
d e s e a1 n d o,5280
d e s e a1 ɾ,3874
d e s e a1 ɾ a,496
d e s e a ɾ a1 s,563
d e s e a ɾ i1 a,15030
d e s e a ɾ i1 a s,713
d e s e a1 ɾ l e,1248
d e s e a1 ɾ l e s,622
d e s e a1 ɾ l o,847
d e s e a1 ɾ m e,568
d e s e a1 ɾ t e,1769
d e s e1 a s,10285
d e s e a1 s t e,542
d e s e1 tʃ o,599
d e s e1 tʃ o s,1467
d e s e1 e,4589
d e s e e1,1024
d e s e1 e n,889
d e s e1 e s,2422
d e1 s e l a,593
d e1 s e l o,1255
d e s e m b a ɾ k a1 ɾ,847
d e s e m b a1 ɾ k o,877
d e s e m p a k a1 ɾ,579
d e s e m p e1 j o,1032
d e s e m p l e a1 d o,1096
d e s e m p l e a1 d o s,544
d e s e m p l e1 o,1370
d e s e n t e r a1 ɾ,764
d e s e1 o,43900
d e s e o1,464
d e s e1 o s,11622
d e s e o1 s o,497
d e s e k i l i1 b ɾ j o,619
d e s e ɾ s j o1 n,592
d e s e ɾ t a1 ɾ,597
d e s e ɾ t o1 ɾ,1394
d e s e ɾ t o1 ɾ e s,857
d e s e s p e ɾ a s j o1 n,3845
d e s e s p e ɾ a1 d a,4378
d e s e s p e ɾ a d a m e1 n t e,2982
d e s e s p e ɾ a1 d a s,885
d e s e s p e ɾ a1 d o,6243
d e s e s p e ɾ a1 d o s,2376
d e s f i b ɾ i l a d o1 ɾ,527
d e s f i l a d e1 ɾ o,747
d e s f i l a1 ɾ,494
d e s f i1 l e,6022
d e s f i1 l e s,641
d e s g a r a1 d o,536
d e s g a1 s t e,469
d e s g ɾ a1 s j a,12787
d e s g ɾ a s j a1 d a,2415
d e s g ɾ a s j a d a m e1 n t e,4091
d e s g ɾ a s j a1 d o,16025
d e s g ɾ a s j a1 d o s,3769
d e s g ɾ a1 s j a s,1152
d e s a1 s e,667
d e s a s e1 ɾ,2334
d e s a s e1 ɾ l o,672
d e s a s e1 ɾ m e,5731
d e s a s e1 ɾ n o s,4539
d e s a s e1 ɾ s e,8962
d e s a s e1 ɾ t e,4792
d e s a1 g a,679
d e s a g a1 m o n o s,507
d e s a1 g a n s e,1085
d e s a1 g a s e,741
d e s a ɾ e1,710
d e s a ɾ e1 m o s,462
d e s a1 s t e,6435
d e s e1 tʃ o,1463
d e s i1 s e,736
d e s i d ɾ a t a s j o1 n,577
d e s i1 s o,1037
d e s o n e1 s t o,1116
d e s o n o1 ɾ,485
d e s o1 n r a,1537
d e s o n r a1 d o,832
d e s j e1 ɾ t a,1382
d e s j e1 ɾ t o,15461
d e s j e1 ɾ t o s,698
d e s i g n a1 d o,1213
d e s i l u s j o1 n,1045
d e s i l u s j o n a1 d o,893
d e s i l u s j o n a1 ɾ t e,614
d e s i m f e k t a1 n t e,636
d e s i n t e ɾ e s a1 d o,461
d e s i s t i1 ɾ,707
d e s l e a1 l,599
d e s l i1 s,509
d e s l i1 s a,875
d e s l i s a1 n d o s e,508
d e s l i s a1 ɾ s e,1021
d e s l i1 s a t e,480
d e s l u m b ɾ a1 n t e,947
d e s m a n t e l a1 ɾ,509
d e s m a1 j a,513
d e s m a j a1 d o,1798
d e s m a j a1 ɾ,682
d e s m a j a1 ɾ m e,1322
d e s m a j a1 ɾ s e,1012
d e s m a j a1 s t e,669
d e s m a j e1,1076
d e s m a1 j o,1783
d e s m a j o1,1914
d e s m a1 j o s,651
d e s m o n t a1 ɾ,551
d e s m o ɾ o1 n a,608
d e s m o ɾ o n a1 n d o,561
d e s m o ɾ o n a1 ɾ s e,676
d e s n u1 d a,8694
d e s n u d a1 ɾ m e,756
d e s n u d a1 ɾ s e,1076
d e s n u d a1 ɾ t e,628
d e s n u1 d a s,2451
d e s n u1 d a t e,1418
d e s n u d e1 s,636
d e s n u d i1 s t a,709
d e s n u d i1 s t a s,583
d e s n u1 d o,9096
d e s n u1 d o s,3894
d e s o b e d e s e1 ɾ,858
d e s o b e d j e1 n s j a,642
d e s o d o ɾ a1 n t e,890
d e s o l a s j o1 n,459
d e s o l a1 d a,490
d e s o l a1 d o,972
d e s o1 ɾ d e n,6044
d e s o ɾ d e n a1 d a,546
d e s o ɾ d e n a1 d o,1070
d e s o1 ɾ d e n e s,536
d e s o ɾ j e n t a1 d o,765
d e s p a1 tʃ o,13726
d e s p a1 tʃ o s,465
d e s p a1 s j o,23684
d e s p a s i1 t o,1051
d e s p e1 tʃ o,529
d e s p e d i1,1350
d e s p e d i1 d a,10403
d e s p e d i1 d a s,1042
d e s p e d i1 d o,9815
d e s p e d i1 d o s,1098
d e s p e d i1 m o s,1055
d e s p e d i1 ɾ,5071
d e s p e d i ɾ a1 n,690
d e s p e d i ɾ e1,633
d e s p e d i1 ɾ l a,972
d e s p e d i1 ɾ l e,481
d e s p e d i1 ɾ l o,1392
d e s p e d i1 ɾ m e,10596
d e s p e d i1 ɾ n o s,2458
d e s p e d i1 ɾ s e,4204
d e s p e d i1 ɾ t e,5066
d e s p e d i1 s t e,814
d e s p e1 g a,836
d e s p e g a1 d o,474
d e s p e g a1 ɾ,3453
d e s p e g o1,483
d e s p e1 g e,3419
d e s p e1 x a,786
d e s p e x a1 d a,1667
d e s p e x a1 d o,8905
d e s p e x a1 ɾ,1535
d e s p e1 x e,592
d e s p e1 x e n,4144
d e s p e1 n s a,1215
d e s p e ɾ d i1 s j a,493
d e s p e ɾ d i s j a1 d o,1088
d e s p e ɾ d i s j a1 n d o,1217
d e s p e ɾ d i s j a1 ɾ,2730
d e s p e ɾ d i s j a1 ɾ l a,530
d e s p e ɾ d i s j a1 ɾ l o,490
d e s p e ɾ d i1 s j e s,912
d e s p e ɾ d i1 s j o,3417
d e s p e ɾ d i1 s j o s,709
d e s p e ɾ t a1 b a,874
d e s p e ɾ t a1 d o,5001
d e s p e ɾ t a d o1 ɾ,1168
d e s p e ɾ t a1 m o s,920
d e s p e ɾ t a1 n d o,1275
d e s p e ɾ t a1 ɾ,10940
d e s p e ɾ t a1 ɾ a,653
d e s p e ɾ t a ɾ a1,1625
d e s p e ɾ t a ɾ a1 s,1025
d e s p e ɾ t a ɾ e1,895
d e s p e ɾ t a1 ɾ l a,1460
d e s p e ɾ t a1 ɾ l e,684
d e s p e ɾ t a1 ɾ l o,2106
d e s p e ɾ t a1 ɾ l o s,564
d e s p e ɾ t a1 ɾ m e,3573
d e s p e ɾ t a1 ɾ o n,821
d e s p e ɾ t a1 ɾ s e,2376
d e s p e ɾ t a1 ɾ t e,4030
d e s p e ɾ t a1 s t e,1702
d e s p e ɾ t e1,6950
d e s p e ɾ t o1,4767
d e s p j a d a1 d a,886
d e s p j a d a1 d o,1785
d e s p j a d a1 d o s,635
d e s p i1 d a,805
d e s p i1 d a n,1333
d e s p i1 d a n s e,603
d e s p i1 d e,1283
d e s p i1 d e m e,574
d e s p i1 d e n,1022
d e s p i1 d e s,604
d e s p i1 d e t e,3129
d e s p i d j e1 n d o,1101
d e s p i d j e1 ɾ a n,496
d e s p i d j e1 ɾ o n,3588
d e s p i d j o1,2598
d e s p i1 d o,2980
d e s p i1 d o s,494
d e s p j e1 ɾ t a,31215
d e s p j e1 ɾ t a l o,619
d e s p j e1 ɾ t a m e,1235
d e s p j e1 ɾ t a n,857
d e s p j e1 ɾ t a s,2162
d e s p j e1 ɾ t a t e,2334
d e s p j e1 ɾ t e,5879
d e s p j e1 ɾ t e n,2071
d e s p j e1 ɾ t e s,1817
d e s p j e1 ɾ t o,14053
d e s p j e1 ɾ t o s,1777
d e s p i s t a1 d o,519
d e s p l a s a m j e1 n t o,665
d e s p l e g a1 ɾ,542
d e s p l j e1 g e,1203
d e s p l o m o1,517
d e s p ɾ e1 s j a,902
d e s p ɾ e s j a1 b l e,3016
d e s p ɾ e s j a1 b l e s,566
d e s p ɾ e1 s j a s,535
d e s p ɾ e1 s j o,2997
d e s p ɾ e o k u p a1 d o,527
d e s p ɾ e o k u1 p a t e,604
d e s p ɾ e b e n i1 d o,538
d e s p w e1 s,318550
d e s k i s j a1 d o,580
d e s t a1 k a,546
d e s t a k a1 d o,886
d e s t a k a m e1 n t o,1795
d e s t a k a1 ɾ,691
d e s t e1 j o,1503
d e s t e1 j o s,634
d e s t e r a1 d o,712
d e s t i n a1 d a,1389
d e s t i n a1 d o,3712
d e s t i n a1 d o s,1574
d e s t i1 n o,41802
d e s t i1 n o s,1295
d e s t o ɾ n i j a d o1 ɾ,1083
d e s t ɾ e1 s a,1599
d e s t ɾ i p a d o1 ɾ,1594
d e s t ɾ o1 s a,866
d e s t ɾ o s a1 d a,1876
d e s t ɾ o s a1 d o,4635
d e s t ɾ o s a1 d o s,1049
d e s t ɾ o s a1 n d o,1196
d e s t ɾ o s a1 ɾ,2373
d e s t ɾ o s a1 ɾ l o,458
d e s t ɾ o s a1 ɾ o n,707
d e s t ɾ o1 s o,465
d e s t ɾ o s o1,1553
d e s t ɾ u k s j o1 n,8958
d e s t ɾ u k t i1 b a,626
d e s t ɾ u k t i1 b o,670
d e s t ɾ u k t o1 ɾ,2079
d e s t ɾ u k t o1 ɾ e s,739
d e s t ɾ w i1,876
d e s t ɾ w i1 d a,3632
d e s t ɾ w i1 d a s,1049
d e s t ɾ w i1 d o,8898
d e s t ɾ w i1 d o s,2213
d e s t ɾ w i1 m o s,1157
d e s t ɾ w i1 ɾ,18351
d e s t ɾ w i ɾ a1,2486
d e s t ɾ w i ɾ a1 n,1014
d e s t ɾ w i ɾ e1,1405
d e s t ɾ w i ɾ e1 m o s,1026
d e s t ɾ w i ɾ i1 a,1017
d e s t ɾ w i1 ɾ l a,2520
d e s t ɾ w i1 ɾ l o,5197
d e s t ɾ w i1 ɾ l o s,2062
d e s t ɾ w i1 ɾ m e,1519
d e s t ɾ w i1 ɾ n o s,1654
d e s t ɾ w i1 ɾ s e,666
d e s t ɾ w i1 ɾ t e,1440
d e s t ɾ w i1 s t e,1070
d e s t ɾ u1 j a,1893
d e s t ɾ u1 j a n,1261
d e s t ɾ u1 j a s,484
d e s t ɾ u1 j e,3804
d e s t ɾ u1 j e l o,764
d e s t ɾ u1 j e n,1432
d e s t ɾ u j e1 n d o,2815
d e s t ɾ u j e1 ɾ o n,2235
d e s t ɾ u1 j e s,590
d e s t ɾ u1 j o,747
d e s t ɾ u j o1,4249
d e s b a1 n,1097
d e s b a n e1 s e,874
d e s b a n e s e1 ɾ s e,841
d e s b a n e s i1 d o,546
d e s b a n e s j o1,660
d e s b e n t a1 x a,1466
d e s b e ɾ g o n s a1 d a,482
d e s b e s t i1 ɾ s e,498
d e s b i1 a,578
d e s b j a s j o1 n,861
d e s b j a1 d o,1147
d e s b j a1 n d o,454
d e s b j a1 ɾ,1171
d e s b j a1 ɾ s e,494
d e s b j o1,549
d e s b i1 o,1618
d e s b i1 s t e t e,751
d e t a j a1 d a,851
d e t a j a1 d o,932
d e t a1 j e,9821
d e t a1 j e s,21597
d e t e k s j o1 n,725
d e t e1 k t a,838
d e t e k t a1 d a,468
d e t e k t a1 d o,2141
d e t e k t a1 m o s,709
d e t e1 k t a n,795
d e t e k t a1 n d o,568
d e t e k t a1 ɾ,2113
d e t e k t a1 ɾ o n,524
d e t e k t i1 b e,34274
d e t e k t i1 b e s,5506
d e t e1 k t o,1866
d e t e k t o1,635
d e t e k t o1 ɾ,2393
d e t e k t o1 ɾ e s,998
d e t e1 n,3682
d e t e n s j o1 n,3859
d e t e n s j o1 n e s,502
d e t e n d ɾ a1,3785
d e t e n d ɾ a1 n,1277
d e t e n d ɾ a1 s,490
d e t e n d ɾ e1,1837
d e t e n d ɾ e1 m o s,1416
d e t e n d ɾ i1 a,727
d e t e n e1 m o s,2027
d e t e n e1 o s,1119
d e t e n e1 ɾ,17805
d e t e n e1 ɾ l a,4540
d e t e n e1 ɾ l e,2457
d e t e n e1 ɾ l e s,638
d e t e n e1 ɾ l o,16775
d e t e n e1 ɾ l o s,7490
d e t e n e1 ɾ m e,10023
d e t e n e1 ɾ n o s,4813
d e t e n e1 ɾ s e,4580
d e t e n e1 ɾ t e,5920
d e t e1 ɲ g a,6208
d e t e1 ɲ g a l o,1367
d e t e ɲ g a1 m o s,585
d e t e1 ɲ g a n,5415
d e t e1 ɲ g a n l a,853
d e t e1 ɲ g a n l o,3801
d e t e1 ɲ g a n l o s,1555
d e t e1 ɲ g a n s e,8490
d e t e1 ɲ g a s,2682
d e t e1 ɲ g a s e,9911
d e t e1 ɲ g o,1215
d e t e n i1 d a,1238
d e t e n i d a m e1 n t e,1181
d e t e n i1 d o,10590
d e t e n i1 d o s,2146
d e t e n j e1 n d o,1022
d e t e1 n l a,940
d e t e1 n l o,3555
d e t e1 n l o s,930
d e t e1 m m e,557
d e t e1 n t e,25560
d e t e ɾ x e1 n t e,727
d e t e ɾ j o1 ɾ o,772
d e t e ɾ m i1 n a,845
d e t e ɾ m i n a s j o1 n,2137
d e t e ɾ m i n a1 d a,994
d e t e ɾ m i n a1 d o,2572
d e t e ɾ m i n a1 d o s,511
d e t e ɾ m i n a1 ɾ,4750
d e t e1 s t a,1095
d e t e s t a1 b l e,824
d e t e1 s t o,5257
d e t j e1 n e,5699
d e t j e1 n e n,1770
d e t j e1 n e s,1509
d e t o n a s j o1 n,1160
d e t o n a d o1 ɾ,2551
d e t o n a d o1 ɾ e s,807
d e t o n a1 ɾ,1123
d e t ɾ a1 s,66319
d e t u1 b e,2020
d e t u b j e1 ɾ a,854
d e t u b j e1 ɾ o n,2927
d e t u b i1 m o s,1389
d e t u b i1 s t e,1037
d e t u1 b o,7012
d e1 u d a,11047
d e1 u d a s,6903
d e b a s t a s j o1 n,587
d e b a s t a1 d a,574
d e b a s t a1 d o,657
d e b a s t a d o1 ɾ,1021
d e b o s j o1 n,2320
d e b o l u s j o1 n,804
d e b o l b e1 m o s,765
d e b o l b e1 ɾ,7878
d e b o l b e ɾ a1,1476
d e b o l b e ɾ a1 n,590
d e b o l b e ɾ a1 s,552
d e b o l b e ɾ e1,4890
d e b o l b e ɾ e1 m o s,1079
d e b o l b e ɾ i1 a,574
d e b o l b e1 ɾ l a,1688
d e b o l b e1 ɾ l e,4472
d e b o l b e1 ɾ l e s,942
d e b o l b e1 ɾ l o,4234
d e b o l b e1 ɾ l o s,784
d e b o l b e1 ɾ m e,3258
d e b o l b e1 ɾ m e l o,919
d e b o l b e1 ɾ n o s,692
d e b o l b e1 ɾ s e l a,1071
d e b o l b e1 ɾ s e l o,2058
d e b o l b e1 ɾ t e,3212
d e b o l b e1 ɾ t e l o,879
d e b o l b i1,1139
d e b o l b j e1 n d o,654
d e b o l b j e1 ɾ a,452
d e b o l b j e1 ɾ o n,761
d e b o l b j o1,2020
d e b o l b i1 s t e,894
d e b o1 ɾ a,633
d e b o ɾ a1 d o,607
d e b o ɾ a1 ɾ,494
d e b o1 t a,721
d e b o1 t o,1176
d e b o1 t o s,466
d e b w e1 l t a,930
d e b w e1 l t o,2943
d e b w e1 l b a,2711
d e b w e1 l b a m e,1178
d e b w e1 l b a m e l o,622
d e b w e1 l b a n,1552
d e b w e1 l b a m m e,714
d e b w e1 l b a s,1597
d e b w e1 l b e,3400
d e b w e1 l b e l a,844
d e b w e1 l b e l e,1135
d e b w e1 l b e l o,1756
d e b w e1 l b e m e,6353
d e b w e1 l b e m e l a,1742
d e b w e1 l b e m e l o,4212
d e b w e1 l b e n,841
d e b w e1 l b e s,1777
d e b w e1 l b e s e l o,656
d e b w e1 l b o,2713
d i1 a,427166
d j a b e1 t e s,1597
d j a b e1 t i k o,695
d j a b l i1 j o,556
d j a1 b l o,36987
d j a1 b l o s,87670
d j a b o1 l i k a,732
d j a b o1 l i k o,1316
d j a1 k o n o,461
d j a f ɾ a1 g m a,823
d j a g n o s t i k a1 d o,494
d j a g n o s t i k a1 ɾ,505
d j a g n o s t i k a1 ɾ o n,577
d j a g n o s t i1 k o,464
d j a g n o1 s t i k o,4376
d j a g n o1 s t i k o s,574
d j a g ɾ a1 m a,742
d j a l e1 k t o,756
d j a1 l i s i s,685
d j a1 l o g o,2366
d j a1 l o g o s,715
d j a m a1 n t e,5681
d j a m a1 n t e s,10929
d j a1 m e t ɾ o,931
d j a1 n a,6961
d j a1 n t ɾ e s,653
d j a p o s i t i1 b a s,547
d j a1 ɾ j a,1770
d j a ɾ j a m e1 n t e,1199
d j a1 ɾ j a s,1460
d j a1 ɾ j o,21168
d j a1 ɾ j o s,5814
d j a r e1 a,1641
d i1 a s,269349
d i b u1 x a,890
d i b u x a1 d o,780
d i b u x a1 n d o,1030
d i b u x a1 n t e,534
d i b u x a1 ɾ,2893
d i b u1 x a s,510
d i b u x e1,626
d i b u1 x o,6449
d i b u x o1,971
d i b u1 x o s,6140
d i k s j o n a1 ɾ j o,2017
d i1 s e,260834
d i1 s e n,96144
d i1 s e s,115297
d i1 tʃ a,3209
d i1 tʃ a s,582
d i1 tʃ o,191380
d i1 tʃ o s,549
d i tʃ o1 s a,662
d i tʃ o1 s o,766
d i s j e1 m b ɾ e,6283
d i s j e1 n d o,81445
d i s j e1 n d o l e,4078
d i s j e1 n d o l e s,1111
d i s j e1 n d o l o,1002
d i s j e1 n d o m e,5609
d i s j e1 n d o n o s,750
d i s j e1 n d o s e l o,489
d i s j e1 n d o t e,2062
d i1 k t a,854
d i k t a1 d o,630
d i k t a d o1 ɾ,1443
d i k t a d u1 ɾ a,1131
d i k t a1 ɾ,537
d j e s i n w e1 b e,1146
d j e s j o1 tʃ o,2159
d j e s i s e1 i s,2502
d j e s i s j e1 t e,2061
d j e1 g o,6207
d j e1 n t e,4893
d j e1 n t e s,25924
d j e1 ɾ a,7925
d j e1 ɾ a m o s,473
d j e1 ɾ a n,2222
d j e1 ɾ a s,1875
d j e1 ɾ o n,29325
d j e1 s e,834
d j e s e1 l,921
d j e1 s t ɾ o,727
d j e1 t a,5495
d j e1 s,69907
d i f a m a s j o1 n,689
d i f e ɾ e1 n s j a,32746
d i f e ɾ e n s j a1 l,688
d i f e ɾ e n s j a1 ɾ,762
d i f e ɾ e1 n s j a s,4478
d i f e ɾ e1 n t e,56530
d i f e ɾ e1 n t e s,26684
d i f i1 s i l,105033
d i f i1 s i l e s,11105
d i f i1 s i l m e n t e,2036
d i f i k u1 l t a,465
d i f i k u l t a1 d,3003
d i f i k u l t a1 d e s,5191
d i f u1 n d e,516
d i f u n d i1 ɾ,663
d i f u1 n t a,940
d i f u1 n t o,3268
d i f u1 n t o s,698
d i f u s j o1 n,492
d i1 g a,81770
d i g a1 i s,877
d i1 g a l e,29432
d i1 g a l e s,6517
d i1 g a l o,3242
d i1 g a m e,45492
d i1 g a m e l o,7058
d i g a1 m o s,21622
d i g a1 m o s l o,809
d i1 g a n,11792
d i1 g a n l e,4163
d i1 g a n l e s,1331
d i1 g a n l o,930
d i1 g a m m e,5870
d i1 g a m m e l o,859
d i1 g a n o s,4981
d i1 g a n o s l o,662
d i1 g a n s e l o,504
d i1 g a s,77480
d i1 g a s e l o,5485
d i x e ɾ i1 ɾ,771
d i x e s t j o1 n,666
d i x i t a1 l,3088
d i x i t a1 l e s,3052
d i1 x i t o s,875
d i1 g n a,2337
d i g n i d a1 d,6499
d i1 g n o,6288
d i1 g n o s,997
d i1 g o,167508
d i1 x e,249570
d i x e1 ɾ a,13218
d i x e1 ɾ a n,1099
d i x e1 ɾ a s,3662
d i x e1 ɾ o n,47436
d i x e1 s e,1113
d i x i1 m o s,7388
d i x i1 s t e,128801
d i x i1 s t e i s,623
d i1 x o,343385
d i1 l a,499
d i l a t a s j o1 n,458
d i l a t a1 d a s,465
d i1 l e,126019
d i l e1 m a,1990
d i1 l e s,29023
d i l i x e1 n s j a,2502
d i1 l o,22915
d i l u1 b j o,735
d i1 m e,196963
d i1 m e l a,657
d i1 m e l o,42801
d i m e n s j o1 n,2577
d i m e n s j o1 n e s,1719
d i m i n u1 t a,963
d i m i n u1 t a s,497
d i m i n u t i1 b o,453
d i m i n u1 t o,1090
d i m i n u1 t o s,536
d i m i s j o1 n,1099
d i m i t i1 ɾ,667
d i1 m o s,7860
d i1 n,1192
d i1 n a,1245
d i n a m a1 ɾ k a,1355
d i n a1 m i k a,1062
d i n a1 m i k o,650
d i n a m i1 t a,4147
d i n a s t i1 a,1351
d i n e ɾ a1 l,599
d i n e1 ɾ o,336514
d i1 ɲ g,1205
d i1 n o,962
d i1 n o s,9438
d i n o s a1 u ɾ j o,2105
d i n o s a1 u ɾ j o s,2136
d i1 n o s l o,1741
d j o1,80763
d j o1 s,554211
d j o1 s a,5206
d j o1 s e s,18739
d j o1 g s i d o,703
d i p l o1 m a,1687
d i p l o m a1 s j a,1129
d i p l o m a1 t i k a,1386
d i p l o m a1 t i k a s,469
d i p l o m a1 t i k o,2183
d i p l o m a1 t i k o s,1044
d i p u t a1 d o,2380
d i p u t a1 d o s,605
d i1 k e,1043
d i ɾ a1,16978
d i ɾ a1 n,5252
d i ɾ a1 s,11311
d i ɾ e1,73762
d i ɾ e k s j o1 n,45279
d i ɾ e k s j o1 n e s,5022
d i ɾ e1 k t a,6325
d i ɾ e k t a m e1 n t e,19039
d i ɾ e1 k t a s,854
d i ɾ e k t i1 b a,2158
d i ɾ e k t i1 b o s,551
d i ɾ e1 k t o,21220
d i ɾ e k t o1 ɾ,37840
d i ɾ e k t o1 ɾ a,5041
d i ɾ e k t o1 ɾ e s,2747
d i ɾ e k t o1 ɾ j o,1440
d i ɾ e1 k t o s,1378
d i ɾ e1 m o s,4745
d i ɾ i1 a,40569
d i ɾ i1 a m o s,490
d i ɾ i1 a n,2014
d i ɾ i1 a s,6195
d i ɾ i1 x e,11508
d i ɾ i1 x e n,3857
d i ɾ i x e1 n t e,527
d i ɾ i x e1 n t e s,691
d i ɾ i1 x e s,1590
d i ɾ i1 x e t e,1258
d i ɾ i x i1,838
d i ɾ i x i1 a,2877
d i ɾ i x i1 a n,626
d i ɾ i x i1 b l e,502
d i ɾ i x i1 d a,2990
d i ɾ i x i1 d a s,517
d i ɾ i x i1 d o,2959
d i ɾ i x i1 d o s,573
d i ɾ i x j e1 n d o,2201
d i ɾ i x j e1 n d o s e,1923
d i ɾ i x i1 m o s,2416
d i ɾ i x j o1,2269
d i ɾ i x i1 ɾ,6785
d i ɾ i x i ɾ a1,1206
d i ɾ i x i ɾ e1,573
d i ɾ i x i1 ɾ l a,594
d i ɾ i x i1 ɾ l o,590
d i ɾ i x i1 ɾ m e,1370
d i ɾ i x i1 ɾ n o s,977
d i ɾ i x i1 ɾ s e,2997
d i ɾ i x i1 ɾ t e,680
d i ɾ i1 x a,1607
d i ɾ i1 x a n,458
d i ɾ i1 x a n s e,2004
d i ɾ i1 x a s,495
d i ɾ i1 x a s e,1135
d i ɾ i1 x o,3633
d i s k a p a s i d a1 d,554
d i s k a p a s i t a1 d o,595
d i s k a p a s i t a1 d o s,660
d i s s i p l i1 n a,5201
d i s s i1 p u l o,1191
d i s s i1 p u l o s,1480
d i1 s k o,15380
d i s k o g ɾ a1 f i k a,557
d i1 s k o s,7240
d i s k o t e1 k a,1534
d i s k ɾ e s j o1 n,3565
d i s k ɾ e1 t a,1169
d i s k ɾ e t a m e1 n t e,1144
d i s k ɾ e1 t o,2685
d i s k ɾ e1 t o s,942
d i s k ɾ i m i n a s j o1 n,1026
d i s k u1 l p a,43214
d i s k u l p a1 d,977
d i s k u l p a1 d m e,1906
d i s k u l p a1 d o,509
d i s k u1 l p a m e,19978
d i s k u1 l p a n,2992
d i s k u1 l p a n o s,1229
d i s k u l p a1 ɾ,1174
d i s k u l p a ɾ e1,511
d i s k u l p a1 ɾ m e,15635
d i s k u l p a1 ɾ n o s,1412
d i s k u l p a1 ɾ s e,4120
d i s k u l p a1 ɾ t e,5067
d i s k u1 l p a s,18978
d i s k u1 l p a t e,2552
d i s k u1 l p e,63431
d i s k u1 l p e m e,26127
d i s k u1 l p e n,16816
d i s k u l p e1 m m e,925
d i s k u1 l p e m m e,8836
d i s k u1 l p e n n o s,747
d i s k u1 l p e n o s,2147
d i s k u1 l p e s,1693
d i s k u1 l p o,3989
d i s k u l p o1,469
d i s k u1 ɾ s o,16094
d i s k u1 ɾ s o s,3253
d i s k u s j o1 n,8928
d i s k u s j o1 n e s,2010
d i s k u1 t a,563
d i s k u t a1 m o s,1125
d i s k u1 t a s,1427
d i s k u1 t e,1001
d i s k u1 t e n,1000
d i s k u t i1 d o,2124
d i s k u t j e1 n d o,4729
d i s k u t j e1 ɾ o n,776
d i s k u t i1 m o s,3364
d i s k u t j o1,548
d i s k u t i1 ɾ,17490
d i s k u t i ɾ e1,658
d i s k u t i ɾ e1 m o s,1820
d i s k u t i1 ɾ l o,5623
d i s k u1 t o,623
d i s e k s j o1 n,508
d i1 s e l o,26783
d i1 s e l o s,557
d i s e n t e ɾ i1 a,492
d i s e j a1 d a,1577
d i s e j a1 d a s,593
d i s e j a1 d o,3499
d i s e j a d o1 ɾ,2103
d i s e j a d o1 ɾ a,731
d i s e j a d o1 ɾ e s,660
d i s e j a1 d o s,919
d i s e j a1 n d o,572
d i s e j a1 ɾ,1422
d i s e j e1,1112
d i s e1 j o,7669
d i s e j o1,1729
d i s e1 j o s,1834
d i s f ɾ a1 s e s,2697
d i s f ɾ a1 s,5830
d i s f ɾ a s a1 d a,783
d i s f ɾ a s a1 d o,2144
d i s f ɾ a s a1 d o s,922
d i s f ɾ a s a1 ɾ s e,668
d i s f ɾ u1 t a,7250
d i s f ɾ u t a1 b a,821
d i s f ɾ u t a1 d o,2429
d i s f ɾ u1 t a l a,587
d i s f ɾ u1 t a l o,3058
d i s f ɾ u t a1 m o s,711
d i s f ɾ u1 t a n,1012
d i s f ɾ u t a1 n d o,4951
d i s f ɾ u t a1 ɾ,8973
d i s f ɾ u t a ɾ a1,492
d i s f ɾ u t a ɾ e1,556
d i s f ɾ u t a ɾ i1 a,470
d i s f ɾ u t a1 ɾ l a,624
d i s f ɾ u t a1 ɾ l o,2492
d i s f ɾ u1 t a s,1710
d i s f ɾ u t a1 s t e,895
d i s f ɾ u1 t e,3947
d i s f ɾ u t e1,1811
d i s f ɾ u1 t e l o,490
d i s f ɾ u t e1 m o s,554
d i s f ɾ u1 t e n,4052
d i s f ɾ u1 t e n l o,794
d i s f ɾ u1 t e s,1161
d i s f ɾ u1 t o,3093
d i s f ɾ u t o1,806
d i s f u n s j o1 n,576
d i s g u1 s t a,1164
d i s g u s t a1 d a,1316
d i s g u s t a1 d o,1800
d i s g u1 s t o,1183
d i s i m u l a1 ɾ,725
d i s m i n u s j o1 n,538
d i s m i n w i1 d o,854
d i s m i n w i1 ɾ,980
d i s m i n u1 j e,1156
d i s m i n u j e1 n d o,737
d i1 s n e i,1543
d i s n e i1 l a n d j a,1029
d i s o l b e1 ɾ,464
d i s p a1 ɾ a,13816
d i s p a ɾ a1 b a,731
d i s p a ɾ a1 b a n,663
d i s p a ɾ a1 d,804
d i s p a ɾ a1 d a,828
d i s p a ɾ a1 d o,9713
d i s p a ɾ a d o1 ɾ,598
d i s p a1 ɾ a l e,6752
d i s p a1 ɾ a l e s,997
d i s p a1 ɾ a m e,3012
d i s p a ɾ a1 m o s,1728
d i s p a1 ɾ a n,3987
d i s p a ɾ a1 n d o,6438
d i s p a ɾ a1 n d o l e,913
d i s p a ɾ a1 ɾ,20777
d i s p a ɾ a1 ɾ a,769
d i s p a ɾ a ɾ a1,1193
d i s p a ɾ a1 ɾ a n,848
d i s p a ɾ a ɾ a1 n,1178
d i s p a ɾ a ɾ e1,2859
d i s p a ɾ a ɾ e1 m o s,781
d i s p a ɾ a ɾ i1 a,819
d i s p a ɾ a1 ɾ l e,10986
d i s p a ɾ a1 ɾ l e s,1892
d i s p a ɾ a1 ɾ m e,4992
d i s p a ɾ a1 ɾ n o s,1106
d i s p a ɾ a1 ɾ o n,10828
d i s p a ɾ a1 ɾ s e,766
d i s p a ɾ a1 ɾ t e,2788
d i s p a1 ɾ a s,2554
d i s p a ɾ a1 s t e,3766
d i s p a ɾ a1 t e,1110
d i s p a ɾ a1 t e s,601
d i s p a1 ɾ e,5812
d i s p a ɾ e1,4186
d i s p a ɾ e1 i s,637
d i s p a1 ɾ e l e,817
d i s p a1 ɾ e n,11575
d i s p a1 ɾ e n l e,1927
d i s p a1 ɾ e n l e s,507
d i s p a1 ɾ e s,4024
d i s p a1 ɾ o,17495
d i s p a ɾ o1,14357
d i s p a1 ɾ o s,9429
d i s p e1 ɾ s e n s e,1963
d i s p e ɾ s j o1 n,529
d i s p o1 n e,1099
d i s p o n e1 m o s,717
d i s p o n e1 ɾ,961
d i s p o1 ɲ g o,587
d i s p o n i1 b l e,9620
d i s p o n i1 b l e s,3277
d i s p o s i s j o1 n,4953
d i s p o s i t i1 b o,8784
d i s p o s i t i1 b o s,1659
d i s p w e1 s t a,6306
d i s p w e1 s t a s,558
d i s p w e1 s t o,17465
d i s p w e1 s t o s,4524
d i s p u1 t a,1952
d i s p u1 t a s,769
d i s t a1 n s j a,20619
d i s t a1 n s j a s,1335
d i s t a1 n t e,2712
d i s t a1 n t e s,676
d i1 s t e,21267
d i s t i n s j o1 n,1181
d i s t i1 ɲ g e,999
d i s t i ɲ g i1 d a,666
d i s t i ɲ g i1 d o,1862
d i s t i ɲ g i1 d o s,646
d i s t i ɲ g i1 ɾ,2880
d i s t i1 n t a,5741
d i s t i1 n t a s,5710
d i s t i n t i1 b o,585
d i s t i1 n t o,12758
d i s t i1 n t o s,5375
d i s t o ɾ s j o1 n,827
d i s t ɾ a k s j o1 n,3594
d i s t ɾ a k s j o1 n e s,1056
d i s t ɾ a1 e,896
d i s t ɾ a e1 ɾ,1055
d i s t ɾ a e1 ɾ l o,612
d i s t ɾ a e1 ɾ l o s,761
d i s t ɾ a e1 ɾ m e,1225
d i s t ɾ a e1 ɾ n o s,500
d i s t ɾ a e1 ɾ s e,576
d i s t ɾ a e1 ɾ t e,833
d i s t ɾ a i1 d a,875
d i s t ɾ a i1 d o,2010
d i s t ɾ a1 i g a,594
d i s t ɾ a1 x o,503
d i s t ɾ i b u s j o1 n,2485
d i s t ɾ i b w i d o1 ɾ,1051
d i s t ɾ i b w i1 ɾ,924
d i s t ɾ i1 t o,11292
d i s t ɾ i1 t o s,885
d i s t u1 ɾ b j o,1056
d i s t u1 ɾ b j o s,2481
d i1 b a,797
d i b e1 ɾ s a s,927
d i b e ɾ s i d a1 d,910
d i b e ɾ s j o1 n,14474
d i b e ɾ s j o1 n e s,1110
d i b e1 ɾ s o s,833
d i b e ɾ t i1,1282
d i b e ɾ t i1 a,720
d i b e ɾ t i1 d a,7707
d i b e ɾ t i1 d a s,1877
d i b e ɾ t i d i1 s i m o,648
d i b e ɾ t i1 d o,55563
d i b e ɾ t i1 d o s,1783
d i b e ɾ t i1 m o s,2002
d i b e ɾ t i1 ɾ,1870
d i b e ɾ t i ɾ e1 m o s,1155
d i b e ɾ t i1 ɾ m e,5689
d i b e ɾ t i1 ɾ n o s,8348
d i b e ɾ t i1 ɾ s e,9591
d i b e ɾ t i1 ɾ t e,5628
d i b e ɾ t i1 s t e,1161
d i b i1 d e,1324
d i b i d i1 d a,897
d i b i d i1 d o,1869
d i b i d i1 d o s,608
d i b i d i1 m o s,1117
d i b i d i1 ɾ,2102
d i b i d i ɾ e1 m o s,725
d i b i d i1 ɾ l o,611
d i b i d i1 ɾ n o s,1165
d i b j e1 ɾ t a,915
d i b j e1 ɾ t a n,1341
d i b j e1 ɾ t a n s e,4172
d i b j e1 ɾ t a s,1786
d i b j e1 ɾ t a s e,705
d i b j e1 ɾ t e,3094
d i b j e1 ɾ t e n,1296
d i b j e1 ɾ t e s,1595
d i b j e1 ɾ t e t e,8581
d i b j e1 ɾ t o,1096
d i b i1 n a,4397
d i b i n i d a1 d,732
d i b i1 n o,4293
d i b i1 n o s,485
d i b i ɾ t a1 m o n o s,754
d i b i ɾ t j e1 n d o,5030
d i b i ɾ t j e1 n d o m e,517
d i b i ɾ t j e1 n d o n o s,647
d i b i ɾ t j e1 n d o s e,1449
d i b i ɾ t j e1 n d o t e,583
d i b i ɾ t j o1,471
d i b i s j o1 n,10653
d i b i s j o1 n e s,1534
d i b o ɾ s j a1 d a,1354
d i b o ɾ s j a1 d o,2088
d i b o ɾ s j a1 d o s,1092
d i b o ɾ s j a1 m o s,581
d i b o ɾ s j a1 n d o,641
d i b o ɾ s j a1 ɾ,924
d i b o ɾ s j a1 ɾ m e,1244
d i b o ɾ s j a1 ɾ n o s,560
d i b o ɾ s j a1 ɾ o n,799
d i b o ɾ s j a1 ɾ s e,2055
d i b o ɾ s j a1 ɾ t e,941
d i b o ɾ s j e1,463
d i b o1 ɾ s j o,12526
d i b o ɾ s j o1,789
d i b o1 ɾ s j o s,953
d i b u l g a1 ɾ,628
d o1 b l a,2865
d o b l a1 d a,489
d o b l a1 d o,861
d o b l a1 n d o,754
d o b l a1 ɾ,2534
d o1 b l e,29653
d o b l e m e1 n t e,649
d o1 b l e s,2633
d o1 b l o,512
d o b l o1,525
d o1 s e,13825
d o s e1 n a,7783
d o s e1 n a s,4467
d o1 s i l,725
d o k t o1 ɾ,109351
d o k t o1 ɾ a,15219
d o k t o ɾ a1 d o,1763
d o k t o1 ɾ e s,8567
d o k t ɾ i1 n a,870
d o k u m e n t a s j o1 n,2531
d o k u m e n t a1 d o,583
d o k u m e n t a1 l,2896
d o k u m e n t a1 l e s,590
d o k u m e n t a1 ɾ,464
d o k u m e1 n t o,6508
d o k u m e1 n t o s,11994
d o1 l a ɾ,8544
d o1 l a ɾ e s,91557
d o l e1 n s j a,454
d o l e1 ɾ,4094
d o l e ɾ a1,2344
d o l e1 ɾ t e,582
d o l i1 a,1432
d o l i1 d a,454
d o l i1 d o,1501
d o l j e1 n d o,545
d o l j o1,3468
d o l o1 ɾ,56683
d o l o1 ɾ e s,6310
d o l o ɾ i1 d o,570
d o l o ɾ o1 s a,2045
d o l o ɾ o s a m e1 n t e,482
d o l o ɾ o1 s a s,453
d o l o ɾ o1 s o,5606
d o l o ɾ o1 s o s,456
d o1 m,2886
d o m e1 s t i k a,1380
d o m e1 s t i k a s,618
d o m e1 s t i k o,1040
d o m e1 s t i k o s,773
d o m i s i l j a1 ɾ j o,602
d o m i s i1 l j o,2531
d o m i1 n a,2067
d o m i n a s j o1 n,677
d o m i n a1 d o,1198
d o m i1 n a n,530
d o m i n a1 n t e,1590
d o m i n a1 ɾ,3100
d o m i1 n e,527
d o m i1 ɲ g o,18844
d o m i1 ɲ g o s,3906
d o m i n i k a1 l,550
d o m i1 n j o,3873
d o m i1 n j o s,791
d o m i1 n o,788
d o m i n o1,1256
d o1 m o,1047
d o1 n,49638
d o1 n a,1128
d o n a s j o1 n,2275
d o n a s j o1 n e s,1344
d o n a1 d o,560
d o n a1 n t e,2725
d o n a1 n t e s,982
d o n a1 ɾ,1741
d o1 n a s,1193
d o n s e1 j a,3281
d o n s e1 j a s,926
d o1 n d e,324393
d o1 n d e,596484
d o n d e k j e1 ɾ a,3014
d o1 n e,1286
d o1 n e s,1311
d o1 ɲ g,1904
d o ɲ x w a1 n,461
d o1 n n a,8285
d o n o1,573
d o n u1 d,609
d o n u1 d s,1061
d o1 j a,3505
d o p a m i1 n a,491
d o k j e1 ɾ,1143
d o ɾ a1 d a,3284
d o ɾ a1 d a s,992
d o ɾ a1 d o,5759
d o ɾ a1 d o s,1405
d o ɾ m i1,4402
d o ɾ m i1 a,4222
d o ɾ m i1 a m o s,452
d o ɾ m i1 a n,683
d o ɾ m i1 a s,1244
d o ɾ m i1 d a,7124
d o ɾ m i1 d o,20848
d o ɾ m i1 d o s,2212
d o ɾ m i l o1 n,705
d o ɾ m i1 m o s,2162
d o ɾ m i1 ɾ,82869
d o ɾ m i ɾ a1,1769
d o ɾ m i ɾ a1 n,553
d o ɾ m i ɾ a1 s,1334
d o ɾ m i ɾ e1,2629
d o ɾ m i ɾ e1 m o s,970
d o ɾ m i ɾ i1 a,526
d o ɾ m i1 ɾ m e,1809
d o ɾ m i1 ɾ s e,1482
d o ɾ m i1 ɾ t e,1761
d o ɾ m i1 s t e,3720
d o ɾ m i t o1 ɾ j o,9398
d o ɾ m i t o1 ɾ j o s,1817
d o ɾ s a1 l,843
d o1 s,607838
d o s s j e1 n t a s,559
d o s s j e1 n t o s,3034
d o1 s i s,7039
d o t a1 d o,1024
d o1 t e,1435
d o1 t e s,628
d o1 i,43851
d p t o1,1218
d ɾ a1,21602
d ɾ a1 k u l a,2774
d ɾ a g o1 n,9745
d ɾ a g o1 n e s,3271
d ɾ a1 m a,6475
d ɾ a1 m a s,556
d ɾ a m a1 t i k a,1552
d ɾ a m a1 t i k o,2693
d ɾ a1 s t i k o,555
d ɾ e n a1 x e,1212
d ɾ e n a1 ɾ,454
d ɾ o1 g a,17196
d ɾ o g a1 d a,1692
d ɾ o g a d i1 k t a,1039
d ɾ o g a d i1 k t o,2818
d ɾ o g a d i1 k t o s,1657
d ɾ o g a1 d o,4269
d ɾ o g a1 d o s,750
d ɾ o g a1 ɾ m e,578
d ɾ o g a1 ɾ s e,1026
d ɾ o g a1 ɾ t e,680
d ɾ o1 g a s,37891
d ɾ o1 g o,511
d ɾ o g o1,502
d ɾ o1 i d e,969
d ɾ o1 i d e s,1829
d u1 b a i,875
d u b l i1 n,1005
d u1 tʃ a,11392
d u tʃ a1 ɾ m e,2156
d u tʃ a1 ɾ s e,876
d u tʃ a1 ɾ t e,1050
d u1 tʃ a s,1847
d u1 d a,36818
d u d a1 b a,453
d u d a1 d o,1019
d u1 d a n,620
d u d a1 n d o,655
d u d a1 ɾ,3198
d u d a1 ɾ l o,1658
d u1 d a s,11909
d u1 d e,3884
d u d e1,923
d u1 d e s,1633
d u1 d o,17351
d u d o1 s a,571
d u d o1 s o,778
d w e1 l a,1977
d w e1 l e,32614
d w e1 l e n,2517
d w e1 l o,5007
d w e1 n d e,1899
d w e1 n d e s,1572
d w e1 j a,3463
d w e1 j o,19895
d w e1 j o s,4534
d w e1 ɾ m a,3636
d w e1 ɾ m a n,1281
d w e1 ɾ m a s,3512
d w e1 ɾ m e,16782
d w e1 ɾ m e n,3373
d w e1 ɾ m e s,5322
d w e1 ɾ m e t e,5330
d w e1 ɾ m o,6188
d u1 l s e,42375
d u l s e m e1 n t e,814
d u1 l s e s,12123
d u l s u1 ɾ a,4593
d u1 n a s,577
d u1 o,1013
d u p l i k a1 d o,969
d u p l i k a1 ɾ,616
d u1 k e,8010
d u k e1 s a,2991
d u1 ɾ a,20170
d u ɾ a s j o1 n,1103
d u ɾ a d e1 ɾ a,618
d u ɾ a d e1 ɾ o,501
d u ɾ a1 d o,1355
d u ɾ a m e1 n t e,1131
d u1 ɾ a n,2114
d u ɾ a1 n t e,138981
d u ɾ a1 ɾ,5247
d u ɾ a1 ɾ a,570
d u ɾ a ɾ a1,4743
d u ɾ a ɾ a1 n,557
d u ɾ a ɾ i1 a,991
d u1 ɾ a s,3937
d u ɾ a1 s n o,751
d u ɾ a1 s n o s,496
d u1 ɾ e,2543
d u ɾ e1 s a,794
d u ɾ m a1 m o s,489
d u ɾ m j e1 n d o,17498
d u ɾ m j e1 n t e,1285
d u ɾ m j e1 ɾ a,588
d u ɾ m j e1 ɾ o n,716
d u ɾ m j o1,3719
d u1 ɾ o,64993
d u ɾ o1,3706
d u1 ɾ o s,6192
e1,124445
e1 b ɾ j a,1462
e1 b ɾ j o,4420
e1 b ɾ j o s,826
e1 tʃ a,10383
e tʃ a1 b a,1915
e tʃ a1 d,539
e tʃ a1 d a,576
e tʃ a1 d l e,466
e tʃ a1 d o,9024
e1 tʃ a l e,3264
e1 tʃ a l o,831
e1 tʃ a m e,1864
e tʃ a1 m o s,2893
e1 tʃ a n,2553
e tʃ a1 n d o,3867
e tʃ a1 ɾ,20135
e tʃ a1 ɾ a,753
e tʃ a ɾ a1,1675
e tʃ a1 ɾ a n,756
e tʃ a ɾ a1 n,1406
e tʃ a ɾ a1 s,839
e tʃ a ɾ e1,5108
e tʃ a ɾ e1 m o s,1595
e tʃ a ɾ i1 a,1174
e tʃ a1 ɾ l a,1616
e tʃ a1 ɾ l e,10679
e tʃ a1 ɾ l e s,1078
e tʃ a1 ɾ l o,3042
e tʃ a1 ɾ l o s,1022
e tʃ a1 ɾ m e,6811
e tʃ a1 ɾ n o s,2076
e tʃ a1 ɾ o n,4645
e tʃ a1 ɾ s e,1758
e tʃ a1 ɾ t e,4947
e1 tʃ a s,4128
e tʃ a1 s t e,2056
e1 tʃ a t e,2363
e1 tʃ e,5098
e tʃ e1,3894
e1 tʃ e l e,483
e tʃ e1 m o s,2392
e tʃ e1 m o s l e,594
e1 tʃ e n,2870
e1 tʃ e n s e,716
e1 tʃ e s,2438
e1 tʃ e s e,544
e1 tʃ o,12269
e tʃ o1,5974
e k l i1 p s e,1509
e1 k o,3984
e k o g ɾ a f i1 a,774
e k o n o m i1 a,6023
e k o n o1 m i k a,2255
e k o n o1 m i k a m e n t e,774
e k o n o1 m i k a s,827
e k o n o1 m i k o,2091
e k o n o1 m i k o s,1098
e k w a s j o1 n,2047
e k w a s j o1 n e s,1000
e k w a d o1 ɾ,869
e d a1 d,51674
e d a1 d e s,1092
e d e1 m a,597
e d e1 n,1204
e d i s j o1 n,4546
e d i s j o1 n e s,564
e d i f i1 s j o,40974
e d i f i1 s j o s,6925
e d i m b u1 ɾ g o,789
e d i t a1 d o,741
e d i t a1 ɾ,512
e d i t o1 ɾ,5459
e d i t o1 ɾ a,1101
e d i t o1 ɾ e s,1032
e d i t o ɾ j a1 l,1930
e d w a1 ɾ d o,2821
e d u k a s j o1 n,13479
e d u k a1 d a,1917
e d u k a1 d o,4130
e d u k a1 d o s,1051
e d u k a1 ɾ,1234
e d u k a t i1 b o,854
e e u1 u,5228
e f e k t i1 b a,1632
e f e k t i b a m e1 n t e,2986
e f e k t i1 b o,16112
e f e k t i1 b o s,850
e f e1 k t o,19829
e f e1 k t o s,9420
e f e k t w a1 ɾ,613
e f i k a1 s j a,814
e f i k a1 s,1793
e f i s j e1 n s j a,1222
e f i s j e1 n t e,2391
e f i s j e1 n t e s,614
e x i1 p s j a,753
e x i1 p s j o,1576
e x i1 p s j o s,1434
e x i1 p t o,5392
e1 g o,4532
e g o s e1 n t ɾ i k o,562
e g o i1 s m o,1048
e g o i1 s t a,8020
e g o i1 s t a s,1266
e1,197376
e1 x e,1994
e x e k u s j o1 n,6168
e x e k u s j o1 n e s,944
e x e k u1 t a,583
e x e k u t a1 d a,668
e x e k u t a1 d o,2606
e x e k u t a1 d o s,1040
e x e k u t a1 n d o,500
e x e k u t a1 ɾ,2482
e x e k u t a1 ɾ l o,494
e x e k u1 t e n,576
e x e k u t i1 b a,1524
e x e k u t i1 b o,4284
e x e k u t i1 b o s,1917
e x e1 m,467
e x e m p l a1 ɾ,2390
e x e m p l a1 ɾ e s,847
e x e1 m p l o,33784
e x e1 m p l o s,1243
e x e1 ɾ s e,654
e x e ɾ s e1 ɾ,1745
e x e ɾ s i1 s j o,9795
e x e ɾ s i1 s j o s,3685
e x e ɾ s j e1 n d o,471
e x e ɾ s i t a1 ɾ,556
e x e ɾ s i1 t o,5215
e x e1 ɾ s i t o,49111
e x e1 ɾ s i t o s,3037
e1 l,8357879
e1 l,921292
e l a b o ɾ a1 d a,488
e l a b o ɾ a1 d o,870
e l a b o ɾ a1 ɾ,552
e l e k s j o1 n,23739
e l e k s j o1 n e s,8039
e l e1 k t o,925
e l e k t o ɾ a1 l,1153
e l e k t o1 ɾ e s,501
e l e1 k t ɾ i k a,6397
e l e1 k t ɾ i k a s,1365
e l e k t ɾ i s i d a1 d,8119
e l e k t ɾ i s i1 s t a,980
e l e1 k t ɾ i k o,3607
e l e1 k t ɾ i k o s,1730
e l e1 k t ɾ o,535
e l e k t ɾ o1 d o s,511
e l e k t ɾ o m a g n e1 t i k a,662
e l e k t ɾ o m a g n e1 t i k o,1144
e l e k t ɾ o1 n e s,726
e l e k t ɾ o1 n i k a,2204
e l e k t ɾ o1 n i k o,3009
e l e k t ɾ o1 n i k o s,1454
e l e f a1 n t e,5609
e l e f a1 n t e s,2822
e l e g a1 n s j a,1735
e l e g a1 n t e,11040
e l e g a1 n t e s,1974
e l e x i1,4018
e l e x i1 d a,1866
e l e x i1 d o,14030
e l e x i1 d o s,1848
e l e x i1 m o s,1763
e l e x i1 ɾ,17990
e l e x i ɾ e1,596
e l e x i ɾ i1 a,925
e l e x i1 s t e,3288
e l e m e n t a1 l,1042
e l e m e1 n t o,4629
e l e m e1 n t o s,5764
e l e1 n a,5496
e l e1 ɲ k o,796
e1 l e s,698
e l e1 b a,1427
e l e b a s j o1 n,692
e l e b a1 d a,1262
e l e b a1 d o,2533
e l e b a d o1 ɾ,3025
e l e b a d o1 ɾ e s,471
e l e b a1 d o s,718
e l e b a1 ɾ,1041
e l e b a1 ɾ s e,922
e l e1 b a t e,475
e1 l f o,1431
e1 l f o s,2035
e l i1 a s,834
e l i1 x e,7262
e l i1 x e n,1670
e l i1 x e s,2635
e l i x j e1 n d o,884
e l i x j e1 ɾ o n,2381
e l i x j o1,5828
e l i1 x a,2527
e l i1 x a n,1210
e l i1 x a s,761
e l i1 x e,502
e l i1 x o,2918
e l i m i1 n a,1681
e l i m i n a s j o1 n,1221
e l i m i n a1 d a,614
e l i m i n a1 d o,3049
e l i m i n a1 d o s,1109
e l i m i n a1 m o s,788
e l i m i n a1 n d o,737
e l i m i n a1 ɾ,6703
e l i m i n a1 ɾ l a,584
e l i m i n a1 ɾ l o,1819
e l i m i n a1 ɾ l o s,1081
e l i m i n a1 ɾ o n,511
e l i m i n o1,781
e l i1 s a,953
e1 l i t e,1588
e l i g s i1 ɾ,757
e1 j a,780227
e1 j a s,49475
e1 j o,80586
e1 j o s,353732
e l o k w e1 n t e,745
e l o1 x j o,927
e l o1 x j o s,797
e1 l s a,2493
e l u d i1 ɾ,841
e l b i1 ɾ a,1159
e m a1 i l,1722
e m a1 i l s,783
e m b a x a1 d a,5805
e m b a x a d o1 ɾ,8595
e m b a x a d o1 ɾ a,601
e m b a x a d o1 ɾ e s,1095
e m b a ɾ a s a1 d a,24153
e m b a ɾ a s a1 d a s,1266
e m b a ɾ a s a1 d o,555
e m b a ɾ a1 s o,4806
e m b a ɾ a s o1,471
e m b a ɾ a s o1 s a,541
e m b a ɾ a s o1 s o,3007
e m b a ɾ k a s j o1 n,656
e m b a ɾ k a d e1 ɾ o,762
e m b a ɾ k a1 ɾ,769
e m b a1 ɾ g o,36781
e m b a1 ɾ k e,1697
e m b l e1 m a,901
e m b o1 l j a,722
e m b o r a1 tʃ a,620
e m b o r a tʃ a1 ɾ,467
e m b o r a tʃ a1 ɾ m e,2008
e m b o r a tʃ a1 ɾ n o s,1314
e m b o r a tʃ a1 ɾ s e,1596
e m b o r a tʃ a1 ɾ t e,1085
e m b o r a tʃ e1,524
e m b o r a tʃ o1,696
e m b o s k a1 d a,3802
e m b o t e j a1 d a,459
e m b ɾ a1 g e,945
e m b ɾ j o1 n,505
e m b ɾ o1 j o,496
e m b ɾ u x a1 d a,885
e m b ɾ u x a1 d o,771
e m b u s t e1 ɾ o,1373
e m e ɾ x e1 n s j a,24262
e m e ɾ x e1 n s j a s,5312
e m e ɾ x e1 ɾ,483
e m i1 l j o,1321
e m i n e1 n s j a,3375
e m i1 ɾ,452
e m i s a1 ɾ j o,910
e m i s j o1 n,1685
e m i s j o1 n e s,812
e m i s o1 ɾ,548
e m i s o1 ɾ a,1479
e m i s o1 ɾ a s,453
e m i1 t e,1127
e m i1 t e n,461
e m i t i1 d o,702
e m i t j e1 n d o,643
e m i t j o1,617
e m i t i1 ɾ,1500
e m o s j o1 n,8653
e m o s j o1 n a,1366
e m o s j o n a1 d a,3721
e m o s j o n a1 d o,5159
e m o s j o n a1 d o s,1435
e m o s j o n a1 l,6224
e m o s j o n a1 l e s,1526
e m o s j o n a l m e1 n t e,2716
e m o s j o n a1 n t e,10724
e m o s j o n a1 n t e s,732
e m o s j o1 n e s,9787
e m o t i1 b a,495
e m o t i1 b o,917
e m p a1 k a,1371
e m p a k a1 d o,591
e m p a k a1 n d o,920
e m p a k a1 ɾ,3148
e m p a p a1 d a,985
e m p a p a1 d o,1531
e m p a p a1 d o s,453
e m p a1 k e,621
e m p a k e1,621
e m p a1 k e n,495
e m p a k e t a1 ɾ,459
e m p a ɾ e d a1 d o,1192
e m p a ɾ e d a1 d o s,713
e m p a t a1 d o s,799
e m p a1 t e,1672
e m p a t i1 a,877
e m p e s e1,13185
e m p e s e1 m o s,9668
e m p e j a1 d o,704
e m p e j a1 ɾ,463
e m p e1 j o,1606
e m p e1 j o s,688
e m p e o1 ɾ a,1601
e m p e o ɾ a1 d o,908
e m p e o ɾ a1 n d o,2046
e m p e o ɾ a1 ɾ,2261
e m p e o ɾ a ɾ a1,579
e m p e o1 ɾ e,477
e m p e o ɾ o1,756
e m p e ɾ a d o1 ɾ,14312
e m p e ɾ a d o1 ɾ e s,527
e m p e ɾ a t ɾ i1 s,2473
e m p e s a1 b a,3506
e m p e s a1 b a n,539
e m p e s a1 d,739
e m p e s a1 d o,10551
e m p e s a1 m o s,14918
e m p e s a1 n d o,14907
e m p e s a1 ɾ,62254
e m p e s a1 ɾ a,1409
e m p e s a ɾ a1,2741
e m p e s a1 ɾ a n,463
e m p e s a ɾ a1 n,1163
e m p e s a ɾ a1 s,768
e m p e s a ɾ e1,3288
e m p e s a ɾ e1 m o s,4145
e m p e s a ɾ i1 a,969
e m p e s a1 ɾ o n,7594
e m p e s a1 s t e,4134
e m p e s o1,30145
e m p j e1 s e,8950
e m p j e1 s e n,4432
e m p j e1 s e s,7442
e m p j e1 s a,32972
e m p j e1 s a n,6511
e m p j e1 s a s,6697
e m p j e1 s o,8988
e m p l e1 a,700
e m p l e a1 d a,2509
e m p l e a1 d a s,494
e m p l e a1 d o,8325
e m p l e a d o1 ɾ,645
e m p l e a1 d o s,9669
e m p l e a1 ɾ,932
e m p l e1 o,17898
e m p l e1 o s,2331
e m p ɾ e n d e1 ɾ,855
e m p ɾ e1 s a,20237
e m p ɾ e s a ɾ j a1 l,695
e m p ɾ e s a1 ɾ j o,2326
e m p ɾ e s a1 ɾ j o s,1023
e m p ɾ e1 s a s,5186
e m p u1 x a,5130
e m p u x a1 d o,1212
e m p u1 x a l o,763
e m p u1 x a m e,455
e m p u1 x a n,542
e m p u x a1 n d o,1561
e m p u x a1 ɾ,2793
e m p u x a1 ɾ l a,494
e m p u x a1 ɾ l o,981
e m p u x a1 ɾ m e,1024
e m p u x a1 ɾ o n,508
e m p u1 x a s,598
e m p u x a1 s t e,519
e m p u1 x e,2243
e m p u x e1,803
e m p u1 x e n,1714
e m p u1 x e s,1221
e m p u1 x o,659
e m p u x o1,2026
e m p u x o1 n,1585
e1 n,7244684
e n a m o1 ɾ a,1512
e n a m o ɾ a1 d a,13486
e n a m o ɾ a1 d a s,554
e n a m o ɾ a1 d o,21752
e n a m o ɾ a1 d o s,5082
e n a m o ɾ a m j e1 n t o,495
e n a m o ɾ a1 m o s,710
e n a m o1 ɾ a n,713
e n a m o ɾ a1 n d o,1189
e n a m o ɾ a1 ɾ,759
e n a m o ɾ a1 ɾ m e,3251
e n a m o ɾ a1 ɾ n o s,512
e n a m o ɾ a1 ɾ s e,3477
e n a m o ɾ a1 ɾ t e,1647
e n a m o1 ɾ a s,656
e n a m o ɾ a1 s t e,1026
e n a m o1 ɾ e,1092
e n a m o ɾ e1,3615
e n a m o1 ɾ e s,462
e n a m o1 ɾ o,655
e n a m o ɾ o1,2181
e n a1 n a,833
e n a1 n o,5827
e n a1 n o s,2650
e ɲ k a d e n a1 d o,1224
e ɲ k a d e n a1 d o s,459
e ɲ k a1 x a,5354
e ɲ k a x a1 b a,596
e ɲ k a1 x a n,1110
e ɲ k a x a1 ɾ,1943
e ɲ k a1 x e,1407
e ɲ k a1 x o,703
e ɲ k a1 n t a,53202
e ɲ k a n t a1 b a,4057
e ɲ k a n t a1 b a n,828
e ɲ k a n t a1 d a,11571
e ɲ k a n t a1 d o,25681
e ɲ k a n t a d o1 ɾ,14089
e ɲ k a n t a d o1 ɾ a,12872
e ɲ k a n t a d o1 ɾ a s,1064
e ɲ k a n t a d o1 ɾ e s,1514
e ɲ k a n t a1 d o s,1875
e ɲ k a n t a m j e1 n t o,602
e ɲ k a1 n t a n,11432
e ɲ k a n t a1 ɾ,4079
e ɲ k a n t a ɾ a1,4879
e ɲ k a n t a ɾ i1 a,24313
e ɲ k a1 n t o,10963
e ɲ k a n t o1,5300
e ɲ k a1 n t o s,1692
e ɲ k a ɾ a1 ɾ,938
e ɲ k a ɾ s e l a1 d o,1421
e ɲ k a ɾ s e l a m j e1 n t o,563
e ɲ k a ɾ s e l a1 ɾ,465
e ɲ k a1 ɾ g a,2581
e ɲ k a ɾ g a1 b a,496
e ɲ k a ɾ g a1 d a,1225
e ɲ k a ɾ g a1 d o,8014
e ɲ k a ɾ g a1 d o s,598
e ɲ k a ɾ g a1 m o s,1260
e ɲ k a1 ɾ g a n,524
e ɲ k a ɾ g a1 n d o,593
e ɲ k a ɾ g a1 ɾ,1771
e ɲ k a ɾ g a1 ɾ a,491
e ɲ k a ɾ g a ɾ a1,2391
e ɲ k a ɾ g a ɾ a1 n,601
e ɲ k a ɾ g a ɾ a1 s,536
e ɲ k a ɾ g a ɾ e1,8499
e ɲ k a ɾ g a ɾ e1 m o s,2211
e ɲ k a ɾ g a ɾ i1 a,476
e ɲ k a ɾ g a1 ɾ m e,6130
e ɲ k a ɾ g a1 ɾ n o s,1716
e ɲ k a ɾ g a1 ɾ o n,481
e ɲ k a ɾ g a1 ɾ s e,3781
e ɲ k a ɾ g a1 ɾ t e,3277
e ɲ k a1 ɾ g a s,1039
e ɲ k a ɾ g a1 s t e,454
e ɲ k a1 ɾ g a t e,6326
e ɲ k a1 ɾ g o,13362
e ɲ k a ɾ g o1,1838
e ɲ k a1 ɾ g e,2457
e ɲ k a ɾ g e1,1434
e ɲ k a1 ɾ g e n s e,735
e ɲ k a1 ɾ g e s,489
e ɲ k a1 ɾ g e s e,1293
e ɲ k a ɾ n a s j o1 n,520
e n s e n d e d o1 ɾ,2078
e n s e n d e1 ɾ,5692
e n s e n d e ɾ e1,856
e n s e n d e1 ɾ l a,646
e n s e n d e1 ɾ l o,1551
e n s e n d i1,548
e n s e n d i1 d a,3304
e n s e n d i1 d a s,1669
e n s e n d i1 d o,5405
e n s e n d i1 d o s,685
e n s e n d j e1 n d o,678
e n s e n d j o1,1478
e n s e r a1 d a,3039
e n s e r a1 d o,8816
e n s e r a1 d o s,2696
e n s e r a1 m o s,548
e n s e r a1 ɾ,2092
e n s e r a ɾ a1 n,571
e n s e r a1 ɾ l a,672
e n s e r a1 ɾ l o,1575
e n s e r a1 ɾ l o s,674
e n s e r a1 ɾ m e,1589
e n s e r a1 ɾ n o s,624
e n s e r a1 ɾ o n,1561
e n s e r a1 ɾ t e,1268
e n s e r e1,455
e n s e r o1,1881
e n tʃ u1 f e,774
e n s i1 a s,563
e n s i k l o p e1 d j a,773
e n s j e1 n d a,1789
e n s j e1 n d a n,1381
e n s j e1 n d a s,456
e n s j e1 n d e,6251
e n s j e1 n d e l a,883
e n s j e1 n d e l o,1862
e n s j e1 n d e n,712
e n s j e1 n d e s,789
e n s j e1 n d o,876
e n s j e1 r a,875
e n s j e1 r a n,752
e n s j e1 r e n,948
e n s j e1 r e n l o,563
e n s j e1 r o,1070
e n s i1 m a,63999
e n s i1 n t a,690
e ɲ k o n t ɾ a1 b a,4944
e ɲ k o n t ɾ a1 b a n,844
e ɲ k o n t ɾ a1 d a,2451
e ɲ k o n t ɾ a1 d a s,885
e ɲ k o n t ɾ a1 d o,53366
e ɲ k o n t ɾ a1 d o s,1772
e ɲ k o n t ɾ a1 m o s,38812
e ɲ k o n t ɾ a1 n d o,1545
e ɲ k o n t ɾ a1 ɾ,111446
e ɲ k o n t ɾ a1 ɾ a,3419
e ɲ k o n t ɾ a ɾ a1,10071
e ɲ k o n t ɾ a1 ɾ a m o s,707
e ɲ k o n t ɾ a1 ɾ a n,1582
e ɲ k o n t ɾ a ɾ a1 n,6459
e ɲ k o n t ɾ a1 ɾ a s,1937
e ɲ k o n t ɾ a ɾ a1 s,9055
e ɲ k o n t ɾ a1 ɾ e,847
e ɲ k o n t ɾ a ɾ e1,12216
e ɲ k o n t ɾ a ɾ e1 i s,461
e ɲ k o n t ɾ a ɾ e1 m o s,15858
e ɲ k o n t ɾ a ɾ i1 a,4188
e ɲ k o n t ɾ a ɾ i1 a m o s,985
e ɲ k o n t ɾ a ɾ i1 a n,756
e ɲ k o n t ɾ a ɾ i1 a s,822
e ɲ k o n t ɾ a1 ɾ l a,17461
e ɲ k o n t ɾ a1 ɾ l a s,1681
e ɲ k o n t ɾ a1 ɾ l e,6971
e ɲ k o n t ɾ a1 ɾ l e s,872
e ɲ k o n t ɾ a1 ɾ l o,28461
e ɲ k o n t ɾ a1 ɾ l o s,6284
e ɲ k o n t ɾ a1 ɾ m e,14972
e ɲ k o n t ɾ a1 ɾ n o s,9161
e ɲ k o n t ɾ a1 ɾ o n,23589
e ɲ k o n t ɾ a1 ɾ o s,522
e ɲ k o n t ɾ a1 ɾ s e,7630
e ɲ k o n t ɾ a1 ɾ t e,13423
e ɲ k o n t ɾ a1 s e,592
e ɲ k o n t ɾ a1 s t e,19199
e ɲ k o n t ɾ e1,53917
e ɲ k o n t ɾ e1 m o n o s,715
e ɲ k o n t ɾ e1 m o s,7211
e ɲ k o n t ɾ o1,32301
e ɲ k ɾ u s i x a1 d a,871
e ɲ k u b j e1 ɾ t a,1551
e ɲ k u b j e1 ɾ t o,3071
e ɲ k u b j e1 ɾ t o s,844
e ɲ k u b ɾ j e1 n d o,561
e ɲ k u b ɾ i m j e1 n t o,884
e ɲ k u b ɾ i1 ɾ,867
e ɲ k u b ɾ i1 ɾ l o,606
e ɲ k w e1 n t ɾ a,40801
e ɲ k w e1 n t ɾ a l a,1621
e ɲ k w e1 n t ɾ a l o,2653
e ɲ k w e1 n t ɾ a l o s,700
e ɲ k w e1 n t ɾ a m e,3011
e ɲ k w e1 n t ɾ a n,11339
e ɲ k w e1 n t ɾ a s,19235
e ɲ k w e1 n t ɾ e,14401
e ɲ k w e1 n t ɾ e l o,612
e ɲ k w e1 n t ɾ e n,7607
e ɲ k w e1 n t ɾ e n l a,588
e ɲ k w e1 n t ɾ e n l o,1654
e ɲ k w e1 n t ɾ e n l o s,558
e ɲ k w e1 n t ɾ e s,5921
e ɲ k w e1 n t ɾ o,36122
e ɲ k w e1 n t ɾ o s,1892
e ɲ k w e1 s t a,1333
e ɲ k w e1 s t a s,1287
e1 n d e,537
e n d e ɾ e s a1 ɾ,643
e1 n e,936
e n e1 m a,556
e n e m i1 g a,2012
e n e m i1 g a s,1884
e n e m i1 g o,33292
e n e m i1 g o s,19019
e n e ɾ x e1 t i k a,884
e n e ɾ x i1 a,37634
e n e ɾ x i1 a s,1283
e n e1 ɾ x i k o,465
e n e1 ɾ o,5307
e m f a1 d a,1399
e m f a d a1 d a,7367
e m f a d a1 d o,10563
e m f a d a1 d o s,1066
e m f a d a1 ɾ,1906
e m f a d a ɾ a1,679
e m f a d a1 ɾ m e,1362
e m f a d a1 ɾ s e,1103
e m f a d a1 ɾ t e,1044
e m f a1 d a s,816
e m f a1 d e,1250
e m f a d e1,457
e m f a1 d e s,3072
e m f a1 d o,1253
e m f a d o1,923
e1 m f a s i s,679
e m f e1 ɾ m a,21908
e m f e ɾ m a1 d o,492
e m f e1 ɾ m a n,622
e m f e ɾ m a1 ɾ,1378
e m f e ɾ m a1 ɾ s e,614
e m f e1 ɾ m a s,1283
e m f e ɾ m e1,486
e m f e ɾ m e d a1 d,23538
e m f e ɾ m e d a1 d e s,6424
e m f e ɾ m e1 ɾ a,16647
e m f e ɾ m e1 ɾ a s,4295
e m f e ɾ m e ɾ i1 a,5669
e m f e ɾ m e1 ɾ o,2252
e m f e ɾ m e1 ɾ o s,590
e m f e ɾ m i1 s a,569
e m f e ɾ m i1 s o,1194
e m f e1 ɾ m o,35411
e m f e ɾ m o1,2194
e m f e1 ɾ m o s,6835
e m f o1 k a,551
e m f o k a1 d o,576
e m f o k a1 ɾ,667
e m f o k a1 ɾ n o s,626
e m f o1 k a t e,556
e m f o1 k e,2352
e m f ɾ e1 n t a,2820
e m f ɾ e n t a1 d o,1502
e m f ɾ e1 n t a l o,710
e m f ɾ e n t a m j e1 n t o,1466
e m f ɾ e n t a1 m o s,2881
e m f ɾ e1 n t a n,1344
e m f ɾ e n t a1 n d o,1203
e m f ɾ e n t a1 n d o s e,611
e m f ɾ e n t a1 ɾ,5917
e m f ɾ e n t a ɾ a1,684
e m f ɾ e n t a ɾ e1,523
e m f ɾ e n t a ɾ e1 m o s,586
e m f ɾ e n t a1 ɾ l o,2182
e m f ɾ e n t a1 ɾ l o s,860
e m f ɾ e n t a1 ɾ m e,3984
e m f ɾ e n t a1 ɾ n o s,2158
e m f ɾ e n t a1 ɾ o n,491
e m f ɾ e n t a1 ɾ s e,6417
e m f ɾ e n t a1 ɾ t e,3346
e m f ɾ e1 n t a s,1254
e m f ɾ e1 n t a t e,557
e m f ɾ e1 n t e,12256
e m f ɾ e n t e1,495
e m f ɾ e n t e1 m o s l o,838
e m f ɾ e1 n t o,824
e m f ɾ e n t o1,1277
e m f ɾ i1 a,1007
e m f ɾ j a m j e1 n t o,467
e m f ɾ j a1 n d o,748
e m f ɾ j a1 ɾ,941
e m f ɾ j a1 ɾ s e,656
e m f ɾ i1 e,929
e m f u ɾ e1 s e,633
e m f u ɾ e s i1 d o,481
e m f u ɾ e s j o1,680
e ɲ g a n tʃ a1 d a,530
e ɲ g a n tʃ a1 d o,1578
e ɲ g a n tʃ a1 ɾ,516
e ɲ g a1 n tʃ e,519
e ɲ g a n tʃ o1,536
e ɲ g a1 j a,2903
e ɲ g a j a1 b a,805
e ɲ g a j a1 d a,681
e ɲ g a j a1 d o,5941
e ɲ g a j a1 d o s,744
e ɲ g a j a1 m o s,630
e ɲ g a1 j a n,1767
e ɲ g a j a1 n d o,4286
e ɲ g a j a1 n d o m e,660
e ɲ g a j a1 ɾ,7647
e ɲ g a j a1 ɾ l a,717
e ɲ g a j a1 ɾ l o,951
e ɲ g a j a1 ɾ l o s,812
e ɲ g a j a1 ɾ m e,5586
e ɲ g a j a1 ɾ n o s,1754
e ɲ g a j a1 ɾ o n,1303
e ɲ g a j a1 ɾ t e,2416
e ɲ g a1 j a s,2081
e ɲ g a j a1 s t e,2342
e ɲ g a1 j e,1492
e ɲ g a j e1,1773
e ɲ g a1 j e n,532
e ɲ g a1 j e s,1246
e ɲ g a1 j o,6747
e ɲ g a j o1,3959
e ɲ g a1 j o s,1275
e ɲ g a j o1 s a,467
e ɲ g a j o1 s o,535
e ɲ x e1 n d ɾ o,546
e ɲ g o ɾ d a1 d o,766
e ɲ g o ɾ d a1 n d o,492
e ɲ g o ɾ d a1 ɾ,794
e ɲ g ɾ a n a1 x e,454
e ɲ g ɾ a n a1 x e s,486
e ɲ g ɾ e i1 d a,476
e ɲ g ɾ e i1 d o,1554
e n o ɾ a b w e1 n a,7532
e n i1 g m a,1487
e ɲ x a1 m b ɾ e,574
e ɲ x a u1 l a d o,468
e n l a1 s e,4286
e n l a1 s e s,551
e n l o k e1 s e,1352
e n l o k e1 s e n,530
e n l o k e s e1 ɾ,1683
e n l o k e s i1 d o,1286
e n l o k e s j e1 n d o,1673
e n l o k e s j o1,1840
e m m a s k a ɾ a1 d o,1030
e m m e n d a1 ɾ,567
e m m j e1 n d a,2013
e n o1 x a,1378
e n o x a1 d a,8969
e n o x a1 d o,14596
e n o x a1 d o s,1740
e n o x a1 ɾ,4341
e n o x a ɾ a1,549
e n o x a1 ɾ m e,1140
e n o x a1 ɾ s e,1116
e n o x a1 ɾ t e,930
e n o1 x a s,831
e n o1 x e,841
e n o x e1,535
e n o1 x e s,2563
e n o1 x o,2943
e n o x o1,1298
e n o ɾ g u j e1 s e,1371
e n o ɾ g u j e1 s k o,452
e n o1 ɾ m e,24705
e n o ɾ m e m e1 n t e,1417
e n o1 ɾ m e s,6518
e n r e d a1 d o,825
e n r e1 d o,736
e n r i1 k e,2873
e n s a l a1 d a,6996
e n s a l a1 d a s,734
e n s a ɲ g ɾ e n t a1 d a,498
e n s a ɲ g ɾ e n t a1 d o,452
e n s a j a1 d o,566
e n s a j a1 m o s,689
e n s a j a1 n d o,1577
e n s a j a1 ɾ,2645
e n s a1 j o,8298
e n s a1 j o s,2900
e n s e g i1 d a,45948
e n s e1 j a,5904
e n s e j a1 b a,1244
e n s e j a1 d o,6074
e n s e1 j a l e,3537
e n s e1 j a l e s,1280
e n s e1 j a m e,7932
e n s e1 j a m e l a,732
e n s e1 j a m e l o,2025
e n s e j a1 m o s,997
e n s e1 j a n,2900
e n s e j a1 n d o,3381
e n s e j a1 n d o l e,771
e n s e1 j a n o s,1401
e n s e j a1 n s a,1644
e n s e j a1 n s a s,1336
e n s e j a1 ɾ,10896
e n s e j a1 ɾ a,750
e n s e j a ɾ a1,1997
e n s e j a ɾ a1 s,571
e n s e j a ɾ e1,8946
e n s e j a ɾ e1 m o s,843
e n s e j a ɾ i1 a,624
e n s e j a1 ɾ l e,11487
e n s e j a1 ɾ l e s,5694
e n s e j a1 ɾ m e,8089
e n s e j a1 ɾ n o s,2072
e n s e j a1 ɾ o n,3092
e n s e j a1 ɾ o s,792
e n s e j a1 ɾ s e l a,535
e n s e j a1 ɾ s e l o,1434
e n s e j a1 ɾ t e,13658
e n s e j a1 ɾ t e l o,759
e n s e1 j a s,2254
e n s e1 j a s e l o,891
e n s e j a1 s t e,2920
e n s e1 j e,3461
e n s e j e1,3867
e n s e1 j e m e,1640
e n s e1 j e n,481
e n s e1 j e s,955
e n s e1 j o,5289
e n s e j o1,11726
e n s u s j a1 ɾ,850
e n s u s j a1 ɾ m e,500
e n s u s j a1 ɾ s e,826
e n s u s j a1 ɾ t e,524
e n s w e1 j o,1148
e n t a b l a1 ɾ,564
e1 n t e,803
e n t e n d a1 m o s,624
e n t e n d e1 i s,1343
e n t e n d e1 m o s,5525
e n t e n d e1 ɾ,36629
e n t e n d e ɾ a1,3236
e n t e n d e ɾ a1 n,1061
e n t e n d e ɾ a1 s,2606
e n t e n d e ɾ e1,1355
e n t e n d e ɾ i1 a,2356
e n t e n d e ɾ i1 a s,2260
e n t e n d e1 ɾ l a,1090
e n t e n d e1 ɾ l e,608
e n t e n d e1 ɾ l o,14505
e n t e n d e1 ɾ l o s,677
e n t e n d e1 ɾ m e,1880
e n t e n d e1 ɾ n o s,1020
e n t e n d e1 ɾ s e,696
e n t e n d e1 ɾ t e,1560
e n t e n d i1,11607
e n t e n d i1 a,2993
e n t e n d i1 a n,461
e n t e n d i1 b l e,493
e n t e n d i1 d o,54752
e n t e n d j e1 n d o,1775
e n t e n d j e1 ɾ a,739
e n t e n d j e1 ɾ o n,1939
e n t e n d i m j e1 n t o,1978
e n t e n d i1 m o s,888
e n t e n d j o1,3752
e n t e n d i1 s t e,7415
e n t e1 ɾ a,17147
e n t e ɾ a1 d a,566
e n t e ɾ a1 d o,7342
e n t e ɾ a m e1 n t e,1073
e n t e ɾ a1 m o s,1246
e n t e1 ɾ a n,1217
e n t e ɾ a1 ɾ,2945
e n t e ɾ a1 ɾ a,1100
e n t e ɾ a ɾ a1,1419
e n t e ɾ a ɾ i1 a,512
e n t e ɾ a1 ɾ m e,4724
e n t e ɾ a1 ɾ n o s,732
e n t e ɾ a1 ɾ o n,1068
e n t e ɾ a1 ɾ s e,5097
e n t e ɾ a1 ɾ t e,1055
e n t e1 ɾ a s,2698
e n t e ɾ a1 s t e,2267
e n t e1 ɾ a t e,935
e n t e1 ɾ e,4336
e n t e ɾ e1,6285
e n t e1 ɾ e n,1116
e n t e1 ɾ o,19967
e n t e ɾ o1,3905
e n t e1 ɾ o s,1491
e n t e r a1 d a,2222
e n t e r a1 d a s,538
e n t e r a1 d o,6802
e n t e r a1 d o s,1993
e n t e r a1 m o s,1243
e n t e r a1 n d o,516
e n t e r a1 ɾ,3963
e n t e r a ɾ e1,479
e n t e r a ɾ e1 m o s,461
e n t e r a1 ɾ l a,868
e n t e r a1 ɾ l o,2567
e n t e r a1 ɾ l o s,872
e n t e r a1 ɾ m e,484
e n t e r a1 ɾ o n,1330
e n t e r a1 ɾ t e,674
e n t e r a1 s t e,497
e n t e r e1,1033
e n t e r o1,1167
e n t i d a1 d,1298
e n t j e1 n d a,5072
e n t j e1 n d a n,1773
e n t j e1 n d a s,4148
e n t j e1 n d e,31285
e n t j e1 n d e l o,1470
e n t j e1 n d e m e,500
e n t j e1 n d e n,10890
e n t j e1 n d e s,73758
e n t j e1 n d o,143936
e n t j e1 r a,721
e n t j e1 r a n,581
e n t j e1 r e n,746
e n t j e1 r o,3545
e n t o1 n s e s,607363
e n t o1 ɾ n o,3117
e1 n t ɾ a,47828
e n t ɾ a1 b a,2193
e n t ɾ a1 b a n,526
e n t ɾ a1 d,1777
e n t ɾ a1 d a,29500
e n t ɾ a1 d a s,9250
e n t ɾ a1 d o,10171
e n t ɾ a1 m o s,7527
e1 n t ɾ a n,5816
e n t ɾ a1 n d o,9952
e n t ɾ a1 n t e,1940
e n t ɾ a1 j a s,2585
e n t ɾ a1 ɾ,108960
e n t ɾ a1 ɾ a,2104
e n t ɾ a ɾ a1,2874
e n t ɾ a1 ɾ a n,527
e n t ɾ a ɾ a1 n,1128
e n t ɾ a1 ɾ a s,598
e n t ɾ a ɾ a1 s,1055
e n t ɾ a ɾ e1,2490
e n t ɾ a ɾ e1 m o s,2604
e n t ɾ a ɾ i1 a,1017
e n t ɾ a1 ɾ o n,5437
e1 n t ɾ a s,5602
e n t ɾ a1 s t e,5212
e1 n t ɾ e,195916
e n t ɾ e1,8208
e n t ɾ e1 g a,11845
e n t ɾ e g a1 d a,792
e n t ɾ e g a1 d o,4175
e n t ɾ e g a1 d o s,559
e n t ɾ e1 g a l e,510
e n t ɾ e1 g a l o,561
e n t ɾ e1 g a m e,1160
e n t ɾ e1 g a m e l o,753
e n t ɾ e g a1 m o s,1354
e n t ɾ e1 g a n,834
e n t ɾ e g a1 n d o,1260
e n t ɾ e g a1 ɾ,9364
e n t ɾ e g a1 ɾ a,979
e n t ɾ e g a ɾ a1,1375
e n t ɾ e g a ɾ a1 n,491
e n t ɾ e g a ɾ a1 s,459
e n t ɾ e g a ɾ e1,2053
e n t ɾ e g a ɾ e1 m o s,697
e n t ɾ e g a ɾ i1 a,610
e n t ɾ e g a1 ɾ l a,1154
e n t ɾ e g a1 ɾ l e,3016
e n t ɾ e g a1 ɾ l e s,610
e n t ɾ e g a1 ɾ l o,2688
e n t ɾ e g a1 ɾ l o s,640
e n t ɾ e g a1 ɾ m e,3516
e n t ɾ e g a1 ɾ n o s,896
e n t ɾ e g a1 ɾ o n,1206
e n t ɾ e g a1 ɾ s e,2254
e n t ɾ e g a1 ɾ s e l a,612
e n t ɾ e g a1 ɾ s e l o,1371
e n t ɾ e g a1 ɾ t e,2923
e n t ɾ e1 g a s,3028
e n t ɾ e g a1 s t e,1060
e n t ɾ e1 g a t e,1265
e n t ɾ e1 g o,2876
e n t ɾ e g o1,3846
e n t ɾ e1 g e,2988
e n t ɾ e g e1,1652
e n t ɾ e1 g e n,1195
e n t ɾ e1 g e s,909
e n t ɾ e1 m o s,4293
e1 n t ɾ e n,9963
e n t ɾ e1 n a,909
e n t ɾ e n a1 d a,894
e n t ɾ e n a1 d o,3985
e n t ɾ e n a d o1 ɾ,16205
e n t ɾ e n a d o1 ɾ a,1057
e n t ɾ e n a d o1 ɾ e s,896
e n t ɾ e n a1 d o s,1921
e n t ɾ e n a m j e1 n t o,14406
e n t ɾ e n a m j e1 n t o s,554
e n t ɾ e n a1 m o s,591
e n t ɾ e1 n a n,562
e n t ɾ e n a1 n d o,2634
e n t ɾ e n a1 ɾ,4583
e n t ɾ e n a1 ɾ l o,578
e n t ɾ e n a1 ɾ l o s,544
e n t ɾ e n a1 ɾ m e,522
e n t ɾ e n a1 ɾ o n,643
e n t ɾ e n a1 ɾ s e,490
e n t ɾ e n a1 ɾ t e,904
e n t ɾ e n e1,744
e n t ɾ e1 n o,804
e n t ɾ e n o1,916
e n t ɾ e p j e1 ɾ n a,1253
e1 n t ɾ e s,4470
e n t ɾ e t a1 n t o,855
e n t ɾ e t e n e1 ɾ,1348
e n t ɾ e t e n e1 ɾ m e,677
e n t ɾ e t e n e1 ɾ s e,647
e n t ɾ e t e n e1 ɾ t e,618
e n t ɾ e t e n i1 d a,590
e n t ɾ e t e n i1 d o,1852
e n t ɾ e t j e1 n e,465
e n t ɾ e b i1 s t a,14349
e n t ɾ e b i s t a1 d o,590
e n t ɾ e b i s t a1 n d o,619
e n t ɾ e b i s t a1 ɾ,1592
e n t ɾ e b i s t a1 ɾ l o,470
e n t ɾ e b i s t a1 ɾ m e,583
e n t ɾ e b i s t a1 ɾ t e,478
e n t ɾ e b i1 s t a s,3891
e n t ɾ i s t e1 s e,1000
e1 n t ɾ o,6417
e n t ɾ o1,19333
e n t ɾ o m e t e1 ɾ m e,1872
e n t ɾ o m e t e1 ɾ s e,730
e n t ɾ o m e t e1 ɾ t e,536
e n t ɾ o m e t i1 d a,505
e n t ɾ o m e t i1 d o,982
e n t u s j a1 s m a,731
e n t u s j a s m a1 d a,1084
e n t u s j a s m a1 d o,2045
e n t u s j a s m a1 d o s,590
e n t u s j a1 s m o,4194
e n t u s j a1 s t a,1411
e m b a1 s e,526
e m b e x e1 s e,739
e m b e x e1 s e n,514
e m b e x e s e1 ɾ,1763
e m b e x e s i1 d o,1155
e m b e x e s j e1 n d o,966
e m b e x e s i m j e1 n t o,591
e m b e n e n a1 d a,1234
e m b e n e n a1 d o,2672
e m b e n e n a m j e1 n t o,1450
e m b e n e n a1 ɾ,892
e m b e n e n a1 ɾ m e,553
e m b e n e n a1 ɾ o n,477
e m b e n e n o1,1080
e m b i1 a,12606
e m b j a1 b a,926
e m b j a1 d a,1950
e m b j a1 d a s,697
e m b j a1 d o,16325
e m b j a1 d o s,2299
e m b i1 a l a,586
e m b i1 a l e,1348
e m b i1 a l o,1476
e m b i1 a l o s,489
e m b i1 a m e,2713
e m b i1 a m e l o,590
e m b j a1 m o s,3594
e m b i1 a n,3456
e m b j a1 n d o,4236
e m b i1 a n o s,463
e m b j a1 ɾ,16635
e m b j a1 ɾ a,1058
e m b j a ɾ a1,2269
e m b j a1 ɾ a n,814
e m b j a ɾ a1 n,2058
e m b j a ɾ e1,8327
e m b j a ɾ e1 m o s,2771
e m b j a ɾ i1 a,1187
e m b j a1 ɾ l a,2050
e m b j a1 ɾ l a s,576
e m b j a1 ɾ l e,3743
e m b j a1 ɾ l e s,790
e m b j a1 ɾ l o,3503
e m b j a1 ɾ l o s,1438
e m b j a1 ɾ m e,3944
e m b j a1 ɾ n o s,1308
e m b j a1 ɾ o n,7609
e m b j a1 ɾ s e l o,558
e m b j a1 ɾ t e,3651
e m b i1 a s,1311
e m b j a1 s t e,3592
e m b i1 d j a,4286
e m b i1 d j o,2769
e m b j e1,7911
e m b i1 e,4820
e m b i1 e l o,640
e m b i1 e m e,828
e m b j e1 m o s,656
e m b i1 e n,4198
e m b i1 e n l o,469
e m b i1 e s,904
e m b j o1,20355
e m b i1 o,5483
e m b i1 o s,800
e m b o l t o1 ɾ j o,621
e m b o l t u1 ɾ a,554
e m b o l b e1 ɾ,910
e m b o l b e1 ɾ l o,569
e m b w e1 l t a,1352
e m b w e1 l t o,3161
e m b w e1 l t o s,758
e m b w e1 l b e,819
e n s i1 m a,576
e n s i1 m a s,545
e1 p a,1378
e1 p i k a,655
e1 p i k o,613
e p i d e1 m j a,2424
e p i f a n i1 a,511
e p i l e1 p s j a,819
e p i n e f ɾ i1 n a,884
e p i s o1 d j o,7087
e p i s o1 d j o s,1269
e1 p o k a,22132
e1 p o k a s,1479
e k i l i b ɾ a1 d a,464
e k i l i b ɾ a1 d o,507
e k i l i b ɾ a1 ɾ,565
e k i l i1 b ɾ j o,4936
e k i p a1 d a,524
e k i p a1 d o,1127
e k i p a1 d o s,640
e k i p a1 x e,9079
e k i p a1 x e s,471
e k i p a m j e1 n t o,1475
e k i1 p o,106118
e k i1 p o s,11774
e k i b a1 l e,886
e k i b a l e1 n t e,1602
e k i b o1 k a,6378
e k i b o k a1 b a,827
e k i b o k a s j o1 n,1852
e k i b o k a1 d a,14940
e k i b o k a1 d a s,2281
e k i b o k a1 d o,36174
e k i b o k a1 d o s,4128
e k i b o k a1 m o s,1610
e k i b o1 k a n,1863
e k i b o k a1 n d o,456
e k i b o k a1 ɾ m e,1936
e k i b o k a1 ɾ o n,1152
e k i b o k a1 ɾ s e,1969
e k i b o k a1 ɾ t e,864
e k i b o1 k a s,8579
e k i b o k a1 s t e,2044
e k i b o1 k o,6283
e k i b o k o1,2705
e k i b o1 k e,1762
e k i b o k e1,6608
e k i b o1 k e s,793
e1 ɾ a,802515
e1 ɾ a m o s,20510
e1 ɾ a n,94615
e1 ɾ a s,51785
e1 ɾ a s e,836
e1 ɾ e,1955
e ɾ e k s j o1 n,2285
e1 ɾ e s,726195
e1 ɾ g o,489
e ɾ i1 k a,4294
e ɾ m i t a1 j o,686
e ɾ n e1 s t o,1426
e1 ɾ o,689
e ɾ o1 t i k a,726
e ɾ o1 t i k o,1115
e r a d i k a1 ɾ,645
e r a1 d o,1146
e r a1 n t e,1273
e r a1 ɾ,455
e r o1 n e a,924
e r o1 n e o,702
e r o1 ɾ,59247
e r o1 ɾ e s,15904
e ɾ u d i1 t o,844
e ɾ u d i1 t o s,476
e ɾ u p s j o1 n,1992
e ɾ u p s j o1 n e s,563
e1 s,7595196
e1 s a,584590
e1 s a,37972
e1 s a s,152902
e1 s a s,5001
e s k a b u j i1 ɾ m e,496
e s k a b u j i1 ɾ s e,774
e s k a b u j i1 ɾ t e,693
e s k a1 l a,6367
e s k a l a1 d a,849
e s k a l a1 n d o,589
e s k a l a1 ɾ,2466
e s k a1 l a s,716
e s k a l e1 ɾ a,11924
e s k a l e1 ɾ a s,14075
e s k a l o f ɾ j a1 n t e,1512
e s k a l o f ɾ i1 o,482
e s k a l o f ɾ i1 o s,2332
e s k a l o1 n,1636
e s k a l o1 n e s,2023
e s k a l p e1 l o,586
e s k a1 m a s,593
e s k a1 n d a l o,8053
e s k a1 n d a l o s,1038
e s k a n d a l o1 s a,578
e s k a n d a l o1 s o,1274
e s k a n e a1 n d o,554
e s k a n e a1 ɾ,487
e s k a n e1 o,969
e s k a1 n e ɾ,2665
e s k a1 p a,5964
e s k a p a1 b a,644
e s k a p a1 d a,687
e s k a p a1 d o,7520
e s k a p a1 m o s,1397
e s k a1 p a n,1731
e s k a p a1 n d o,3082
e s k a p a1 ɾ,29582
e s k a p a1 ɾ a,956
e s k a p a ɾ a1,1097
e s k a p a ɾ a1 s,728
e s k a p a ɾ a1 t e,785
e s k a p a1 ɾ m e,2927
e s k a p a1 ɾ n o s,1054
e s k a p a1 ɾ o n,2651
e s k a p a1 ɾ s e,4969
e s k a p a1 ɾ t e,2504
e s k a1 p a s,843
e s k a p a1 s t e,2023
e s k a1 p a t e,452
e s k a p a t o1 ɾ j a,1331
e s k a1 p e,10302
e s k a p e1,2316
e s k a1 p e n,917
e s k a1 p e s,941
e s k a1 p o,1374
e s k a p o1,12315
e s k a ɾ a b a1 x o,1180
e s k a ɾ a b a1 x o s,704
e s k a ɾ l a1 t a,1122
e s k a1 s a,595
e s k a1 s a s,465
e s k a s e1 s,1252
e s k a1 s o,717
e s k a1 s o s,790
e s s e1 n a,38243
e s s e n a1 ɾ j o,15640
e s s e n a1 ɾ j o s,1030
e s s e1 n a s,6219
e s s e p t i s i1 s m o,463
e s s e1 p t i k o,820
e s k l a1 b a,3011
e s k l a1 b a s,648
e s k l a b i t u1 d,2639
e s k l a1 b o,7118
e s k l a1 b o s,9728
e s k l e ɾ o1 s i s,633
e s k l u1 s a,729
e s k o1 b a,2650
e s k o b a1 ɾ,483
e s k o1 b a s,559
e s k o s e1 s,3115
e s k o s e1 s a,675
e s k o s e1 s e s,811
e s k o1 s j a,4084
e s k o1 x e,3740
e s k o1 x e n,544
e s k o x e1 ɾ,7195
e s k o x e ɾ i1 a,501
e s k o1 x e s,996
e s k o x i1,2224
e s k o x i1 d o,3673
e s k o x j e1 n d o,514
e s k o x j e1 ɾ o n,1039
e s k o x j o1,3006
e s k o x i1 s t e,1815
e s k o1 x a,1167
e s k o1 x a n,506
e s k o1 x o,1037
e s k o l a1 ɾ,5286
e s k o l a1 ɾ e s,1303
e s k o1 l t a,3582
e s k o1 l t a s,501
e s k o1 m b ɾ o s,2218
e s k o1 n d a,841
e s k o n d a1 m o n o s,461
e s k o1 n d a n s e,1541
e s k o1 n d a s,863
e s k o1 n d a s e,716
e s k o1 n d e,6306
e s k o1 n d e l o,569
e s k o n d e1 m o s,675
e s k o1 n d e n,2004
e s k o n d e1 ɾ,7219
e s k o n d e ɾ e1,639
e s k o n d e ɾ e1 m o s,457
e s k o n d e1 ɾ l a,874
e s k o n d e1 ɾ l o,2545
e s k o n d e1 ɾ l o s,470
e s k o n d e1 ɾ m e,4203
e s k o n d e1 ɾ n o s,3443
e s k o n d e1 ɾ s e,8068
e s k o n d e1 ɾ t e,5166
e s k o1 n d e s,2940
e s k o1 n d e t e,4585
e s k o n d i1,1965
e s k o n d i1 a,1346
e s k o n d i1 d a,3284
e s k o n d i1 d a s,4254
e s k o n d i1 d o,9712
e s k o n d i1 d o s,2572
e s k o n d j e1 n d o,4283
e s k o n d j e1 n d o m e,771
e s k o n d j e1 n d o s e,1596
e s k o n d j e1 n d o t e,762
e s k o n d j e1 ɾ o n,646
e s k o n d j o1,2485
e s k o n d i1 s t e,1228
e s k o n d i1 t e,4422
e s k o1 n d o,1227
e s k o p e1 t a,4187
e s k o p e1 t a s,917
e s k o1 ɾ j a,4155
e s k o ɾ p j o1 n,1606
e s k o ɾ p j o1 n e s,601
e s k o1 t e,765
e s k o t i1 j a,3173
e s k o t i1 j a s,533
e s k ɾ i1 b a,4232
e s k ɾ i1 b a n,980
e s k ɾ i1 b a s,1350
e s k ɾ i1 b e,13006
e s k ɾ i1 b e l e,686
e s k ɾ i1 b e l o,1497
e s k ɾ i1 b e m e,1443
e s k ɾ i1 b e n,1670
e s k ɾ i1 b e s,4335
e s k ɾ i b i1,10552
e s k ɾ i b i1 a,2570
e s k ɾ i b j e1 n d o,9175
e s k ɾ i b j e1 ɾ a,1016
e s k ɾ i b j e1 ɾ o n,1517
e s k ɾ i b i1 m o s,1286
e s k ɾ i b j o1,16344
e s k ɾ i b i1 ɾ,33873
e s k ɾ i b i ɾ a1,824
e s k ɾ i b i ɾ a1 s,809
e s k ɾ i b i ɾ e1,3704
e s k ɾ i b i ɾ e1 m o s,457
e s k ɾ i b i ɾ i1 a,776
e s k ɾ i b i1 ɾ l a,1187
e s k ɾ i b i1 ɾ l e,2866
e s k ɾ i b i1 ɾ l o,3034
e s k ɾ i b i1 ɾ m e,1176
e s k ɾ i b i1 ɾ t e,1434
e s k ɾ i b i1 s t e,4952
e s k ɾ i1 b o,6140
e s k ɾ i1 t a,4075
e s k ɾ i1 t a s,1508
e s k ɾ i1 t o,25935
e s k ɾ i t o1 ɾ,10260
e s k ɾ i t o1 ɾ a,2178
e s k ɾ i t o1 ɾ e s,2849
e s k ɾ i t o1 ɾ j o,13052
e s k ɾ i1 t o s,1926
e s k ɾ i t u1 ɾ a,3742
e s k ɾ i t u1 ɾ a s,1958
e s k ɾ o1 t o,611
e s k ɾ u1 p u l o s,1274
e s k w a1 d ɾ a,713
e s k w a d ɾ o1 n,7091
e s k w a d ɾ o1 n e s,1046
e s k u1 tʃ a,117132
e s k u tʃ a1 b a,2631
e s k u tʃ a1 d,5492
e s k u tʃ a1 d m e,3664
e s k u tʃ a1 d o,18676
e s k u1 tʃ a l a,715
e s k u1 tʃ a l o,1450
e s k u1 tʃ a m e,74858
e s k u tʃ a1 m o s,4118
e s k u1 tʃ a n,5198
e s k u tʃ a1 n d o,18992
e s k u tʃ a1 n d o m e,842
e s k u tʃ a1 n d o t e,584
e s k u1 tʃ a n o s,474
e s k u tʃ a1 ɾ,38635
e s k u tʃ a1 ɾ a,984
e s k u tʃ a ɾ a1,1953
e s k u tʃ a ɾ a1 n,984
e s k u tʃ a1 ɾ a s,536
e s k u tʃ a ɾ a1 s,787
e s k u tʃ a ɾ e1,1497
e s k u tʃ a ɾ e1 m o s,776
e s k u tʃ a ɾ i1 a,795
e s k u tʃ a1 ɾ l a,3704
e s k u tʃ a1 ɾ l a s,657
e s k u tʃ a1 ɾ l e,1277
e s k u tʃ a1 ɾ l o,8933
e s k u tʃ a1 ɾ l o s,1769
e s k u tʃ a1 ɾ m e,12666
e s k u tʃ a1 ɾ n o s,1211
e s k u tʃ a1 ɾ o n,3708
e s k u tʃ a1 ɾ t e,6732
e s k u1 tʃ a s,13751
e s k u tʃ a1 s t e,13111
e s k u1 tʃ a t e,1409
e s k u1 tʃ e,26702
e s k u tʃ e1,24747
e s k u1 tʃ e m e,11885
e s k u tʃ e1 m o s,1382
e s k u1 tʃ e n,20183
e s k u1 tʃ e m m e,6498
e s k u1 tʃ e s,5855
e s k u1 tʃ o,15862
e s k u tʃ o1,6418
e s k u d e1 ɾ o,992
e s k u1 d o,6935
e s k u1 d o s,5859
e s k w e1 l a,90413
e s k w e1 l a s,6077
e s k u l t o1 ɾ,630
e s k u l t u1 ɾ a,1515
e s k u l t u1 ɾ a s,724
e s k u1 p e,1449
e s k u1 p e l o,1562
e s k u p j e1 n d o,575
e s k u p j o1,758
e s k u p i1 ɾ,1604
e s k u r i d i1 s o,760
e1 s e,668619
e1 s e,54793
e s e1 n s j a,4212
e s e n s j a1 l,4261
e s e n s j a1 l e s,827
e s e n s j a l m e1 n t e,1274
e s f e1 ɾ a,2670
e s f e1 ɾ a s,1053
e s f i1 ɲ x e,583
e s f o ɾ s e1,531
e s f o ɾ s a1 d o,767
e s f o ɾ s a1 n d o,689
e s f o ɾ s a1 ɾ m e,1006
e s f o ɾ s a1 ɾ n o s,551
e s f o ɾ s a1 ɾ s e,1536
e s f o ɾ s a1 ɾ t e,1310
e s f w e1 ɾ s e s,567
e s f w e1 ɾ s a,685
e s f w e1 ɾ s a s,638
e s f w e1 ɾ s a t e,1073
e s f w e1 ɾ s o,13833
e s f w e1 ɾ s o s,4740
e s f u m a1 d o,663
e s f u1 m a t e,560
e s f u m o1,680
e s g ɾ i1 m a,927
e s l a b o1 n,1146
e s l o1 g a n,667
e s m a1 l t e,690
e s m e ɾ a1 l d a,1667
e s m e ɾ a1 l d a s,618
e s m o1 k i n,1539
e s n o1 b,491
e1 s o,2163331
e1 s o,3732
e1 s o s,191145
e1 s o s,4700
e s p a b i1 l a,533
e s p a s j a1 l,10020
e s p a s j a1 l e s,2474
e s p a1 s j o,37693
e s p a1 s j o s,2039
e s p a1 d a,25306
e s p a d a tʃ i1 n,687
e s p a1 d a s,4687
e s p a g e1 t i,1159
e s p a g e1 t i s,933
e s p a1 l d a,32611
e s p a1 l d a s,8773
e s p a1 n t a,705
e s p a n t a p a1 x a ɾ o s,1246
e s p a n t a1 ɾ,657
e s p a1 n t o,756
e s p a n t o1 s a,2349
e s p a n t o1 s a s,641
e s p a n t o1 s o,5484
e s p a n t o1 s o s,514
e s p a1 j a,8216
e s p a j o1 l,8858
e s p a j o1 l a,2190
e s p a j o1 l a s,461
e s p a j o1 l e s,2036
e s p a1 ɾ s e,528
e s p a ɾ s i1 d o,519
e s p a ɾ s j e1 n d o,468
e s p a ɾ s i1 ɾ,696
e s p a1 r a g o s,594
e s p a ɾ t a1 n o,690
e s p a ɾ t a1 n o s,1114
e s p a1 s m o,480
e s p a1 s m o s,735
e s p e1 s j a,1478
e s p e s j a1 l,70417
e s p e s j a1 l e s,13306
e s p e s j a l i d a1 d,4346
e s p e s j a l i1 s t a,4962
e s p e s j a l i1 s t a s,1787
e s p e s j a l i1 s a,543
e s p e s j a l i s a1 d a,516
e s p e s j a l i s a1 d o,917
e s p e s j a l m e1 n t e,23504
e s p e1 s j a s,1039
e s p e1 s j e,31378
e s p e1 s j e s,4168
e s p e s i f i1 k a,500
e s p e s i1 f i k a,1814
e s p e s i f i k a s j o1 n e s,976
e s p e s i1 f i k a m e n t e,3379
e s p e s i1 f i k a s,937
e s p e s i f i1 k o,526
e s p e s i1 f i k o,3528
e s p e s i1 f i k o s,1018
e s p e1 s i m e n,1083
e s p e s i1 m e n e s,500
e s p e k t a k u l a1 ɾ,4854
e s p e k t a k u l a1 ɾ e s,725
e s p e k t a1 k u l o,19785
e s p e k t a1 k u l o s,1531
e s p e k t a d o1 ɾ,1050
e s p e k t a d o1 ɾ e s,1700
e s p e1 k t ɾ o,2930
e s p e1 k t ɾ o s,3474
e s p e k u l a s j o1 n,1040
e s p e k u l a s j o1 n e s,675
e s p e k u l a1 ɾ,713
e s p e x i1 s m o,506
e s p e1 x o,14461
e s p e1 x o s,2796
e s p e l u s n a1 n t e,2338
e s p e1 ɾ a,286291
e s p e ɾ a1 b a,40486
e s p e ɾ a1 b a m o s,4650
e s p e ɾ a1 b a n,2828
e s p e ɾ a1 b a s,6729
e s p e ɾ a1 d,6339
e s p e ɾ a1 d m e,1598
e s p e ɾ a1 d o,9912
e s p e ɾ a1 i s,675
e s p e1 ɾ a l o,481
e s p e1 ɾ a m e,14099
e s p e ɾ a1 m o s,16816
e s p e1 ɾ a n,14840
e s p e ɾ a1 n d o,84320
e s p e ɾ a1 n d o l a,1139
e s p e ɾ a1 n d o l e,1450
e s p e ɾ a1 n d o l o,2105
e s p e ɾ a1 n d o l o s,792
e s p e ɾ a1 n d o m e,3947
e s p e ɾ a1 n d o n o s,1730
e s p e ɾ a1 n d o t e,7006
e s p e1 ɾ a n o s,653
e s p e ɾ a1 n s a,31004
e s p e ɾ a1 n s a s,9415
e s p e ɾ a1 ɾ,83058
e s p e ɾ a1 ɾ a,1546
e s p e ɾ a ɾ a1,2311
e s p e ɾ a ɾ a1 n,904
e s p e ɾ a1 ɾ a s,823
e s p e ɾ a ɾ a1 s,1202
e s p e ɾ a ɾ e1,10848
e s p e ɾ a ɾ e1 m o s,5131
e s p e ɾ a ɾ i1 a,2175
e s p e ɾ a ɾ i1 a s,511
e s p e ɾ a1 ɾ l a,882
e s p e ɾ a1 ɾ l e,860
e s p e ɾ a1 ɾ l o,1960
e s p e ɾ a1 ɾ m e,2443
e s p e ɾ a1 ɾ n o s,510
e s p e ɾ a1 ɾ o n,642
e s p e ɾ a1 ɾ s e,1656
e s p e ɾ a1 ɾ t e,2254
e s p e1 ɾ a s,16677
e s p e ɾ a1 s t e,1205
e s p e1 ɾ a t e,1921
e s p e1 ɾ e,52617
e s p e ɾ e1,5365
e s p e1 ɾ e m e,2138
e s p e ɾ e1 m o s,10225
e s p e1 ɾ e n,33050
e s p e1 ɾ e m m e,2473
e s p e1 ɾ e s,4414
e s p e1 ɾ m a,3067
e s p e1 ɾ o,144994
e s p e ɾ o1,2150
e s p e1 s a,832
e s p e1 s o,522
e s p e s o1 ɾ,474
e s p i1 a,10727
e s p j a1 n d o,2407
e s p j a1 n d o m e,560
e s p j a1 ɾ,1967
e s p j a1 ɾ m e,854
e s p i1 a s,5271
e s p i1 n a,2514
e s p i n a1 k a s,623
e s p i n a1 l,1081
e s p i1 n a s,1276
e s p j o n a1 x e,2358
e s p i ɾ a1 l,1475
e s p i1 ɾ i t u,26567
e s p i ɾ i t w a1 l,5677
e s p i ɾ i t w a1 l e s,926
e s p i ɾ i t w a l m e1 n t e,455
e s p i1 ɾ i t u s,6653
e s p l e1 n d i d a,1579
e s p l e1 n d i d o,3803
e s p l e n d o1 ɾ,1309
e s p o1 ɲ x a,2062
e s p o n t a1 n e a,1020
e s p o n t a1 n e a m e n t e,510
e s p o n t a1 n e o,1013
e s p o1 ɾ a s,542
e s p o1 s a,136202
e s p o s a1 d o,1053
e s p o1 s a l o,600
e s p o1 s a s,12174
e s p o s i1 t o,590
e s p o1 s o,44902
e s p o1 s o s,1613
e s p u1 m a,2618
e s k e l e1 t o,2322
e s k e l e1 t o s,988
e s k e1 m a,1379
e s k e1 m a s,580
e s k i1,1237
e s k j a1 ɾ,1766
e s k i m a1 l,618
e s k i1 n a,18269
e s k i1 n a s,2228
e s k i b a1 ɾ,1039
e s k i s o f ɾ e1 n j a,1090
e s k i s o f ɾ e1 n i k o,582
e1 s t a,1184451
e s t a1,2631459
e1 s t a,74358
e s t a1 b a,617483
e s t a1 b a i s,589
e s t a1 b a m o s,48865
e s t a1 b a n,75227
e s t a1 b a s,96804
e s t a b i l i d a1 d,1499
e s t a b i l i s a1 d o,519
e s t a b i l i s a1 ɾ,586
e s t a1 b l e,6114
e s t a b l e1 s e,1363
e s t a b l e s e1 ɾ,4906
e s t a b l e s e1 ɾ m e,513
e s t a b l e s e1 ɾ s e,944
e s t a b l e s i1 d a,808
e s t a b l e s i1 d o,3097
e s t a b l e s j e1 n d o,505
e s t a b l e s i m j e1 n t o,1821
e s t a b l e s j o1,1166
e s t a1 b l e s,1151
e s t a b l e1 s k a,573
e s t a1 b l o,3310
e s t a1 b l o s,1068
e s t a1 k a,1760
e s t a1 k a s,597
e s t a s j o1 n,33773
e s t a s j o1 n a,694
e s t a s j o n a1 d o,1610
e s t a s j o n a m j e1 n t o,7017
e s t a s j o n a1 ɾ,1785
e s t a s j o n a1 ɾ s e,488
e s t a s j o1 n a t e,922
e s t a s j o1 n e s,4880
e s t a1 d,704
e s t a d i1 a,1041
e s t a1 d j o,4521
e s t a d i1 s t i k a,723
e s t a d i1 s t i k a m e n t e,616
e s t a d i1 s t i k a s,2381
e s t a1 d o,289018
e s t a1 d o s,28707
e s t a d o u n i1 d e n s e,7298
e s t a d o u n i1 d e n s e s,5632
e s t a1 f a,3334
e s t a f a1 d o,589
e s t a f a d o1 ɾ,2334
e s t a f a d o1 ɾ e s,909
e s t a f a1 ɾ,734
e s t a1 f a s,607
e s t a1 i s,23676
e s t a1 j a,1015
e s t a j a1 d o,584
e s t a j a1 ɾ,3957
e s t a1 j e,525
e s t a j i1 d o,883
e s t a j o1,1630
e s t a m b u1 l,1204
e s t a1 m o s,402308
e s t a m p i1 d a,758
e s t a m p i1 j a s,684
e s t a1 n,526747
e s t a ɲ k a1 d o,537
e s t a1 n s j a,2855
e s t a1 n d a ɾ,2850
e s t a1 n d a ɾ e s,1133
e s t a n d a1 ɾ t e,759
e s t a1 n d o,10086
e s t a1 ɲ k e,2585
e s t a1 n t e,1676
e s t a n t e ɾ i1 a,738
e s t a1 n t e s,799
e s t a1 ɾ,410828
e s t a ɾ a1,84014
e s t a ɾ a1 n,23724
e s t a ɾ a1 s,33308
e s t a ɾ e1,63926
e s t a ɾ e1 i s,1211
e s t a ɾ e1 m o s,31044
e s t a ɾ i1 a,50745
e s t a ɾ i1 a m o s,7293
e s t a ɾ i1 a n,6189
e s t a ɾ i1 a s,12262
e s t a1 ɾ l o,11673
e s t a1 ɾ s e,540
e s t a1 ɾ t e,788
e1 s t a s,257055
e s t a1 s,948379
e1 s t a s,10077
e s t a t a1 l,6215
e s t a t a1 l e s,1334
e s t a1 t e,7863
e s t a1 t i k a,1124
e s t a1 t w a,6229
e s t a1 t w a s,1883
e s t a t u1 ɾ a,1574
e s t a1 t u s,1434
e s t a t u1 t o,685
e s t a t u1 t o s,538
e1 s t e,901930
e s t e1,94927
e1 s t e,89497
e s t e1 b a n,1553
e s t e1 i s,1539
e s t e1 l a,982
e s t e l a1 ɾ,7081
e s t e l a1 ɾ e s,647
e s t e1 m o s,14526
e s t e1 n,26668
e s t e1 ɾ e o,902
e s t e ɾ e o t i1 p o,499
e s t e1 ɾ i l,1280
e s t e ɾ n o1 n,532
e s t e ɾ o1 i d e s,3337
e s t e1 s,42721
e s t e1 t i k a,966
e s t j e1 ɾ k o l,1372
e s t i l i1 s t a,570
e s t i1 l o,28732
e s t i1 l o s,938
e s t i1 m a,2189
e s t i m a s j o1 n,657
e s t i m a1 d a,1107
e s t i m a1 d o,4362
e s t i m a1 d o s,604
e s t i1 m o,666
e s t i m u1 l a,647
e s t i m u l a s j o1 n,673
e s t i m u l a1 n t e,1692
e s t i m u l a1 n t e s,738
e s t i m u l a1 ɾ,731
e s t i1 m u l o,995
e s t i1 ɾ a,1088
e s t i ɾ a1 d a,464
e s t i ɾ a1 d o,803
e s t i ɾ a1 ɾ,1477
e s t i1 ɾ a t e,516
e1 s t o,1382359
e1 s t o,12677
e s t o k o1 l m o,1378
e s t o f a1 d o,1605
e s t o m a k a1 l,513
e s t o1 m a g o,14925
e s t o1 m a g o s,498
e s t o1 ɾ b o,923
e s t o ɾ n u d a1 ɾ,494
e s t o ɾ n u1 d o,479
e1 s t o s,184226
e1 s t o s,10573
e1 s t o i,1139918
e s t ɾ a1 d o,2979
e s t ɾ a1 g o s,791
e s t ɾ a ɲ g u l a1 d a,603
e s t ɾ a ɲ g u l a1 d o,715
e s t ɾ a ɲ g u l a d o1 ɾ,612
e s t ɾ a ɲ g u l a1 ɾ,666
e s t ɾ a ɲ g u l a1 ɾ m e,482
e s t ɾ a ɲ g u l o1,503
e s t ɾ a t e1 x j a,7278
e s t ɾ a t e1 x j a s,992
e s t ɾ a t e1 x i k a,762
e s t ɾ a t e1 x i k o,664
e s t ɾ e1 tʃ a,1755
e s t ɾ e tʃ a1 ɾ,769
e s t ɾ e1 tʃ o,2016
e s t ɾ e1 tʃ o s,500
e s t ɾ e1 j a,32189
e s t ɾ e j a1 d o,890
e s t ɾ e j a1 ɾ,578
e s t ɾ e j a1 ɾ s e,1071
e s t ɾ e1 j a s,23851
e s t ɾ e j o1,2553
e s t ɾ e n a1 ɾ,458
e s t ɾ e1 n o,3328
e s t ɾ e1 s,5836
e s t ɾ e s a1 d a,901
e s t ɾ e s a1 d o,1406
e s t ɾ e s a1 n t e,1139
e s t ɾ i b i1 j o,522
e s t ɾ i b o1 ɾ,3202
e s t ɾ i1 b o s,1129
e s t ɾ i1 k t a,1579
e s t ɾ i k t a m e1 n t e,2772
e s t ɾ i1 k t a s,989
e s t ɾ i1 k t o,1765
e s t ɾ i1 k t o s,611
e s t ɾ o p e1 a,802
e s t ɾ o p e a1 d a,544
e s t ɾ o p e a1 d o,2864
e s t ɾ o p e a1 ɾ,1902
e s t ɾ o p e a1 ɾ l o,1485
e s t ɾ o p e1 e,616
e s t ɾ o p e1 e s,766
e s t ɾ o p e o1,963
e s t ɾ u k t u1 ɾ a,7073
e s t ɾ u k t u ɾ a1 l,787
e s t ɾ u k t u1 ɾ a s,1375
e s t ɾ w e1 n d o,520
e s t u1 tʃ e,1029
e s t u1 d j a,2959
e s t u d j a1 b a,1456
e s t u d j a1 d o,3731
e s t u d j a1 m o s,1233
e s t u1 d j a n,721
e s t u d j a1 n d o,6534
e s t u d j a1 n t e,14283
e s t u d j a1 n t e s,13883
e s t u d j a n t i1 l,1379
e s t u d j a1 ɾ,13971
e s t u d j a1 ɾ l a,452
e s t u d j a1 ɾ l o,1198
e s t u1 d j a s,1411
e s t u d j a1 s t e,1339
e s t u1 d j e,702
e s t u d j e1,3151
e s t u1 d j o,23217
e s t u d j o1,2030
e s t u1 d j o s,11512
e s t u d j o1 s o,467
e s t u1 f a,1541
e s t u p e1 n d a,7147
e s t u p e n d a m e1 n t e,1661
e s t u p e1 n d a s,957
e s t u p e1 n d o,30003
e s t u p e1 n d o s,1161
e s t u1 p i d a,20626
e s t u1 p i d a s,3852
e s t u p i d e1 s e s,3940
e s t u p i d e1 s,9756
e s t u1 p i d o,50927
e s t u1 p i d o s,7949
e s t u1 b e,58380
e s t u b j e1 ɾ a,34106
e s t u b j e1 ɾ a m o s,3131
e s t u b j e1 ɾ a n,5210
e s t u b j e1 ɾ a s,9239
e s t u b j e1 ɾ o n,10315
e s t u b j e1 s e,6116
e s t u b j e1 s e m o s,573
e s t u b j e1 s e n,799
e s t u b j e1 s e s,1274
e s t u b i1 m o s,13311
e s t u b i1 s t e,27132
e s t u1 b o,82347
e1 t a,8928
e t a1 p a,5079
e t a1 p a s,1161
e1 d k,3501
e d s e1 t e ɾ a,1960
e1 t e ɾ,741
e t e1 ɾ n a,6124
e t e ɾ n a m e1 n t e,3712
e t e ɾ n i d a1 d,6311
e t e1 ɾ n o,4692
e t e1 ɾ n o s,572
e1 t i k a,3155
e1 t i k o,1386
e t j o p i1 a,666
e t i k e1 t a,4198
e t i k e1 t a s,1533
e u f e1 m i s m o,635
e u1 f o ɾ j a,551
e u1 n u k o,630
e u1 ɾ e k a,1205
e u1 ɾ o p a,17187
e u ɾ o1 p e a,1837
e u ɾ o1 p e a s,699
e u ɾ o1 p e o,1654
e u ɾ o1 p e o s,1591
e1 u ɾ o s,3556
e1 b a,8100
e b a k w a s j o1 n,3828
e b a k w a1 d o,698
e b a k w a1 d o s,513
e b a k w a1 n d o,583
e b a k w a1 ɾ,2991
e b a1 k w e n,855
e b a d i1 ɾ,920
e b a l w a s j o1 n,3061
e b a l w a s j o1 n e s,494
e b a l w a1 ɾ,1588
e b a ɲ x e1 l j o,1109
e b a s j o1 n,1084
e b a s i1 b a,590
e b a s i1 b a s,754
e b e1 n t o,8041
e b e1 n t o s,5530
e b e n t w a l m e1 n t e,3821
e b i d e1 n s j a,19949
e b i d e1 n s j a s,4017
e b i d e1 n t e,5510
e b i d e n t e m e1 n t e,3965
e b i1 t a,2778
e b i t a1 d o,1829
e b i t a1 m o s,697
e b i1 t a n,559
e b i t a1 n d o,2397
e b i t a1 n d o m e,502
e b i t a1 ɾ,28194
e b i t a ɾ a1,879
e b i t a1 ɾ l a,560
e b i t a1 ɾ l e,638
e b i t a1 ɾ l o,16813
e b i t a1 ɾ l o s,534
e b i t a1 ɾ m e,726
e b i t a1 ɾ s e,676
e b i t a1 ɾ t e,520
e b i1 t a s,561
e b i1 t e,878
e b i1 t o,633
e b i t o1,796
e b o l u s j o1 n,3745
e b o l u s j o n a1 d o,975
e b o l u s j o n a1 n d o,453
e b o l u s j o n a1 ɾ,686
e1 s,21027
e g s a1 k t a,4399
e g s a k t a m e1 n t e,93702
e g s a1 k t a s,1247
e g s a k t i t u1 d,1160
e g s a1 k t o,30765
e g s a1 k t o s,1691
e g s a x e1 ɾ a,789
e g s a x e ɾ a s j o1 n,737
e g s a x e ɾ a1 d a,798
e g s a x e ɾ a1 d o,2060
e g s a x e ɾ a1 n d o,2921
e g s a x e ɾ a1 ɾ,1067
e g s a x e1 ɾ a s,639
e g s a x e ɾ e1,517
e g s a x e1 ɾ e s,1087
e g s a x e1 ɾ o,503
e g s a1 m e n,16766
e g s a1 m e n e s,6206
e g s a m i1 n a,572
e g s a m i n a1 d o,1343
e g s a m i n a1 n d o,1065
e g s a m i n a1 ɾ,3610
e g s a m i n a1 ɾ l a,814
e g s a m i n a1 ɾ l o,1294
e g s a m i n a1 ɾ t e,598
e g s a m i1 n e,993
e g s a m i n e1,539
e g s a m i1 n e n,577
e g s a m i n o1,620
e s k a b a s j o1 n,1241
e s k a b a d o1 ɾ a,458
e s k a b a1 n d o,633
e s k a b a1 ɾ,1163
e s s e1 d e,468
e s s e l e1 n s j a,11310
e s s e l e1 n t e,39414
e s s e l e1 n t e s,3611
e s s e1 n t ɾ i k o,1223
e s s e p s j o1 n,6049
e s s e p s j o n a1 l,3535
e s s e p s j o n a1 l e s,728
e s s e p s j o n a l m e1 n t e,548
e s s e p s j o1 n e s,1616
e s s e1 p t o,34597
e s s e p t w a1 n d o,552
e s s e s i1 b a,911
e s s e s i b a m e1 n t e,574
e s s e s i1 b o,1434
e s s e1 s o,3377
e s s e1 s o s,502
e s s i1 t a,2291
e s s i t a s j o1 n,1372
e s s i t a1 d a,1070
e s s i t a1 d o,1928
e s s i1 t a n,459
e s s i t a1 n t e,5120
e s s i t a1 n t e s,499
e s s i t a1 ɾ m e,475
e s k l w i1 d o,575
e s k l u s i1 b a,2663
e s k l u s i b a m e1 n t e,1377
e s k l u s i1 b o,1391
e s k l u s i1 b o s,551
e s k ɾ e m e1 n t o,1113
e s k ɾ e m e1 n t o s,562
e s k u ɾ s j o1 n,2778
e s k u ɾ s j o1 n e s,489
e s k u1 s a,12409
e s k u s a1 d o,772
e s k u s a1 ɾ m e,562
e s k u1 s a s,5373
e s k u1 s e,793
e s k u1 s e m e,1403
e s a1 l a,482
e s a1 u s t a,1152
e s a1 u s t o,1749
e s i b i s j o1 n,3376
e g s i1 x e,3289
e g s i1 x e n,915
e g s i x e1 n s j a s,1089
e g s i x e1 n t e,1856
e g s i x j e1 n d o,464
e g s i x i1 m o s,580
e g s i x j o1,533
e g s i x i1 ɾ,1018
e g s i1 x o,2931
e g s i l j a1 d o,695
e g s i1 l j o,1916
e g s i1 s t a,2639
e g s i1 s t a n,712
e g s i1 s t e,40873
e g s i1 s t e n,12300
e g s i s t e1 n s j a,8948
e g s i s t e1 n t e,609
e g s i1 s t e s,1219
e g s i s t i1 a,3716
e g s i s t i1 a n,1163
e g s i s t i1 d o,2725
e g s i s t j e1 ɾ a,1638
e g s i s t i1 m o s,612
e g s i s t j o1,1912
e g s i s t i1 ɾ,4714
e g s i s t i ɾ a1,593
e g s i1 s t o,1552
e1 g s i t o,31980
e1 g s i t o s,1677
e g s i t o1 s a,2034
e g s i t o s a m e1 n t e,504
e g s i t o1 s o,2745
e g s i t o1 s o s,674
e g s o ɾ s i1 s m o,1457
e g s o ɾ s i1 s t a,609
e g s o1 t i k a,888
e g s o1 t i k a s,675
e g s o1 t i k o,1025
e g s o1 t i k o s,564
e s p a1 n d e,694
e s p a n d j e1 n d o,484
e s p a n d i1 ɾ,993
e s p a n d i1 ɾ s e,761
e s p a n s j o1 n,1790
e s p e k t a t i1 b a,779
e s p e k t a t i1 b a s,2899
e s p e d i s j o1 n,3946
e s p e d j e1 n t e,9107
e s p e d j e1 n t e s,3141
e s p e1 n s a s,774
e s p e ɾ j e1 n s j a,30231
e s p e ɾ j e1 n s j a s,4011
e s p e ɾ i m e1 n t a,607
e s p e ɾ i m e n t a1 d o,2373
e s p e ɾ i m e n t a1 l,1811
e s p e ɾ i m e n t a1 l e s,505
e s p e ɾ i m e n t a1 n d o,1754
e s p e ɾ i m e n t a1 ɾ,2904
e s p e ɾ i m e1 n t o,8560
e s p e ɾ i m e n t o1,535
e s p e ɾ i m e1 n t o s,4990
e s p e1 ɾ t a,2647
e s p e1 ɾ t o,11628
e s p e1 ɾ t o s,5075
e s p j a t o1 ɾ j o,973
e s p l i1 k a,10381
e s p l i k a1 b a,581
e s p l i k a s j o1 n,11814
e s p l i k a s j o1 n e s,3321
e s p l i k a1 d o,2548
e s p l i1 k a l e,1025
e s p l i1 k a m e,3014
e s p l i1 k a m e l o,2071
e s p l i1 k a n,596
e s p l i k a1 n d o,1143
e s p l i k a1 ɾ,18233
e s p l i k a ɾ a1,1233
e s p l i k a ɾ e1,5082
e s p l i k a ɾ i1 a,2549
e s p l i k a1 ɾ l e,7089
e s p l i k a1 ɾ l e s,2152
e s p l i k a1 ɾ l o,11864
e s p l i k a1 ɾ m e,6375
e s p l i k a1 ɾ m e l o,1785
e s p l i k a1 ɾ n o s,1178
e s p l i k a1 ɾ s e,1132
e s p l i k a1 ɾ s e l o,4362
e s p l i k a1 ɾ t e,8814
e s p l i k a1 ɾ t e l o,5025
e s p l i1 k a s,1955
e s p l i1 k a s e l o,1205
e s p l i1 k a t e,1602
e s p l i1 k o,3532
e s p l i k o1,1976
e s p l i1 k e,4035
e s p l i k e1,1606
e s p l i1 k e m e,976
e s p l i1 k e m e l o,498
e s p l i1 k e s,688
e s p l i1 k e s e,1039
e s p l o ɾ a s j o1 n,1955
e s p l o ɾ a d o1 ɾ,2866
e s p l o ɾ a d o1 ɾ a,550
e s p l o ɾ a d o1 ɾ e s,2333
e s p l o ɾ a1 n d o,1013
e s p l o ɾ a1 ɾ,3699
e s p l o s j o1 n,13803
e s p l o s j o1 n e s,2276
e s p l o s i1 b a,1098
e s p l o s i1 b a s,523
e s p l o s i1 b o,2908
e s p l o s i1 b o s,6129
e s p l o1 t a,2387
e s p l o t a s j o1 n,1146
e s p l o t a1 d o,1154
e s p l o1 t a n,950
e s p l o t a1 n d o,934
e s p l o t a1 ɾ,8471
e s p l o t a1 ɾ a,563
e s p l o t a ɾ a1,1274
e s p l o t a1 ɾ o n,467
e s p l o1 t e,1580
e s p l o1 t o,464
e s p l o t o1,3429
e1 s p o,627
e s p o1 n e,674
e s p o n e1 ɾ,1791
e s p o n e1 ɾ m e,464
e s p o n e1 ɾ s e,698
e s p o n e1 ɾ t e,483
e s p o ɾ t a s j o1 n,580
e s p o s i s j o1 n,5923
e s p o s i s j o1 n e s,468
e s p ɾ e1 s a,1391
e s p ɾ e s a1 d o,1040
e s p ɾ e s a1 n d o,479
e s p ɾ e s a1 ɾ,4231
e s p ɾ e s a1 ɾ l e,618
e s p ɾ e s a1 ɾ l o,1158
e s p ɾ e s a1 ɾ m e,905
e s p ɾ e s a1 ɾ s e,1486
e s p ɾ e s a1 ɾ t e,640
e s p ɾ e s j o1 n,8184
e s p ɾ e s j o1 n e s,910
e s p ɾ e1 s o,2348
e s p ɾ e s o1,583
e s p ɾ e1 s s,1760
e s p w e1 s t a,1265
e s p w e1 s t o,2908
e s p w e1 s t o s,1416
e s p u l s a1 d a,941
e s p u l s a1 d o,3126
e s p u l s a1 d o s,914
e s p u l s a1 ɾ,1595
e s p u l s a1 ɾ l o,462
e s p u l s a1 ɾ m e,458
e s p u l s a1 ɾ o n,1188
e s p u l s a1 ɾ t e,456
e s p u l s j o1 n,964
e s p u l s o1,509
e s p u1 s o,526
e s k i s i1 t a,1075
e s k i s i1 t o,1482
e1 s t a s i s,2887
e s t e n d e1 ɾ,1522
e s t e n d e1 ɾ s e,726
e s t e n d i1 d o,1208
e s t e n d j e1 n d o,574
e s t e n d j e1 n d o s e,457
e s t e n d j o1,944
e s t e1 n s a,618
e s t e n s j o1 n,2679
e s t e n s j o1 n e s,512
e s t e1 n s o,657
e s t e ɾ j o1 ɾ,11823
e s t e ɾ j o1 ɾ e s,2957
e s t e ɾ m i n a d o1 ɾ,709
e s t e ɾ m i n a1 ɾ,896
e s t e ɾ m i1 n j o,604
e s t e1 ɾ n a,1358
e s t e1 ɾ n a s,661
e s t e1 ɾ n o,1189
e s t e1 ɾ n o s,644
e s t j e1 n d a,598
e s t j e1 n d e,2730
e s t j e1 n d e n,651
e s t i n s j o1 n,1977
e s t o ɾ s j o1 n,1422
e1 s t ɾ a,16875
e s t ɾ a k s j o1 n,1840
e s t ɾ a1 k t o,598
e s t ɾ a d i s j o1 n,762
e s t ɾ a1 e,478
e s t ɾ a e1 ɾ,2080
e s t ɾ a e1 ɾ l o,456
e s t ɾ a i1 d o,602
e s t ɾ a ɲ x e1 ɾ a,2600
e s t ɾ a ɲ x e1 ɾ a s,1066
e s t ɾ a ɲ x e1 ɾ o,10301
e s t ɾ a ɲ x e1 ɾ o s,5343
e s t ɾ a1 j a,22823
e s t ɾ a j a1 b a,1515
e s t ɾ a j a1 d o,1217
e s t ɾ a j a m e1 n t e,1512
e s t ɾ a j a1 m o s,1595
e s t ɾ a1 j a n,494
e s t ɾ a j a1 ɾ,4026
e s t ɾ a j a ɾ a1,505
e s t ɾ a j a ɾ e1,1985
e s t ɾ a j a ɾ e1 m o s,612
e s t ɾ a j a ɾ i1 a,903
e s t ɾ a j a1 ɾ l o,514
e s t ɾ a j a1 ɾ t e,1233
e s t ɾ a1 j a s,8970
e s t ɾ a j a1 s t e,1165
e s t ɾ a1 j e,905
e s t ɾ a j e1,4368
e s t ɾ a1 j o,69190
e s t ɾ a1 j o s,10572
e s t ɾ a o f i s j a1 l,679
e s t ɾ a o f i s j a l m e1 n t e,1093
e s t ɾ a o ɾ d i n a1 ɾ j a,4192
e s t ɾ a o ɾ d i n a ɾ j a m e1 n t e,825
e s t ɾ a o ɾ d i n a1 ɾ j a s,1389
e s t ɾ a o ɾ d i n a1 ɾ j o,8084
e s t ɾ a o ɾ d i n a1 ɾ j o s,1102
e1 s t ɾ a s,3763
e s t ɾ a t e r e1 s t ɾ e,3716
e s t ɾ a t e r e1 s t ɾ e s,4241
e s t ɾ a b a g a1 n t e,1161
e s t ɾ a b a g a1 n t e s,454
e s t ɾ a b j a1 d o,548
e s t ɾ e1 m a,2490
e s t ɾ e m a d a m e1 n t e,6822
e s t ɾ e1 m a s,981
e s t ɾ e m i d a1 d e s,1022
e s t ɾ e m i1 s t a s,834
e s t ɾ e1 m o,6755
e s t ɾ e1 m o s,1776
e1 i,17406
e s e k j e1 l,500
f a1,1234
f a1 b ɾ i k a,14146
f a b ɾ i k a s j o1 n,1106
f a b ɾ i k a1 d o,952
f a b ɾ i1 k a n,888
f a b ɾ i k a1 n d o,487
f a b ɾ i k a1 n t e,1745
f a b ɾ i k a1 n t e s,1095
f a b ɾ i k a1 ɾ,1727
f a1 b ɾ i k a s,2523
f a b ɾ i k o1,469
f a1 b u l a,559
f a b u l o1 s a,3484
f a b u l o1 s a s,654
f a b u l o1 s o,9247
f a b u l o1 s o s,907
f a k s j o1 n,524
f a k s j o1 n e s,715
f a s e b o o1 k,1931
f a tʃ a1 d a,1687
f a s j a1 l,2073
f a s j a1 l e s,717
f a1 s i l,92476
f a1 s i l e s,4636
f a s i l i d a1 d,2895
f a s i l i1 t a,655
f a s i l i t a1 ɾ,947
f a1 s i l m e n t e,11801
f a k t i1 b l e,633
f a k t o1 ɾ,3198
f a k t o1 ɾ e s,1285
f a k t u1 ɾ a,4051
f a k t u1 ɾ a s,3258
f a k u l t a1 d,4859
f a k u l t a1 d e s,905
f a e1 n a,607
f a i1 s a n,524
f a1 x a,707
f a1 l d a,4390
f a1 l d a s,1365
f a l d e1 ɾ o,493
f a1 j a,9219
f a j a1 d o,5929
f a j a1 m o s,1153
f a1 j a n,1165
f a j a1 n d o,1711
f a j a1 ɾ,3950
f a j a ɾ a1,610
f a j a ɾ e1,600
f a j a1 ɾ l e,476
f a j a1 ɾ o n,1183
f a1 j a s,2327
f a j a1 s t e,1835
f a1 j e,1116
f a j e1,2302
f a j e s i1 d a,515
f a j e s i1 d o,2210
f a j e s i1 d o s,455
f a j e s i m j e1 n t o,514
f a j e s j o1,3445
f a1 j e s,957
f a j i1 d o,798
f a1 j o,5804
f a j o1,4103
f a1 j o s,1173
f a1 l s a,11240
f a l s a m e1 n t e,461
f a1 l s a s,5129
f a l s e d a1 d,543
f a l s i f i k a s j o1 n,1483
f a l s i f i k a s j o1 n e s,572
f a l s i f i k a d o1 ɾ,643
f a l s i f i k a1 ɾ,864
f a1 l s o s,4945
f a1 l t a,76980
f a l t a1 b a,4986
f a l t a1 b a n,1133
f a l t a1 d o,1292
f a1 l t a n,10940
f a l t a1 n d o,1008
f a l t a1 ɾ,2132
f a l t a ɾ a1,713
f a l t a ɾ i1 a,755
f a l t a1 ɾ l e,1014
f a1 l t a s,1480
f a1 l t e,1050
f a1 l t o,725
f a l t o1,2028
f a1 m a,6975
f a m i1 l j a,180242
f a m i l j a1 ɾ,20796
f a m i l j a1 ɾ e s,8558
f a m i l j a ɾ i s a1 d a,579
f a m i l j a ɾ i s a1 d o,1817
f a m i1 l j a s,15383
f a m o1 s a,7311
f a m o1 s a s,1371
f a m o1 s o,17154
f a m o1 s o s,4961
f a1 n,5050
f a n a1 t i k a,1088
f a n a1 t i k o,2981
f a n a1 t i k o s,2501
f a m f a r o1 n,911
f a1 ɲ g o,1242
f a1 n s,4088
f a n t a s i1 a,7777
f a n t a s i1 a s,3315
f a n t a1 s m a,19223
f a n t a1 s m a s,10812
f a n t a1 s t i k a,7347
f a n t a1 s t i k a s,1193
f a n t a1 s t i k o,33230
f a n t a1 s t i k o s,1866
f a ɾ a o1 n,1757
f a ɾ a o1 n e s,520
f a ɾ m a s e1 u t i k a,838
f a ɾ m a s e1 u t i k o,967
f a ɾ m a1 s j a,3659
f a1 ɾ m a k o s,560
f a1 ɾ o,2744
f a ɾ o1 l,1776
f a1 ɾ o s,955
f a1 ɾ s a,3797
f a ɾ s a1 n t e,1947
f a s s i1 n a,991
f a s s i n a s j o1 n,763
f a s s i n a1 d o,914
f a s s i n a1 n t e,7851
f a s s i n a1 n t e s,958
f a s s i1 s m o,1026
f a s s i1 s t a,2126
f a s s i1 s t a s,1707
f a1 s e,7447
f a1 s e s,646
f a s t i1 d j a,1030
f a s t i d j a1 d o,1026
f a s t i d j a1 n d o,878
f a s t i d j a1 ɾ,1464
f a s t i d j a1 ɾ l o,474
f a s t i d j a1 ɾ m e,1644
f a s t i d j a1 ɾ t e,486
f a s t i1 d j e s,1144
f a s t i1 d j o,1698
f a s t i d j o1 s o,645
f a1 d,1106
f a t a1 l,8050
f a t a1 l e s,503
f a t i1 g a,1193
f a1 u n a,567
f a1 u s t o,1239
f a b e1 l a,817
f a b o1 ɾ,595366
f a b o ɾ a1 b l e,1127
f a b o ɾ e1 s e,1120
f a b o1 ɾ e s,3959
f a b o ɾ i1 t a,10364
f a b o ɾ i1 t a s,2911
f a b o ɾ i1 t o,14448
f a b o ɾ i1 t o s,3813
f a1 s,3462
f a1 s,2128
f b i1,28898
f e1,28452
f e1 a,8443
f e a l d a1 d,613
f e1 a s,3018
f e b ɾ e1 ɾ o,4284
f e1 tʃ a,14127
f e1 tʃ a s,2893
f e d e ɾ a s j o1 n,4892
f e d e ɾ a1 l,12874
f e d e ɾ a1 l e s,7313
f e e l i1 ɲ g,513
f e l i1 s e s,23739
f e l i s i d a1 d,18722
f e l i s i d a1 d e s,16582
f e l i s i t a s j o1 n,458
f e l i s i t a s j o1 n e s,16228
f e l i s i t a1 ɾ,873
f e l i s i t a1 ɾ l a,494
f e l i s i t a1 ɾ l e,650
f e l i s i t a1 ɾ l o,1032
f e l i s i t a1 ɾ m e,620
f e l i s i t a1 ɾ t e,1997
f e l i s i1 t o,4436
f e l i1 p e,1963
f e1 l i s,2854
f e l i1 s,131289
f e l i s m e1 n t e,2188
f e l p u1 d o,585
f e m e n i1 n a,3831
f e m e n i1 n a s,1024
f e m e n i1 n o,3763
f e m e n i1 n o s,887
f e m i n i1 s t a,685
f e m o ɾ a1 l,510
f e1 m u ɾ,585
f e1 n i s,1310
f e n o m e n a1 l,3770
f e n o1 m e n o,6142
f e n o1 m e n o s,1954
f e1 o,13697
f e1 o s,1755
f e1 ɾ j a,5519
f e ɾ n a1 n d o,2127
f e ɾ o1 s e s,748
f e ɾ o m o1 n a s,531
f e ɾ o1 s,2526
f e r a1 ɾ i,2304
f e r e t e ɾ i1 a,933
f e r o k a r i1 l,3641
f e r o k a r i1 l e s,633
f e r o b j a1 ɾ j o,755
f e1 r i,2319
f e1 ɾ t i l,955
f e ɾ t i l i d a1 d,1034
f e ɾ t i l i s a1 n t e,792
f e ɾ b o1 ɾ,564
f e s t e x a1 ɾ,1452
f e s t i1 n,1339
f e s t i b a1 l,6098
f e s t i1 b o,875
f e t a1 l,482
f e t i1 tʃ e,551
f e1 t o,1315
f i1,2571
f i1 a,607
f j a1 b l e,1221
f j a1 b l e s,454
f j a1 m b ɾ e,633
f j a1 n s a,6501
f j a1 ɾ,2181
f j a1 ɾ m e,986
f j a1 ɾ n o s,498
f j a1 ɾ s e,719
f j a1 ɾ t e,806
f i1 a s,562
f j a1 s k o,822
f i1 b ɾ a,2185
f i1 b ɾ a s,1808
f i k s j o1 n,4368
f i1 tʃ a,2628
f i tʃ a1 d o,554
f i1 tʃ a s,2978
f i k t i1 s j o,498
f i d e i k o1 m i s o,548
f i d e1 l,966
f i d e l i d a1 d,1831
f i d e1 o s,2643
f j e1 b ɾ e,11940
f j e1 l,7758
f j e1 l e s,2464
f j e l m e1 n t e,601
f j e1 ɾ a,1298
f j e1 ɾ a s,458
f j e1 s t a,95970
f j e1 s t a s,12447
f i g u1 ɾ a,7657
f i g u ɾ a1 b a,468
f i g u1 ɾ a s,2513
f i g u1 ɾ a t e,546
f i1 x a,3009
f i x a s j o1 n,777
f i x a1 d o,3759
f i x a m e1 n t e,2706
f i x a1 m o s,551
f i1 x a n,581
f i x a1 o s,2012
f i x a1 ɾ,1844
f i x a1 ɾ m e,990
f i x a1 ɾ s e,1022
f i x a1 ɾ t e,842
f i1 x a s,1292
f i x a1 s t e,703
f i1 x a t e,18584
f i1 x e,1108
f i x e1,1280
f i1 x e n,467
f i1 x e n s e,2889
f i1 x e s e,4460
f i1 x o,3774
f i x o1,869
f i1 x o s,571
f i1 l a,12524
f i1 l a s,4348
f i l e1 t e,3260
f i l e1 t e s,1295
f i l i p i1 n a s,986
f i1 l m,4046
f i1 l m a,768
f i l m a s j o1 n,1880
f i l m a1 d o,897
f i l m a1 m o s,740
f i l m a1 n d o,2720
f i l m a1 ɾ,4258
f i l m a1 ɾ l o,846
f i1 l m e,3673
f i1 l m e s,1432
f i l m o1,828
f i1 l m s,1098
f i1 l o,1670
f i l o s o f i1 a,4875
f i l o1 s o f o,1604
f i l o1 s o f o s,693
f i l t ɾ a s j o1 n,888
f i l t ɾ a1 d o,496
f i l t ɾ a1 ɾ,459
f i1 l t ɾ o,2024
f i l t ɾ o1,506
f i1 l t ɾ o s,745
f i1 n,118276
f i1 n a,2754
f i n a1 l,98579
f i n a1 l e s,6874
f i n a l i d a1 d,458
f i n a l i1 s t a s,633
f i n a l i s a1 d o,714
f i n a l i s a1 ɾ,1262
f i n a l m e1 n t e,34253
f i n a1 n s j a,576
f i n a n s j a s j o1 n,952
f i n a n s j a m j e1 n t o,505
f i n a n s j a1 ɾ,1221
f i n a n s j e1 ɾ a,2476
f i n a n s j e ɾ a m e1 n t e,483
f i n a n s j e1 ɾ a s,853
f i n a n s j e1 ɾ o,3001
f i n a n s j e1 ɾ o s,2030
f i n a1 n s a s,2956
f i1 n a s,1001
f i1 ɲ k a,2074
f i1 n e s,6454
f i1 ɲ x e,2773
f i1 ɲ x e n,596
f i1 ɲ x e s,800
f i ɲ x i1,760
f i ɲ x i1 a,799
f i ɲ x i1 d o,709
f i ɲ x j e1 n d o,4952
f i ɲ x i1 m o s,472
f i ɲ x j o1,796
f i ɲ x i1 ɾ,7897
f i ɲ x i ɾ e1,535
f i1 ɲ x a,601
f i1 ɲ x a s,958
f i1 ɲ x o,759
f i n l a1 n d j a,781
f i1 n o,3291
f i1 n o s,1018
f i1 o,1754
f i1 ɾ m a,17615
f i ɾ m a1 d a,1535
f i ɾ m a1 d o,5269
f i ɾ m a1 d o s,539
f i1 ɾ m a l o,869
f i ɾ m a1 m o s,686
f i ɾ m a1 n d o,933
f i ɾ m a1 ɾ,11758
f i ɾ m a1 ɾ a,488
f i ɾ m a ɾ a1,642
f i ɾ m a ɾ e1,1535
f i ɾ m a1 ɾ l o,1326
f i ɾ m a1 ɾ m e,544
f i ɾ m a1 ɾ o n,785
f i1 ɾ m a s,2806
f i ɾ m a1 s t e,1126
f i1 ɾ m e,14952
f i ɾ m e1,1682
f i ɾ m e m e1 n t e,1636
f i1 ɾ m e n,850
f i1 ɾ m e s,4237
f i ɾ m e1 s a,1067
f i1 ɾ m o,1608
f i ɾ m o1,3468
f i s k a1 l,17255
f i s k a1 l e s,1172
f i s k a l i1 a,2882
f i1 s i k a,10044
f i1 s i k a m e n t e,4054
f i1 s i k a s,1338
f i1 s i k o,7563
f i1 s i k o s,1745
f i s j o l o x i1 a,516
f i s u1 ɾ a,774
f l a1 k a,1144
f l a1 k o,2766
f l a k u1 tʃ o,477
f l a m e1 ɲ k o,502
f l a1 n,698
f l a1 ɲ k o,2296
f l a1 ɲ k o s,612
f l a1 s,3738
f l a1 s e s,469
f l a1 u t a,1851
f l e1 tʃ a,4278
f l e1 tʃ a s,2661
f l e g s i b i l i d a1 d,579
f l e g s i1 b l e,1781
f l e g s i1 b l e s,474
f l e g s j o1 n e s,966
f l i ɾ t e a1 ɾ,468
f l o1 x a,1438
f l o1 x o,1834
f l o1 x o s,548
f l o1 ɾ,11699
f l o1 ɾ a,1773
f l o ɾ e1 s e,733
f l o ɾ e1 s e n,567
f l o ɾ e s e1 ɾ,776
f l o ɾ e s j e1 n d o,473
f l o ɾ e1 n s e,1622
f l o ɾ e1 n s j a,1450
f l o ɾ e1 ɾ o,505
f l o1 ɾ e s,28827
f l o ɾ i1 d a,9784
f l o ɾ i1 n e s,473
f l o ɾ i1 s t a,922
f l o1 t a,15467
f l o1 t a n,459
f l o t a1 n d o,3705
f l o t a1 n t e,1187
f l o t a1 ɾ,1075
f l o1 t e,1296
f l u k t w a s j o1 n e s,547
f l w i1 d o,1972
f l w i1 d o s,1756
f l w i1 ɾ,863
f l u1 x o,4292
f l u1 j a,544
f l u1 j e,1955
f l u j e1 n d o,744
f o1 b j a,649
f o1 k a,1086
f o1 k a s,771
f o1 k o,1885
f o1 k o s,815
f o g a1 t a,1548
f o g e1 o,521
f o1 l k,668
f o1 j a,728
f o j a1 d o,854
f o1 j a m e,975
f o j a1 n d o,1177
f o j a1 ɾ,3371
f o j a1 ɾ m e,1115
f o j a1 ɾ t e,1039
f o1 j a s,470
f o1 j e n,675
f o j e1 t o,1458
f o j e1 t o s,1258
f o j o1 n,791
f o1 n d o,33088
f o1 n d o s,9313
f o1 n d w e,472
f o n t a n e1 ɾ o,1085
f o o d b a1 j,1609
f o ɾ a x i1 d o,550
f o ɾ a x i1 d o s,609
f o ɾ a s t e1 ɾ o,2224
f o ɾ a s t e1 ɾ o s,1058
f o1 ɾ d,7402
f o ɾ e1 n s e,7307
f o ɾ e1 n s e s,2159
f o ɾ e s t a1 l,590
f o ɾ x a1 d o,598
f o ɾ x a1 ɾ,524
f o1 ɾ m a,155115
f o ɾ m a1 b a,1004
f o ɾ m a s j o1 n,5764
f o ɾ m a s j o1 n e s,452
f o ɾ m a1 d a,812
f o ɾ m a1 d o,2231
f o ɾ m a1 l,3618
f o ɾ m a1 l e s,573
f o ɾ m a l i d a1 d,1426
f o ɾ m a l i d a1 d e s,967
f o ɾ m a l m e1 n t e,1228
f o ɾ m a1 m o s,933
f o1 ɾ m a n,3174
f o ɾ m a1 n d o,1522
f o ɾ m a1 ɾ,6982
f o ɾ m a1 ɾ o n,828
f o ɾ m a1 ɾ s e,832
f o1 ɾ m a s,33590
f o ɾ m a1 t o,766
f o1 ɾ m e,640
f o1 ɾ m e n,1962
f o1 ɾ m e n s e,1392
f o ɾ m i d a1 b l e,2700
f o1 ɾ m o,688
f o ɾ m o1,1404
f o1 ɾ m u l a,4328
f o ɾ m u l a1 ɾ,508
f o ɾ m u l a1 ɾ j o,2651
f o ɾ m u l a1 ɾ j o s,1926
f o1 ɾ o,1468
f o r a1 d o,626
f o1 r o,576
f o ɾ t a l e1 s e,507
f o ɾ t a l e s e1 ɾ,741
f o ɾ t a l e1 s a,6282
f o ɾ t u1 n a,17041
f o ɾ t u1 n a s,929
f o ɾ t u1 n e,655
f o ɾ s a1 d a,1705
f o ɾ s a1 d o,2857
f o ɾ s a1 d o s,1567
f o ɾ s a1 n d o,858
f o ɾ s a1 ɾ,2211
f o ɾ s a1 ɾ l a,684
f o ɾ s a1 ɾ l o,902
f o ɾ s a1 ɾ m e,596
f o ɾ s a1 ɾ o n,726
f o ɾ s a1 ɾ t e,630
f o ɾ s o1,1231
f o1 s a,1623
f o1 s a s,908
f o1 s f o ɾ o,1614
f o1 s f o ɾ o s,1403
f o1 s i l,613
f o1 s i l e s,808
f o1 s o,1526
f o1 t o,48895
f o t o k o p j a d o1 ɾ a,547
f o t o k o1 p j a s,484
f o t o1 g ɾ a f a,674
f o t o g ɾ a f i1 a,10110
f o t o g ɾ a f j a1 ɾ,1066
f o t o g ɾ a f i1 a s,6961
f o t o g ɾ a1 f i k a,816
f o t o1 g ɾ a f o,4254
f o t o1 g ɾ a f o s,1050
f o1 t o s,43000
f o s t ɾ o1 d,603
f ɾ a k a1 s a,698
f ɾ a k a s a1 d a,621
f ɾ a k a s a1 d o,5227
f ɾ a k a s a1 d o s,1103
f ɾ a k a s a1 ɾ,1411
f ɾ a k a s a1 ɾ o n,516
f ɾ a k a s e1,597
f ɾ a k a1 s o,7438
f ɾ a k a s o1,1286
f ɾ a k a1 s o s,971
f ɾ a k s j o1 n,934
f ɾ a k t u1 ɾ a,2775
f ɾ a k t u ɾ a1 d o,476
f ɾ a k t u1 ɾ a s,1346
f ɾ a g a1 n s j a,805
f ɾ a g a1 t a,452
f ɾ a1 x i l,3667
f ɾ a1 x i l e s,885
f ɾ a g m e1 n t o,2249
f ɾ a g m e1 n t o s,2782
f ɾ a1 i l e,777
f ɾ a m b w e1 s a,774
f ɾ a1 n,2184
f ɾ a1 ɲ k a,1273
f ɾ a ɲ k a m e1 n t e,8307
f ɾ a n s e1 s,18492
f ɾ a n s e1 s a,7480
f ɾ a n s e1 s a s,1700
f ɾ a n s e1 s e s,8900
f ɾ a1 n s j a,21463
f ɾ a1 n s i s,7012
f ɾ a n s i1 s k o,12085
f ɾ a1 ɲ k o,5333
f ɾ a1 ɲ k o s,7208
f ɾ a ɲ k o t i ɾ a d o1 ɾ,2991
f ɾ a ɲ k o t i ɾ a d o1 ɾ e s,1784
f ɾ a n e1 l a,535
f ɾ a1 ɲ x a,700
f ɾ a1 ɲ x a s,498
f ɾ a ɲ k e1 s a,1592
f ɾ a ɲ k i1 s j a,706
f ɾ a1 s k o,3216
f ɾ a1 s k o s,929
f ɾ a1 s e,9223
f ɾ a1 s e s,3043
f ɾ a t e ɾ n a1 l,478
f ɾ a t e ɾ n i d a1 d,3477
f ɾ a t e ɾ n i d a1 d e s,490
f ɾ a1 u d e,6481
f ɾ a1 u d e s,554
f ɾ e k w e1 n s j a,9023
f ɾ e k w e1 n s j a s,1812
f ɾ e k w e1 n t e,1356
f ɾ e k w e n t e m e1 n t e,1240
f ɾ e k w e1 n t e s,811
f ɾ e g a d e1 ɾ o,1349
f ɾ e g a1 d o,455
f ɾ e g a1 ɾ,950
f ɾ e g o1 n a,454
f ɾ e i1 ɾ,976
f ɾ e1 n a,1733
f ɾ e n a1 ɾ,1303
f ɾ e1 n tʃ,1071
f ɾ e n e s i1,567
f ɾ e1 n o,3028
f ɾ e1 n o s,3397
f ɾ e1 n t e,65780
f ɾ e1 n t e s,849
f ɾ e1 s a,1805
f ɾ e1 s a s,2467
f ɾ e1 s k a,6439
f ɾ e1 s k a s,1915
f ɾ e1 s k o,11539
f ɾ e1 s k o s,2024
f ɾ e s k u1 ɾ a,462
f ɾ e1 s n o,916
f ɾ i1 a,15931
f ɾ j a l d a1 d,571
f ɾ i1 a s,2485
f ɾ i k s j o1 n,658
f ɾ j e1 n d s,870
f ɾ i g o ɾ i1 f i k o,1076
f ɾ i x o1 l e s,2681
f ɾ j o1,782
f ɾ i1 o,39598
f ɾ i1 o s,1787
f ɾ i1 t a,808
f ɾ i1 t a s,4690
f ɾ i1 t o,3792
f ɾ i1 t o s,1933
f ɾ o n t a1 l,2057
f ɾ o n t e1 ɾ a,14179
f ɾ o n t e1 ɾ a s,3202
f ɾ o n t e ɾ i1 s a,588
f ɾ o1 t a,457
f ɾ o t a1 ɾ,469
f ɾ u s t ɾ a s j o1 n,1408
f ɾ u s t ɾ a1 d a,702
f ɾ u s t ɾ a1 d o,1679
f ɾ u s t ɾ a1 n t e,1656
f ɾ u1 t a,6480
f ɾ u1 t a s,3513
f ɾ u1 t o,2695
f ɾ u1 t o s,2296
f w e1,802558
f w e1 g o,83708
f w e1 g o s,4966
f w e1 n t e,19968
f w e1 n t e s,6300
f w e1 ɾ a,321684
f w e1 ɾ a m o s,5042
f w e1 ɾ a n,13996
f w e1 ɾ a s,19065
f w e1 ɾ o n,89003
f w e1 ɾ t e,98371
f w e ɾ t e m e1 n t e,1869
f w e1 ɾ t e s,16374
f w e1 ɾ s a,61306
f w e1 ɾ s a s,25479
f w e1 s e,19013
f w e1 s e m o s,935
f w e1 s e n,1798
f w e1 s e s,1901
f u1 g a,6836
f u g a1 d o,1022
f u g a1 ɾ m e,455
f u g a1 ɾ s e,1337
f u1 g a s,706
f u g a1 s,1148
f u x i t i1 b a,798
f u x i t i1 b o,3383
f u x i t i1 b o s,1826
f u g o1,763
f u1 ɾ e ɾ,6736
f w i1,104925
f w i1 m o s,26848
f w i1 s t e,52507
f w i1 s t e i s,1032
f u l a1 n a,1108
f u l a1 n o,1130
f u1 m a,3984
f u m a1 b a,1112
f u m a1 d o,1416
f u m a d o1 ɾ,911
f u m a d o1 ɾ e s,972
f u m a1 m o s,551
f u1 m a n,830
f u m a1 n d o,4686
f u m a1 ɾ,15489
f u m a1 ɾ m e,589
f u1 m a s,2817
f u1 m e,961
f u m e1,620
f u1 m e s,801
f u1 m o,3996
f u n s j o1 n,8822
f u n s j o1 n a,53348
f u n s j o n a1 b a,2430
f u n s j o n a1 b a n,550
f u n s j o n a1 d o,3875
f u n s j o n a1 l,894
f u n s j o n a m j e1 n t o,2398
f u n s j o1 n a n,8533
f u n s j o n a1 n d o,10666
f u n s j o n a1 ɾ,17095
f u n s j o n a1 ɾ a,2052
f u n s j o n a ɾ a1,8584
f u n s j o n a ɾ i1 a,2234
f u n s j o n a1 ɾ j o,2281
f u n s j o n a1 ɾ j o s,2140
f u n s j o n a1 ɾ o n,650
f u n s j o1 n e,9300
f u n s j o1 n e n,902
f u n s j o1 n e s,3753
f u n s j o1 n o,1149
f u n s j o n o1,12727
f u1 n d a,1398
f u n d a s j o1 n,3791
f u n d a1 d a,594
f u n d a1 d o,609
f u n d a d o1 ɾ,1402
f u n d a d o1 ɾ e s,1184
f u n d a m e n t a1 l,2597
f u n d a m e n t a1 l e s,781
f u n d a m e n t a l m e1 n t e,566
f u n d a m e1 n t o,874
f u n d a m e1 n t o s,606
f u n d a1 ɾ,559
f u1 n d a s,456
f u n d i s j o1 n,607
f u n d i1 d o,1311
f u n d o1,1014
f u1 n e b ɾ e,1073
f u n e ɾ a1 l,15625
f u n e ɾ a1 l e s,1427
f u n e ɾ a1 ɾ j a,2179
f u1 n k,711
f u1 n k i,531
f u ɾ g o1 n,966
f u ɾ g o n e1 t a,4881
f u1 ɾ j a,4875
f u ɾ j o1 s a,3464
f u ɾ j o1 s o,6466
f u ɾ j o1 s o s,1307
f u s e l a1 x e,452
f u s i1 b l e,796
f u s i1 b l e s,857
f u s i1 l,1888
f u s i l a1 d o,467
f u s i l a m j e1 n t o,609
f u s i1 l e s,758
f u s j o1 n,3755
f u1 d b o l,16839
f u d b o l i1 s t a,661
f u t u1 ɾ a,3422
f u t u1 ɾ a s,1679
f u t u1 ɾ o,61594
f u t u1 ɾ o s,2182
g a b a ɾ d i1 n a,757
g a b i n e1 t e,2621
g a b ɾ j e1 l,5597
g a s e1 l a,534
g a1 tʃ a s,487
g a1 f a s,8721
g a1 x e,603
g a1 l a,2097
g a l a1 k t i k a,1788
g a l a1 k t i k o,481
g a l a1 n,1516
g a l a1 n t e,786
g a l a1 g s j a,5986
g a l a1 g s j a s,1862
g a l e ɾ i1 a,5034
g a l e ɾ i1 a s,647
g a1 l e s,1279
g a l i l e1 a,504
g a j a1 ɾ d o,457
g a j e1 t a,4039
g a j e1 t a s,9912
g a j e t i1 t a,567
g a j e t i1 t a s,1314
g a j i1 n a,7739
g a j i1 n a s,3624
g a j i n e1 ɾ o,940
g a1 j o,3220
g a1 j o s,740
g a1 l o,544
g a l o1 n,614
g a l o1 n e s,1409
g a l o1 p e,661
g a1 m a,1030
g a1 m b a s,988
g a m b e1 r o,734
g a m b e1 r o s,577
g a1 m m a,1807
g a1 n a,22699
g a n a1 b a,2191
g a n a1 d a,553
g a n a1 d o,27546
g a n a d o1 ɾ,10928
g a n a d o1 ɾ a,2298
g a n a d o1 ɾ e s,2618
g a n a1 m o s,8477
g a1 n a n,5651
g a n a1 n s j a,2392
g a n a1 n s j a s,6066
g a n a1 n d o,6959
g a n a1 ɾ,51407
g a n a1 ɾ a,1015
g a n a ɾ a1,3566
g a n a ɾ a1 n,862
g a n a ɾ a1 s,1942
g a n a ɾ e1,2369
g a n a ɾ e1 m o s,2498
g a n a ɾ i1 a,1887
g a n a ɾ i1 a s,501
g a n a1 ɾ l a,772
g a n a1 ɾ l e,4172
g a n a1 ɾ l e s,1034
g a n a1 ɾ l o,1260
g a n a1 ɾ m e,5186
g a n a1 ɾ n o s,1090
g a n a1 ɾ o n,2752
g a n a1 ɾ s e,5784
g a n a1 ɾ t e,3948
g a n a1 ɾ t e l o,597
g a1 n a s,32882
g a n a1 s t e,6116
g a1 n tʃ o,3619
g a1 n tʃ o s,974
g a1 n e,5834
g a n e1,9761
g a n e1 m o s,1213
g a1 n e n,981
g a1 n e s,1526
g a1 ɲ g a,1497
g a ɲ g ɾ e1 n a,511
g a1 ɲ g s t e ɾ,1402
g a1 ɲ g s t e ɾ s,777
g a1 n o,8906
g a n o1,12249
g a1 n s o,2218
g a1 n s o s,1047
g a ɾ a b a1 t o s,572
g a ɾ a1 x e,1719
g a ɾ a1 x e,8498
g a ɾ a n t i1 a,4284
g a ɾ a n t i1 a s,1623
g a ɾ a n t i1 s a,1614
g a ɾ a n t i s a1 d a,586
g a ɾ a n t i s a1 d o,1517
g a ɾ a n t i s a1 ɾ,2786
g a ɾ a n t i s a1 ɾ l e,542
g a ɾ a n t i1 s o,5045
g a1 ɾ f j o,995
g a ɾ g a1 n t a,11555
g a ɾ g a1 n t a s,585
g a ɾ i1 t o,517
g a1 r a,1432
g a1 r a s,3640
g a r o1 t e,499
g a1 ɾ s a,924
g a1 s,18036
g a1 s a,695
g a s e o1 s a,1388
g a1 s e s,2898
g a s o l i1 n a,12027
g a s o l i n e1 ɾ a,2802
g a1 s t a,1889
g a s t a1 d o,3841
g a s t a1 m o s,1269
g a1 s t a n,1041
g a s t a1 n d o,1716
g a s t a1 ɾ,5884
g a s t a1 ɾ l o,1630
g a s t a1 ɾ s e,468
g a1 s t a s,926
g a s t a1 s t e,844
g a1 s t e,700
g a s t e1,1715
g a1 s t e s,855
g a1 s t o,2235
g a s t o1,1424
g a s t o1 n,561
g a1 s t o s,8622
g a1 t a,2089
g a1 t e s,3350
g a t i1 j o,7450
g a t i1 t a,2146
g a t i1 t o,5413
g a t i1 t o s,1419
g a1 t o,25430
g a1 t o s,8866
g a b e1 t a,485
g a b j o1 t a,749
g a b j o1 t a s,912
g a1 i,24399
g a1 i s,4692
g a1 s a,477
x e1 i s a,967
x e1 l,983
x e l a t i1 n a,2308
x e1 m a,691
x e1 m a s,509
x e m e1 l a,2472
x e m e1 l a s,3047
x e m e1 l o,1807
x e m e1 l o s,4758
x e1 m i n i s,638
x e1 n,2010
x e n e1 ɾ a,1348
x e n e ɾ a s j o1 n,7630
x e n e ɾ a s j o1 n e s,4665
x e n e ɾ a1 d o,537
x e n e ɾ a d o1 ɾ,4785
x e n e ɾ a d o1 ɾ e s,1356
x e n e ɾ a1 l,76708
x e n e ɾ a1 l e s,3908
x e n e ɾ a l m e1 n t e,6225
x e n e1 ɾ a n,457
x e n e ɾ a1 n d o,457
x e n e ɾ a1 ɾ,1646
x e1 n e ɾ o,2460
x e n e ɾ o1 s a,3314
x e n e ɾ o s a m e1 n t e,713
x e n e ɾ o s i d a1 d,2877
x e n e ɾ o1 s o,6782
x e n e ɾ o1 s o s,948
x e1 n e s,2770
x e1 n e s i s,1503
x e n e1 t i k a,3610
x e n e1 t i k a m e n t e,1364
x e n e1 t i k a s,512
x e n e1 t i k o,2270
x e n e1 t i k o s,627
x e n j a1 l,130637
x e n j a1 l e s,5081
x e n j a l i d a1 d,739
x e1 n j o,19306
x e1 n j o s,1823
x e n i t a1 l e s,1412
x e n o s i1 d j o,1161
x e1 n o b a,612
x e1 n t e,398764
x e1 n t e s,1565
x e n t i1 l,4570
x e n t i1 l e s,670
x e n t i l e1 s a,1236
x e n t i l m e1 n t e,645
x e n t i1 o,455
x e n t u1 s a,695
x e n w i1 n a,766
x e n w i1 n o,1169
x e o g ɾ a f i1 a,1170
x e o l o x i1 a,525
x e o m e t ɾ i1 a,733
x e ɾ e1 n s j a,987
x e ɾ e1 n t e,7703
x e1 ɾ m e n e s,1563
x e s t a1 p o,2332
x e s t j o1 n,868
x e1 s t o,5885
x e1 s t o s,1638
x i b ɾ a l t a1 ɾ,575
x i g a1 n t e,11729
x i g a1 n t e s,4250
x i g a n t e1 s k a,1107
x i g a n t e1 s k o,1308
x i l i p o1 j a s,9286
x i l i p o j e1 s e s,1427
x i l i p o j e1 s,728
x i m n a1 s j a,2638
x i m n a1 s j o,8170
x i1 n,1670
x i n e1 b ɾ a,4285
x i n e k o1 l o g o,939
x i1 ɾ a,14201
x i ɾ a1 b a,501
x i ɾ a1 d o,508
x i1 ɾ a l o,589
x i1 ɾ a n,865
x i ɾ a1 n d o,2805
x i ɾ a1 ɾ,4969
x i1 ɾ a s,1267
x i1 ɾ a t e,949
x i1 ɾ e,2169
x i ɾ e1,478
x i1 ɾ e n,758
x i1 ɾ o,5963
x i ɾ o1,787
x i1 ɾ o s,786
x i t a1 n a,1148
x i t a1 n o,1648
x i t a1 n o s,2009
g l a s j a1 ɾ,858
g l a d j a d o1 ɾ,1150
g l a d j a d o1 ɾ e s,1195
g l a m o1 u ɾ,855
g l a1 n d u l a,663
g l a1 n d u l a s,747
g l o b a1 l,5819
g l o b a1 l e s,486
g l o1 b o,5271
g l o1 b o s,2938
g l o1 b u l o s,883
g l o1 ɾ j a,18457
g l o ɾ j o1 s a,1713
g l o ɾ j o1 s o,2702
g l o ɾ j o1 s o s,498
g l u k o1 s a,538
g n o1 m o,888
g n o1 m o s,591
g o b e ɾ n a1 d o,554
g o b e ɾ n a d o1 ɾ,13023
g o b e ɾ n a d o1 ɾ a,516
g o b e ɾ n a1 n t e,700
g o b e ɾ n a1 n t e s,484
g o b e ɾ n a1 ɾ,2813
g o b j e1 ɾ n a,966
g o b j e1 ɾ n a n,460
g o b j e1 ɾ n o,48458
g o b j e1 ɾ n o s,2226
g o1 f ɾ e s,477
g o1 l,3044
g o1 l e s,649
g o1 l f,9950
g o1 l f a,576
g o l f i1 s t a,499
g o1 l f o,2976
g o l o n d ɾ i1 n a,466
g o l o s i1 n a s,1230
g o1 l p e,29278
g o l p e1 a,5681
g o l p e a1 b a,1194
g o l p e a1 b a n,455
g o l p e a1 d a,1289
g o l p e a1 d o,6439
g o l p e a1 d o s,566
g o l p e1 a l a,496
g o l p e1 a l o,1867
g o l p e1 a m e,2498
g o l p e a1 m o s,744
g o l p e1 a n,1372
g o l p e a1 n d o,3232
g o l p e a1 ɾ,8554
g o l p e a1 ɾ a,587
g o l p e a ɾ a1,557
g o l p e a ɾ e1,1250
g o l p e a1 ɾ l a,1092
g o l p e a1 ɾ l e,792
g o l p e a1 ɾ l o,2561
g o l p e a1 ɾ l o s,704
g o l p e a1 ɾ m e,4065
g o l p e a1 ɾ o n,2823
g o l p e a1 ɾ s e,498
g o l p e a1 ɾ t e,2631
g o l p e1 a s,1560
g o l p e a1 s t e,2524
g o l p e1 e,2091
g o l p e e1,2569
g o l p e1 e n,925
g o l p e1 e s,886
g o l p e1 o,1972
g o l p e o1,9249
g o1 l p e s,10895
g o l p i1 s a,717
g o1 m a,5108
g o1 m a s,469
g o m o1 r a,455
g o n o r e1 a,832
g o n s a1 l o,603
g o o1 g l e,1470
g o1 ɾ d a,9016
g o1 ɾ d a s,1464
g o ɾ d i m f l o1 n,778
g o ɾ d i1 t a,637
g o ɾ d i1 t o,1659
g o1 ɾ d o,21017
g o1 ɾ d o s,3505
g o1 ɾ e,1243
g o ɾ i1 l a,2441
g o ɾ i1 l a s,1377
g o1 r a,4257
g o1 r a s,577
g o r j o1 n,833
g o1 r o,2338
g o1 t a,6274
g o1 t a s,3146
g o t e1 a,529
g o t e a1 n d o,654
g o t e1 o,650
g o t e1 ɾ a,464
g o1 t i k a,2019
g o1 t i k o,454
g o u1 ɾ m e d,510
g o1 s a,648
g o s a1 ɾ,1106
g o1 s o,1001
g ɾ a1 b a,1253
g ɾ a b a s j o1 n,7026
g ɾ a b a s j o1 n e s,2135
g ɾ a b a1 d a,1196
g ɾ a b a1 d a s,596
g ɾ a b a1 d o,4397
g ɾ a b a d o1 ɾ,453
g ɾ a b a d o1 ɾ a,1842
g ɾ a b a1 d o s,896
g ɾ a b a1 m o s,891
g ɾ a b a1 n d o,3429
g ɾ a b a1 ɾ,5015
g ɾ a b a1 ɾ l o,972
g ɾ a b a1 ɾ o n,545
g ɾ a b a1 s t e,579
g ɾ a1 b e,495
g ɾ a b e1,991
g ɾ a1 b o,462
g ɾ a b o1,1739
g ɾ a1 s j a,19874
g ɾ a1 s j a s,857794
g ɾ a s j o1 s a,6271
g ɾ a s j o1 s a s,963
g ɾ a s j o1 s o,46800
g ɾ a s j o1 s o s,1573
g ɾ a1 d a s,727
g ɾ a1 d o,12540
g ɾ a1 d o s,12146
g ɾ a d w a s j o1 n,6374
g ɾ a d w a1 d o,1797
g ɾ a d w a1 d o s,755
g ɾ a d w a l m e1 n t e,1005
g ɾ a d w a1 ɾ m e,1443
g ɾ a d w a1 ɾ s e,1250
g ɾ a d w a1 ɾ t e,844
g ɾ a d w e1,1059
g ɾ a d w o1,1170
g ɾ a f f i1 t i,536
g ɾ a1 f i k a,777
g ɾ a1 f i k o,1331
g ɾ a1 f i k o s,835
g ɾ a m a1 t i k a,675
g ɾ a1 m o,934
g ɾ a1 m o s,2699
g ɾ a1 n,273843
g ɾ a n a1 d a,3928
g ɾ a n a1 d a s,2777
g ɾ a1 n d e,117257
g ɾ a1 n d e s,71297
g ɾ a n d e1 s a,3274
g ɾ a n d j o1 s a,2792
g ɾ a n d j o1 s a s,613
g ɾ a n d j o1 s o,19994
g ɾ a n d j o1 s o s,814
g ɾ a n d i1 s i m o,562
g ɾ a n d o1 t e,2818
g ɾ a n d u j o1 n,1243
g ɾ a n d u l o1 n,1120
g ɾ a n e1 ɾ o,4044
g ɾ a n i1 t o,862
g ɾ a n i1 s o,538
g ɾ a1 ɲ x a,15590
g ɾ a1 ɲ x a s,1928
g ɾ a ɲ x e1 ɾ o,4780
g ɾ a ɲ x e1 ɾ o s,2805
g ɾ a1 n o,9416
g ɾ a1 n o s,2387
g ɾ a n u1 x a,1337
g ɾ a n u1 x a s,557
g ɾ a1 s a,5721
g ɾ a1 s a s,572
g ɾ a s j e1 n t o,565
g ɾ a1 t a,740
g ɾ a t i f i k a1 n t e,826
g ɾ a1 t i s,19602
g ɾ a t i t u1 d,4071
g ɾ a1 t o,472
g ɾ a t w i1 t a,1153
g ɾ a t w i1 t o,805
g ɾ a1 b a,572
g ɾ a1 b e,21770
g ɾ a b e d a1 d,6739
g ɾ a b e m e1 n t e,1938
g ɾ a1 b e s,6001
g ɾ a b i t a s j o n a1 l,602
g ɾ e1 s j a,3579
g ɾ e1 m j o,1099
g ɾ j a1 l,2186
g ɾ j e1 g a,1800
g ɾ j e1 g a s,460
g ɾ j e1 g o,4959
g ɾ j e1 g o s,3249
g ɾ j e1 t a,2042
g ɾ j e1 t a s,1214
g ɾ i1 f o,1618
g ɾ i1 j,498
g ɾ i j e1 t e s,710
g ɾ i1 j o,934
g ɾ i1 j o s,584
g ɾ i1 m e s,1433
g ɾ i1 ɲ g o,1043
g ɾ i1 p e,3793
g ɾ i1 s,7992
g ɾ i1 s e s,1519
g ɾ i1 t a,5311
g ɾ i t a1 b a,2334
g ɾ i t a1 b a n,744
g ɾ i t a1 d o,1362
g ɾ i1 t a n,1557
g ɾ i t a1 n d o,8766
g ɾ i t a1 n d o l e,504
g ɾ i t a1 n d o m e,534
g ɾ i t a1 ɾ,12240
g ɾ i t a ɾ e1,860
g ɾ i t a1 ɾ l e,1653
g ɾ i t a1 ɾ m e,1802
g ɾ i t a1 ɾ t e,662
g ɾ i1 t a s,2009
g ɾ i t a1 s t e,665
g ɾ i1 t e,1949
g ɾ i t e1,1468
g ɾ i1 t e n,883
g ɾ i1 t e s,3485
g ɾ i1 t o,5593
g ɾ i t o1,2609
g ɾ i1 t o s,7957
g ɾ o s e1 ɾ a,1872
g ɾ o s e ɾ i1 a,623
g ɾ o s e ɾ i1 a s,577
g ɾ o s e1 ɾ o,5616
g ɾ o s e1 ɾ o s,458
g ɾ o s o1 ɾ,527
g ɾ o t e1 s k o,879
g ɾ u1 a,2382
g ɾ w e1 s a,1100
g ɾ w e1 s a s,602
g ɾ w e1 s o,1604
g ɾ w e1 s o s,554
g ɾ u1 j a,492
g ɾ u j o1 n,1558
g ɾ u j o1 n a,524
g ɾ u1 p o,58019
g ɾ u1 p o s,8635
g ɾ u1 t a,487
g w a n t a1 n a m o,793
g w a1 n t e,3547
g w a n t e1 ɾ a,1208
g w a1 n t e s,7199
g w a1 p a,18162
g w a1 p a s,2164
g w a p i1 s i m a,1229
g w a p i1 s i m o,828
g w a1 p o,18289
g w a1 p o s,1909
g w a1 ɾ d a,13735
g w a ɾ d a1 b a,1862
g w a ɾ d a b o1 s k e s,670
g w a ɾ d a k o1 s t a s,865
g w a ɾ d a1 d a,653
g w a ɾ d a1 d o,3763
g w a ɾ d a1 d o s,590
g w a ɾ d a e s p a1 l d a s,4931
g w a1 ɾ d a l a,1469
g w a1 ɾ d a l o,2871
g w a1 ɾ d a m e,1038
g w a ɾ d a1 m o s,1476
g w a1 ɾ d a n,2178
g w a ɾ d a1 n d o,2381
g w a ɾ d a1 ɾ,10629
g w a ɾ d a ɾ e1,2017
g w a ɾ d a1 ɾ l a,824
g w a ɾ d a1 ɾ l a s,556
g w a ɾ d a1 ɾ l o,2595
g w a ɾ d a1 ɾ l o s,616
g w a ɾ d a1 ɾ m e,724
g w a ɾ d a r o1 p a,960
g w a ɾ d a1 ɾ s e,652
g w a ɾ d a1 ɾ t e,634
g w a1 ɾ d a s,3462
g w a ɾ d a1 s t e,735
g w a1 ɾ d a t e,2052
g w a1 ɾ d a t e l o,1517
g w a1 ɾ d e,3333
g w a ɾ d e1,1893
g w a1 ɾ d e l o,552
g w a1 ɾ d e n,1629
g w a ɾ d e ɾ i1 a,2355
g w a1 ɾ d e s,1041
g w a1 ɾ d e s e,601
g w a1 ɾ d j a,31695
g w a ɾ d j a1 n,4790
g w a ɾ d j a1 n e s,2555
g w a1 ɾ d j a s,15500
g w a1 ɾ d o,4084
g w a ɾ d o1,1303
g w a ɾ i1 d a,2439
g w a ɾ n i s j o1 n,1304
g w a1 r a,915
g w a s o1 n,1198
g w a t e m a1 l a,840
g w a1 u,10339
g w a1 i,5339
g u b e ɾ n a m e n t a1 l,1022
g u b e ɾ n a m e n t a1 l e s,734
g e1 r a,129295
g e1 r a s,5614
g e r e1 ɾ a,1532
g e r e1 ɾ o,9910
g e r e1 ɾ o s,6956
g e r i1 j a,888
g e r i1 j a s,496
g e r i j e1 ɾ o s,736
g e1 t o,1210
g i1 a,12148
g j a1 d a,557
g j a1 d o,1070
g i1 a m e,574
g j a1 n d o,658
g i1 a n o s,628
g j a1 ɾ,1930
g j a ɾ a1,1332
g j a ɾ e1,588
g j a1 ɾ l o s,817
g j a1 ɾ m e,614
g j a1 ɾ n o s,1288
g j a1 ɾ t e,750
g i1 a s,1059
g i1 d o,2467
g i1 e,1148
g i j e1 ɾ m o,1091
g i j o t i1 n a,916
g i n e1 a,986
g i n e1 a s,1132
g i n n e1 s s,469
g i1 j o,535
g j o1,1130
g j o1 n,10161
g j o1 n e s,1351
g j o n i1 s t a,1043
g j o n i1 s t a s,486
g i s a1 d o,577
g i s a1 n t e s,1283
g i1 s o,881
g i1 t a,504
g i t a1 r a,7578
g i t a1 r a s,767
g i t a r i1 s t a,1077
g u ɾ u1,1062
g u s a n i1 t o,519
g u s a1 n o,6609
g u s a1 n o s,4772
g u1 s t a,264123
g u s t a1 b a,21758
g u s t a1 b a n,3963
g u s t a1 b a s,989
g u s t a1 d o,11111
g u s t a1 m o s,707
g u1 s t a n,53166
g u s t a1 n d o,1076
g u s t a1 ɾ,8047
g u s t a1 ɾ a,2431
g u s t a ɾ a1,8247
g u s t a ɾ a1 n,554
g u s t a ɾ i1 a,124791
g u s t a ɾ i1 a n,679
g u s t a1 ɾ l e,3633
g u s t a1 ɾ l e s,709
g u s t a1 ɾ m e,3515
g u s t a1 ɾ o n,1968
g u s t a1 ɾ t e,2704
g u1 s t a s,14647
g u s t a1 s t e,697
g u s t a1 b o,480
g u1 s t e,16638
g u s t e1,492
g u1 s t e n,2477
g u1 s t e s,1507
g u1 s t o,65962
g u s t o1,20166
g u1 s t o s,2319
a1,1123818
a b a1 n a,1536
a b e1 i s,27913
a b e1 ɾ,231494
a b e1 ɾ l a,16003
a b e1 ɾ l a s,2016
a b e1 ɾ l e,20376
a b e1 ɾ l e s,3166
a b e1 ɾ l o,54078
a b e1 ɾ l o s,5699
a b e1 ɾ m e,35531
a b e1 ɾ m e l o,5061
a b e1 ɾ n o s,7422
a b e1 ɾ o s,1460
a b e1 ɾ s e,19213
a b e1 ɾ s e l a,687
a b e1 ɾ s e l o,3498
a b e1 ɾ t e,46536
a b e1 ɾ t e l o,4982
a b i1 a,302974
a b i1 a i s,905
a b i1 a m o s,14102
a b i1 a n,33337
a b i1 a s,27390
a b i1 d o,18974
a b j e1 n d o,3289
a1 b i l,3057
a1 b i l e s,583
a b i l i d a1 d,11472
a b i l i d a1 d e s,10162
a b i1 t a,668
a b i t a1 b l e,465
a b i t a s j o1 n,79905
a b i t a s j o1 n e s,10000
a b i1 t a n,456
a b i t a1 n t e s,4177
a1 b i t a d,958
a1 b i t o,3558
a1 b i t o s,2480
a b i t w a1 l,5224
a b i t w a1 l e s,1482
a b i t w a l m e1 n t e,1027
a1 b l a,117466
a b l a1 b a,17454
a b l a1 b a m o s,3688
a b l a1 b a n,3020
a b l a1 b a s,4075
a b l a1 d,880
a b l a1 d o,32973
a b l a d o1 ɾ,873
a b l a d u ɾ i1 a s,698
a b l a1 i s,1192
a1 b l a l e,3193
a1 b l a l e s,541
a1 b l a m e,17242
a b l a1 m o s,35688
a1 b l a n,17845
a b l a1 n d o,141310
a b l a1 n d o l e,1292
a b l a1 n d o m e,1173
a b l a1 n d o t e,798
a1 b l a n o s,1433
a b l a1 ɾ,346896
a b l a1 ɾ a,3414
a b l a ɾ a1,5254
a b l a1 ɾ a m o s,693
a b l a1 ɾ a n,557
a b l a ɾ a1 n,1149
a b l a1 ɾ a s,1638
a b l a ɾ a1 s,1825
a b l a ɾ e1,15342
a b l a ɾ e1 m o s,15257
a b l a ɾ i1 a,1930
a b l a ɾ i1 a m o s,507
a b l a1 ɾ l e,24138
a b l a1 ɾ l e s,4384
a b l a1 ɾ l o,5759
a b l a1 ɾ m e,14496
a b l a1 ɾ n o s,2775
a b l a1 ɾ o n,3857
a b l a1 ɾ o s,844
a b l a1 ɾ s e,520
a b l a1 ɾ t e,23364
a1 b l a s,60762
a b l a1 s e,516
a b l a1 s t e,9973
a1 b l e,25510
a b l e1,21150
a b l e1 i s,494
a1 b l e l e,624
a1 b l e m e,3819
a b l e1 m o s,17936
a1 b l e n,5183
a1 b l e m m e,528
a1 b l e n o s,799
a1 b l e s,19719
a1 b l o,44128
a b l o1,20628
a b ɾ a1,74293
a b ɾ a1 n,8274
a b ɾ a1 s,6303
a b ɾ e1,4135
a b ɾ e1 i s,571
a b ɾ e1 m o s,2178
a b ɾ i1 a,77304
a b ɾ i1 a m o s,4675
a b ɾ i1 a n,8149
a b ɾ i1 a s,8773
a1 s e,552505
a s e1 d,2659
a s e1 d l e,620
a s e1 d l o,1759
a s e1 d m e,591
a s e d o1 ɾ,453
a s e1 i s,5873
a s e1 m o s,70297
a1 s e n,92958
a s e1 ɾ,828499
a s e1 ɾ l a,14297
a s e1 ɾ l a s,3997
a s e1 ɾ l e,56560
a s e1 ɾ l e s,9239
a s e1 ɾ l o,439372
a s e1 ɾ l o s,6835
a s e1 ɾ m e,52766
a s e1 ɾ m e l o,1514
a s e1 ɾ n o s,13147
a s e1 ɾ o s,1910
a s e1 ɾ s e,26903
a s e1 ɾ s e l o,2297
a s e1 ɾ t e,61716
a s e1 ɾ t e l o,1276
a1 s e s,199430
a1 tʃ a,4815
a1 tʃ a s,592
a tʃ i1 s,849
a1 s j a,145597
a s i1 a,46884
a s i1 a m o s,4673
a1 s j a n,515
a s i1 a n,9022
a s i1 a s,8609
a s j e1 n d a,3320
a s j e1 n d o,270725
a s j e1 n d o l a,717
a s j e1 n d o l e,2856
a s j e1 n d o l e s,535
a s j e1 n d o l o,11606
a s j e1 n d o l o s,482
a s j e1 n d o m e,3277
a s j e1 n d o n o s,1099
a s j e1 n d o s e,3197
a s j e1 n d o t e,2413
a k k e a1 ɾ,475
a k k e1 ɾ,1345
a k k e1 ɾ s,654
a1 d a,3904
a1 d a s,5543
a1 d e s,1426
a1 g a,98363
a g a1 i s,2226
a1 g a l a,960
a1 g a l e,1573
a1 g a l o,12961
a1 g a l o s,477
a1 g a m e,4271
a1 g a m e l o,992
a g a1 m o s,23704
a g a1 m o s l e,483
a g a1 m o s l o,22853
a1 g a n,33047
a1 g a n l e,921
a1 g a n l o,6544
a1 g a m m e,1376
a1 g a n s e,1566
a1 g a s,91836
a1 g a s e,3414
a1 g o,114348
a i1 t i,777
a1 l a,1104
a l a1 g a,1010
a l a g a1 d a,776
a l a g a1 d o,1162
a l a g a d o1 ɾ,899
a l a1 g o,655
a l a1 g o s,596
a l k o1 n,3372
a l k o1 n e s,651
a1 l e,1799
a1 j,5451
a1 j a,2695
a j a1 d a,612
a j a1 d o,3166
a j a1 m o s,3839
a1 j a n,791
a j a1 ɾ,9283
a j a ɾ a1,657
a j a ɾ a1 n,573
a j a ɾ a1 s,759
a j a ɾ e1,633
a j a ɾ e1 m o s,1016
a j a1 ɾ l a,948
a j a1 ɾ l o,1680
a j a1 ɾ l o s,568
a j a1 ɾ o n,3296
a1 j a s,550
a j a1 s t e,1339
a j a1 s g o,1170
a j a1 s g o s,548
a1 j e,917
a j e1,3012
a j e1 m o s,508
a1 j e n,486
a1 j o,1119
a j o1,2591
a j o b e1 e n,4343
a1 l o,1004
a m a1 k a,693
a1 m b ɾ e,51558
a m b ɾ j e1 n t a,2045
a m b ɾ j e1 n t o,4996
a m b ɾ j e1 n t o s,2702
a m b ɾ u1 n a,717
a m b u1 ɾ g o,1370
a m b u ɾ g e1 s a,5690
a m b u ɾ g e1 s a s,4382
a1 m s t e ɾ,732
a1 n,336806
a ɲ g a1 ɾ,2323
a ɾ a1,67955
a ɾ a1 n,21305
a ɾ a1 p o s,553
a ɾ a1 s,38832
a ɾ e1,130654
a ɾ e1 i s,1005
a ɾ e1 m o s,53994
a ɾ e1 n,586
a ɾ i1 a,64815
a ɾ i1 a m o s,3605
a ɾ i1 a n,6458
a ɾ i1 a s,18655
a ɾ i1 n a,2429
a1 ɾ t a,6544
a ɾ t a1 n d o,519
a ɾ t e1,1930
a1 ɾ t o,11930
a1 ɾ t o s,963
a1 s,505945
a1 s t a,475448
a1 b a i,2654
a1 i,1141141
a1 j a,116329
a j a1 i s,1358
a j a1 m o s,8135
a1 j a n,19538
a1 j a s,31073
a1 s,61626
a s a1 j a,1068
a s a1 j a s,864
a1 s l a,2831
a1 s l a s,491
a1 s l e,6634
a1 s l e s,1018
a1 s l o,92579
a1 s l o s,1472
a1 s m e,27725
a1 s m e l o,3459
a s m e r e i1 ɾ,729
a1 s n o s,2004
a1 s t e,9324
e1,856434
e a1 b i,1007
e b i1 j a,586
e b ɾ e1 o,1262
e1 s e s,890
e1 tʃ a,12643
e1 tʃ a s,4928
e tʃ i s e1 ɾ a,1073
e tʃ i s e1 ɾ o,1756
e tʃ i s e1 ɾ o s,471
e tʃ i s a1 d o,635
e tʃ i1 s o,5806
e tʃ i1 s o s,1617
e1 tʃ o,398318
e1 tʃ o s,22215
e k t a1 ɾ e a s,1081
e1 k t o ɾ,3487
e d o1 ɾ,1490
e l a1 d a,2850
e l a1 d a s,748
e l a d e1 ɾ a,934
e l a1 d o,16167
e l a1 d o s,2962
e l a1 n d o,709
e1 l i s e,814
e l i k o1 p t e ɾ o,12358
e l i k o1 p t e ɾ o s,3305
e1 l j o,792
e m a t o1 m a,798
e1 m b ɾ a,4073
e1 m b ɾ a s,1872
e m i s f e1 ɾ j o,1096
e m o r a1 x j a,4928
e m o r a1 x j a s,567
e m o r o1 i d e s,559
e1 m o s,203510
e1 n o,1456
e p a1 t i k a,552
e p a t i1 t i s,1105
e ɾ a1 l d o,542
e1 ɾ k u l e s,1992
e ɾ e d a1 d o,1016
e ɾ e d a1 ɾ,842
e ɾ e d e1,849
e ɾ e d e1 ɾ a,1274
e ɾ e d e1 ɾ o,5607
e ɾ e d e1 ɾ o s,741
e ɾ e d o1,1020
e ɾ e1 x e,735
e ɾ e1 x e s,562
e ɾ e x i1 a,707
e ɾ e1 n s j a,4422
e ɾ i1,855
e ɾ i1 d a,19793
e ɾ i1 d a s,11995
e ɾ i1 d o,26373
e ɾ i1 d o s,8987
e ɾ i1 ɾ,4183
e ɾ i1 ɾ l a,718
e ɾ i1 ɾ l o,756
e ɾ i1 ɾ m e,1532
e ɾ i1 ɾ t e,2904
e ɾ i1 s t e,768
e ɾ m a1 n a,95158
e ɾ m a1 n a s,12841
e ɾ m a n a1 s t ɾ a,474
e ɾ m a n a1 s t ɾ o,683
e ɾ m a n d a1 d,4164
e ɾ m a n i1 t a,3843
e ɾ m a n i1 t o,4279
e ɾ m a1 n o,170775
e ɾ m a1 n o s,33569
e ɾ m o1 s a,49442
e ɾ m o1 s a s,7296
e ɾ m o1 s o,39470
e ɾ m o1 s o s,5247
e ɾ m o s u1 ɾ a,1262
e1 ɾ n j a,710
e1 ɾ o e,27904
e1 ɾ o e s,8596
e ɾ o1 i k a,683
e ɾ o1 i k o,1527
e ɾ o i1 n a,8022
e ɾ o i1 s m o,861
e1 ɾ p e s,1199
e r a d u1 ɾ a,586
e r a m j e1 n t a,2955
e r a m j e1 n t a s,7871
e r e1 ɾ o,1856
e ɾ b i1 ɾ,1096
e t e1 ɾ o,1249
e t e ɾ o s e g s w a1 l,1528
e t e ɾ o s e g s w a1 l e s,739
e1 i,130767
i b e ɾ n a s j o1 n,542
i1 b ɾ i d o,1334
i1 b ɾ i d o s,611
i1 s e,151056
i s j e1 ɾ a,19740
i s j e1 ɾ a m o s,1857
i s j e1 ɾ a n,3504
i s j e1 ɾ a s,7057
i s j e1 ɾ o n,46627
i s j e1 s e,1916
i s i1 m o s,37974
i s i1 s t e,112017
i s i1 s t e i s,1315
i d ɾ o1 x e n o,1741
j e1 d ɾ a,661
j e1 l o,26442
j e1 n a,570
j e1 n a s,552
j e1 ɾ b a,11875
j e1 ɾ b a s,2724
j e1 ɾ e,966
j e1 ɾ e n,607
j e1 r o,9173
j e1 ɾ b e,771
i1 g a d o,7326
i x j e1 n e,1547
i x j e1 n i k o,1808
i1 g o s,545
i1 x a,125908
i1 x a s,10363
i x a1 s t ɾ a,549
i x a1 s t ɾ o,498
i x i1 t a,1859
i x i1 t o,1616
i1 x o,311843
i1 x o s,96864
i l a ɾ a1 n t e,454
i l e1 ɾ a,566
i1 l o,4800
i1 l o s,1851
i1 m n o,2034
i1 m n o s,629
i1 n tʃ a,580
i n tʃ a1 d a,1020
i n tʃ a1 d o,1014
i n tʃ a1 d o s,533
i n tʃ a s o1 n,878
i n d u1,1628
i n d u1 e s,968
i p e ɾ e s p a1 s j o,1095
i p n o1 s i s,1389
i p n o t i s a1 d o,632
i1 p o,1048
i p o k ɾ e s i1 a,1107
i p o1 k ɾ i t a,2916
i p o1 k ɾ i t a s,891
i p o1 d ɾ o m o,853
i p o p o1 t a m o,602
i p o t e1 k a,3059
i p o t e1 k a s,724
i p o t e1 ɾ m j a,588
i p o1 t e s i s,1978
i p o t e1 t i k a m e n t e,892
i1 p p j e,1442
i1 p p j e s,1107
i ɾ j e1 ɾ o n,2139
i ɾ j o1,2049
i ɾ b j e1 n d o,1698
i s p a1 n o,637
i s p a1 n o s,506
i s t e1 ɾ j a,1158
i s t e1 ɾ i k a,2059
i s t e1 ɾ i k o,1069
i s t o1 ɾ j a,143765
i s t o ɾ j a d o1 ɾ,763
i s t o ɾ j a d o1 ɾ e s,539
i s t o ɾ j a1 l,6634
i s t o ɾ j a1 l e s,534
i s t o1 ɾ j a s,21529
i s t o1 ɾ i k a,1720
i s t o1 ɾ i k o,2845
i s t o1 ɾ i k o s,781
i s t o ɾ j e1 t a,510
i s t o ɾ j e1 t a s,1277
i1 d,1047
i1 s o,199378
o1 b b i,1522
o s i1 k o,1347
o1 k k e i,4079
o g a1 ɾ,33495
o g a1 ɾ e s,3525
o g e1 ɾ a,2305
o1 x a,7696
o x a l a1 t a,875
o1 x a s,7220
o1 l a,632499
o l a1 n d a,2108
o l a n d e1 s,2221
o l a n d e1 s a,714
o l a n d e1 s e s,658
o l g a s a1 n,944
o l g a s a1 n e s,517
o j i b o o1 d,12167
o l o k a1 u s t o,1113
o l o g ɾ a1 m a,1084
o1 m b ɾ e,526706
o m b ɾ e s i1 j o,647
o m b ɾ e s i1 t o,2842
o1 m b ɾ e s,192470
o m b ɾ i1 a,597
o1 m b ɾ o,10235
o1 m b ɾ o s,6441
o1 m e,3027
o m e n a1 x e,2131
o m i s i1 d a,2767
o m i s i1 d a s,485
o m i s i1 d j o,12593
o m i s i1 d j o s,6596
o1 m o,1237
o m o s e g s w a1 l,4650
o m o s e g s w a1 l e s,2604
o m o s e g s w a l i d a1 d,1092
o1 n d a,1152
o1 n d o,3600
o n e1 s t a,5726
o n e s t a m e1 n t e,9203
o n e1 s t a s,509
o n e s t i d a1 d,3182
o n e1 s t o,14484
o n e1 s t o s,3094
o1 ɲ g o,1482
o1 ɲ g o s,2821
o n o l u1 l u,650
o n o1 ɾ,45957
o n o ɾ a1 b l e,5403
o n o ɾ a1 b l e s,930
o n o ɾ a1 ɾ j o,505
o n o ɾ a1 ɾ j o s,1723
o n o1 ɾ e s,2477
o1 n r a,2471
o n r a1 d a,1488
o n r a d e1 s,514
o n r a1 d o,4826
o n r a1 d o s,1183
o n r a1 ɾ,2243
o n r a1 ɾ l o,560
o1 ɾ a,217128
o ɾ a1 s j o,837
o ɾ a1 ɾ j o,6833
o ɾ a1 ɾ j o s,1832
o1 ɾ a s,133399
o1 ɾ k a,1917
o1 ɾ d a,655
o1 ɾ d a s,537
o ɾ i s o n t a1 l,826
o ɾ i s o1 n t e,2957
o ɾ i s o1 n t e s,647
o ɾ m i1 g a,1275
o ɾ m i1 g a s,2864
o ɾ m i g o1 n,907
o ɾ m i g e1 o,516
o ɾ m i g e1 ɾ o,773
o ɾ m o1 n a,569
o ɾ m o n a1 l,512
o ɾ m o1 n a s,2326
o ɾ n e a1 ɾ,549
o1 ɾ n o,5914
o1 ɾ n o s,1033
o ɾ o1 s k o p o,662
o r e1 n d a,701
o r e1 n d o,853
o r i1 b l e,43066
o r i b l e m e1 n t e,1100
o r i1 b l e s,6508
o r i p i l a1 n t e,690
o r o1 ɾ,6334
o r o1 ɾ e s,1386
o r o ɾ i s a1 d o,490
o r o ɾ o1 s a,724
o r o ɾ o1 s o,1388
o1 ɾ s e,696
o s p e1 d a,540
o s p i t a1 l,69505
o s p i t a1 l e s,4257
o s p i t a l i d a1 d,2917
o s t a1 l,659
o1 s t j a,2449
o1 s t j a s,948
o s t i1 l,3467
o s t i1 l e s,1770
o s t i l i d a1 d,1300
o t e1 l,54288
o t e1 l e s,3945
o1 i,258411
o1 j o,7839
o1 j o s,1784
u b j e1 ɾ a,112134
u b j e1 ɾ a m o s,6132
u b j e1 ɾ a n,13502
u b j e1 ɾ a s,21057
u b j e1 ɾ o n,749
u b j e1 s e,27042
u b j e1 s e m o s,1836
u b j e1 s e n,3106
u b j e1 s e s,4127
u1 b o,47144
g u1 e k a,1553
g u1 e k o,4923
g u1 e k o s,1073
g u1 e l a,1011
g u1 e l e,19918
g u1 e l e l o,517
g u1 e l e n,2542
g u1 e l e s,5402
g u1 e l g a,5571
g u1 e l g a s,571
g u1 e j a,6261
g u1 e j a s,21182
g u1 e l o,4882
g u1 e ɾ f a n a,1195
g u1 e ɾ f a n o,2094
g u1 e ɾ f a n o s,2349
g u1 e ɾ t a,734
g u1 e ɾ t o,1285
g u e1 s i t o s,665
g u1 e s o,9880
g u1 e s o s,15976
g u1 e s p e d,4057
g u1 e s p e d e s,4315
g u1 e b o,9842
g u1 e b o s,22242
u1 g o,4520
w i1,1212
w i1 a,651
w i1 d a,1425
w i1 d o,2831
w i1 m o s,742
w i1 ɾ,15300
w i1 s t e,992
u1 l e,492
u m a1 n a,23960
u m a n a m e1 n t e,470
u m a1 n a s,4129
u m a n i d a1 d,14566
u m a n i t a1 ɾ j a,493
u m a n i t a1 ɾ j o,641
u m a1 n o,38092
u m a1 n o s,31659
u m e a1 n t e,553
u1 m e d a,1835
u m e d a1 d,2555
u1 m e d a s,580
u1 m e d o,2461
u1 m e d o s,611
u m i l d a1 d,1848
u m i1 l d e,5303
u m i l d e m e1 n t e,1074
u m i1 l d e s,1122
u m i j a s j o1 n,2755
u m i j a1 d a,757
u m i j a1 d o,1870
u m i j a1 n t e,2501
u m i j a1 ɾ,611
u m i j a1 ɾ m e,1718
u m i j a1 ɾ t e,618
u1 m o,13404
u m o1 ɾ,20972
u1 m o s,700
u1 n d a,614
u1 n d e,1731
u1 n d e n,457
u n d i1 d o,1967
u n d j e1 n d o,1067
u n d i1 m o s,549
u n d j o1,2001
u n d i1 ɾ,1682
u n d i ɾ a1,581
u n d i1 ɾ m e,664
u n d i1 ɾ s e,1574
u1 ɲ g a ɾ o,1065
u1 ɲ g a ɾ o s,589
u ɲ g ɾ i1 a,1046
u ɾ a k a1 n,3333
u ɾ a k a1 n e s,791
u ɾ o1 n,484
u1 r a,3770
u ɾ t a d i1 j a s,988
u1 ɾ t o,653
u s m e a1 n d o,1262
u s m e a1 ɾ,790
u1 j a,839
u j a1 m o s,671
u1 j a n,1092
u1 j a s,1020
u1 j e,4291
u1 j e n,1438
u j e1 n d o,6624
u j e1 ɾ o n,1614
u1 j e s,1303
u1 j o,855
u j o1,4721
i1,95161
i1 b a,140029
i1 b a i s,553
i1 b a m o s,16585
i1 b a n,18407
i1 b a s,24539
i s e b e1 ɾ g,1024
i k o1 n o,662
i1 d,5615
i1 d a,5030
i d e1 a,204424
i d e a1 l,8203
i d e a1 l e s,2659
i d e a l i1 s t a,1005
i d e a1 ɾ,569
i d e1 a s,23339
i d e1 n t i k a,986
i d e1 n t i k a s,886
i d e1 n t i k o,1463
i d e1 n t i k o s,1187
i d e n t i d a1 d,11230
i d e n t i d a1 d e s,1417
i d e n t i f i1 k a,858
i d e n t i f i k a s j o1 n,11826
i d e n t i f i k a s j o1 n e s,1118
i d e n t i f i k a1 d a,1042
i d e n t i f i k a1 d o,4456
i d e n t i f i k a1 d o s,775
i d e n t i f i k a1 m o s,779
i d e n t i f i k a1 ɾ,6377
i d e n t i f i k a1 ɾ l a,848
i d e n t i f i k a1 ɾ l o,2411
i d e n t i f i k a1 ɾ l o s,1055
i d e n t i f i k a1 ɾ m e,496
i d e n t i f i k a1 ɾ o n,812
i d e n t i f i k a1 ɾ s e,891
i d e n t i f i k o1,1825
i d e n t i f i1 k e,767
i d e n t i f i1 k e s e,1351
i d e o l o x i1 a,751
i d j o1 m a,7028
i d j o1 m a s,2263
i d j o1 t a,81569
i d j o1 t a s,18076
i d j o t e1 s e s,1579
i d j o t e1 s,1547
i1 d o,90091
i1 d o l o,2860
i1 d o l o s,508
i g l e1 s j a,38818
i g l e1 s j a s,2212
i g n a1 s j o,875
i g n i s j o1 n,1002
i g n o1 ɾ a,1886
i g n o ɾ a1 b a,752
i g n o ɾ a1 d o,1025
i g n o1 ɾ a l a,496
i g n o1 ɾ a l o,1537
i g n o ɾ a1 m o s,563
i g n o1 ɾ a n,754
i g n o ɾ a1 n s j a,2452
i g n o ɾ a1 n d o,1227
i g n o ɾ a1 n t e,3402
i g n o ɾ a1 n t e s,1408
i g n o ɾ a1 ɾ,3805
i g n o ɾ a1 ɾ l a,628
i g n o ɾ a1 ɾ l o,1902
i g n o ɾ a1 ɾ m e,879
i g n o1 ɾ a s,747
i g n o1 ɾ e,575
i g n o1 ɾ o,1259
i g n o ɾ o1,684
i g w a1 l,108746
i g w a l a1 ɾ,820
i g w a l d a1 d,1897
i g w a1 l e s,13479
i g w a l i1 t o,601
i g w a l m e1 n t e,10364
i l e g a1 l,12425
i l e g a1 l e s,3854
i l e g a l m e1 n t e,1929
i l e1 s o,769
i l i m i t a1 d a,504
i l i m i t a1 d o,935
i l o1 x i k o,629
i l u m i1 n a,1314
i l u m i n a s j o1 n,2336
i l u m i n a1 d a,579
i l u m i n a1 d o,1157
i l u m i n a1 ɾ,1104
i l u m i1 n e,501
i l u s j o1 n,5790
i l u s j o1 n e s,3566
i l u s t ɾ a s j o1 n e s,475
i l u1 s t ɾ e,1124
i m a1 x e n,23912
i m a1 x e n e s,12022
i m a x i1 n a,9185
i m a x i n a1 b a,5755
i m a x i n a1 b l e,524
i m a x i n a s j o1 n,10115
i m a x i n a s j o1 n e s,472
i m a x i n a1 d o,4510
i m a x i n a1 m o s,900
i m a x i1 n a n,1195
i m a x i n a1 n d o,1769
i m a x i n a1 ɾ,14198
i m a x i n a1 ɾ j a,832
i m a x i n a1 ɾ j o,1526
i m a x i n a1 ɾ j o s,515
i m a x i n a1 ɾ l o,3656
i m a x i n a1 ɾ m e,5016
i m a x i n a1 ɾ m e l o,1524
i m a x i n a1 ɾ s e,2945
i m a x i n a1 ɾ s e l o,570
i m a x i n a1 ɾ t e,3721
i m a x i n a1 ɾ t e l o,906
i m a x i1 n a s,7574
i m a x i n a1 s t e,650
i m a x i1 n a t e,8944
i m a x i1 n a t e l o,1304
i m a x i1 n e,2513
i m a x i n e1,7422
i m a x i1 n e n,1299
i m a x i1 n e n s e,1450
i m a x i1 n e s e,2782
i m a x i1 n o,20318
i m a x i n o1,916
i m a1 n,1593
i m a1 n e s,509
i m b e1 s i l,32751
i m b e1 s i l e s,5085
i m i1 t a,686
i m i t a s j o1 n,2081
i m i t a s j o1 n e s,659
i m i t a d o1 ɾ,1063
i m i t a1 n d o,682
i m i t a1 ɾ,1602
i m p a s j e1 n s j a,885
i m p a s j e1 n t e,2944
i m p a s j e1 n t e s,650
i m p a k t a1 d o,497
i m p a k t a1 n t e,1045
i m p a1 k t o,8267
i m p a k t o1,583
i m p a1 k t o s,537
i m p a ɾ a1 b l e,742
i m p a ɾ s j a1 l,1030
i m p e k a1 b l e,1903
i m p e d i1 d o,1007
i m p e d i m e1 n t o,674
i m p e d i1 ɾ,5307
i m p e d i ɾ a1,951
i m p e d i1 ɾ l o,3045
i m p e d i1 ɾ m e,648
i m p e d i1 ɾ m e l o,861
i m p e d i1 ɾ s e l o,1075
i m p e n e t ɾ a1 b l e,842
i m p e n s a1 b l e,788
i m p e ɾ a t i1 b o,706
i m p e ɾ d o n a1 b l e,1360
i m p e ɾ f e k s j o1 n e s,469
i m p e ɾ f e1 k t o,576
i m p e ɾ j a1 l,3849
i m p e ɾ j a1 l e s,589
i m p e1 ɾ j o,9952
i m p e ɾ m e a1 b l e,1028
i m p e ɾ t i n e1 n s j a,518
i m p e ɾ t i n e1 n t e,1104
i m p e t w o1 s o,477
i m p i1 d a,1030
i m p i1 d e,3643
i m p i1 d e n,635
i m p i d j o1,1089
i m p l a k a1 b l e,1449
i m p l a1 n t e,1457
i m p l a1 n t e s,1467
i m p l i1 k a,4157
i m p l i k a s j o1 n e s,733
i m p l i k a1 d a,608
i m p l i k a1 d o,1972
i m p l i k a1 d o s,802
i m p l i k a1 ɾ,489
i m p l o1 ɾ o,901
i m p o1 n e,765
i m p o n e1 n t e,884
i m p o n e1 ɾ,1323
i m p o1 ɾ t a,226995
i m p o ɾ t a1 b a,7562
i m p o ɾ t a1 b a n,621
i m p o ɾ t a s j o1 n,637
i m p o ɾ t a1 d o,1477
i m p o ɾ t a1 m o s,646
i m p o1 ɾ t a n,7665
i m p o ɾ t a1 n s j a,16014
i m p o ɾ t a1 n t e,128955
i m p o ɾ t a1 n t e s,17318
i m p o ɾ t a1 ɾ,8761
i m p o ɾ t a1 ɾ a,2483
i m p o ɾ t a ɾ a1,3724
i m p o ɾ t a ɾ i1 a,13557
i m p o ɾ t a1 ɾ l e,2129
i m p o ɾ t a1 ɾ l e s,512
i m p o ɾ t a1 ɾ m e,2004
i m p o ɾ t a1 ɾ t e,1488
i m p o1 ɾ t a s,2613
i m p o1 ɾ t e,6868
i m p o1 ɾ t o,2159
i m p o ɾ t o1,2528
i m p o s i1 b l e,53037
i m p o s i1 b l e s,1452
i m p o s t o1 ɾ,1986
i m p o t e1 n s j a,696
i m p o t e1 n t e,1695
i m p ɾ e d e s i1 b l e,1552
i m p ɾ e d e s i1 b l e s,472
i m p ɾ e1 n t a,1341
i m p ɾ e1 s a,540
i m p ɾ e s s i n d i1 b l e,737
i m p ɾ e s j o1 n,12621
i m p ɾ e s j o1 n a,1655
i m p ɾ e s j o n a1 d a,2146
i m p ɾ e s j o n a1 d o,5568
i m p ɾ e s j o n a1 d o s,701
i m p ɾ e s j o n a1 n t e,16305
i m p ɾ e s j o n a1 n t e s,1202
i m p ɾ e s j o n a1 ɾ,2719
i m p ɾ e s j o n a1 ɾ l a,644
i m p ɾ e s j o n a1 ɾ m e,1396
i m p ɾ e s j o n a1 ɾ t e,1040
i m p ɾ e s j o1 n e s,1399
i m p ɾ e s j o n o1,1372
i m p ɾ e1 s o,1121
i m p ɾ e s o1 ɾ a,726
i m p ɾ e b i s i1 b l e,720
i m p ɾ e b i1 s t o,633
i m p ɾ i1 m e,493
i m p ɾ i m i1 ɾ,1308
i m p ɾ o b a1 b l e,2358
i m p ɾ o b i s a s j o1 n,710
i m p ɾ o b i s a1 d o,569
i m p ɾ o b i s a1 n d o,461
i m p ɾ o b i s a1 ɾ,1545
i m p ɾ o b i1 s o,660
i m p ɾ u d e1 n s j a,574
i m p ɾ u d e1 n t e,2147
i m p w e1 s t o,2563
i m p w e1 s t o s,12106
i m p u1 l s a,673
i m p u l s a1 d o,508
i m p u l s i1 b a,672
i m p u l s i1 b o,1075
i m p u1 l s o,5727
i m p u l s o1 ɾ e s,778
i m p u1 l s o s,2324
i m p u1 n e,845
i1 n,26597
i n a k s e s i1 b l e,485
i n a s e p t a1 b l e,2904
i n a k t i1 b o,464
i n a d e k w a1 d o,745
i n a d m i s i1 b l e,604
i n a l k a n s a1 b l e,535
i n a p ɾ o p j a1 d a,662
i n a p ɾ o p j a1 d o,2465
i n a u1 d i t o,539
i n a u g u ɾ a1 s j o n,2241
i n a u g u1 ɾ a l,532
i ɲ k a l k u l a1 b l e,471
i ɲ k a p a1 s e s,1062
i ɲ k a p a s i d a1 d,1210
i ɲ k a p a s i t a1 d o,624
i ɲ k a p a1 s,5396
i n s e1 n d j a,503
i n s e n d j a1 d o,661
i n s e n d j a1 ɾ,1077
i n s e n d j a1 ɾ j o,558
i n s e1 n d j o,12153
i n s e n d j o1,1281
i n s e1 n d j o s,4147
i n s e n t i1 b o,1102
i n s e n t i1 b o s,488
i n s e ɾ t i d u1 m b ɾ e,1022
i n s e1 s t o,577
i n s i d e1 n t e,10034
i n s i d e1 n t e s,2066
i n s j e1 n s o,894
i n s j e1 ɾ t o,695
i n s i s j o1 n,1115
i ɲ k l i1 n a,1092
i ɲ k l i n a s j o1 n,1181
i ɲ k l i n a1 d a,504
i ɲ k l i n a1 d o,907
i ɲ k l i n a1 ɾ s e,798
i ɲ k l i1 n a t e,1452
i ɲ k l i1 n o,1117
i ɲ k l i n o1,466
i ɲ k l w i1 a,587
i ɲ k l w i1 d a,1396
i ɲ k l w i1 d o,3151
i ɲ k l w i1 d o s,986
i ɲ k l w i1 ɾ,1924
i ɲ k l w i1 ɾ l o,552
i ɲ k l w i1 ɾ m e,628
i ɲ k l u s i1 b e,1818
i ɲ k l u1 s o,90048
i ɲ k l u1 j a,510
i ɲ k l u1 j e,5097
i ɲ k l u1 j e n,1166
i ɲ k l u j e1 n d o,8082
i ɲ k l u j e1 n d o m e,1056
i ɲ k l u j e1 n d o t e,800
i ɲ k o1 g n i t o,880
i ɲ k o1 m o d a,2764
i ɲ k o m o d i d a1 d,579
i ɲ k o m o1 d o,924
i ɲ k o1 m o d o,6092
i ɲ k o1 m o d o s,676
i ɲ k o m p a ɾ a1 b l e,728
i ɲ k o m p e t e1 n s j a,915
i ɲ k o m p e t e1 n t e,1621
i ɲ k o m p e t e1 n t e s,617
i ɲ k o m p l e1 t a,636
i ɲ k o m p l e1 t o,819
i ɲ k o m p ɾ e n s i1 b l e,719
i ɲ k o n s e b i1 b l e,878
i ɲ k o n d i s j o n a1 l,963
i ɲ k o n d i s j o n a l m e1 n t e,455
i ɲ k o n s s j e1 n t e,7238
i ɲ k o n s s j e n t e m e1 n t e,479
i ɲ k o n s s j e1 n t e s,736
i ɲ k o n t a1 b l e s,927
i ɲ k o n t ɾ o l a1 b l e,762
i ɲ k o m b e n j e1 n t e,2893
i ɲ k o m b e n j e1 n t e s,791
i ɲ k o r e1 k t a,1815
i ɲ k o r e1 k t o,3109
i ɲ k o r e x i1 b l e,566
i ɲ k ɾ e i1 b l e,65884
i ɲ k ɾ e i1 b l e m e n t e,6129
i ɲ k ɾ e i1 b l e s,4983
i ɲ k ɾ e m e1 n t a,548
i ɲ k ɾ e m e n t a1 ɾ,974
i ɲ k ɾ e m e1 n t o,1098
i ɲ k ɾ i m i n a1 ɾ,532
i ɲ k ɾ i m i n a1 ɾ m e,553
i ɲ k u1 m b e,2051
i ɲ k u m b e1 n s j a,2597
i ɲ k u ɾ a1 b l e,702
i ɲ k u ɾ s j o1 n,863
i n d a g a1 ɾ,530
i n d e s e1 n t e,1121
i n d e s i1 s o,553
i n d e f e1 n s a,1333
i n d e f e1 n s o,1788
i n d e f e1 n s o s,1208
i n d e f i n i d a m e1 n t e,1128
i n d e m n i s a s j o1 n,1294
i n d e p e n d e1 n s j a,3897
i n d e p e n d j e1 n t e,5133
i n d e p e n d j e n t e m e1 n t e,1052
i n d e p e n d j e1 n t e s,1608
i n d e s k ɾ i p t i1 b l e,570
i n d e s e a1 b l e,525
i n d e s e a1 b l e s,486
i n d e s t ɾ u k t i1 b l e,930
i1 n d j a,14307
i n d j a1 n a,2322
i1 n d j a s,2054
i n d i1 k a,7141
i n d i k a1 b a,471
i n d i k a s j o1 n,826
i n d i k a s j o1 n e s,1442
i n d i k a1 d a,1976
i n d i k a1 d o,4060
i n d i k a d o1 ɾ,858
i n d i k a d o1 ɾ e s,546
i n d i1 k a n,4244
i n d i k a1 n d o,592
i n d i k a1 ɾ,1211
i n d i k a1 ɾ m e,610
i1 n d i s e,2050
i n d i1 s j o,1545
i n d i1 s j o s,1821
i n d i k o1,622
i n d i f e ɾ e1 n s j a,1267
i n d i f e ɾ e1 n t e,1737
i n d i1 x e n a,672
i n d i1 x e n a s,911
i n d i x e1 n t e,776
i n d i x e1 n t e s,739
i n d i x e s t j o1 n,684
i n d i g n a s j o1 n,645
i n d i g n a1 n t e,657
i n d i1 g n o,1049
i1 n d j o,7492
i1 n d j o s,10114
i n d i1 k e,1088
i n d i ɾ e1 k t a,870
i n d i ɾ e k t a m e1 n t e,493
i n d i s k ɾ e s j o1 n,527
i n d i s k u t i1 b l e,532
i n d i s p e n s a1 b l e,1199
i n d i s p w e1 s t a,464
i n d i s p w e1 s t o,591
i n d i b i d w a1 l,1965
i n d i b i d w a1 l e s,1518
i n d i b i d w a l m e1 n t e,622
i n d i b i1 d w o,4384
i n d i b i1 d w o s,2704
i n d o tʃ i1 n a,467
i n d o n e1 s j a,708
i n d u d a b l e m e1 n t e,1058
i n d u l x e1 n s j a,774
i n d u l x e1 n t e,836
i n d u1 l t o,889
i n d u1 s t ɾ j a,8044
i n d u s t ɾ j a1 l,3167
i n d u s t ɾ j a1 l e s,882
i n d u1 s t ɾ j a s,2698
i n e1 p t o,475
i n e1 ɾ s j a,481
i n e1 s,723
i n e s p e ɾ a1 d a,1481
i n e s p e ɾ a d a m e1 n t e,861
i n e s p e ɾ a1 d a s,522
i n e s p e ɾ a1 d o,3348
i n e s p e ɾ a1 d o s,534
i n e s t a b i l i d a1 d,625
i n e s t a1 b l e,3396
i n e s t a1 b l e s,666
i n e b i t a1 b l e,4799
i n e b i t a b l e m e1 n t e,799
i n e s p l i k a1 b l e,1111
i n e s p l i k a1 b l e s,497
i m f a l i1 b l e,930
i m f a1 m e,1703
i m f a1 m j a,623
i m f a1 n s j a,6996
i m f a1 n t e,825
i m f a n t e ɾ i1 a,3239
i m f a1 n t e s,1060
i m f a n t i1 l,6664
i m f a n t i1 l e s,1545
i m f a1 ɾ t o,4610
i m f e k s j o1 n,7440
i m f e k s j o1 n e s,1049
i m f e k t a1 d a,1630
i m f e k t a1 d o,2597
i m f e k t a1 d o s,1559
i m f e k t a1 ɾ,555
i m f e k t o1,631
i m f e l i1 s e s,1575
i m f e l i s i d a1 d,579
i m f e l i1 s,7905
i m f e ɾ j o1 ɾ,4352
i m f e ɾ j o1 ɾ e s,1575
i m f e ɾ j o ɾ i d a1 d,479
i m f e ɾ n a1 l,2288
i m f i d e l i d a1 d,745
i m f j e1 l,3261
i m f j e1 l e s,965
i m f j e1 ɾ n o,40316
i m f j e1 ɾ n o s,556
i m f i l t ɾ a s j o1 n,505
i m f i l t ɾ a1 d o,1578
i m f i l t ɾ a1 ɾ s e,1004
i m f i n i1 t a,1827
i m f i n i t a m e1 n t e,845
i m f i n i1 t a s,730
i m f i n i1 t o,2746
i m f l a s j o1 n,909
i m f l a m a1 b l e,526
i m f l a m a s j o1 n,1006
i m f l e g s i1 b l e,617
i m f l w e1 n s j a,7858
i m f l w e n s j a1 ɾ,524
i m f l w e1 n s j a s,1623
i m f l w i1 ɾ,930
i m f l u j e1 n t e,788
i m f l u j e1 n t e s,533
i m f o1 ɾ m a,3159
i m f o ɾ m a s j o1 n,64490
i m f o ɾ m a s j o1 n e s,1086
i m f o ɾ m a1 d a,1318
i m f o ɾ m a1 d o,7555
i m f o ɾ m a d o1 ɾ,585
i m f o ɾ m a1 d o s,1470
i m f o ɾ m a1 l,1541
i m f o1 ɾ m a m e,687
i m f o1 ɾ m a n,1450
i m f o ɾ m a1 n d o,1215
i m f o ɾ m a1 n t e,3498
i m f o ɾ m a1 n t e s,930
i m f o ɾ m a1 ɾ,5628
i m f o ɾ m a ɾ a1,618
i m f o ɾ m a ɾ e1,1569
i m f o ɾ m a ɾ e1 m o s,475
i m f o ɾ m a1 ɾ l e,4614
i m f o ɾ m a1 ɾ l e s,1596
i m f o ɾ m a1 ɾ m e,1715
i m f o ɾ m a1 ɾ n o s,739
i m f o ɾ m a1 ɾ o n,1470
i m f o ɾ m a1 ɾ t e,1179
i m f o ɾ m a1 t i k a,953
i m f o ɾ m a1 t i k o,825
i m f o ɾ m a t i1 b o,703
i m f o1 ɾ m e,30311
i m f o ɾ m e1,514
i m f o1 ɾ m e m e,491
i m f o1 ɾ m e n,873
i m f o1 ɾ m e s,9695
i m f o1 ɾ m o,1045
i m f o ɾ m o1,2842
i m f ɾ a k s j o1 n,879
i m f ɾ a e s t ɾ u k t u1 ɾ a,711
i m f ɾ a m u1 n d o,968
i m f ɾ a r o1 x o,499
i m f ɾ a r o1 x o s,628
i m f u s j o1 n,473
i ɲ x e n j e ɾ i1 a,4229
i ɲ x e n j e1 ɾ o,6631
i ɲ x e n j e1 ɾ o s,2559
i ɲ x e1 n j o,2196
i ɲ x e n j o1 s a,942
i ɲ x e n j o1 s o,3281
i ɲ x e1 n w a,1972
i ɲ x e n w i d a1 d,499
i ɲ x e1 n w o,2601
i ɲ x e1 n w o s,476
i ɲ g l a t e1 r a,21398
i1 ɲ g l e,569
i1 ɲ g l e s,2007
i ɲ g l e1 s,27378
i ɲ g l e1 s a,4763
i ɲ g l e1 s a s,910
i ɲ g l e1 s e s,7619
i ɲ g ɾ a1 t o,749
i ɲ g ɾ e d j e1 n t e,1242
i ɲ g ɾ e d j e1 n t e s,1628
i ɲ g ɾ e1 s a,468
i ɲ g ɾ e s a1 d o,782
i ɲ g ɾ e s a1 ɾ,2452
i ɲ g ɾ e1 s o,2602
i ɲ g ɾ e s o1,947
i ɲ g ɾ e1 s o s,3817
i n a1 l a,719
i n a l a d o1 ɾ,706
i n i b i d o1 ɾ,464
i n u m a1 n o,917
i n i1 s j a,1528
i n i s j a s j o1 n,1234
i n i s j a1 d a,541
i n i s j a1 d o,1468
i n i s j a1 l,4058
i n i s j a1 l e s,2817
i n i s j a l m e1 n t e,784
i n i s j a1 m o s,542
i n i s j a1 n d o,1688
i n i s j a1 ɾ,4318
i n i s j a1 ɾ o n,459
i n i s j a t i1 b a,3626
i n i1 s j e,734
i n i1 s j e n,707
i n i1 s j o,4745
i n i s j o1,2025
i n i m a x i n a1 b l e,851
i ɲ x e1 ɾ t o,511
i ɲ x u1 s t a,1344
i ɲ x u s t a m e1 n t e,894
i ɲ x u s t i1 s j a,2318
i ɲ x u s t i1 s j a s,496
i ɲ x u1 s t o,5199
i m m a k u l a1 d a,559
i m m a d u1 ɾ o,1196
i m m e d j a1 t a,3062
i m m e d j a t a m e1 n t e,26772
i m m e d j a1 t o,19918
i m m e1 n s a,1793
i m m e n s a m e1 n t e,501
i m m e1 n s a s,465
i m m e1 n s o,2214
i m m e ɾ s j o1 n,1230
i m m i g ɾ a s j o1 n,2531
i m m i g ɾ a1 n t e,1027
i m m i g ɾ a1 n t e s,1729
i m m i n e1 n t e,2488
i m m o b i l j a1 ɾ j a,1141
i m m o b i l j a1 ɾ j o,1286
i m m o ɾ a1 l,1628
i m m o ɾ t a1 l,3805
i m m o ɾ t a1 l e s,1699
i m m o ɾ t a l i d a1 d,1962
i m m o1 b i l,1092
i m m u1 n d a,528
i m m u n d i1 s j a,612
i m m u1 n d o,712
i m m u1 n e,1971
i m m u1 n e s,572
i m m u n i d a1 d,4283
i m m u n o l o1 x i k o,748
i n n a1 t o,570
i n n e s e s a1 ɾ j a,627
i n n e s e s a ɾ j a m e1 n t e,633
i n n e s e s a1 ɾ j o,1852
i n n e s e s a1 ɾ j o s,534
i n n e g a1 b l e,525
i n n o b a d o1 ɾ,497
i n n u m e ɾ a1 b l e s,973
i n o s e1 n s j a,4119
i n o s e1 n t e,26041
i n o s e1 n t e s,8691
i n o d o1 ɾ o,2796
i n o f e n s i1 b a,896
i n o f e n s i1 b o,2828
i n o f e n s i1 b o s,570
i n o l b i d a1 b l e,1090
i n o p o ɾ t u1 n o,740
i ɲ k e b ɾ a n t a1 b l e,563
i ɲ k j e1 t a,1615
i ɲ k j e t a1 n t e,1350
i ɲ k j e1 t o,1670
i ɲ k j e1 t o s,525
i ɲ k j e t u1 d,961
i ɲ k i l i1 n o,1488
i ɲ k i l i1 n o s,1242
i ɲ k i s i s j o1 n,989
i n s a s j a1 b l e,735
i n s k ɾ i b i1 ɾ m e,546
i n s k ɾ i b i1 ɾ s e,517
i n s k ɾ i p s j o1 n,1680
i n s e k t i s i1 d a,468
i n s e1 k t o,3362
i n s e1 k t o s,4836
i n s e g u1 ɾ a,1110
i n s e g u ɾ i d a1 d,678
i n s e g u1 ɾ o,1585
i n s e n s a1 t o,983
i n s e n s i1 b l e,2339
i n s e p a ɾ a1 b l e s,722
i n s e ɾ b i1 b l e,945
i n s i1 g n j a,2380
i n s i1 g n j a s,532
i n s i g n i f i k a1 n t e,3913
i n s i g n i f i k a1 n t e s,1100
i n s i n u1 a,1139
i n s i n w a s j o1 n,452
i n s i n w a s j o1 n e s,726
i n s i n w a1 n d o,1735
i n s i n w a1 ɾ,562
i n s i n u1 a s,1309
i n s i n w o1,481
i n s i1 s t a,516
i n s i1 s t a s,544
i n s i1 s t e,4182
i n s i1 s t e n,885
i n s i s t e1 n s j a,527
i n s i s t e1 n t e,773
i n s i1 s t e s,2008
i n s i s t i1,547
i n s i s t i1 a,594
i n s i s t i1 d o,708
i n s i s t j e1 n d o,803
i n s i s t j o1,3034
i n s i s t i1 ɾ,1901
i n s i1 s t o,4018
i n s o l e1 n s j a,998
i n s o l e1 n t e,2161
i n s o1 l i t o,669
i n s o1 m n j o,1312
i n s o p o ɾ t a1 b l e,3659
i n s p e k s j o1 n,3378
i n s p e k s j o n a1 ɾ,1243
i n s p e k s j o1 n e s,462
i n s p e k t o1 ɾ,18571
i n s p e k t o1 ɾ a,1076
i n s p e k t o1 ɾ e s,870
i n s p i1 ɾ a,1757
i n s p i ɾ a s j o1 n,4418
i n s p i ɾ a1 d a,703
i n s p i ɾ a1 d o,1695
i n s p i ɾ a d o1 ɾ,1041
i n s p i ɾ a1 ɾ,914
i n s p i ɾ o1,988
i n s t a l a s j o1 n,3485
i n s t a l a s j o1 n e s,4181
i n s t a l a1 d o,1671
i n s t a l a1 n d o,520
i n s t a l a1 ɾ,1695
i n s t a l a1 ɾ m e,610
i n s t a l a1 ɾ s e,830
i n s t a l e1,462
i n s t a l o1,804
i n s t a1 n s j a,931
i n s t a n t a1 n e a,1017
i n s t a n t a1 n e a m e n t e,1234
i n s t a n t a1 n e o,748
i n s t a1 n t e,11038
i n s t a1 n t e s,958
i n s t i1 n t o,6492
i n s t i1 n t o s,3937
i n s t i t u s j o1 n,3579
i n s t i t u s j o1 n e s,1492
i n s t i t u1 t o,14072
i n s t i t u t ɾ i1 s,1002
i n s t ɾ u k s j o1 n,1797
i n s t ɾ u k s j o1 n e s,11219
i n s t ɾ u k t o1 ɾ,1923
i n s t ɾ u m e1 n t o,4682
i n s t ɾ u m e1 n t o s,4076
i n s u b o ɾ d i n a s j o1 n,604
i n s u f i s j e1 n s j a,694
i n s u f i s j e1 n t e,613
i n s u f ɾ i1 b l e,477
i n s u l i1 n a,1191
i n s u1 l t a,976
i n s u l t a1 d o,1432
i n s u l t a1 n d o,734
i n s u l t a1 n t e,854
i n s u l t a1 ɾ,1713
i n s u l t a1 ɾ m e,1782
i n s u l t a1 ɾ t e,490
i n s u1 l t a s,709
i n s u1 l t e,491
i n s u1 l t e s,861
i n s u1 l t o,3218
i n s u l t o1,799
i n s u1 l t o s,1790
i n s u ɾ x e1 n t e s,534
i n t a1 k t a,1771
i n t a1 k t a s,551
i n t a1 k t o,2104
i n t a1 k t o s,693
i n t e g ɾ a s j o1 n,654
i n t e g ɾ a1 l,844
i n t e g ɾ a1 ɾ s e,513
i n t e g ɾ i d a1 d,3958
i n t e l e1 k t o,1159
i n t e l e k t w a1 l,3597
i n t e l e k t w a1 l e s,1478
i n t e l i x e1 n s j a,15986
i n t e l i x e1 n t e,34789
i n t e l i x e1 n t e s,5355
i n t e n s j o1 n,19184
i n t e n s j o n a1 l,773
i n t e n s j o n a l m e1 n t e,889
i n t e n s j o1 n e s,7330
i n t e1 n s a,2196
i n t e n s a m e1 n t e,888
i n t e1 n s a s,549
i n t e n s i d a1 d,1939
i n t e n s i1 b a,598
i n t e n s i1 b o,472
i n t e n s i1 b o s,808
i n t e1 n s o,3667
i n t e1 n s o s,605
i n t e1 n t a,28592
i n t e n t a1 b a,9669
i n t e n t a1 b a m o s,656
i n t e n t a1 b a n,1074
i n t e n t a1 b a s,1016
i n t e n t a1 d o,17247
i n t e1 n t a l o,13088
i n t e n t a1 m o s,8978
i n t e1 n t a n,5908
i n t e n t a1 n d o,36080
i n t e n t a1 n d o l o,4574
i n t e n t a1 ɾ,25946
i n t e n t a1 ɾ a,1405
i n t e n t a ɾ a1,2376
i n t e n t a ɾ a1 n,1189
i n t e n t a1 ɾ a s,473
i n t e n t a ɾ a1 s,786
i n t e n t a ɾ e1,11193
i n t e n t a ɾ e1 m o s,2729
i n t e n t a ɾ i1 a,1576
i n t e n t a1 ɾ l o,35013
i n t e n t a1 ɾ o n,3924
i n t e1 n t a s,11128
i n t e n t a1 s t e,3858
i n t e1 n t e,9195
i n t e n t e1,16882
i n t e1 n t e l o,2616
i n t e n t e1 m o s,1957
i n t e n t e1 m o s l o,2375
i n t e1 n t e n,2424
i n t e1 n t e s,5589
i n t e1 n t o,38454
i n t e n t o1,13903
i n t e1 n t o s,2424
i n t e ɾ a k s j o1 n,711
i n t e ɾ k a m b j a1 m o s,562
i n t e ɾ k a m b j a1 ɾ,1994
i n t e ɾ k a1 m b j o,5674
i n t e ɾ s e p s j o1 n,601
i n t e ɾ s e p t a1 d o,714
i n t e ɾ s e p t a1 ɾ,1154
i n t e ɾ s e p t a1 ɾ l o,544
i n t e ɾ k o m u n i k a d o1 ɾ,465
i n t e ɾ e1 s,18200
i n t e ɾ e1 s a,31003
i n t e ɾ e s a1 b a,2143
i n t e ɾ e s a1 d a,5554
i n t e ɾ e s a1 d a s,488
i n t e ɾ e s a1 d o,13024
i n t e ɾ e s a1 d o s,3330
i n t e ɾ e1 s a n,5114
i n t e ɾ e s a1 n t e,46572
i n t e ɾ e s a1 n t e s,5130
i n t e ɾ e s a1 ɾ,1099
i n t e ɾ e s a1 ɾ a,533
i n t e ɾ e s a ɾ a1,1018
i n t e ɾ e s a ɾ i1 a,1762
i n t e ɾ e s a1 ɾ l e,1266
i n t e ɾ e s a1 ɾ m e,1118
i n t e ɾ e s a1 ɾ s e,836
i n t e ɾ e s a1 ɾ t e,1204
i n t e ɾ e1 s a s,858
i n t e ɾ e1 s e,2588
i n t e ɾ e1 s e s,9558
i n t e ɾ e1 s o,557
i n t e ɾ e s o1,1059
i n t e ɾ e s t a t a1 l,900
i n t e ɾ f a1 s,647
i n t e ɾ f e ɾ e1 n s j a,2445
i n t e ɾ f e ɾ e1 n s j a s,1115
i n t e ɾ f e ɾ i1 ɾ,2783
i n t e ɾ f j e1 ɾ a,950
i n t e ɾ f j e1 ɾ e,869
i n t e ɾ f i ɾ j e1 n d o,866
i n t e ɾ j o1 ɾ,26936
i n t e ɾ j o1 ɾ e s,1418
i n t e ɾ m e d j a1 ɾ j o,1246
i n t e ɾ m e1 d j o,956
i n t e ɾ m i n a1 b l e,1569
i n t e ɾ m i n a1 b l e s,920
i n t e ɾ m i t e1 n t e,654
i n t e1 ɾ n a,4798
i n t e ɾ n a s j o n a1 l,8590
i n t e ɾ n a s j o n a1 l e s,2652
i n t e ɾ n a1 d o,2500
i n t e1 ɾ n a s,1279
i n t e ɾ n e1 d,13393
i n t e1 ɾ n o,4671
i n t e1 ɾ n o s,5936
i n t e ɾ p o1 l,1618
i n t e ɾ p o1 n e,960
i n t e ɾ p o n e1 ɾ s e,854
i n t e ɾ p o1 ɲ g a,1119
i n t e ɾ p ɾ e1 t a,1432
i n t e ɾ p ɾ e t a s j o1 n,2996
i n t e ɾ p ɾ e t a1 d o,1092
i n t e ɾ p ɾ e t a1 n d o,755
i n t e ɾ p ɾ e t a1 ɾ,3069
i n t e ɾ p ɾ e t a1 ɾ l o,516
i n t e ɾ p ɾ e1 t e,671
i n t e1 ɾ p ɾ e t e,1442
i n t e ɾ p ɾ e1 t o,496
i n t e ɾ p ɾ e t o1,600
i n t e r o g a s j o1 n,1285
i n t e r o g a1 d o,1651
i n t e r o g a1 n d o,1275
i n t e r o g a1 ɾ,2333
i n t e r o g a1 ɾ l a,940
i n t e r o g a1 ɾ l e,887
i n t e r o g a1 ɾ l o,2676
i n t e r o g a1 ɾ l o s,666
i n t e r o g a1 ɾ m e,827
i n t e r o g a1 ɾ o n,672
i n t e r o g a1 ɾ t e,550
i n t e r o g a t o1 ɾ j o,4277
i n t e r o g a t o1 ɾ j o s,1338
i n t e r o g o1,575
i n t e r u1 m p a,1113
i n t e r u1 m p a s,1047
i n t e r u1 m p e,645
i n t e r u m p i1 d a,466
i n t e r u m p i1 d o,1530
i n t e r u m p j e1 n d o,1113
i n t e r u m p i1 m o s,829
i n t e r u m p j o1,699
i n t e r u m p i1 ɾ,6921
i n t e r u m p i1 ɾ l e,550
i n t e r u m p i1 ɾ l o,743
i n t e r u m p i1 ɾ l o s,490
i n t e r u m p i1 ɾ m e,559
i n t e r u m p i1 ɾ t e,730
i n t e r u1 m p o,1341
i n t e r u p s j o1 n,2165
i n t e r u p s j o1 n e s,717
i n t e r u p t o1 ɾ,3204
i n t e r u p t o1 ɾ e s,692
i n t e ɾ s e k s j o1 n,1247
i n t e ɾ b a1 l o,730
i n t e ɾ b a1 l o s,551
i n t e ɾ b e n s j o1 n,3316
i n t e ɾ b e n s j o1 n e s,468
i n t e ɾ b e1 ɲ g a,466
i n t e ɾ b e n i1 d o,740
i n t e ɾ b e n i1 ɾ,2771
i n t e ɾ b i1 n o,684
i n t e s t i n a1 l,694
i n t e s t i1 n o,1520
i n t e s t i1 n o s,1654
i1 n t i m a,1421
i1 n t i m a m e n t e,537
i1 n t i m a s,1051
i n t i m i1 d a,526
i n t i m i d a s j o1 n,621
i n t i m i d a1 d,3842
i n t i m i d a1 d o,618
i n t i m i d a1 n t e,629
i n t i m i d a1 ɾ,975
i n t i m i d a1 ɾ m e,764
i1 n t i m o,2270
i1 n t i m o s,2141
i n t o k a1 b l e,824
i n t o l e ɾ a1 b l e,1273
i n t o l e ɾ a1 n s j a,597
i n t o l e ɾ a1 n t e,524
i n t o g s i k a s j o1 n,961
i n t ɾ a b e n o1 s a,1164
i n t ɾ e1 p i d o,677
i n t ɾ i1 g a,1414
i n t ɾ i g a1 d o,625
i n t ɾ i g a1 n t e,1101
i n t ɾ i1 g a s,558
i n t ɾ o d u k s j o1 n,1274
i n t ɾ o d u1 s e,641
i n t ɾ o d u s i1 d o,721
i n t ɾ o d u s i1 ɾ,1575
i n t ɾ o d u1 x o,818
i n t ɾ o d u1 s k a,456
i n t ɾ o m i s j o1 n,756
i n t ɾ u s j o1 n,1011
i n t ɾ u1 s o,2644
i n t ɾ u1 s o s,1719
i n t w i s j o1 n,2548
i n u n d a s j o1 n,1532
i n u n d a s j o1 n e s,951
i n u n d a1 d a,471
i n u n d a1 d o,901
i n u n d a1 ɾ,489
i n u s w a1 l,5409
i n u s w a1 l e s,760
i n u1 t i l,18770
i n u1 t i l e s,3804
i m b a1 d e,849
i m b a1 d e n,502
i m b a d i1 d o,1016
i m b a d j e1 n d o,836
i m b a d j e1 ɾ o n,655
i m b a d j o1,705
i m b a d i1 ɾ,1878
i m b a1 l i d a,491
i m b a1 l i d o,1210
i m b a l w a1 b l e,489
i m b a s j o1 n,5175
i m b a s o1 ɾ,579
i m b a s o1 ɾ e s,1118
i m b e n s i1 b l e,2263
i m b e n s i1 b l e s,549
i m b e n s j o1 n,1350
i m b e1 n t a,1501
i m b e n t a1 d a,633
i m b e n t a1 d o,3768
i m b e n t a1 m o s,807
i m b e1 n t a n,487
i m b e n t a1 n d o,2100
i m b e n t a1 ɾ,3646
i m b e n t a1 ɾ j o,2456
i m b e n t a1 ɾ o n,1384
i m b e n t a1 ɾ s e,574
i m b e1 n t a s,576
i m b e n t a1 s t e,1179
i m b e1 n t e,584
i m b e n t e1,3010
i m b e1 n t o,3444
i m b e n t o1,4141
i m b e n t o1 ɾ,1350
i m b e1 n t o s,871
i m b e ɾ n a d e1 ɾ o,1381
i m b e ɾ n a1 l,454
i m b e1 ɾ s a,989
i m b e ɾ s j o1 n,4737
i m b e ɾ s j o1 n e s,2454
i m b e ɾ s j o n i1 s t a s,750
i m b e ɾ s o1 ɾ,697
i m b e ɾ s o1 ɾ e s,1273
i m b e ɾ t i1,640
i m b e ɾ t i1 d o,2252
i m b e ɾ t i1 ɾ,3074
i m b e s t i1 g a,2258
i m b e s t i g a1 b a,572
i m b e s t i g a s j o1 n,36606
i m b e s t i g a s j o1 n e s,5204
i m b e s t i g a1 d o,2152
i m b e s t i g a d o1 ɾ,3756
i m b e s t i g a d o1 ɾ a,784
i m b e s t i g a d o1 ɾ e s,2383
i m b e s t i g a1 m o s,1347
i m b e s t i1 g a n,775
i m b e s t i g a1 n d o,8373
i m b e s t i g a1 ɾ,9597
i m b e s t i g a ɾ e1,781
i m b e s t i g a1 ɾ l o,1846
i m b e s t i1 g o,751
i m b e s t i g o1,746
i m b e s t i1 g e,1142
i m b e s t i g e1,1434
i m b e s t i1 g e n,702
i m b i1 k t o,551
i m b j e1 ɾ n o,13715
i m b j e1 ɾ n o s,675
i m b j e1 ɾ t e,611
i m b i ɾ t j o1,559
i m b i s i b i l i d a1 d,575
i m b i s i1 b l e,7250
i m b i s i1 b l e s,1618
i m b i1 t a,4527
i m b i t a s j o1 n,9101
i m b i t a s j o1 n e s,1899
i m b i t a1 d a,3599
i m b i t a1 d a s,559
i m b i t a1 d o,17396
i m b i t a1 d o s,14706
i m b i1 t a l a,672
i m b i1 t a m e,877
i m b i t a1 m o s,1266
i m b i1 t a n,1230
i m b i t a1 n d o,1173
i m b i t a1 ɾ,5140
i m b i t a1 ɾ a,642
i m b i t a ɾ e1,1082
i m b i t a ɾ i1 a,672
i m b i t a1 ɾ l a,2590
i m b i t a1 ɾ l e,1670
i m b i t a1 ɾ l e s,506
i m b i t a1 ɾ l o,1621
i m b i t a1 ɾ l o s,1164
i m b i t a1 ɾ m e,5048
i m b i t a1 ɾ n o s,1390
i m b i t a1 ɾ o n,2021
i m b i t a1 ɾ t e,5656
i m b i1 t a s,2024
i m b i t a1 s t e,2079
i m b i1 t e,1423
i m b i t e1,3357
i m b i1 t e s,466
i m b i1 t o,7626
i m b i t o1,6210
i m b o k a1 ɾ,618
i m b o1 k o,513
i m b o l u1 k ɾ a,1436
i m b o l u k ɾ a1 d a,2876
i m b o l u k ɾ a1 d a s,481
i m b o l u k ɾ a1 d o,7890
i m b o l u k ɾ a1 d o s,2496
i m b o l u k ɾ a1 ɾ,1027
i m b o l u k ɾ a1 ɾ m e,2494
i m b o l u k ɾ a1 ɾ n o s,498
i m b o l u k ɾ a1 ɾ s e,1933
i m b o l u k ɾ a1 ɾ t e,1764
i m b o l u1 k ɾ e,664
i m b o l u1 k ɾ e s,666
i m b o l u k ɾ o1,692
i m b o l u n t a1 ɾ j o,788
i n j e k s j o1 n,4986
i n j e k s j o1 n e s,1517
i n j e k t a1 d o,605
i n j e k t a1 ɾ,517
i1 o n e s,518
i1 p,1849
i p o1 d,1111
i1 ɾ,428425
i1 ɾ a,14892
i ɾ a1,31054
i ɾ a1 k,5692
i ɾ a1 n,10735
i ɾ a n i1,547
i ɾ a1 k,1975
i ɾ a k i1,1146
i ɾ a k i1 e s,1145
i ɾ a1 s,19372
i ɾ e1,85237
i ɾ e1 i s,750
i ɾ e1 m o s,37788
i ɾ e1 n e,4196
i ɾ i1 a,13092
i ɾ i1 a m o s,2295
i ɾ i1 a n,1449
i ɾ i1 a s,2681
i1 ɾ i s,5294
i ɾ l a1 n d a,3239
i ɾ l a n d e1 s,4291
i ɾ l a n d e1 s a,1440
i ɾ l a n d e1 s e s,2563
i1 ɾ m e,138128
i1 ɾ n o s,75413
i ɾ o n i1 a,2443
i ɾ o1 n i k a m e n t e,681
i ɾ o1 n i k o,2969
i1 ɾ o s,5318
i r a s j o n a1 l,1806
i r e a1 l,1223
i r e f u t a1 b l e,570
i r e g u l a1 ɾ,1220
i r e l e b a1 n t e,2911
i r e s i s t i1 b l e,1750
i r e s p e t w o1 s o,771
i r e s p o n s a1 b l e,2438
i r e b e ɾ s i1 b l e,593
i r i1 t a,848
i r i t a1 b l e,1072
i r i t a1 d o,683
i r i t a1 n t e,1625
i r u m p j o1,649
i r u m p i1 ɾ,1123
i1 ɾ s e,72117
i1 ɾ t e,60264
i s a a1 k,3187
i s a b e1 l,4166
i1 s l a,33497
i s l a1 m,1346
i s l a1 n d j a,948
i1 s l a s,4890
i s r a e1 l,5064
i s r a e l i1,1253
i s r a e l i1 e s,1068
i t a1 l j a,10129
i t a l j a1 n a,3429
i t a l j a1 n a s,606
i t a l j a1 n o,9620
i t a l j a1 n o s,4753
i t i n e ɾ a1 ɾ j o,1231
i1 b a,455
i b a1 n,2740
i s k j e1 ɾ d a,44561
i s k j e1 ɾ d a s,464
i s k j e1 ɾ d o,9886
x a1,13679
x a b a l i1,1341
x a b a l i1 e s,462
x a b o1 n,5461
x a k u1 s s i,1609
x a1 d e,2411
x a g w a1 ɾ,1504
x a1 i m e,1408
x a1 l a,1407
x a l a1 ɾ,834
x a l e1 a,1277
x a1 l e n,679
x a l e1 o,1766
x a m a1 i k a,1587
x a m a1 s,70002
x a1 m e s,35424
x a m o1 n,4040
x a p o1 n,9625
x a p o n e1 s,6583
x a p o n e1 s a,3118
x a p o n e1 s a s,911
x a p o n e1 s e s,7690
x a1 k e,2226
x a k e1 k a,1177
x a k e1 k a s,742
x a ɾ a1 b e,1411
x a ɾ d i1 n,20309
x a ɾ d i n e ɾ i1 a,959
x a ɾ d i n e1 ɾ o,2898
x a ɾ d i1 n e s,2400
x a1 r a,2160
x a1 r a s,491
x a1 r o,510
x a r o1 n,1707
x a1 u l a,7381
x a1 u l a s,1271
x a b j e1 ɾ,1700
x a s m i1 n,731
x a1 s s,4455
x e a1 n s,1485
x e e1 p,2938
x e1 f a,9110
x e f a t u1 ɾ a,1150
x e1 f e,129932
x e1 f e s,7014
x e o b a1,706
x e ɲ x i1 b ɾ e,1023
x e1 k e,1253
x e ɾ a ɾ k i1 a,677
x e ɾ e1 s,1218
x e1 ɾ g a,1034
x e ɾ i1 ɲ g a,1178
x e ɾ o g l i1 f i k o s,482
x e ɾ u s a l e1 n,3112
x e s u k ɾ i1 s t o,8559
x e s u1 s,35515
x e1 d,3665
x e1 t a,506
x j a1 d,587
x i n e1 t e,3379
x i n e1 t e s,2280
x i ɾ a1 f a,879
x o1 k k e i,917
x o1 d a,3742
x o1 d a n,6782
x o1 d a n s e,1180
x o1 d a s,5575
x o1 d e,2353
x o1 d e n,875
x o d e1 ɾ,34693
x o d e1 ɾ l o,706
x o d e1 ɾ m e,3437
x o d e1 ɾ n o s,754
x o d e1 ɾ s e,878
x o d e1 ɾ t e,1253
x o1 d e s,1237
x o1 d e t e,11747
x o d i1,1056
x o d i1 d a,9650
x o d i d a m e1 n t e,4618
x o d i1 d a s,1523
x o d i1 d o,20657
x o d i1 d o s,6034
x o d j e1 n d o,4695
x o d j e1 n d o m e,648
x o d j e1 ɾ o n,798
x o d j o1,1747
x o d i1 s t e,1419
x o1 d o,640
x o ɾ d a1 n j a,594
x o1 ɾ x e,3483
x o ɾ n a1 d a,2055
x o ɾ o1 b a,605
x o ɾ o b a1 d o,889
x o1 s e,621
x o s e1,6361
x o1 t a,619
x o1 b e n,92954
x o b e n s i1 t a,6631
x o b e n s i1 t a s,1249
x o b e n s i1 t o,4740
x o b e n s i1 t o s,576
x o1 b e n e s,28242
x o1 j a,3368
x o1 j a s,9989
x o j e ɾ i1 a,1990
x o j e1 ɾ o,804
x w a1 n,10777
x w a1 n a,2035
x u b i l a s j o1 n,1621
x u b i l a1 d o,1117
x u b i l a1 ɾ m e,548
x u b i l a1 ɾ s e,726
x u1 b i l o,710
x u d i1 a,3797
x u d i1 a s,1919
x u d i s j a1 l,4016
x u d i s j a1 l e s,513
x u d i1 o,12261
x u d i1 o s,13106
x u1 d o,571
x w e1 s e s,4394
x w e1 g a,13201
x w e1 g a n,4783
x w e1 g a s,6677
x w e1 g o,99536
x w e1 g o s,18735
x w e1 g e,2220
x w e1 g e n,1480
x w e1 g e s,3461
x w e g i1 t o,656
x w e1 ɾ g a,1497
x w e1 b e s,12642
x w e1 s,28723
x w e1 s a,1244
x u g a1 b a,3630
x u g a1 b a m o s,1257
x u g a1 b a n,1087
x u g a1 b a s,795
x u g a1 d a,6525
x u g a1 d a s,1301
x u g a1 d o,5239
x u g a d o1 ɾ,11087
x u g a d o1 ɾ a,650
x u g a d o1 ɾ e s,7104
x u g a1 m o s,6292
x u g a1 n d o,29907
x u g a1 ɾ,68490
x u g a1 ɾ a,586
x u g a ɾ a1,755
x u g a ɾ a1 s,538
x u g a ɾ e1,1564
x u g a ɾ e1 m o s,1913
x u g a ɾ i1 a,482
x u g a1 ɾ l o,730
x u g a1 ɾ o n,918
x u g a1 s t e,1545
x u1 g o,7630
x u g o1,2372
x u1 g o s,553
x u g o1 s a,654
x u g o1 s o,1101
x u g e1,1994
x u g e1 m o s,3597
x u g e1 t e,7113
x u g e1 t e s,7328
x w i1 s j o,32616
x w i1 s j o s,1904
x u1 l j a,11005
x u l j a1 n,805
x u1 l j o,11251
x u1 ɲ g l a,5074
x u1 n j o,7936
x u n j o1 ɾ,6788
x u1 n t a,11981
x u n t a1 d o,546
x u n t a1 m o s,1185
x u1 n t a n,1126
x u n t a1 n d o,1111
x u n t a1 ɾ,3244
x u n t a1 ɾ n o s,1531
x u n t a1 ɾ o n,581
x u n t a1 ɾ s e,1492
x u1 n t a s,13728
x u1 n t e n,790
x u1 n t e n s e,1299
x u1 n t o,43174
x u n t o1,528
x u1 n t o s,133287
x u1 p i t e ɾ,2561
x u1 ɾ a,2796
x u ɾ a1 d a,812
x u ɾ a1 d o,18819
x u ɾ a1 d o s,1283
x u1 ɾ a l o,1366
x u1 ɾ a m e,708
x u1 ɾ a m e l o,696
x u ɾ a m e1 n t o,6834
x u ɾ a m e1 n t o s,490
x u ɾ a1 m o s,907
x u ɾ a1 ɾ,2138
x u ɾ a ɾ i1 a,1225
x u ɾ a1 ɾ l o,580
x u1 ɾ a s,1494
x u ɾ a1 s t e,930
x u1 ɾ e,461
x u ɾ e1,2195
x u ɾ i s d i k s j o1 n,3200
x u1 ɾ o,44413
x u ɾ o1,1869
x u1 s t a,5217
x u s t a m e1 n t e,4978
x u1 s t a s,596
x u s t i1 s j a,26035
x u s t i f i1 k a,1605
x u s t i f i k a s j o1 n,839
x u s t i f i k a1 d a,452
x u s t i f i k a1 d o,803
x u s t i f i k a1 ɾ,1975
x u1 s t o,118133
x u1 s t o s,2134
x u b e n i1 l,2437
x u b e n i1 l e s,744
x u b e n t u1 d,8543
x u1 s g a,1036
x u s g a1 d a,504
x u s g a1 d o,5919
x u s g a1 d o s,1257
x u1 s g a n,466
x u s g a1 n d o,1750
x u s g a1 ɾ,6049
x u s g a1 ɾ l a,476
x u s g a1 ɾ l o,1039
x u s g a1 ɾ m e,1668
x u s g a1 ɾ t e,663
x u1 s g o,737
x u1 s g e,956
x u1 s g e n,549
x u1 s g e s,1033
k a i1 s e ɾ,717
k a ɾ a o1 k e,1278
k a1 ɾ a t e,502
k a1 ɾ m a,2773
k e1 n j a,612
k e d tʃ u1 p,1303
k j e1 b,588
k i1 l o,3259
k i l o g ɾ a1 m o s,509
k i l o1 m e t ɾ o,2581
k i l o1 m e t ɾ o s,18007
k i1 l o s,11928
k i m o1 n o,846
k l a1 n,753
k o s o1 b o,464
k u b a1 i d,669
l a1,9957334
l a b e ɾ i1 n t o,2535
l a1 b j a,472
l a b j a1 l,2229
l a1 b j o,2047
l a1 b j o s,15074
l a b o1 ɾ,3327
l a b o ɾ a1 l,2154
l a b o ɾ a1 l e s,614
l a b o ɾ a t o1 ɾ j o,25342
l a b o ɾ a t o1 ɾ j o s,2020
l a b o1 ɾ e s,619
l a b ɾ a d o1 ɾ,571
l a k a1 j o,704
l a s e ɾ a s j o1 n e s,497
l a k ɾ i m o1 x e n o,612
l a1 k t e a,741
l a k t o1 s a,503
l a d e1 ɾ a,796
l a d i1 j a s,585
l a1 d o,166640
l a1 d o s,20207
l a1 d ɾ a,809
l a d ɾ a1 n d o,725
l a d ɾ a1 ɾ,795
l a d ɾ i1 j o,2507
l a d ɾ i1 j o s,2503
l a d ɾ o1 n,18248
l a d ɾ o1 n a,2185
l a d ɾ o1 n e s,11057
l a g a ɾ t i1 x a,658
l a g a1 ɾ t o,1564
l a g a1 ɾ t o s,738
l a1 g o,17356
l a1 g o s,1500
l a1 g ɾ i m a,1553
l a1 g ɾ i m a s,10632
l a g u1 n a,1882
l a g u1 n a s,476
l a1 m a,1243
l a1 m e,869
l a m e k u1 l o s,620
l a m e1 n t a,1804
l a m e n t a1 b l e,3372
l a m e n t a b l e m e1 n t e,3973
l a m e n t a1 m o s,1924
l a m e n t a1 ɾ,1379
l a m e n t a ɾ a1,634
l a m e n t a ɾ a1 s,982
l a m e n t a1 ɾ l o,1244
l a m e n t a1 ɾ s e,679
l a m e n t a1 ɾ t e,482
l a m e1 n t a s,1245
l a m e1 n t e s,564
l a m e1 n t o,61244
l a m e1 n t o s,845
l a m e1 ɾ,1161
l a m j e1 n d o,475
l a1 m p a ɾ a,4877
l a1 m p a ɾ a s,1452
l a1 n a,11293
l a1 n s e,5420
l a n s e1,919
l a1 n s e n,1120
l a1 n tʃ a,2393
l a1 n tʃ a s,647
l a ɲ g o1 s t a,2677
l a ɲ g o1 s t a s,1182
l a1 n s a,8424
l a n s a1 d a,807
l a n s a d e1 ɾ a,1227
l a n s a1 d o,2579
l a n s a d o1 ɾ,1265
l a n s a1 d o s,489
l a1 n s a l a,1237
l a n s a j a1 m a s,664
l a1 n s a l o,756
l a1 n s a m e,636
l a n s a m j e1 n t o,8788
l a n s a m j e1 n t o s,566
l a n s a1 m o s,843
l a1 n s a n,845
l a n s a1 n d o,1712
l a n s a1 ɾ,7359
l a n s a ɾ a1,561
l a n s a ɾ e1,565
l a n s a1 ɾ l a,594
l a n s a1 ɾ l o,934
l a n s a1 ɾ m e,995
l a n s a1 ɾ o n,1250
l a n s a1 ɾ s e,1073
l a n s a1 ɾ t e,842
l a1 n s a s,2191
l a n s a1 s t e,538
l a1 n s a t e,649
l a1 n s o,941
l a n s o1,3278
l a p i s e1 ɾ a,1013
l a1 p i s e s,1366
l a1 p i d a,1337
l a1 p i s,5758
l a1 p s o,569
l a1 ɾ a,2585
l a1 ɾ g a,28389
l a ɾ g a1 d o,899
l a ɾ g a1 m o s,1273
l a ɾ g a1 o s,2251
l a ɾ g a1 ɾ,755
l a ɾ g a1 ɾ m e,2507
l a ɾ g a1 ɾ n o s,2424
l a ɾ g a1 ɾ s e,2144
l a ɾ g a1 ɾ t e,2006
l a1 ɾ g a s,7000
l a1 ɾ g a t e,31616
l a1 ɾ g o,58861
l a ɾ g o1,1432
l a1 ɾ g o s,5385
l a1 ɾ g e,862
l a ɾ g e1 m o n o s,5676
l a1 ɾ g e n s e,4585
l a1 ɾ g e s,705
l a1 ɾ g e s e,3707
l a1 ɾ b a s,636
l a1 s,2225273
l a s a1 j a,1024
l a1 s e ɾ,4045
l a1 s t i m a,22843
l a s t i m a1 d a,1441
l a s t i m a1 d o,5093
l a s t i1 m a n,629
l a s t i m a1 n d o,1546
l a s t i m a1 ɾ,5634
l a s t i m a ɾ a1,797
l a s t i m a ɾ e1,713
l a s t i m a ɾ i1 a,1121
l a s t i m a1 ɾ l a,1375
l a s t i m a1 ɾ l o,1781
l a s t i m a1 ɾ l o s,822
l a s t i m a1 ɾ m e,2241
l a s t i m a1 ɾ n o s,700
l a s t i m a1 ɾ o n,771
l a s t i m a1 ɾ s e,850
l a s t i m a1 ɾ t e,6646
l a s t i1 m a s,1070
l a s t i m a1 s t e,1445
l a s t i1 m e,1867
l a s t i m e1,1766
l a s t i1 m e n,1441
l a s t i1 m e s,2104
l a s t i1 m o,607
l a s t i m o1,2753
l a1 s t ɾ e,750
l a1 t a,7333
l a1 t a s,3334
l a1 t e,2985
l a t e1 n t e,628
l a t e ɾ a1 l,2048
l a t e ɾ a1 l e s,643
l a1 t e s,505
l a t i1 d o,1630
l a t i1 d o s,1549
l a t j e1 n d o,965
l a t i g a1 s o s,791
l a1 t i g o,2156
l a t i1 n,3482
l a t i1 n a,1045
l a t i1 n o,1352
l a t i1 n o s,900
l a t i1 ɾ,1239
l a t i t u1 d,679
l a t o1 n,503
l a1 u ɾ a,14595
l a u1 ɾ e l,1654
l a1 b a,3593
l a b a1 b a,479
l a b a1 b o,2502
l a b a1 b o s,466
l a b a d e1 ɾ o,748
l a b a1 d o,5016
l a b a d o1 ɾ a,1473
l a1 b a n,648
l a b a1 n d a,756
l a b a n d e ɾ i1 a,3498
l a b a1 n d o,1712
l a b a p l a1 t o s,703
l a b a1 ɾ,6637
l a b a ɾ e1,802
l a b a1 ɾ l e,462
l a b a1 ɾ l o,861
l a b a1 ɾ m e,3320
l a b a1 ɾ s e,2247
l a b a1 ɾ t e,3040
l a1 b a s,870
l a b a1 s t e,514
l a1 b a t e,3014
l a1 b e,864
l a b e1,869
l a1 b o,1517
l a b o1,591
l a1 s a ɾ o,830
l a1 s o,3451
l a1 s o s,3008
l e1,1660203
l e1 a,6081
l e a1 l,6338
l e1 a l a,491
l e a1 l e s,2333
l e1 a l o,1467
l e a l t a1 d,9725
l e1 a n,1532
l e1 a s,1789
l e k s j o1 n,14720
l e k s j o1 n e s,4873
l e1 tʃ e,24622
l e tʃ e1 ɾ o,1220
l e1 tʃ e s,538
l e1 tʃ o,2841
l e tʃ u1 g a,1431
l e tʃ u1 s a,741
l e k t o1 ɾ,1248
l e k t o1 ɾ e s,1715
l e k t u1 ɾ a,6689
l e k t u1 ɾ a s,2839
l e1 e,34162
l e1 e l a,1425
l e1 e l o,4074
l e1 e m e,1143
l e1 e m e l o,570
l e e1 m o s,783
l e1 e n,1545
l e e1 ɾ,35416
l e e ɾ a1,826
l e e ɾ e1,2274
l e e1 ɾ l a,3243
l e e1 ɾ l a s,1018
l e e1 ɾ l e,1376
l e e1 ɾ l o,8755
l e e1 ɾ l o s,1196
l e e1 ɾ m e,1192
l e e1 ɾ t e,1177
l e1 e s,5178
l e g a1 d o,3752
l e g a1 l,15054
l e g a1 l e s,3850
l e g a l m e1 n t e,3767
l e x e n d a1 ɾ j a,824
l e x e n d a1 ɾ j o,1721
l e x j o1 n,2155
l e x j o1 n e s,1346
l e x i s l a s j o1 n,685
l e x i1 t i m a,2139
l e x i1 t i m o,2689
l e x i1 t i m o s,530
l e1 g w a s,607
l e i1,14214
l e i1 a,2060
l e i1 d o,16464
l e1 i l a,792
l e i1 m o s,635
l e i1 s t e,4002
l e x a1 n a,1648
l e x a1 n a s,733
l e x a1 n o,4136
l e x a1 n o s,949
l e x i1 a,672
l e1 x o s,84350
l e1 m a,2347
l e1 n a,2511
l e n s e ɾ i1 a,1115
l e1 ɲ g w a,20333
l e ɲ g w a1 x e,9177
l e1 ɲ g w a s,2312
l e n i ɲ g ɾ a1 d o,692
l e1 n t a,4312
l e n t a m e1 n t e,9510
l e1 n t a s,563
l e1 n t e,1258
l e1 n t e s,5725
l e1 n t o,11176
l e1 n t o s,1329
l e1 j a,3227
l e j a d o1 ɾ,677
l e1 o,19493
l e o1 n,9263
l e o1 n a,1124
l e o n a1 ɾ d,10113
l e o n a1 ɾ d o,1469
l e o1 n e s,3601
l e o1 n i d a s,1181
l e o p a1 ɾ d o,1623
l e o p o1 l d,799
l e1 p ɾ a,543
l e p ɾ o1 s o,566
l e p ɾ o1 s o s,508
l e1 s,362308
l e s b j a1 n a,4700
l e s b j a1 n a s,2615
l e s j o1 n,2638
l e s j o n a1 d o,537
l e s j o1 n e s,2926
l e t a1 l,2989
l e t a1 l e s,790
l e1 t ɾ a,9828
l e1 t ɾ a s,7182
l e t ɾ e1 ɾ o,2522
l e t ɾ e1 ɾ o s,471
l e t ɾ i1 n a,694
l e t ɾ i1 n a s,460
l e u1 s e m j a,1165
l e b a d u1 ɾ a,459
l e b a1 n t a,14950
l e b a n t a1 b a,844
l e b a n t a1 d,618
l e b a n t a1 d a,1817
l e b a n t a1 d o,5268
l e b a1 n t a l a,1519
l e b a1 n t a l o,2684
l e b a1 n t a m e,544
l e b a n t a m j e1 n t o,954
l e b a n t a1 m o s,1064
l e b a1 n t a n,1286
l e b a n t a1 n d o,1644
l e b a n t a1 o s,1586
l e b a n t a1 ɾ,9266
l e b a n t a1 ɾ a,565
l e b a n t a ɾ a1,1045
l e b a n t a ɾ e1,926
l e b a n t a ɾ i1 a,542
l e b a n t a1 ɾ l a,1120
l e b a n t a1 ɾ l e,514
l e b a n t a1 ɾ l o,1931
l e b a n t a1 ɾ m e,8195
l e b a n t a1 ɾ n o s,1330
l e b a n t a1 ɾ o n,751
l e b a n t a1 ɾ s e,9207
l e b a n t a1 ɾ t e,6098
l e b a1 n t a s,2161
l e b a n t a1 s t e,1101
l e b a1 n t a t e,44830
l e b a1 n t e,5782
l e b a n t e1,2620
l e b a n t e1 m o s,454
l e b a1 n t e n,4097
l e b a1 n t e n l o,1256
l e b a1 n t e n s e,3817
l e b a1 n t e s,2667
l e b a1 n t e s e,5266
l e b a1 n t o,3157
l e b a n t o1,3947
l e1 b e,2650
l e1 b e s,528
l e1 s,10115
l e1 i,47117
l e j e1 n d a,10247
l e j e1 n d a s,2283
l e j e1 n d o,11966
l e j e1 ɾ a,988
l e j e1 ɾ o n,879
l e1 j e s,15566
l e j o1,3908
l j a1 d o,1036
l i1 b a n o,751
l i b e1 l u l a,780
l i b e1 ɾ a,3033
l i b e ɾ a s j o1 n,4752
l i b e ɾ a1 d a,1334
l i b e ɾ a1 d o,4514
l i b e ɾ a d o1 ɾ,469
l i b e ɾ a1 d o s,1409
l i b e ɾ a1 l,1828
l i b e1 ɾ a l o,455
l i b e1 ɾ a m e,1145
l i b e ɾ a1 m o s,616
l i b e1 ɾ a n,632
l i b e ɾ a1 n d o,773
l i b e ɾ a1 ɾ,6187
l i b e ɾ a ɾ a1,899
l i b e ɾ a ɾ e1,771
l i b e ɾ a1 ɾ l a,1238
l i b e ɾ a1 ɾ l o,1594
l i b e ɾ a1 ɾ l o s,974
l i b e ɾ a1 ɾ m e,1929
l i b e ɾ a1 ɾ n o s,1167
l i b e ɾ a1 ɾ o n,914
l i b e ɾ a1 ɾ s e,1564
l i b e ɾ a1 ɾ t e,2148
l i b e1 ɾ a s,462
l i b e1 ɾ a t e,796
l i b e1 ɾ e,1463
l i b e1 ɾ e n,1552
l i b e1 ɾ o,1034
l i b e ɾ o1,1585
l i b e ɾ t a1 d,43297
l i b e ɾ t a1 d e s,1552
l i1 b j a,721
l i b i1 d o,463
l i1 b ɾ a,3058
l i b ɾ a1 d o,1468
l i1 b ɾ a n o s,1382
l i b ɾ a1 ɾ,1382
l i b ɾ a ɾ a1,463
l i b ɾ a1 ɾ m e,3213
l i b ɾ a1 ɾ n o s,1703
l i b ɾ a1 ɾ s e,3950
l i b ɾ a1 ɾ t e,2562
l i1 b ɾ a s,16177
l i1 b ɾ a t e,595
l i1 b ɾ e,68911
l i b ɾ e m e1 n t e,2726
l i b ɾ e ɾ i1 a,2278
l i1 b ɾ e s,14704
l i b ɾ e1 t a,2148
l i b ɾ e1 t o,482
l i1 b ɾ o,74150
l i b ɾ o1,537
l i1 b ɾ o s,33774
l i s e1 n s j a,13605
l i s e n s j a1 d o,962
l i s e1 n s j a s,872
l i s e n s j a t u1 ɾ a,501
l i s e1 o,476
l i k o1 ɾ,5501
l i k o ɾ e ɾ i1 a,754
l i k o1 ɾ e s,971
l i1 d e ɾ,20390
l i d e1 ɾ a,737
l i d e ɾ a1 n d o,465
l i d e ɾ a1 ɾ,1118
l i d e ɾ a1 s g o,2651
l i d e1 ɾ e s,801
l i1 d e ɾ e s,5892
l i1 d j a,740
l i d j a1 n d o,1612
l i d j a1 ɾ,6236
l i d o k a i1 n a,458
l j e1 b ɾ e,1400
l j e1 n s o,835
l i1 g a,6984
l i g a1 d a,522
l i g a1 d o,1108
l i g a1 ɾ,1649
l i1 g a s,1775
l i x e1 ɾ a,4861
l i x e ɾ a m e1 n t e,2531
l i x e1 ɾ a s,550
l i x e1 ɾ o,5037
l i x e1 ɾ o s,802
l i1 g e,452
l i1 l a,3325
l i1 l a s,648
l i1 m a,2181
l i1 m b o,1027
l i1 m e,655
l i m i1 t a,944
l i m i t a s j o1 n e s,1242
l i m i t a1 d a,1952
l i m i t a1 d a s,598
l i m i t a1 d o,2400
l i m i t a1 d o s,669
l i m i t a1 ɾ,806
l i m i1 t a t e,829
l i m i1 t e,1325
l i1 m i t e,10681
l i m i1 t e s,1058
l i1 m i t e s,7676
l i1 m o,632
l i m o1 n,4132
l i m o n a1 d a,2659
l i m o1 n e s,1089
l i m o1 s n a,1500
l i1 m p j a,16030
l i m p j a1 b a,803
l i m p j a1 d o,2240
l i m p j a d o1 ɾ,1211
l i m p j a d o1 ɾ e s,472
l i1 m p j a l o,1378
l i m p j a m e1 n t e,582
l i m p j a1 m o s,793
l i1 m p j a n,813
l i m p j a1 n d o,4245
l i m p j a1 ɾ,17344
l i m p j a ɾ a1,524
l i m p j a ɾ e1,1389
l i m p j a ɾ e1 m o s,499
l i m p j a1 ɾ l a,1308
l i m p j a1 ɾ l e,604
l i m p j a1 ɾ l o,3149
l i m p j a1 ɾ m e,1297
l i m p j a1 ɾ o n,585
l i m p j a1 ɾ s e,1018
l i m p j a1 ɾ t e,2232
l i1 m p j a s,3922
l i m p j a1 s t e,667
l i1 m p j a t e,1826
l i1 m p j e,1785
l i m p j e1,1072
l i1 m p j e n,1372
l i1 m p j e s,604
l i m p j e1 s a,8332
l i1 m p j o,21868
l i m p j o1,1065
l i1 m p j o s,3577
l i m u s i1 n a,2722
l i m u s i1 n a s,554
l i n a1 x e,1815
l i1 n d a,39927
l i1 n d a s,4666
l i1 n d o,41706
l i1 n d o s,4660
l i1 n e a,50000
l i1 n e a s,12138
l i m f o1 m a,629
l i ɲ g o1 t e s,775
l i1 n o,920
l i n t e1 ɾ n a,4836
l i n t e1 ɾ n a s,1436
l i1 o,14031
l i1 o s,5669
l i1 k i d a,724
l i k i d a s j o1 n,822
l i k i d a1 d o,585
l i k i d a1 ɾ,1293
l i k i d a1 ɾ l o,570
l i k i1 d o,679
l i1 k i d o,4539
l i1 k i d o s,1037
l i1 ɾ a,529
l i1 ɾ a s,4347
l i1 ɾ j o,507
l i1 ɾ j o s,723
l i1 s a,16443
l i s b o1 a,1069
l i s j a1 d o,1563
l i s j a1 d o s,463
l i1 s o,592
l i1 s t a,92147
l i s t a1 d o,643
l i1 s t a s,7435
l i s t i1 j o,906
l i1 s t o,116037
l i1 s t o s,45136
l i t e1 ɾ a,1260
l i t e ɾ a1 l,773
l i t e ɾ a l m e1 n t e,7021
l i t e ɾ a1 ɾ j a,634
l i t e ɾ a1 ɾ j o,718
l i t e1 ɾ a s,550
l i t e ɾ a t u1 ɾ a,4325
l i1 t j o,471
l i1 t ɾ o,1608
l i1 t ɾ o s,3822
l i1 d t l e,6597
l i b e ɾ p o o1 l,1189
l i b j a1 n a,645
l i b j a1 n o,991
j a1 m a,120175
j a m a1 b a,20050
j a m a1 b a m o s,1082
j a m a1 b a n,4937
j a m a1 b a s,1646
j a m a1 d,1049
j a m a1 d a,61727
j a m a1 d a s,19970
j a m a1 d m e,691
j a m a1 d o,67430
j a m a1 d o s,3650
j a m a1 i s,839
j a1 m a l a,3496
j a1 m a l e,1726
j a1 m a l o,6468
j a1 m a l o s,1762
j a1 m a m e,40681
j a m a1 m o s,12683
j a1 m a n,31841
j a m a1 n d o,18618
j a m a1 n d o l a,526
j a m a1 n d o l o,681
j a m a1 n d o m e,1972
j a m a1 n d o t e,1398
j a1 m a n o s,1294
j a m a1 ɾ,70644
j a m a1 ɾ a,3554
j a m a ɾ a1,4663
j a m a1 ɾ a n,806
j a m a ɾ a1 n,1564
j a m a1 ɾ a s,1901
j a m a ɾ a1 s,2060
j a m a ɾ e1,31126
j a m a ɾ e1 m o s,4458
j a m a ɾ i1 a,5159
j a m a ɾ i1 a n,748
j a m a ɾ i1 a s,1344
j a m a1 ɾ l a,10177
j a m a1 ɾ l a s,624
j a m a1 ɾ l e,6143
j a m a1 ɾ l e s,1018
j a m a1 ɾ l o,15980
j a m a1 ɾ l o s,3481
j a m a1 ɾ m e,26356
j a m a1 ɾ n o s,2487
j a m a1 ɾ o n,9458
j a m a1 ɾ s e,3081
j a m a1 ɾ t e,18456
j a1 m a s,43292
j a m a1 s t e,13319
j a m a t i1 b o,778
j a1 m e,26154
j a m e1,19621
j a1 m e l a,515
j a1 m e l o,1706
j a1 m e l o s,493
j a1 m e m e,8956
j a m e1 m o s,1811
j a m e1 m o s l o,616
j a1 m e n,8530
j a1 m e m m e,2660
j a1 m e n o s,1062
j a1 m e s,10877
j a1 m o,61641
j a m o1,40942
j a1 n o,668
j a1 n t a,1093
j a1 n t a s,1799
j a1 n t o,2059
j a1 n t o s,626
j a n u1 ɾ a,831
j a n u1 ɾ a s,686
j a1 b e,37933
j a b e1 ɾ o,638
j a1 b e s,27779
j e1 g a,40039
j e g a1 b a,3501
j e g a1 b a n,1190
j e g a1 d a,8745
j e g a1 d o,54427
j e g a1 d o s,899
j e g a1 m o s,25884
j e1 g a n,12597
j e g a1 n d o,12615
j e g a1 ɾ,114664
j e g a1 ɾ a,6421
j e g a ɾ a1,16537
j e g a1 ɾ a m o s,600
j e g a1 ɾ a n,1723
j e g a ɾ a1 n,5089
j e g a1 ɾ a s,1606
j e g a ɾ a1 s,3513
j e g a ɾ e1,6030
j e g a ɾ e1 m o s,9374
j e g a ɾ i1 a,3512
j e g a ɾ i1 a m o s,674
j e g a ɾ i1 a n,518
j e g a ɾ i1 a s,940
j e g a1 ɾ o n,15421
j e1 g a s,13661
j e g a1 s e,876
j e g a1 s t e,12969
j e1 g o,17243
j e g o1,53166
j e1 g e,30663
j e g e1,20799
j e g e1 m o s,7823
j e1 g e n,7665
j e1 g e s,6216
j e1 n a,27090
j e n a1 b a,484
j e n a1 d o,1490
j e1 n a l a,516
j e1 n a l o,904
j e n a1 m o s,519
j e1 n a n,1270
j e n a1 n d o,1503
j e n a1 ɾ,6166
j e n a ɾ a1,547
j e n a1 ɾ l a,721
j e n a1 ɾ l o,1212
j e n a1 ɾ m e,456
j e n a1 ɾ o n,694
j e n a1 ɾ s e,674
j e n a1 ɾ t e,532
j e1 n a s,4711
j e1 n e,1507
j e n e1,654
j e1 n e n,687
j e1 n o,32778
j e n o1,1657
j e1 n o s,5994
j e1 b a,77357
j e b a1 b a,20958
j e b a1 b a m o s,1365
j e b a1 b a n,3777
j e b a1 b a s,2000
j e b a1 d,513
j e b a1 d a,1259
j e b a1 d l a,537
j e b a1 d l e,710
j e b a1 d l o,1003
j e b a1 d m e,837
j e b a1 d o,18799
j e b a1 d o s,1263
j e b a1 i s,1683
j e1 b a l a,5606
j e1 b a l a s,547
j e1 b a l e,2534
j e1 b a l o,7142
j e1 b a l o s,2328
j e1 b a m e,18625
j e b a1 m o s,18232
j e1 b a n,22427
j e b a1 n d o,11505
j e b a1 n d o l a,477
j e b a1 n d o l o,659
j e b a1 n d o m e,621
j e b a1 n d o s e,1322
j e b a1 n d o t e,548
j e1 b a n o s,3162
j e b a1 o s,768
j e b a1 o s l o,2276
j e b a1 ɾ,67246
j e b a1 ɾ a,5226
j e b a ɾ a1,19286
j e b a1 ɾ a n,1590
j e b a ɾ a1 n,4241
j e b a1 ɾ a s,1235
j e b a ɾ a1 s,4230
j e b a ɾ e1,26889
j e b a ɾ e1 m o s,8232
j e b a ɾ i1 a,6157
j e b a ɾ i1 a n,758
j e b a ɾ i1 a s,1107
j e b a1 ɾ l a,17041
j e b a1 ɾ l a s,2032
j e b a1 ɾ l e,7605
j e b a1 ɾ l e s,1559
j e b a1 ɾ l o,22606
j e b a1 ɾ l o s,6896
j e b a1 ɾ m e,24274
j e b a1 ɾ m e l a,1349
j e b a1 ɾ m e l o,2155
j e b a1 ɾ m e l o s,531
j e b a1 ɾ n o s,10277
j e b a1 ɾ n o s l a,540
j e b a1 ɾ n o s l o,903
j e b a1 ɾ o n,16288
j e b a1 ɾ o s,1170
j e b a1 ɾ s e,11619
j e b a1 ɾ s e l a,2517
j e b a1 ɾ s e l a s,549
j e b a1 ɾ s e l o,4527
j e b a1 ɾ s e l o s,978
j e b a1 ɾ t e,28558
j e b a1 ɾ t e l a,1047
j e b a1 ɾ t e l o,1990
j e1 b a s,31965
j e b a1 s e,643
j e1 b a s e l o,1039
j e b a1 s t e,4528
j e1 b a t e,13189
j e1 b a t e l a,4226
j e1 b a t e l a s,589
j e1 b a t e l o,8507
j e1 b a t e l o s,1778
j e1 b e,21996
j e b e1,7912
j e1 b e l a,1092
j e1 b e l o,1831
j e1 b e l o s,597
j e1 b e m e,3613
j e b e1 m o s,2472
j e b e1 m o s l a,801
j e b e1 m o s l e,464
j e b e1 m o s l o,1573
j e1 b e n,7970
j e1 b e n l a,1439
j e1 b e n l o,4631
j e1 b e n l o s,1155
j e1 b e m m e,1989
j e1 b e n o s,1374
j e1 b e n s e,2811
j e1 b e n s e l a,1884
j e1 b e n s e l o s,1446
j e1 b e s,5712
j e1 b e s e,3128
j e1 b e s e l a,1232
j e1 b e s e l o,2851
j e1 b e s e l o s,640
j e1 b o,50226
j e b o1,32999
j o1 ɾ a,5712
j o ɾ a1 b a,2044
j o ɾ a1 d o,1304
j o ɾ a1 m o s,782
j o1 ɾ a n,1888
j o ɾ a1 n d o,13959
j o ɾ a1 ɾ,22789
j o ɾ a ɾ e1,454
j o1 ɾ a s,3046
j o ɾ a1 s t e,688
j o1 ɾ e,1535
j o ɾ e1,2023
j o1 ɾ e n,591
j o1 ɾ e s,7539
j o ɾ i k e a1 ɾ,854
j o1 ɾ o,2378
j o ɾ o1,1917
j o ɾ o1 n,1382
j o ɾ o1 n a,745
j o b e1 ɾ,3905
j o b e ɾ a1,619
j o b i1 a,985
j o b i1 d o,465
j o b j e1 n d o,3509
j o b j o1,653
j w e1 b a,1210
j w e1 b e,4124
j u1 b j a,18252
j u1 b j a s,1603
j u b j o1 s o,476
l o1,6536686
l o1 b o,13181
l o1 b o s,5459
l o1 b u l o,1383
l o1 k a,51361
l o k a s j o1 n,567
l o k a1 l,18542
l o k a1 l e s,6811
l o k a l i1 s a,626
l o k a l i s a s j o1 n,2859
l o k a l i s a1 d a,577
l o k a l i s a1 d o,2940
l o k a l i s a d o1 ɾ,1120
l o k a l i s a1 m o s,744
l o k a l i s a1 ɾ,4495
l o k a l i s a1 ɾ l a,1060
l o k a l i s a1 ɾ l e,658
l o k a l i s a1 ɾ l o,1972
l o k a l i s a1 ɾ l o s,582
l o k a l i s a1 ɾ m e,620
l o k a l i s a1 ɾ t e,1246
l o k a m e1 n t e,1633
l o1 k a s,5184
l o s j o1 n,1138
l o1 k o,123600
l o k o m o t o1 ɾ a,1099
l o1 k o s,24742
l o k u1 ɾ a,39815
l o k u1 ɾ a s,2585
l o1 d o,2574
l o1 f d,608
l o1 x i k a,6844
l o1 x i k a m e n t e,668
l o1 x i k o,5143
l o x i1 s t i k a,544
l o1 g o,1018
l o1 g ɾ a,3817
l o g ɾ a1 b a,619
l o g ɾ a1 d o,8182
l o g ɾ a1 m o s,7941
l o1 g ɾ a n,1479
l o g ɾ a1 n d o,879
l o g ɾ a1 ɾ,11730
l o g ɾ a1 ɾ a,453
l o g ɾ a ɾ a1,1940
l o g ɾ a ɾ a1 n,588
l o g ɾ a ɾ a1 s,1650
l o g ɾ a ɾ e1,1046
l o g ɾ a ɾ e1 m o s,2746
l o g ɾ a ɾ i1 a,676
l o g ɾ a1 ɾ l o,9778
l o g ɾ a1 ɾ o n,2492
l o1 g ɾ a s,2136
l o g ɾ a1 s t e,5612
l o1 g ɾ e,2033
l o g ɾ e1,5109
l o g ɾ e1 m o s,617
l o1 g ɾ e s,595
l o1 g ɾ o,7221
l o g ɾ o1,7382
l o1 g ɾ o s,1903
l o1 l a,3464
l o l i1 t a,957
l o1 m a,662
l o m b a1 ɾ d o,637
l o m b ɾ i1 s e s,538
l o m b ɾ i1 s,842
l o1 m o,1180
l o1 n a,1570
l o1 n d ɾ e s,30125
l o ɲ x i t u1 d,1665
l o1 p e s,1706
l o k e1 ɾ o,841
l o1 ɾ d,18156
l o ɾ e1 n s o,2700
l o1 ɾ o,1893
l o1 s,3488297
l o1 s e,473
l o1 d,1244
l o1 t e,2924
l o t e ɾ i1 a,4914
l o1 t o,878
l o u i1 s j a n a,1403
l o1 u b ɾ e,777
l u b ɾ i k a1 n t e,965
l u1 k a s,9999
l u1 s e,8690
l u1 s e n,1795
l u1 s e s,31562
l u1 tʃ a,23867
l u tʃ a1 b a,855
l u tʃ a1 b a n,516
l u tʃ a1 d o,2970
l u tʃ a d o1 ɾ,3549
l u tʃ a d o1 ɾ a,642
l u tʃ a d o1 ɾ e s,1913
l u tʃ a1 m o s,2913
l u1 tʃ a n,2105
l u tʃ a1 n d o,9436
l u tʃ a1 ɾ,23547
l u tʃ a ɾ a1,577
l u tʃ a ɾ a1 n,529
l u tʃ a ɾ e1,1274
l u tʃ a ɾ e1 m o s,1356
l u tʃ a1 ɾ o n,1309
l u1 tʃ a s,2285
l u tʃ a1 s t e,652
l u1 tʃ e,960
l u tʃ e1,1573
l u tʃ e1 m o s,732
l u1 tʃ e n,950
l u1 tʃ e s,658
l u1 tʃ o,1327
l u tʃ o1,2385
l u s i1 a,2069
l u1 s i d o,598
l u s j e1 n d o,523
l u s j e1 ɾ n a g a s,488
l u s i f e1 ɾ,1807
l u s i1 n d a,1034
l u s i1 ɾ,2371
l u s i1 s t e,453
l u k ɾ a t i1 b o,608
l u k ɾ e1 s j a,813
l u1 k ɾ o,643
l w e1 g o,259585
l u g a1 ɾ,293379
l u g a ɾ e1 j o s,548
l u g a1 ɾ e s,22758
l u g a ɾ t e n j e1 n t e,576
l u1 g u b ɾ e,479
l w i1 x i,1774
l w i1 s,4949
l w i1 s a,2042
l w i s j a1 n a,780
l u1 x o,7660
l u1 x o s,685
l u x o1 s a,535
l u x o1 s o,1187
l u x u1 ɾ j a,1996
l u m b a1 ɾ,724
l u m i n o1 s a,602
l u m i n o1 s o,892
l u1 n a,39084
l u n a1 ɾ,3910
l u n a1 ɾ e s,780
l u1 n a s,1540
l u n a1 t i k a,553
l u n a1 t i k o,2843
l u n a1 t i k o s,813
l u1 n e s,17104
l u1 p a,618
l u1 p i n,919
l u1 p u s,849
l u t e1 ɾ o,677
l u1 t o,2589
l u g s e m b u1 ɾ g o,475
l u1 s,86433
l u1 s k a,597
l u1 s k o,1505
m a b e1 l,1191
m a k a1 b ɾ o,545
m a k a r o1 n e s,1105
m a s e d o1 n j a,762
m a s e1 t a,496
m a tʃ a k a1 ɾ,543
m a tʃ e1 t e,1415
m a tʃ i1 s t a,479
m a1 tʃ o,6529
m a1 tʃ o s,1705
m a tʃ o1 t e,473
m a s i1 s o,614
m a d a g a s k a1 ɾ,589
m a d e1 ɾ a,14419
m a d ɾ a1 s t ɾ a,1855
m a1 d ɾ e,283712
m a1 d ɾ e s,7892
m a d ɾ i1 d,2532
m a d ɾ i g e1 ɾ a,859
m a d ɾ i1 n a,1892
m a d ɾ u g a1 d a,3683
m a d ɾ u g a1 ɾ,634
m a d u1 ɾ a,3357
m a d u ɾ a1 d o,803
m a d u ɾ a1 ɾ,1429
m a d u1 ɾ a s,740
m a d u ɾ e1 s,1392
m a d u1 ɾ o,2577
m a d u1 ɾ o s,794
m a e1 s e,641
m a e1 s t ɾ a,10444
m a e1 s t ɾ a s,746
m a e s t ɾ i1 a,849
m a e1 s t ɾ o,48359
m a e1 s t ɾ o s,5127
m a1 f j a,7049
m a f j o1 s o,1623
m a f j o1 s o s,1133
m a g a j a1 n e s,476
m a g a s i1 n e,473
m a g d a l e1 n a,1425
m a g d a l e1 n a s,693
m a1 x j a,19572
m a1 x i k a,5328
m a1 x i k a m e n t e,507
m a1 x i k a s,1523
m a1 x i k o,6341
m a1 x i k o s,1608
m a x i s t ɾ a1 d o,2125
m a1 g m a,466
m a g n a1 t e,1028
m a g n e1 s j o,667
m a g n e1 t i k a,1497
m a g n e1 t i k a s,499
m a g n e1 t i k o,1456
m a g n e1 t i k o s,526
m a g n e t i1 s m o,514
m a g n i1 f i k a,4610
m a g n i1 f i k a s,735
m a g n i f i1 k o,1553
m a g n i1 f i k o,10996
m a g n i1 f i k o s,1181
m a g n i t u1 d,1425
m a1 g n o,505
m a1 g o,9311
m a1 g o s,2427
m a o1 m a,660
m a1 i l,882
m a i1 s,6520
m a1 x a,733
m a x e s t a1 d,34805
m a x e s t w o1 s o,521
m a1 x o,945
m a1 l,246497
m a1 l a,66403
m a l a1 ɾ j a,1203
m a1 l a s,24252
m a l a1 s j a,644
m a l k ɾ j a1 d a,520
m a l k ɾ j a1 d o,821
m a l d a1 d,5496
m a l d e s i1 d o,468
m a l d e s i1 ɾ,1047
m a l d i s j e1 n d o,474
m a l d i s j o1 n,51379
m a l d i s j o1 n e s,745
m a l d i1 g o,1087
m a l d i1 x o,519
m a l d i1 t a,92391
m a l d i1 t a s,7606
m a l d i1 t o,87830
m a l d i1 t o s,20894
m a l e a1 n t e s,520
m a l e d u k a1 d a,524
m a l e d u k a1 d o,1340
m a l e n t e n d i1 d o,4941
m a l e n t e n d i1 d o s,529
m a1 l e s,1470
m a l e s t a1 ɾ,911
m a l e1 t a,12126
m a l e1 t a s,8745
m a l e t e1 ɾ o,3479
m a l e t i1 n,6706
m a l e1 s a,804
m a l g a s t a1 d o,457
m a l g a s t a1 n d o,544
m a l g a s t a1 ɾ,946
m a l g a1 s t e s,485
m a l e ɾ i1 d o,1014
m a l u m o ɾ a1 d o,619
m a l i b u1,1039
m a l i1 s j a,841
m a l i1 g n a,947
m a l i1 g n o,2310
m a l i1 g n o s,797
m a l i n t e ɾ p ɾ e1 t e,510
m a l i n t e ɾ p ɾ e1 t e s,1542
m a l i1 s i m o,797
m a1 j a,774
m a1 j a s,648
m a1 l o,97432
m a1 l o s,20001
m a1 l t a,1028
m a l t e a1 d a,605
m a l t ɾ a t a1 d o,552
m a l t ɾ a1 t o,516
m a l b a1 d a,3677
m a l b a1 d a s,561
m a l b a1 d o,7654
m a l b a1 d o s,2592
m a l b a b i1 s k o,453
m a l b a b i1 s k o s,773
m a m a1,254635
m a m a1 d a,1797
m a m a1 d a s,631
m a m a1 ɾ,533
m a m a1 s,1373
m a1 m b o,701
m a1 m i,21316
m a m i1 f e ɾ o,460
m a m i1 f e ɾ o s,855
m a m i1 t a,1689
m a m o1 n,1533
m a m u1 d,666
m a n a1 d a,3588
m a1 n a x e ɾ,635
m a n a n t j a1 l,1134
m a1 n tʃ a,6294
m a n tʃ a1 d a,565
m a n tʃ a1 d o,1462
m a n tʃ a1 ɾ,668
m a1 n tʃ a s,4477
m a n tʃ e s t e1 ɾ,1949
m a n tʃ u1 ɾ j a,478
m a1 ɲ k o,630
m a1 n d a,12480
m a n d a1 b a,860
m a n d a1 d o,5681
m a n d a1 d o s,593
m a1 n d a l a,556
m a1 n d a l e,1143
m a1 n d a l o,1091
m a1 n d a m e,1889
m a n d a m j e1 n t o,601
m a n d a m j e1 n t o s,1228
m a n d a1 m o s,1896
m a1 n d a n,3056
m a n d a1 n d o,1778
m a n d a1 ɾ,9273
m a n d a1 ɾ a,504
m a n d a ɾ a1,916
m a n d a ɾ a1 n,797
m a n d a ɾ e1,3447
m a n d a ɾ e1 m o s,895
m a n d a ɾ i1 a,877
m a n d a1 ɾ l a,1169
m a n d a1 ɾ l e,1759
m a n d a1 ɾ l o,2189
m a n d a1 ɾ l o s,901
m a n d a1 ɾ m e,2519
m a n d a1 ɾ n o s,868
m a n d a1 ɾ o n,3534
m a n d a1 ɾ t e,1881
m a1 n d a s,2237
m a n d a1 s t e,2117
m a n d a1 t o,1718
m a1 n d e,3768
m a n d e1,4510
m a1 n d e m e,697
m a1 n d e n,2433
m a1 n d e s,735
m a n d i1 b u l a,2768
m a n d i1 b u l a s,489
m a1 n d o,27878
m a n d o1,9748
m a1 n d o s,948
m a n e1 x a,5458
m a n e x a1 b a,1317
m a n e x a1 d o,1384
m a n e x a1 m o s,810
m a n e1 x a n,1128
m a n e x a1 n d o,4569
m a n e x a1 ɾ,17965
m a n e x a ɾ e1,666
m a n e x a1 ɾ l a,1060
m a n e x a1 ɾ l o,8959
m a n e x a1 ɾ l o s,510
m a n e x a1 ɾ m e,483
m a n e x a1 ɾ s e,472
m a n e1 x a s,1816
m a n e x a1 s t e,628
m a n e1 x e,1542
m a n e x e1,648
m a n e1 x o,4777
m a n e x o1,665
m a n e1 ɾ a,130504
m a n e1 ɾ a s,13731
m a1 ɲ g a,3361
m a1 ɲ g a s,1469
m a1 ɲ g o,1965
m a1 ɲ g o s,982
m a ɲ g e1 ɾ a,2253
m a ɲ g e1 ɾ a s,530
m a n a1 d t a n,6456
m a n i1 a,1310
m a n i1 a k o,1557
m a n j a1 t i k o,985
m a n i k o1 m j o,3709
m a n i k u1 ɾ a,1086
m a n i f e s t a s j o1 n,2143
m a n i f e s t a s j o1 n e s,980
m a n i f e s t a1 n t e s,1141
m a n i f e s t a1 ɾ s e,734
m a n i f j e1 s t a,725
m a n i f j e1 s t o,1766
m a n i1 x a,608
m a n i1 l a,530
m a n j o1 b ɾ a,2849
m a n j o b ɾ a1 ɾ,649
m a n j o1 b ɾ a s,2007
m a n i p u l a s j o1 n,1357
m a n i p u l a1 d o,994
m a n i p u l a d o1 ɾ,669
m a n i p u l a d o1 ɾ a,458
m a n i p u l a1 n d o,878
m a n i p u l a1 ɾ,1989
m a n i p u l a1 ɾ m e,558
m a n i p u l o1,510
m a n i k i1,906
m a n i1 t a s,723
m a n i b e1 l a,569
m a ɲ x a1 ɾ,484
m a1 n o,131408
m a n o1 x o,843
m a n o1 l o,592
m a1 n o s,132336
m a n s j o1 n,4960
m a1 n t a,4591
m a1 n t a s,2161
m a n t e1 k a,1955
m a n t e1 l,838
m a n t e1 n,12111
m a n t e n d ɾ a1,3194
m a n t e n d ɾ a1 n,727
m a n t e n d ɾ a1 s,690
m a n t e n d ɾ e1,3683
m a n t e n d ɾ e1 m o s,2245
m a n t e n d ɾ i1 a,977
m a n t e n e1 d,873
m a n t e n e1 m o s,2619
m a n t e n e1 o s,690
m a n t e n e1 ɾ,36118
m a n t e n e1 ɾ l a,5601
m a n t e n e1 ɾ l a s,686
m a n t e n e1 ɾ l e,846
m a n t e n e1 ɾ l o,11182
m a n t e n e1 ɾ l o s,3750
m a n t e n e1 ɾ m e,7557
m a n t e n e1 ɾ n o s,5524
m a n t e n e1 ɾ s e,7567
m a n t e n e1 ɾ t e,9033
m a n t e1 ɲ g a,7659
m a n t e1 ɲ g a l o,1376
m a n t e1 ɲ g a m e,962
m a n t e ɲ g a1 m o n o s,470
m a n t e ɲ g a1 m o s,1319
m a n t e ɲ g a1 m o s l o,458
m a n t e1 ɲ g a n,7105
m a n t e1 ɲ g a n l o,872
m a n t e1 ɲ g a n s e,5151
m a n t e1 ɲ g a s,1639
m a n t e1 ɲ g a s e,3681
m a n t e1 ɲ g o,3553
m a n t e n i1 a,1942
m a n t e n i1 a n,479
m a n t e n i1 d o,3876
m a n t e n j e1 n d o,2686
m a n t e n i m j e1 n t o,4075
m a n t e1 n l a,2310
m a n t e1 n l o,6201
m a n t e1 n l o s,1365
m a n t e1 m m e,2034
m a n t e1 n t e,15953
m a n t e k i1 j a,6907
m a n t j e1 n e,13360
m a n t j e1 n e n,4011
m a n t j e1 n e s,2720
m a1 n t i s,616
m a1 n t o,1396
m a n t u1 b e,1732
m a n t u b j e1 ɾ a,839
m a n t u b j e1 ɾ a s,474
m a n t u b j e1 ɾ o n,842
m a n t u b i1 m o s,505
m a n t u b i1 s t e,742
m a n t u1 b o,3713
m a1 n u,684
m a n w a1 l,6272
m a n w a1 l e s,1003
m a n w a l m e1 n t e,1194
m a n w e1 l,3026
m a n w e1 l a,831
m a n u s k ɾ i1 t o,1768
m a n u s k ɾ i1 t o s,619
m a n s a1 n a,8849
m a n s a1 n a s,6122
m a j a1 n a,308595
m a j a1 n a s,4231
m a1 p a,19061
m a p a1 tʃ e,1486
m a p a1 tʃ e s,616
m a1 p a s,3479
m a k e1 t a,908
m a k i j a1 x e,6808
m a k i1 n a,3236
m a1 k i n a,30004
m a k i n a1 ɾ j a,2055
m a k i1 n a s,1201
m a1 k i n a s,12221
m a k i n i1 s t a,883
m a1 ɾ,40457
m a ɾ a t o1 n,1560
m a ɾ a b i1 j a,12396
m a ɾ a b i1 j a s,4020
m a ɾ a b i j o1 s a,19329
m a ɾ a b i j o s a m e1 n t e,1644
m a ɾ a b i j o1 s a s,3215
m a ɾ a b i j o1 s o,43811
m a ɾ a b i j o1 s o s,3257
m a1 ɾ k a,19825
m a ɾ k a1 d a,1273
m a ɾ k a1 d a s,520
m a ɾ k a1 d o,3828
m a ɾ k a d o1 ɾ,2406
m a ɾ k a d o1 ɾ e s,594
m a ɾ k a1 d o s,1000
m a1 ɾ k a n,648
m a ɾ k a1 n d o,1182
m a ɾ k a p a1 s o s,563
m a ɾ k a1 ɾ,4113
m a1 ɾ k a s,10564
m a ɾ s e1 l o,932
m a1 ɾ tʃ a,29670
m a ɾ tʃ a1 b a,692
m a ɾ tʃ a1 d o,3293
m a ɾ tʃ a1 m o s,1699
m a1 ɾ tʃ a n,1532
m a ɾ tʃ a1 n d o,2325
m a ɾ tʃ a1 o s,4134
m a ɾ tʃ a1 ɾ,6803
m a ɾ tʃ a1 ɾ a,631
m a ɾ tʃ a ɾ a1,660
m a ɾ tʃ a ɾ e1,1045
m a ɾ tʃ a ɾ e1 m o s,677
m a ɾ tʃ a1 ɾ m e,8143
m a ɾ tʃ a1 ɾ n o s,3131
m a ɾ tʃ a1 ɾ o n,958
m a ɾ tʃ a1 ɾ o s,828
m a ɾ tʃ a1 ɾ s e,10111
m a ɾ tʃ a1 ɾ t e,5301
m a1 ɾ tʃ a s,2283
m a ɾ tʃ a1 s t e,574
m a1 ɾ tʃ a t e,5246
m a1 ɾ tʃ e,2450
m a ɾ tʃ e1,756
m a ɾ tʃ e1 m o n o s,678
m a1 ɾ tʃ e n,2187
m a1 ɾ tʃ e n s e,1325
m a1 ɾ tʃ e s,1068
m a1 ɾ tʃ e s e,2318
m a1 ɾ tʃ o,4178
m a ɾ tʃ o1,4733
m a ɾ s j a1 l,2039
m a ɾ s j a1 l e s,2719
m a ɾ s j a1 n o,1099
m a ɾ s j a1 n o s,1045
m a1 ɾ k o,8812
m a ɾ k o1,1377
m a1 ɾ k o s,4598
m a ɾ e1 a,3966
m a ɾ e a1 d a,1409
m a ɾ e a1 d o,2304
m a ɾ e a1 n d o,509
m a ɾ e1 a s,817
m a ɾ e1 o,1374
m a ɾ e1 o s,814
m a1 ɾ e s,2812
m a ɾ f i1 l,1258
m a1 ɾ g a,890
m a ɾ g a ɾ i1 t a,2635
m a ɾ g a ɾ i1 t a s,1524
m a1 ɾ x e n,4944
m a1 ɾ i,805
m a ɾ i1 a,20448
m a1 ɾ j a n,1556
m a ɾ j a1 n a,533
m a ɾ j a1 n o,505
m a ɾ i1 k a,7118
m a ɾ i1 k a s,2557
m a ɾ i k o1 n,7282
m a ɾ i k o1 n e s,2167
m a ɾ i1 d o,71069
m a ɾ i1 d o s,2741
m a1 ɾ j e,9634
m a ɾ i w a1 n a,7138
m a ɾ i1 n a,13326
m a ɾ i1 n a s,1188
m a ɾ i1 n e,2777
m a ɾ i n e1 ɾ o,5000
m a ɾ i n e1 ɾ o s,2982
m a ɾ i1 n e s,5102
m a ɾ i1 n o,3630
m a ɾ i1 n o s,1756
m a1 ɾ j o,4022
m a ɾ j o n e1 t a,1428
m a ɾ j o n e1 t a s,1196
m a ɾ i p o1 s a,3760
m a ɾ i p o1 s a s,2094
m a ɾ i k i1 t a,1641
m a ɾ i k i1 t a s,464
m a ɾ i1 s a,1158
m a ɾ i s k a1 l,3434
m a ɾ i1 s k o,512
m a ɾ i1 s k o s,815
m a ɾ i1 s s a,2503
m a ɾ i1 t i m o,493
m a1 ɾ m o l,1615
m a ɾ m o1 t a,729
m a1 ɾ k e,1082
m a ɾ k e1,615
m a ɾ k e1 s,2681
m a ɾ k e1 s a,1255
m a r o1 n,3975
m a r o1 n e s,1413
m a r w e1 k o s,1401
m a1 ɾ t a,3063
m a1 ɾ t e,6012
m a1 ɾ t e s,12715
m a ɾ t i1 j o,5429
m a ɾ t i1 j o s,500
m a ɾ t i1 n,2634
m a ɾ t i1 n e s,1341
m a ɾ t i1 n i,3413
m a ɾ t i1 n i s,1114
m a1 ɾ t i ɾ,1857
m a1 ɾ t i ɾ e s,806
m a ɾ t i1 ɾ j o,466
m a ɾ i l a1 n d,1582
m a1 ɾ s o,5984
m a1 s,152818
m a1 s,1608542
m a1 s a,7570
m a s a k ɾ a1 d o s,508
m a s a1 k ɾ e,4044
m a s a1 x e,4777
m a s a1 x e s,1901
m a s a x i1 s t a,1462
m a1 s a s,2852
m a s k a1 ɾ,1732
m a1 s k a ɾ a,9268
m a1 s k a ɾ a s,2986
m a s k a ɾ i1 j a,463
m a s k o1 t a,4696
m a s k o1 t a s,3018
m a s k u l i1 n a,1681
m a s k u l i1 n o,2795
m a s k u l i1 n o s,716
m a s i1 b a,3300
m a s i1 b a s,487
m a s i1 b o,1713
m a1 s o n,5862
m a s o1 n e s,613
m a s o k i1 s t a,521
m a s t i1 k a,633
m a s t i k a1 ɾ,1118
m a1 s t i l,1104
m a s t u ɾ b a s j o1 n,974
m a s t u ɾ b a1 n d o s e,472
m a s t u ɾ b a1 ɾ m e,676
m a s t u ɾ b a1 ɾ s e,1353
m a s t u ɾ b a1 ɾ t e,734
m a1 t a,22982
m a t a1 b a,1808
m a t a1 b a n,927
m a t a d e1 ɾ o,1621
m a t a1 d l e,586
m a t a1 d l o,792
m a t a1 d o,32983
m a t a d o1 ɾ,850
m a1 t a l a,2974
m a1 t a l e,1122
m a1 t a l o,10766
m a1 t a l o s,3032
m a1 t a m e,8718
m a t a1 m o s,6139
m a1 t a n,10351
m a t a1 n d o,14446
m a t a1 n d o l o,692
m a t a1 n d o m e,1004
m a t a1 n d o n o s,456
m a t a1 n d o s e,680
m a t a1 n d o t e,592
m a t a1 n s a,3335
m a t a1 n s a s,776
m a t a1 ɾ,95694
m a t a1 ɾ a,3884
m a t a ɾ a1,11032
m a t a1 ɾ a n,3370
m a t a ɾ a1 n,7831
m a t a1 ɾ a s,1131
m a t a ɾ a1 s,2679
m a t a ɾ e1,18630
m a t a ɾ e1 m o s,2427
m a t a ɾ i1 a,9150
m a t a ɾ i1 a n,2029
m a t a ɾ i1 a s,1162
m a t a1 ɾ l a,13330
m a t a1 ɾ l a s,1014
m a t a1 ɾ l e,7133
m a t a1 ɾ l e s,815
m a t a1 ɾ l o,32933
m a t a1 ɾ l o s,10526
m a t a1 ɾ m e,44292
m a t a1 ɾ n o s,11992
m a t a1 ɾ o n,21598
m a t a1 ɾ s e,4096
m a t a1 ɾ t e,33055
m a1 t a s,7022
m a t a1 s t e,19590
m a1 t e,13375
m a t e1,19835
m a1 t e l o,810
m a t e m a1 t i k a,1995
m a t e m a1 t i k a s,6590
m a t e m a1 t i k o,1172
m a t e m a1 t i k o s,468
m a1 t e m e,1023
m a t e1 m o s,1437
m a1 t e n,10668
m a1 t e n l a,620
m a1 t e n l o,3440
m a1 t e n l o s,2637
m a1 t e m m e,772
m a t e1 o,1523
m a t e1 ɾ,798
m a t e1 ɾ j a,6414
m a t e ɾ j a1 l,15214
m a t e ɾ j a1 l e s,3545
m a t e1 ɾ j a s,786
m a t e1 ɾ n a,749
m a t e ɾ n a1 l,847
m a t e ɾ n i d a1 d,1516
m a1 t e s,5879
m a t i1 a s,541
m a t i1 l d a,707
m a t i n a1 l,637
m a1 t o,16242
m a t o1,51014
m a t o1 n,3261
m a t o1 n e s,3355
m a t ɾ i1 k u l a,4337
m a t ɾ i1 k u l a s,547
m a t ɾ i m o n j a1 l,1543
m a t ɾ i m o n j a1 l e s,535
m a t ɾ i m o1 n j o,39114
m a t ɾ i m o1 n j o s,2232
m a t ɾ i1 s,2393
m a t u t i1 n a,473
m a t u t i1 n o,766
m a u s o1 l e o,581
m a1 g s i m a,6480
m a1 g s i m o,14329
m a1 j a,5599
m a1 j o,8778
m a j o n e1 s a,1668
m a j o1 ɾ,93808
m a j o ɾ d o1 m o,3101
m a j o1 ɾ e s,12308
m a j o ɾ i1 a,35764
m a j o ɾ m e1 n t e,1753
m a j u1 s k u l a,574
m a s m o1 r a,602
m a s m o1 r a s,474
m a1 s o,1228
m e1,4460456
m e a1 d a,458
m e a1 d o,780
m e a1 n d o,907
m e a1 ɾ,3912
m e1 k a,1040
m e k a1 n i k a,2271
m e k a1 n i k o,4571
m e k a1 n i k o s,1188
m e k a n i1 s m o,3573
m e k a n i1 s m o s,680
m e s e d o1 ɾ a,485
m e1 tʃ a,1041
m e tʃ e1 ɾ o,711
m e tʃ o1 n,713
m e d a1 j a,6617
m e d a1 j a s,2339
m e d a j o1 n,1558
m e1 d j a,46095
m e d i1 a,817
m e d j a d o1 ɾ,510
m e d j a1 d o s,1182
m e d j a1 n a,1777
m e d j a1 n o,1116
m e d j a n o1 tʃ e,12084
m e d j a1 n o s,483
m e d j a1 n t e,3765
m e1 d j a s,7595
m e1 d i k a,9957
m e d i k a s j o1 n,3879
m e1 d i k a m e n t e,542
m e d i k a m e1 n t o,2806
m e d i k a m e1 n t o s,4996
m e1 d i k a s,1733
m e d i s i1 n a,20433
m e d i s i n a1 l,597
m e d i s i1 n a s,5093
m e1 d i k o,58189
m e1 d i k o s,16907
m e d i1 d a,9119
m e d i1 d a s,7014
m e d i1 d o,492
m e d i d o1 ɾ,627
m e d j e b a1 l,1170
m e1 d j o,90077
m e d j o1 k ɾ e,1729
m e d j o1 k ɾ e s,530
m e d j o k ɾ i d a1 d,524
m e d j o d i1 a,8383
m e1 d j o s,12234
m e d i1 ɾ,2098
m e d i t a s j o1 n,1367
m e d i t a1 n d o,528
m e d i t a1 ɾ,922
m e d i t e r a1 n e o,1077
m e1 d j u m,657
m e1 d u l a,2326
m e d u1 s a,1082
m e d u1 s a s,468
m e1 g a,694
m e x i k a1 n o,759
m e x i k a1 n o s,639
m e1 x i k o,1567
m e x i1 j a,2976
m e x i1 j a s,2187
m e x o1 ɾ,550471
m e x o1 ɾ a,3872
m e x o ɾ a1 d a,455
m e x o ɾ a1 d o,3113
m e x o1 ɾ a n,683
m e x o ɾ a1 n d o,3581
m e x o ɾ a1 ɾ,9521
m e x o ɾ a ɾ a1,1233
m e x o ɾ a1 ɾ l a,525
m e x o ɾ a1 ɾ l o,1024
m e x o1 ɾ a s,1366
m e x o1 ɾ e,1741
m e x o1 ɾ e s,50951
m e x o ɾ i1 a,531
m e x o ɾ o1,989
m e1 l,4544
m e l a ɲ k o l i1 a,907
m e l a ɲ k o1 l i k o,586
m e l a1 n j e,3006
m e l a1 s a,460
m e l b o1 u ɾ n e,828
m e l e1 n a,521
m e j i1 s o s,847
m e l o k o t o1 n,1102
m e l o k o t o1 n e s,578
m e l o d i1 a,3226
m e l o d i1 a s,727
m e l o d ɾ a1 m a,545
m e l o1 n,1255
m e l o1 n e s,902
m e1 m o,1487
m e m o ɾ a1 b l e,1191
m e m o ɾ a1 n d u m,619
m e m o1 ɾ j a,27642
m e m o ɾ j a1 l,1164
m e m o1 ɾ j a s,2664
m e m o ɾ i s a1 ɾ,715
m e n s j o1 n,1227
m e n s j o1 n a,2428
m e n s j o n a1 d o,4174
m e n s j o1 n a n,707
m e n s j o n a1 ɾ,8151
m e n s j o n a1 ɾ l o,2919
m e n s j o n a1 ɾ o n,672
m e n s j o1 n a s,1224
m e n s j o n a1 s t e,2381
m e n s j o1 n e,1285
m e n s j o n e1,2735
m e n s j o1 n e s,2384
m e n s j o1 n o,1042
m e n s j o n o1,7589
m e n d i g a1 ɾ,532
m e n d i1 g o,1825
m e n d i1 g o s,1171
m e n d o1 s a,788
m e n e1 a t e,559
m e n i ɲ x i1 t i s,559
m e n o p a1 u s j a,519
m e n o1 ɾ,19741
m e n o1 ɾ e s,6040
m e1 n o s,278532
m e n s a1 x e,57680
m e n s a x e1 ɾ a,545
m e n s a x e1 ɾ o,5558
m e n s a x e1 ɾ o s,1114
m e n s a1 x e s,12231
m e n s w a1 l,984
m e n s w a1 l e s,560
m e1 n t a,2598
m e n t a1 l,11179
m e n t a1 l e s,2896
m e n t a l i d a1 d,1420
m e n t a l m e1 n t e,2117
m e1 n t e,55248
m e1 n t e s,6667
m e n t i1,6264
m e n t i1 a,1254
m e n t i1 d o,5905
m e n t i1 m o s,740
m e n t i1 ɾ,12057
m e n t i1 ɾ a,31047
m e n t i1 ɾ a s,17596
m e n t i ɾ e1,672
m e n t i ɾ i1 a,2288
m e n t i1 ɾ l e,3134
m e n t i1 ɾ l e s,504
m e n t i1 ɾ m e,2921
m e n t i1 ɾ n o s,582
m e n t i ɾ o1 s a,5468
m e n t i ɾ o1 s o,15690
m e n t i ɾ o1 s o s,2136
m e n t i1 ɾ t e,2617
m e n t i1 s t e,6267
m e n t o1 n,1106
m e n t o1 ɾ,1705
m e n u1,4235
m e n u1 d a,4599
m e n u1 d o,24512
m e n u1 s,517
m e j i1 k e,1134
m e1 o,594
m e1 ɾ a,1590
m e ɾ a m e1 n t e,650
m e ɾ k a d e1 ɾ,818
m e ɾ k a d e1 ɾ e s,571
m e ɾ k a d e ɾ i1 a,863
m e ɾ k a1 d o,20865
m e ɾ k a1 d o s,1460
m e ɾ k a n s i1 a,5734
m e ɾ k a n s i1 a s,956
m e ɾ k a1 n t e,475
m e ɾ s e1 d,2229
m e ɾ s e1 d e s,4087
m e ɾ s e n a1 ɾ j o,1140
m e ɾ s e n a1 ɾ j o s,1554
m e ɾ k u1 ɾ j o,1981
m e ɾ e1 s e,19178
m e ɾ e s e1 m o s,1789
m e ɾ e1 s e n,5427
m e ɾ e s e1 ɾ,1450
m e ɾ e s e1 ɾ l o,489
m e ɾ e1 s e s,9090
m e ɾ e s i1 a,5516
m e ɾ e s i1 a n,884
m e ɾ e s i1 a s,903
m e ɾ e s i1 d o,3273
m e ɾ e1 ɲ g e,506
m e ɾ e1 s k a,1561
m e ɾ e1 s k o,7376
m e ɾ j e1 n d a,877
m e1 ɾ i t o,2843
m e1 ɾ i t o s,1016
m e ɾ l i1 n,2264
m e ɾ m e l a1 d a,2101
m e1 ɾ o,1402
m e ɾ o d e a1 n d o,1349
m e1 s,50584
m e1 s a,51157
m e1 s a s,4231
m e s e1 ɾ a,1738
m e s e1 ɾ o,1473
m e1 s e s,101072
m e s i1 a s,2089
m e s i1 t a,664
m e s t i1 s o,791
m e1 t a,11079
m e t a b o l i1 s m o,783
m e t a d o1 n a,535
m e t a1 f o ɾ a,2168
m e t a1 f o ɾ a s,665
m e t a1 l,9958
m e t a1 l e s,1588
m e t a1 l i k a,606
m e t a1 l i k o,1734
m e t a m o1 ɾ f o,476
m e t a m o ɾ f o1 s i s,459
m e t a1 m o s,514
m e1 t a n,2593
m e t a m f e t a m i1 n a,882
m e t a m f e t a m i1 n a s,634
m e1 t a n l o,894
m e t a1 n o,941
m e1 t a n s e,1943
m e1 t a s,11321
m e1 t a s e,1280
m e1 t e,9599
m e1 t e l a,1502
m e1 t e l e,973
m e1 t e l o,2638
m e1 t e l o s,466
m e1 t e m e,535
m e t e1 m o s,1692
m e1 t e n,3503
m e t e o ɾ i1 t o,1923
m e t e o ɾ i1 t o s,1472
m e t e o1 ɾ o,1185
m e t e o ɾ o l o1 x i k o,836
m e t e1 ɾ,14395
m e t e ɾ a1,1115
m e t e ɾ a1 n,810
m e t e ɾ a1 s,829
m e t e ɾ e1,2701
m e t e ɾ e1 m o s,874
m e t e ɾ i1 a,1149
m e t e1 ɾ l a,2204
m e t e1 ɾ l a s,460
m e t e1 ɾ l e,2963
m e t e1 ɾ l e s,458
m e t e1 ɾ l o,3628
m e t e1 ɾ l o s,1038
m e t e1 ɾ m e,11831
m e t e1 ɾ n o s,3858
m e t e1 ɾ s e,11397
m e t e1 ɾ s e l a,606
m e t e1 ɾ s e l o,749
m e t e1 ɾ t e,12360
m e t e1 ɾ t e l o,462
m e1 t e s,5829
m e1 t e t e,12969
m e1 t e t e l a,568
m e1 t e t e l o,1703
m e t i1,6768
m e t i1 a,1466
m e t i1 a n,503
m e t i k u l o1 s o,610
m e t i1 d a,3295
m e t i1 d o,18942
m e t i1 d o s,1782
m e t j e1 n d o,4357
m e t j e1 n d o m e,574
m e t j e1 n d o s e,1431
m e t j e1 n d o t e,792
m e t j e1 ɾ a,1025
m e t j e1 ɾ a s,547
m e t j e1 ɾ o n,3745
m e t i1 m o s,1349
m e t j o1,10624
m e t i1 s t e,5554
m e1 t o,4328
m e1 t o d o,5979
m e1 t o d o s,5411
m e t ɾ a1 j a,793
m e t ɾ a j e1 t a,553
m e1 t ɾ o,11672
m e t ɾ o1 p o l i s,2044
m e t ɾ o p o l i t a1 n a,815
m e1 t ɾ o s,31840
m e g s i k a1 n a,1704
m e g s i k a1 n o,3406
m e g s i k a1 n o s,2251
m e1 g s i k o,13515
m e1 s k l a,6336
m e s k l a1 d a,652
m e s k l a1 d o,2001
m e s k l a1 d o s,589
m e1 s k l a n,863
m e s k l a1 n d o,676
m e s k l a1 ɾ,1930
m e s k l a1 ɾ m e,608
m e s k l a1 ɾ s e,1186
m e s k l a1 ɾ t e,531
m e1 s k l a s,849
m e s k i1 n a,503
m e s k i1 n o,1198
m e s k i1 t a,1291
m i1,2647857
m i1,537278
m i1 a,71455
m j a1 m i,11344
m i1 a s,7068
m j a1 u,577
m i tʃ e1 j e,7909
m i1 k ɾ o,1878
m i k ɾ o1 b j o s,613
m i k ɾ o tʃ i1 p,479
m i k ɾ o1 f o n o,5706
m i k ɾ o1 f o n o s,2069
m i k ɾ o o1 n d a s,2193
m i k ɾ o s k o1 p j o,1237
m i1 d e,3594
m i1 d e n,590
m i1 d e s,550
m i1 d o,710
m j e1 d o,138492
m j e1 d o s,2519
m j e d o1 s o,748
m j e1 l,12738
m j e1 m b ɾ o,17017
m j e1 m b ɾ o s,16344
m j e1 n t a,1518
m j e1 n t a s,4954
m j e1 n t e,8087
m j e1 n t e n,2851
m j e1 n t e s,6489
m j e1 n t o,3830
m j e1 n t ɾ a s,158826
m j e1 ɾ k o l e s,9309
m j e1 ɾ d a,262846
m j e1 ɾ d a s,3629
m i g a1 x a s,827
m i1 g a s,944
m i g ɾ a s j o1 n,516
m i g ɾ a1 j a,924
m i g ɾ a1 j a s,595
m i g e1 l,7077
m i1 l,69938
m i l a1 g ɾ o,15679
m i l a1 g ɾ o s,4814
m i l a g ɾ o1 s a,771
m i l a g ɾ o s a m e1 n t e,694
m i l a g ɾ o1 s o,1024
m i l a1 n,2599
m i l e1 n j o,1247
m i l e1 n j o s,462
m i1 l e s,35060
m i l i1 s j a,2349
m i l i g ɾ a1 m o s,1225
m i l i1 m e t ɾ o s,1574
m i l i t a1 ɾ,20819
m i l i t a1 ɾ e s,9540
m i1 j a,3904
m i j a1 ɾ,707
m i j a1 ɾ e s,652
m i1 j a s,15360
m i j o1 n,25451
m i j o n a1 ɾ j o,3571
m i j o n a1 ɾ j o s,1147
m i j o1 n e s,71475
m i m a1 d o,679
m i1 m o,513
m i1 m o s,533
m i1 n a,11287
m i n a1 d o,650
m i1 n a s,7191
m i1 n d,1278
m i1 n d i,1340
m i n e1 ɾ a,530
m i n e ɾ a1 l,1892
m i n e ɾ a1 l e s,1032
m i n e1 ɾ o,1026
m i n e1 ɾ o s,1599
m i1 n i,2590
m i n j a t u1 ɾ a,1336
m i1 n i m a,3715
m i n i m i s a1 ɾ,517
m i1 n i m o,10136
m i1 n i m o s,471
m i n i s t e1 ɾ j o,6729
m i n i1 s t ɾ o,21177
m i n i1 s t ɾ o s,1936
m i n n e s o1 t a,1375
m i n o ɾ i1 a,1196
m i n o ɾ i1 a s,579
m i n t j e1 n d o,18352
m i n t j e1 n d o l e,474
m i n t j e1 n d o m e,798
m i n t j e1 ɾ o n,1048
m i n t j o1,6827
m i n u1 t o,75572
m i n u1 t o s,149513
m i1 o,243347
m i1 o s,15079
m i1 ɾ,552
m i1 ɾ a,370275
m i ɾ a1 b a,7213
m i ɾ a1 b a m o s,459
m i ɾ a1 b a n,1265
m i ɾ a1 b a s,1182
m i ɾ a1 d,12446
m i ɾ a1 d a,20001
m i ɾ a1 d a s,2333
m i ɾ a1 d m e,883
m i ɾ a1 d o,5041
m i ɾ a1 i s,526
m i1 ɾ a l a,7999
m i1 ɾ a l a s,1057
m i1 ɾ a l e,3086
m i1 ɾ a l o,16668
m i1 ɾ a l o s,4049
m i1 ɾ a m e,51736
m i ɾ a1 m o s,2852
m i1 ɾ a n,6530
m i ɾ a1 n d a,5443
m i ɾ a1 n d o,39807
m i ɾ a1 n d o l a,1285
m i ɾ a1 n d o l e,513
m i ɾ a1 n d o l o,1538
m i ɾ a1 n d o m e,4988
m i ɾ a1 n d o n o s,1265
m i ɾ a1 n d o t e,2243
m i1 ɾ a n o s,2742
m i ɾ a1 ɾ,35119
m i ɾ a1 ɾ a,953
m i ɾ a ɾ a1,714
m i ɾ a ɾ e1,2169
m i ɾ a ɾ e1 m o s,642
m i ɾ a ɾ i1 a,747
m i ɾ a1 ɾ l a,4149
m i ɾ a1 ɾ l a s,819
m i ɾ a1 ɾ l e,1609
m i ɾ a1 ɾ l o,5614
m i ɾ a1 ɾ l o s,1350
m i ɾ a1 ɾ m e,8556
m i ɾ a1 ɾ n o s,1002
m i ɾ a1 ɾ o n,847
m i ɾ a1 ɾ s e,1051
m i ɾ a1 ɾ t e,6499
m i1 ɾ a s,13923
m i ɾ a1 s t e,2015
m i1 ɾ a t e,23703
m i1 ɾ e,59087
m i ɾ e1,6993
m i1 ɾ e l a,1110
m i1 ɾ e l o,2344
m i1 ɾ e l o s,801
m i1 ɾ e m e,4886
m i ɾ e1 m o s,1290
m i1 ɾ e n,48852
m i1 ɾ e n l a,1211
m i1 ɾ e n l o,3050
m i1 ɾ e n l o s,717
m i1 ɾ e m m e,2871
m i1 ɾ e n s e,1265
m i1 ɾ e s,15644
m i1 ɾ e s e,1138
m i ɾ j a1 m,1825
m i1 ɾ o,10840
m i ɾ o1,6243
m i ɾ o1 n,747
m i1 s,426602
m i1 s a,5601
m i s e ɾ a1 b l e,9098
m i s e ɾ a1 b l e s,2312
m i s e1 ɾ j a,5095
m i s e ɾ i k o ɾ d j o1 s o,1388
m i s i1 l,3889
m i s i1 l e s,6941
m i s j o1 n,42094
m i s j o n e1 ɾ o,856
m i s j o n e1 ɾ o s,532
m i s j o1 n e s,3519
m i1 s m a,106681
m i1 s m a s,10568
m i s m i1 s i m a,527
m i s m i1 s i m o,2060
m i1 s m o,372079
m i1 s m o s,25154
m i s s i s s i1 p p i,2116
m i s t e1 ɾ,1077
m i s t e1 ɾ j o,11906
m i s t e1 ɾ j o s,2662
m i s t e ɾ j o1 s a,3617
m i s t e ɾ j o s a m e1 n t e,879
m i s t e ɾ j o1 s a s,1164
m i s t e ɾ j o1 s o,5871
m i s t e ɾ j o1 s o s,962
m i1 s t i k a,839
m i1 s t i k o,1121
m i1 s t i k o s,479
m i t a1 d,53508
m i1 t i n,595
m i1 t o,4118
m i t o l o x i1 a,1001
m i1 t o s,1155
m o b i l j a1 ɾ j o,568
m o tʃ i1 l a,4967
m o tʃ i1 l a s,661
m o s j o1 n,2071
m o1 k o,855
m o1 k o s,1059
m o k o1 s a,932
m o k o1 s o,2861
m o k o1 s o s,951
m o1 d a,12871
m o d a1 l e s,6261
m o1 d a s,1034
m o d e1 l o,17064
m o d e1 l o s,5355
m o d e ɾ a s j o1 n,585
m o d e ɾ a1 d o,471
m o d e1 ɾ n a,4739
m o d e1 ɾ n a s,1258
m o d e1 ɾ n o,4978
m o d e1 ɾ n o s,1593
m o d e1 s t a,1244
m o d e1 s t j a,1243
m o d e1 s t o,2757
m o d i f i k a s j o1 n,596
m o d i f i k a s j o1 n e s,876
m o d i f i k a1 d o,1037
m o d i f i k a1 ɾ,1155
m o1 d o,64995
m o1 d o s,26277
m o1 d u l o,2311
m o1 d u s,1326
m o a m m e1 d,825
m o1 o,1122
m o i1 s e s,3011
m o1 x a,655
m o x a1 d a,2523
m o x a1 d a s,794
m o x a1 d o,3809
m o x a1 d o s,783
m o x a1 ɾ,1086
m o x a1 ɾ s e,872
m o x a1 ɾ t e,498
m o1 x e,480
m o1 x o,1068
m o1 l a,2207
m o1 l d e,1078
m o l e1 k u l a,503
m o l e k u l a1 ɾ,1317
m o l e1 k u l a s,1288
m o l e1 s t a,31035
m o l e s t a1 b a,1539
m o l e s t a1 d o,4763
m o l e s t a1 m o s,524
m o l e1 s t a n,2176
m o l e s t a1 n d o,5021
m o l e s t a1 n d o m e,747
m o l e s t a1 ɾ,7166
m o l e s t a1 ɾ a,723
m o l e s t a ɾ a1,1659
m o l e s t a ɾ e1,1017
m o l e s t a ɾ i1 a,4175
m o l e s t a1 ɾ l a,3230
m o l e s t a1 ɾ l e,3594
m o l e s t a1 ɾ l e s,608
m o l e s t a1 ɾ l o,4044
m o l e s t a1 ɾ l o s,1192
m o l e s t a1 ɾ m e,5261
m o l e s t a1 ɾ n o s,956
m o l e s t a1 ɾ s e,2432
m o l e s t a1 ɾ t e,8188
m o l e1 s t a s,2059
m o l e s t a1 s t e,487
m o l e1 s t e,6926
m o l e s t e1,491
m o l e1 s t e n,2092
m o l e1 s t e s,6359
m o l e1 s t j a,7356
m o l e1 s t j a s,2961
m o l e1 s t o,13049
m o l e s t o1,2677
m o l e1 s t o s,1355
m o l i1 n o,2445
m o l i1 n o s,486
m o m e n t i1 t o,850
m o m e1 n t o,312035
m o m e1 n t o s,22143
m o1 m j a,2065
m o1 m j a s,670
m o1 n a,4488
m o1 n a k o,661
m o n a1 d a,1134
m o n a g i1 j o,476
m o n a1 ɾ k a,720
m o n a ɾ k i1 a,860
m o n a s t e1 ɾ j o,2372
m o n e1 d a,9201
m o n e1 d a s,7820
m o n e d e1 ɾ o,688
m o n e1 d,654
m o n e t a1 ɾ j o,553
m o ɲ g o1 l e s,637
m o ɲ g o1 l j a,627
m o1 n i k a,4452
m o n i1 k e,973
m o n i1 t o,662
m o n i t o1 ɾ,2972
m o n i t o ɾ e a1 n d o,493
m o n i t o ɾ e a1 ɾ,471
m o n i t o1 ɾ e s,1224
m o1 ɲ x a,3158
m o1 ɲ x a s,2164
m o1 ɲ x e,3945
m o1 ɲ x e s,2302
m o1 n o,16186
m o n o1 l o g o,604
m o n o p o1 l j o,983
m o1 n o s,6886
m o n s e j o1 ɾ,1629
m o1 n s t ɾ w o,22390
m o1 n s t ɾ w o s,7727
m o n s t ɾ w o1 s a,693
m o n s t ɾ w o s i d a1 d,484
m o n s t ɾ w o1 s o,1301
m o1 n t a,3268
m o n t a1 b a,605
m o n t a1 d a,1235
m o n t a1 d o,3063
m o n t a1 x e,2786
m o n t a1 m o s,627
m o1 n t a n,537
m o n t a1 n a,2943
m o n t a1 n d o,2006
m o n t a1 j a,18794
m o n t a1 j a s,14342
m o n t a1 ɾ,9364
m o n t a1 ɾ l a,538
m o n t a1 ɾ l o,1118
m o n t a1 ɾ m e,568
m o1 n t a s,665
m o1 n t a t e,539
m o1 n t e,8079
m o n t e1,526
m o n t e k a1 ɾ l o,470
m o1 n t e n,637
m o1 n t e s,1220
m o n t i1 k u l o,462
m o1 n t o,1168
m o n t o1,1046
m o n t o1 n,37698
m o n t o1 n e s,4070
m o n t ɾ e a1 l,1417
m o n t u1 ɾ a,809
m o n u m e n t a1 l,659
m o n u m e1 n t o,2187
m o n u m e1 n t o s,872
m o1 j o,709
m o1 ɾ a,842
m o ɾ a1 d a,2144
m o ɾ a1 d o,1655
m o ɾ a1 l,10399
m o ɾ a l e1 x a,497
m o ɾ a1 l e s,2775
m o ɾ a l i d a1 d,1792
m o ɾ a l m e1 n t e,996
m o1 ɾ a n,1302
m o1 ɾ a s,834
m o ɾ b o1 s o,582
m o ɾ d a1 s a,453
m o ɾ d e d u1 ɾ a,556
m o ɾ d e1 ɾ,2521
m o ɾ d e ɾ a1,453
m o ɾ d e ɾ e1,460
m o ɾ d e1 ɾ m e,1044
m o ɾ d e1 ɾ t e,1104
m o ɾ d i1 d a,2069
m o ɾ d i1 d a s,580
m o ɾ d i1 d o,2337
m o ɾ d j e1 n d o,688
m o ɾ d j e1 ɾ o n,680
m o ɾ d j o1,3426
m o ɾ d i1 s k o,1469
m o ɾ d i1 s k o s,601
m o ɾ e1 n a,2353
m o ɾ e1 n o,1884
m o ɾ e t o1 n,543
m o ɾ e t o1 n e s,1524
m o ɾ f e1 o,1961
m o ɾ f i1 n a,3352
m o ɾ g a1 n a,1280
m o1 ɾ g e,3623
m o ɾ i1,1991
m o ɾ i1 a,2674
m o ɾ i1 a n,831
m o ɾ i b u1 n d a,652
m o ɾ i b u1 n d o,1722
m o ɾ i b u1 n d o s,605
m o ɾ i1 m o s,3600
m o ɾ i1 ɾ,106411
m o ɾ i ɾ a1,11827
m o ɾ i ɾ a1 n,5367
m o ɾ i ɾ a1 s,5838
m o ɾ i ɾ e1,5339
m o ɾ i ɾ e1 m o s,4811
m o ɾ i ɾ i1 a,4131
m o ɾ i ɾ i1 a n,682
m o ɾ i ɾ i1 a s,798
m o ɾ i1 ɾ m e,3775
m o ɾ i1 ɾ s e,4719
m o ɾ i1 ɾ t e,1785
m o ɾ i1 s t e,1216
m o ɾ m o1 n,472
m o ɾ m o1 n e s,576
m o1 ɾ o,1285
m o1 ɾ o s,861
m o1 r o,738
m o1 ɾ s a,577
m o1 ɾ s e,1314
m o ɾ t a1 l,10641
m o ɾ t a1 l e s,3487
m o ɾ t a l i d a1 d,1120
m o ɾ t a l m e1 n t e,499
m o ɾ t e1 ɾ o,771
m o ɾ t e1 ɾ o s,800
m o s a1 i k o,542
m o1 s k a,4514
m o1 s k a s,3921
m o s k u1,6956
m o s k e t e1 ɾ o s,954
m o s k i1 t o,1301
m o s k i1 t o s,1679
m o s t a1 s a,2575
m o s t ɾ a1 b a,1281
m o s t ɾ a1 d o,3196
m o s t ɾ a d o1 ɾ,2773
m o s t ɾ a1 m o s,1096
m o s t ɾ a1 n d o,2803
m o s t ɾ a1 ɾ,12994
m o s t ɾ a1 ɾ a,702
m o s t ɾ a ɾ a1,1836
m o s t ɾ a ɾ e1,9217
m o s t ɾ a ɾ e1 m o s,1036
m o s t ɾ a ɾ i1 a,597
m o s t ɾ a1 ɾ l e,11179
m o s t ɾ a1 ɾ l e s,5656
m o s t ɾ a1 ɾ l o,1086
m o s t ɾ a1 ɾ m e,5635
m o s t ɾ a1 ɾ n o s,2374
m o s t ɾ a1 ɾ o n,1362
m o s t ɾ a1 ɾ s e,1210
m o s t ɾ a1 ɾ s e l a,522
m o s t ɾ a1 ɾ s e l o,1518
m o s t ɾ a1 ɾ t e,14802
m o s t ɾ a1 ɾ t e l o,1077
m o s t ɾ a1 s t e,1206
m o s t ɾ e1,1777
m o s t ɾ e1 m o s l e,487
m o s t ɾ o1,5556
m o1 t a,611
m o t e1 l,7797
m o t e1 l e s,476
m o t i1 n,2211
m o t i1 b a,586
m o t i b a s j o1 n,1854
m o t i b a1 d o,853
m o t i1 b o,25399
m o t i1 b o s,10247
m o1 t o,8777
m o t o s i k l e1 t a,2662
m o t o s i k l e1 t a s,736
m o t o s i k l i1 s t a,476
m o t o s i k l i1 s t a s,778
m o t o1 ɾ,15380
m o t o1 ɾ e s,7194
m o1 t o s,1982
m o t o s j e1 r a,476
m o b a1 i s,867
m o b a1 m o n o s,1831
m o b a1 m o s,518
m o b e1 d,476
m o b e1 m o s,2236
m o b e1 o s,6544
m o b e1 ɾ,12744
m o b e ɾ a1,814
m o b e ɾ e1,974
m o b e ɾ e1 m o s,715
m o b e1 ɾ l a,1422
m o b e1 ɾ l o,3301
m o b e1 ɾ l o s,640
m o b e1 ɾ m e,6069
m o b e1 ɾ n o s,6879
m o b e1 ɾ s e,16016
m o b e1 ɾ t e,7063
m o b i1,789
m o b i1 a,1956
m o b i1 a n,480
m o b i1 d a,2047
m o b i1 d a s,548
m o b i1 d o,3493
m o b j e1 n d o,6764
m o b j e1 n d o n o s,1321
m o b j e1 n d o s e,6233
m o b j e1 n d o t e,1912
m o b j e1 ɾ a,512
m o b j e1 ɾ o n,583
m o1 b i l,11052
m o1 b i l e s,1852
m o b i l i d a1 d,478
m o b i m j e1 n t o,25019
m o b i m j e1 n t o s,7912
m o b j o1,2743
m o b i1 s t e,613
m o s a1 ɾ d,2730
m o1 s o,3036
m o1 s o s,539
m u1,1799
m u1 tʃ a,75833
m u tʃ a1 tʃ a,16520
m u tʃ a1 tʃ a s,5000
m u tʃ a tʃ i1 t a,863
m u tʃ a tʃ i1 t o,1609
m u tʃ a1 tʃ o,58696
m u tʃ a1 tʃ o s,60977
m u tʃ a tʃ o1 t e,744
m u1 tʃ a s,157184
m u tʃ e d u1 m b ɾ e,1241
m u tʃ i1 s i m a,1237
m u tʃ i1 s i m a s,6042
m u tʃ i1 s i m o,15930
m u tʃ i1 s i m o s,1057
m u1 tʃ o,563292
m u1 tʃ o s,108041
m u1 d a,2687
m u d a1 d o,1854
m u d a1 m o s,2614
m u d a1 n d o,941
m u d a1 n s a,1882
m u d a1 n s a s,619
m u d a1 ɾ,2862
m u d a1 ɾ a,463
m u d a ɾ e1,733
m u d a ɾ e1 m o s,682
m u d a1 ɾ m e,4989
m u d a1 ɾ n o s,3731
m u d a1 ɾ o n,1152
m u d a1 ɾ s e,5788
m u d a1 ɾ t e,3483
m u1 d a s,1059
m u d a1 s t e,1015
m u1 d a t e,545
m u1 d e,1101
m u d e1,1961
m u1 d o,3424
m u d o1,3633
m w e1 b l e,946
m w e1 b l e s,6984
m w e1 l a,735
m w e1 l a s,937
m w e1 j e,7765
m w e1 j e s,1907
m w e1 ɾ a,13351
m w e1 ɾ a n,3076
m w e1 ɾ a s,5061
m w e1 ɾ a s e,475
m w e1 ɾ d a,721
m w e1 ɾ d a g o,514
m w e1 ɾ d a s,526
m w e1 ɾ d e,2959
m w e1 ɾ d e m e,724
m w e1 ɾ d e n,882
m w e1 ɾ d o,647
m w e1 ɾ e,27486
m w e1 ɾ e n,9648
m w e1 ɾ e s,6272
m w e1 ɾ e t e,5586
m w e1 ɾ o,13097
m w e1 ɾ t a,43387
m w e1 ɾ t a s,5130
m w e1 ɾ t e,136936
m w e1 ɾ t e s,7451
m w e1 ɾ t o,167559
m w e1 ɾ t o s,53766
m w e1 s t ɾ a,24222
m w e1 s t ɾ a l e,3975
m w e1 s t ɾ a l e s,1836
m w e s t ɾ a1 m e,1504
m w e1 s t ɾ a m e l a,628
m w e1 s t ɾ a m e l o,2065
m w e1 s t ɾ a n,5247
m w e1 s t ɾ a n o s,2295
m w e1 s t ɾ a s,10052
m w e1 s t ɾ a t e,1856
m w e1 s t ɾ e,3585
m w e1 s t ɾ e l e,565
m w e1 s t ɾ e m e,2656
m w e1 s t ɾ e n,1094
m w e1 s t ɾ e m m e,1069
m w e1 s t ɾ e n o s,562
m w e1 s t ɾ e s,1165
m w e1 s t ɾ o,1983
m w e1 b a,11867
m w e1 b a n,6054
m w e1 b a n l o,476
m w e1 b a n s e,38292
m w e1 b a s,19600
m w e1 b a s e,4502
m w e1 b e,18195
m w e1 b e l a,489
m w e1 b e l o,1820
m w e1 b e n,4354
m w e1 b e s,3178
m w e1 b e t e,38058
m w e1 b o,2341
m u1 g ɾ e,1547
m u g ɾ j e1 n t o,469
m u x e1 ɾ,272152
m u x e ɾ s i1 t a,1175
m u x e1 ɾ e s,109850
m u x e ɾ j e1 g o,1199
m u x e ɾ s w e1 l a,1215
m u1 l a,2768
m u1 l a s,1401
m u l e1 t a s,793
m u1 l t a,4568
m u1 l t a s,1962
m u l t i m i j o n a1 ɾ j o,941
m u1 l t i p l e,1912
m u1 l t i p l e s,4148
m u l t i p l i k a1 d o,517
m u l t i t u1 d,7104
m u l t i t u1 d e s,1011
m u n d j a1 l,16178
m u n d j a1 l e s,1487
m u n d j a l m e1 n t e,678
m u1 n d o,323066
m u1 n d o s,5685
m u n i1 tʃ,1740
m u n i s j o1 n,3520
m u n i s j o1 n e s,5676
m u n i s i p a1 l,1907
m u n i s i1 p j o,835
m u j e1 k a,12940
m u j e1 k a s,4430
m u j e1 k o,3898
m u j e1 k o s,1521
m u j e k i1 t a,828
m u ɾ a1 l,562
m u ɾ a1 j a,1571
m u ɾ a1 j a s,926
m u ɾ a1 m o s,760
m u ɾ s j e1 l a g o,2377
m u ɾ s j e1 l a g o s,1419
m u ɾ j e1 n d o,17052
m u ɾ j e1 n d o m e,509
m u ɾ j e1 n d o s e,2298
m u ɾ j e1 ɾ a,4839
m u ɾ j e1 ɾ a n,695
m u ɾ j e1 ɾ a s,453
m u ɾ j e1 ɾ o n,15349
m u ɾ j e1 s e,825
m u ɾ j o1,79438
m u ɾ m u1 j o,593
m u ɾ m u ɾ a1 n d o,487
m u1 ɾ o,9633
m u1 ɾ o s,3968
m u1 s a,1266
m u s k u l a1 ɾ,1528
m u1 s k u l o,2564
m u1 s k u l o s,5017
m u s k u l o1 s o,721
m u s e1 o,10771
m u s e1 o s,1102
m u1 s g o,674
m u1 s i k a,63821
m u s i k a1 l,6957
m u s i k a1 l e s,2089
m u1 s i k o,3988
m u1 s i k o s,3332
m u1 s l o,1563
m u1 s l o s,1886
m u s s o l i1 n i,1271
m u s u l m a1 n,1724
m u s u l m a1 n a,688
m u s u l m a1 n e s,2815
m u t a s j o1 n,1394
m u t a s j o1 n e s,543
m u t a1 n t e,2019
m u t a1 n t e s,2118
m u t i l a s j o1 n,506
m u t i l a1 d o,661
m u1 t w a,1182
m u t w a m e1 n t e,3780
m u1 t w o,2069
m u1 i,1197861
n a1,6248
n a1 b o,595
n a1 b o s,466
n a1 s e,2895
n a s e1 m o s,624
n a1 s e n,1970
n a s e1 ɾ,5433
n a s e ɾ a1,697
n a1 tʃ o s,674
n a s i1,9877
n a s i1 d a,1247
n a s i1 d o,11314
n a s i1 d o s,1356
n a s j e1 ɾ a,1251
n a s j e1 ɾ a s,630
n a s j e1 ɾ o n,1782
n a s i m j e1 n t o,10262
n a s i1 m o s,941
n a s j o1,12696
n a s j o1 n,12789
n a s j o n a1 l,22007
n a s j o n a1 l e s,2490
n a s j o n a l i d a1 d,860
n a s j o1 n e s,5247
n a s i1 s t e,4310
n a1 d a,982883
n a d a d o1 ɾ,1031
n a1 d a n,521
n a d a1 n d o,3410
n a d a1 ɾ,11550
n a1 d e n,454
n a1 d j a,2804
n a1 d j e,391435
n a d i1 n e,1577
n a1 d o,865
n a1 i p e s,1073
n a i1 ɾ o b i,469
n a1 l g a,465
n a l g a1 d a s,540
n a1 l g a s,1975
n a1 n a,2546
n a1 p a,535
n a p a1 l m,884
n a p o l e o1 n,3997
n a1 p o l e s,2367
n a ɾ a1 ɲ x a,7841
n a ɾ a1 ɲ x a s,1949
n a ɾ s i s i1 s t a,779
n a ɾ k o1 t i k o s,3019
n a ɾ k o t ɾ a f i k a1 n t e,863
n a ɾ k o t ɾ a f i k a1 n t e s,488
n a ɾ i1 s e s,5904
n a ɾ i1 s,24576
n a r a s j o1 n,532
n a r a d o1 ɾ,643
n a1 s a,2899
n a s a1 l,902
n a s a1 l e s,662
n a1 t a,1245
n a t a s j o1 n,1435
n a t a1 l,2696
n a t a1 l j a,973
n a t i1 b a,499
n a t i1 b o,1113
n a t i1 b o s,2692
n a1 t o,812
n a t u ɾ a1 l,20085
n a t u ɾ a1 l e s,3885
n a t u ɾ a l e1 s a,25158
n a t u ɾ a l i d a1 d,602
n a t u ɾ a l m e1 n t e,11207
n a u1 f ɾ a x j o,1028
n a1 u s e a s,2617
n a b a1 x a,5161
n a b a1 x a s,966
n a b a1 l,2594
n a b a1 l e s,479
n a1 b e,60548
n a b e1 g a,664
n a b e g a s j o1 n,2748
n a b e g a d o1 ɾ,456
n a b e g a1 n d o,1362
n a b e g a1 n t e,871
n a b e g a1 ɾ,3728
n a1 b e s,13700
n a b i d a1 d,43697
n a b i d a1 d e s,2341
n a b i d e1 j a,818
n a b i d e1 j o,1234
n a b i1 o,965
n a1 s k a,1527
n a1 s i,4376
n a1 s i s,5613
n e b l i1 n a,951
n e b ɾ a1 s k a,1342
n e b u l o1 s a,1102
n e s e s a1 ɾ j a,4313
n e s e s a ɾ j a m e1 n t e,4547
n e s e s a1 ɾ j a s,2413
n e s e s a1 ɾ j o,46623
n e s e s a1 ɾ j o s,2619
n e s e s i d a1 d,18136
n e s e s i d a1 d e s,6369
n e s e s i1 t a,115236
n e s e s i t a1 b a,29025
n e s e s i t a1 b a m o s,3682
n e s e s i t a1 b a n,3233
n e s e s i t a1 b a s,4760
n e s e s i t a1 d a,631
n e s e s i t a1 d o,2136
n e s e s i t a1 d o s,888
n e s e s i t a1 i s,1864
n e s e s i t a1 m o s,108482
n e s e s i1 t a n,36526
n e s e s i t a1 n d o,660
n e s e s i t a1 ɾ,19373
n e s e s i t a1 ɾ a,1716
n e s e s i t a ɾ a1,5682
n e s e s i t a ɾ a1 n,1863
n e s e s i t a1 ɾ a s,1016
n e s e s i t a ɾ a1 s,4909
n e s e s i t a ɾ e1,7480
n e s e s i t a ɾ e1 m o s,6709
n e s e s i t a ɾ i1 a,3505
n e s e s i t a ɾ i1 a m o s,792
n e s e s i t a ɾ i1 a n,529
n e s e s i t a ɾ i1 a s,1008
n e s e s i t a1 ɾ l a,1032
n e s e s i t a1 ɾ l o,1842
n e s e s i t a1 ɾ m e,537
n e s e s i t a1 ɾ t e,784
n e s e s i1 t a s,96843
n e s e s i t a1 s t e,462
n e s e s i1 t e,8833
n e s e s i t e1,1153
n e s e s i t e1 m o s,1950
n e s e s i1 t e n,2303
n e s e s i1 t e s,6761
n e s e s i1 t o,271364
n e s e s i t o1,1233
n e1 s j o,1479
n e1 k t a ɾ,615
n e f a1 s t o,540
n e g a1 b a,648
n e g a s j o1 n,1944
n e g a1 d o,2388
n e g a1 m o s,555
n e g a1 n d o,835
n e g a1 ɾ,4734
n e g a ɾ a1,629
n e g a ɾ e1,593
n e g a1 ɾ l e,974
n e g a1 ɾ l o,3615
n e g a1 ɾ m e,2160
n e g a1 ɾ o n,1192
n e g a1 ɾ s e,2332
n e g a1 ɾ t e,1138
n e g a1 s t e,572
n e g a t i1 b a,3505
n e g a t i1 b a s,953
n e g a t i1 b o,10828
n e g a t i1 b o s,1677
n e g l i x e1 n s j a,1580
n e g l i x e1 n t e,561
n e g o1,3813
n e g o1 s j a,620
n e g o s j a1 b l e,721
n e g o s j a s j o1 n,2238
n e g o s j a s j o1 n e s,2886
n e g o s j a d o1 ɾ,765
n e g o s j a1 m o s,520
n e g o s j a1 n d o,1676
n e g o s j a1 n t e,559
n e g o s j a1 ɾ,7102
n e g o1 s j o,53845
n e g o1 s j o s,43537
n e1 g ɾ a,21539
n e1 g ɾ a s,5693
n e g ɾ a1 t a,556
n e g ɾ i1 t o,823
n e1 g ɾ o,60755
n e1 g ɾ o s,20418
n e1 m e s i s,737
n e1 m o,2956
n e1 n a,37945
n e1 n a s,1495
n e1 n e,8136
n e n i1 t a,542
n e1 o,3396
n e o1 n,553
n e o j o ɾ k i1 n o s,459
n e p t u1 n o,849
n e1 ɾ b j o,1604
n e1 ɾ b j o s,8693
n e ɾ b j o1 s a,13176
n e ɾ b j o1 s a s,787
n e ɾ b j o1 s o,24115
n e ɾ b j o1 s o s,3141
n e1 t o,992
n e u1 m a t i k o,1765
n e u1 m a t i k o s,2565
n e u m o1 n i a,1604
n e u1 ɾ a l,890
n e u ɾ o s i ɾ u1 x a n o,598
n e u ɾ o1 l o x i k o,787
n e u1 ɾ o l o g o,595
n e u ɾ o1 n a l,455
n e u1 ɾ o n a s,855
n e u1 ɾ o s i s,577
n e u1 ɾ o t i k a,483
n e u1 ɾ o t i k o,506
n e u1 t ɾ a l,2244
n e u t ɾ a l i1 s a ɾ,599
n e u1 t ɾ o n e s,474
n e b a1 d a,3185
n e b a1 n d o,1083
n e b a1 ɾ,639
n e b e1 ɾ,3175
n e b e1 ɾ a,3481
n e1 w t o n,2426
n i1,457071
n j a1 g a ɾ a,722
n i k a ɾ a1 g w a,659
n i1 k k,24903
n i1 k o,1334
n i k o l a1 s,1767
n i k o t i1 n a,1092
n i1 d o,5543
n i1 d o s,655
n j e1 b l a,6366
n j e1 g a,6582
n j e1 g a n,1637
n j e1 g a s,1798
n j e1 g o,4711
n j e1 g e,674
n j e1 g e s,821
n j e1 t a,2954
n j e1 t o,6024
n j e1 t o s,3827
n j e1 d s s tʃ e,841
n j e1 b a,604
n j e1 b e,16368
n j e1 b e s,1034
n i x e1 ɾ j a,720
n i1 l o,1084
n i1 n a,8150
n i ɲ g u1 n,119920
n i ɲ g u1 n a,116923
n i ɲ g u1 n o,39825
n i1 ɲ x a,2155
n i1 ɲ x a s,654
n i1 n o,2438
n i1 j a,73070
n i1 j a s,18078
n i j e1 ɾ a,8297
n i j e1 ɾ a s,995
n i j e1 s,2807
n i j i1 t a,4568
n i j i1 t a s,610
n i j i1 t o,1774
n i j i1 t o s,476
n i1 j o,126016
n i1 j o s,141774
n i ɾ b a1 n a,567
n i t ɾ a1 t o,684
n i1 t ɾ o,582
n i t ɾ o1 x e n o,1057
n i t ɾ o g l i s e ɾ i1 n a,639
n i b e1 l,31133
n i b e1 l e s,7445
n i1 g s o n,3570
n o1,13777976
n o1 b l e,11224
n o1 b l e s,3487
n o b l e1 s a,1822
n o1 tʃ e,416754
n o tʃ e b w e1 n a,1989
n o1 tʃ e s,133836
n o tʃ e b j e1 x a,633
n o s j o1 n,2087
n o k t u1 ɾ n a,3479
n o k t u1 ɾ n a s,1244
n o k t u1 ɾ n o,5600
n o k t u1 ɾ n o s,1760
n o d ɾ i1 s a,1149
n o e1,943
n o e1 l,5260
n o1 m b ɾ a,1097
n o m b ɾ a1 d o,2634
n o m b ɾ a m j e1 n t o,836
n o m b ɾ a1 ɾ,2598
n o m b ɾ a1 ɾ l o,556
n o m b ɾ a1 ɾ o n,774
n o m b ɾ a1 ɾ t e,490
n o1 m b ɾ e,248743
n o1 m b ɾ e s,27443
n o1 m b ɾ o,1112
n o m b ɾ o1,1228
n o1 m i n a,1483
n o m i n a s j o1 n,604
n o m i n a1 d o,550
n o ɾ d e1 s t e,482
n o ɾ e1 s t e,1752
n o1 ɾ m a,4215
n o ɾ m a1 l,49533
n o ɾ m a1 l e s,7712
n o ɾ m a l i d a1 d,3669
n o ɾ m a l m e1 n t e,17306
n o ɾ m a n d i1 a,1016
n o1 ɾ m a s,6464
n o ɾ o e1 s t e,2330
n o1 ɾ t e,39155
n o ɾ t e a m e1 ɾ i k a,1778
n o ɾ t e a m e ɾ i k a1 n a,1526
n o ɾ t e a m e ɾ i k a1 n o,2976
n o ɾ t e a m e ɾ i k a1 n o s,2644
n o1 ɾ d,2695
n o ɾ w e1 g a,1481
n o ɾ w e1 g o,645
n o1 s,1001196
n o s o1 t ɾ a s,18522
n o s o1 t ɾ o s,394751
n o s t a1 l x j a,1633
n o s t a1 l x i k o,457
n o s t ɾ a d a1 m u s,564
n o1 t a,30564
n o t a1 b a,785
n o t a1 b l e,2549
n o t a b l e m e1 n t e,477
n o t a1 b l e s,486
n o t a1 d o,7985
n o1 t a n,686
n o t a1 ɾ,3538
n o t a ɾ a1,1231
n o t a ɾ a1 n,556
n o t a ɾ i1 a,537
n o t a1 ɾ j o,940
n o t a1 ɾ l o,1909
n o t a1 ɾ o n,617
n o1 t a s,15537
n o t a1 s t e,1988
n o1 t e,1937
n o t e1,4119
n o t i1 s j a,25145
n o t i s j a1 ɾ j o,480
n o t i1 s j a s,62533
n o t i s j e1 ɾ o,1570
n o t i s j e1 ɾ o s,725
n o t i f i k a s j o1 n,751
n o t i f i k a1 d o,623
n o t i f i k a1 ɾ,535
n o1 t o,3056
n o t o1,2046
n o1 t ɾ e,1196
n o1 b a,1450
n o b a1 t a,867
n o b a1 t o,5693
n o b a1 t o s,2075
n o b e s j e1 n t o s,594
n o b e d a1 d,4232
n o b e d a1 d e s,2590
n o b e1 l a,7597
n o b e1 l a s,2832
n o b e l i1 s t a,708
n o b e1 n a,1538
n o b e1 n o,1517
n o b e1 n t a,2250
n o1 b j a,57023
n o1 b j a s,3512
n o b j e1 m b ɾ e,7068
n o1 b j o,43160
n o1 b j o s,5174
n u1 b e,5473
n u1 b e s,8660
n u b l a1 d o,964
n u1 k a,2924
n u k l e a1 ɾ,9080
n u k l e a1 ɾ e s,4461
n u1 k l e o,4917
n u d i1 j o s,917
n u d i1 s t a,679
n u1 d o,2597
n u1 d o s,2631
n w e1 s e s,3152
n w e1 ɾ a,1527
n w e1 s t ɾ a,231769
n w e1 s t ɾ a s,80722
n w e1 s t ɾ o,269669
n w e1 s t ɾ o s,125007
n w e1 b a,145417
n w e b a m e1 n t e,12986
n w e1 b a s,22238
n w e1 b e,29742
n w e1 b e s,511
n w e1 b o,270636
n w e1 b o s,27373
n w e1 s,1714
n u1 l o,714
n u m e ɾ i1 t o,765
n u m e1 ɾ o,7343
n u1 m e ɾ o,102747
n u1 m e ɾ o s,18836
n u m e ɾ o1 s a s,1133
n u m e ɾ o1 s o s,1334
n u1 ɲ k a,613244
n u p s j a1 l,1320
n u t ɾ i s j o1 n,547
n u t ɾ j e1 n t e s,669
o1,926355
o1,11539
o a k l a1 n d,1204
o a1 s i s,863
o b a1 m a,1407
o b e d e1 s e,2063
o b e d e1 s e n,731
o b e d e s e1 ɾ,3618
o b e d e s e1 ɾ m e,689
o b e d e1 s e s,493
o b e d e1 s k a,692
o b e d e1 s k a n,627
o b e d e1 s k o,668
o b e d j e1 n s j a,1411
o b e d j e1 n t e,1142
o b e s i d a1 d,470
o b i1 s p o,4413
o b x e s j o1 n,5345
o b x e s j o1 n e s,1151
o b x e t a1 ɾ,569
o b x e t i1 b a,643
o b x e t i b i d a1 d,471
o b x e t i1 b o,27661
o b x e t i1 b o s,5471
o b x e1 t o,10450
o b x e1 t o s,7687
o b l i1 g a,3467
o b l i g a s j o1 n,4731
o b l i g a s j o1 n e s,2897
o b l i g a1 d a,2009
o b l i g a1 d o,6906
o b l i g a1 d o s,2169
o b l i1 g a m e,549
o b l i1 g a n,1301
o b l i g a1 n d o,632
o b l i g a1 ɾ,1379
o b l i g a ɾ a1,471
o b l i g a1 ɾ l a,740
o b l i g a1 ɾ l e,658
o b l i g a1 ɾ l o,1117
o b l i g a1 ɾ l o s,627
o b l i g a1 ɾ m e,2784
o b l i g a1 ɾ o n,1781
o b l i g a1 ɾ t e,1754
o b l i1 g a s,681
o b l i g a1 s t e,824
o b l i g a t o1 ɾ j a,820
o b l i g a t o1 ɾ j o,1272
o b l i1 g o,508
o b l i g o1,3630
o b l i1 g e,971
o b l i g e1,661
o b l i1 g e s,1698
o1 b ɾ a,32309
o1 b ɾ a s,8145
o b ɾ e1 ɾ a,852
o b ɾ e1 ɾ o,2011
o b ɾ e1 ɾ o s,3837
o b s s e1 n a,526
o b s s e1 n o,1005
o b s e1 k j o,1855
o b s e1 ɾ b a,5790
o b s e ɾ b a1 b a,920
o b s e ɾ b a s j o1 n,5081
o b s e ɾ b a s j o1 n e s,1122
o b s e ɾ b a1 d o,2043
o b s e ɾ b a d o1 ɾ,2353
o b s e ɾ b a d o1 ɾ e s,747
o b s e1 ɾ b a m e,636
o b s e ɾ b a1 m o s,643
o b s e1 ɾ b a n,1060
o b s e ɾ b a1 n d o,6306
o b s e ɾ b a1 n d o m e,595
o b s e ɾ b a1 n d o n o s,528
o b s e ɾ b a1 n d o t e,720
o b s e ɾ b a1 ɾ,5101
o b s e ɾ b a1 ɾ l o,767
o b s e ɾ b a1 ɾ t e,458
o b s e1 ɾ b a s,589
o b s e ɾ b a t o1 ɾ j o,858
o b s e1 ɾ b e,1433
o b s e ɾ b e1,934
o b s e1 ɾ b e n,1989
o b s e1 ɾ b o,1132
o b s e ɾ b o1,621
o b s e s j o1 n,4223
o b s e s j o1 n a,569
o b s e s j o n a1 d a,1619
o b s e s j o n a1 d o,4115
o b s e s j o n a1 d o s,588
o b s e s j o1 n e s,452
o b s e s i1 b a,461
o b s e s i1 b o,889
o b s t a1 k u l o,2665
o b s t a1 k u l o s,2230
o b s t a1 n t e,2838
o b s t i n a1 d a,635
o b s t i n a1 d o,1134
o b s t ɾ u k s j o1 n,1432
o b t e n d ɾ a1,1009
o b t e n d ɾ a1 s,956
o b t e n d ɾ e1,900
o b t e n d ɾ e1 m o s,687
o b t e n e1 m o s,945
o b t e n e1 ɾ,18167
o b t e n e1 ɾ l a,764
o b t e n e1 ɾ l o,1360
o b t e1 ɲ g a,1255
o b t e1 ɲ g o,1518
o b t e n i1 d o,2223
o b t e n j e1 n d o,890
o b t j e1 n e,2487
o b t j e1 n e n,1172
o b t j e1 n e s,1967
o b t u1 b e,2975
o b t u b j e1 ɾ o n,840
o b t u b i1 m o s,1182
o b t u b i1 s t e,2052
o b t u1 b o,4239
o1 b b j a,1669
o b b j a m e1 n t e,23864
o1 b b j a s,786
o1 b b j o,13423
o k a s j o1 n,13599
o k a s j o n a1 l,705
o k a s j o n a l m e1 n t e,1383
o k a s j o1 n e s,5712
o k a1 s o,1182
o k s i d e n t a1 l,3734
o k s i d e n t a1 l e s,1284
o k s i d e1 n t e,1939
o s e1 a n o,11787
o s e1 a n o s,1633
o tʃ e1 n t a,2521
o1 tʃ o,42944
o1 tʃ o s,478
o1 s j o,649
o k t a1 b a,1272
o k t a1 b j o,1278
o k t a1 b o,2335
o k t u1 b ɾ e,8003
o k u l a1 ɾ,1377
o k u l a1 ɾ e s,684
o k u1 l t a,5874
o k u l t a1 b a,675
o k u l t a1 d o,1467
o k u1 l t a n,955
o k u l t a1 n d o,3305
o k u l t a1 n d o m e,478
o k u l t a1 ɾ,7174
o k u l t a1 ɾ l e,722
o k u l t a1 ɾ l o,2795
o k u l t a1 ɾ m e,1272
o k u l t a1 ɾ n o s,1184
o k u l t a1 ɾ s e,2203
o k u l t a1 ɾ t e,1212
o k u1 l t a s,2406
o k u l t a1 s t e,529
o k u l t e1,522
o k u1 l t o,5313
o k u l t o1,1049
o k u1 l t o s,1901
o k u1 p a,4068
o k u p a1 b a,841
o k u p a s j o1 n,3125
o k u p a1 d a,14385
o k u p a1 d a s,1672
o k u p a1 d o,33552
o k u p a1 d o s,6571
o k u p a1 m o s,1041
o k u1 p a n,1172
o k u p a1 n d o,1333
o k u p a1 n d o s e,578
o k u p a1 n t e s,497
o k u p a1 ɾ,3915
o k u p a1 ɾ a,594
o k u p a ɾ a1,2087
o k u p a ɾ a1 n,478
o k u p a ɾ a1 s,465
o k u p a ɾ e1,6355
o k u p a ɾ e1 m o s,1800
o k u p a1 ɾ m e,7877
o k u p a1 ɾ n o s,2276
o k u p a1 ɾ s e,5614
o k u p a1 ɾ t e,3314
o k u1 p a s,1003
o k u1 p a t e,7131
o k u1 p e,2448
o k u p e1,724
o k u1 p e n,749
o k u1 p e n s e,597
o k u1 p e s,605
o k u1 p e s e,2029
o k u1 p o,4816
o k u p o1,958
o k u1 r a,11205
o k u1 r a n,474
o k u1 r e,62221
o k u1 r e n,3633
o k u r i1 a,1785
o k u r i1 d o,21090
o k u r j e1 n d o,6822
o k u r j e1 ɾ a,2527
o k u r j e1 ɾ o n,1551
o k u r j e1 s e,545
o k u r j o1,41100
o k u r i1 ɾ,10783
o k u r i ɾ a1,6373
o k u r i ɾ i1 a,2201
o k u r i1 ɾ l e,706
o1 d a,617
o d e1 s s a,897
o1 d j a,14345
o d j a1 b a,6428
o d j a1 b a n,788
o d j a1 b a s,1415
o d j a1 d o,1463
o d j a1 m o s,1289
o1 d j a n,5215
o d j a1 ɾ,3117
o d j a ɾ i1 a,2091
o d j a1 ɾ l a,454
o d j a1 ɾ l o,970
o d j a1 ɾ m e,2386
o d j a1 ɾ t e,1893
o1 d j a s,7923
o1 d j e,2285
o d j e1,1101
o1 d j e n,480
o1 d j e s,1107
o d i1 n,975
o1 d j o,65337
o d j o1 s a,744
o d j o1 s o,1315
o d i s e1 a,1008
o e1 s t e,25616
o f e1 l j a,456
o f e1 n d a,1205
o f e1 n d a s,2244
o f e1 n d e,1681
o f e1 n d e n,661
o f e n d e1 ɾ,4777
o f e n d e1 ɾ l a,560
o f e n d e1 ɾ l o,728
o f e n d e1 ɾ m e,661
o f e n d e1 ɾ t e,2314
o f e n d i1,581
o f e n d i1 d a,580
o f e n d i1 d o,3105
o f e n d j o1,577
o f e1 n s a,1693
o f e1 n s a s,1106
o f e n s i1 b a,2776
o f e n s i1 b o,1728
o f e1 ɾ t a,20319
o f e1 ɾ t a s,2500
o f i s j a1 l,54230
o f i s j a1 l e s,19252
o f i s j a l m e1 n t e,7871
o f i s i1 n a,79256
o f i s i1 n a s,4549
o f i1 s j o,4867
o f ɾ e1 s e,8050
o f ɾ e1 s e l e,557
o f ɾ e s e1 m o s,1782
o f ɾ e1 s e n,3084
o f ɾ e s e1 ɾ,7067
o f ɾ e s e ɾ a1,582
o f ɾ e s e ɾ e1,569
o f ɾ e s e ɾ i1 a,484
o f ɾ e s e1 ɾ l e,8484
o f ɾ e s e1 ɾ l e s,2892
o f ɾ e s e1 ɾ m e,2452
o f ɾ e s e1 ɾ n o s,958
o f ɾ e s e1 ɾ o s,478
o f ɾ e s e1 ɾ s e,562
o f ɾ e s e1 ɾ t e,6266
o f ɾ e1 s e s,1376
o f ɾ e s i1,2735
o f ɾ e s i1 a,742
o f ɾ e s i1 d o,3906
o f ɾ e s j e1 n d o,2843
o f ɾ e s j e1 ɾ o n,2315
o f ɾ e s i m j e1 n t o,761
o f ɾ e s j o1,6445
o f ɾ e s i1 s t e,1090
o f ɾ e1 n d a,1354
o f ɾ e1 n d a s,498
o f ɾ e1 s k a,931
o f ɾ e1 s k o,5034
o1 g ɾ o,2305
o1 g ɾ o s,612
o1,504986
o1 j o,3629
o i1,36738
o i1 a,2588
o i1 d,707
o i1 d m e,477
o i1 d o,77952
o i1 d o s,8996
o1 i g a,28105
o i1 g a m o s,833
o i1 g a m o s l o,469
o1 i g a n,23713
o1 i g a s,1991
o1 i g o,17403
o i1 m o s,4580
o i1 ɾ,40742
o i1 ɾ a,1377
o i1 ɾ a n,1039
o i1 ɾ a s,955
o i1 ɾ e,452
o i1 ɾ e m o s,466
o i1 ɾ l a,3910
o i1 ɾ l a s,872
o i1 ɾ l e,1514
o i1 ɾ l o,13793
o i1 ɾ l o s,2202
o i1 ɾ m e,13716
o i1 ɾ n o s,1695
o i1 ɾ s e,468
o i1 ɾ t e,9321
o i1 s,1141
o i1 s t e,17692
o x a l a1,36326
o x e a1 d a,1388
o x i1 t o s,687
o1 x o,33407
o1 x o s,131058
o1 k a i,12601
o k l a o1 m a,2270
o1 l a,6468
o1 l a s,5483
o l e1,501
o l e a1 d a,949
o l e1 ɾ,5688
o l e1 ɾ l a,748
o l e1 ɾ l o,2552
o l e1 ɾ t e,574
o l f a1 t o,1540
o1 l g a,1830
o l i1,549
o l i1 a,2310
o l i1 d o,779
o l j e1 n d o,1043
o l i m p j a1 d a s,1057
o l i1 m p i k o,912
o l i1 m p i k o s,671
o l i1 m p o,758
o l i1 b a,989
o l i1 b j a,7372
o1 j a,2353
o1 j a s,536
o1 l m o,1568
o l o1 ɾ,17450
o l o1 ɾ e s,1074
o l b i1 d a,15955
o l b i d a1 b a,3013
o l b i d a1 d a,886
o l b i d a1 d l o,491
o l b i d a1 d o,26494
o l b i d a1 d o s,1021
o l b i1 d a l a,1403
o l b i1 d a l o,50796
o l b i1 d a l o s,560
o l b i1 d a m e,810
o l b i d a1 m o s,3124
o l b i1 d a n,2074
o l b i d a1 n d o,1938
o l b i d a1 ɾ,18225
o l b i d a1 ɾ a,898
o l b i d a ɾ a1,1990
o l b i d a ɾ a1 n,1037
o l b i d a1 ɾ a s,539
o l b i d a ɾ a1 s,1746
o l b i d a ɾ e1,7083
o l b i d a ɾ e1 m o s,1362
o l b i d a ɾ i1 a,956
o l b i d a1 ɾ l a,1827
o l b i d a1 ɾ l o,10226
o l b i d a1 ɾ m e,3797
o l b i d a1 ɾ n o s,2145
o l b i d a1 ɾ o n,1997
o l b i d a1 ɾ s e,2912
o l b i d a1 ɾ t e,5080
o l b i1 d a s,5456
o l b i d a1 s t e,7327
o l b i1 d a t e,15815
o l b i1 d e,11186
o l b i d e1,19366
o l b i d e1 i s,875
o l b i1 d e l o,6099
o l b i d e1 m o n o s,1056
o l b i d e1 m o s,3196
o l b i d e1 m o s l o,1412
o l b i1 d e n,4434
o l b i1 d e n l o,2553
o l b i1 d e n s e,1524
o l b i1 d e s,19141
o l b i1 d e s e,2969
o l b i1 d o,8451
o l b i d o1,10181
o m a1 a,1163
o m a1 ɾ,4411
o m b l i1 g o,1379
o m e1 g a,1845
o1 m n i b u s,876
o1 n s e,8797
o1 n d a,7464
o1 n d a s,3866
o1 n u,2834
o1 n s a,620
o1 n s a s,606
o p s j o1 n,25412
o p s j o1 n e s,10988
o p e1 ɾ a,2615
o1 p e ɾ a,6262
o p e ɾ a s j o1 n,26827
o p e ɾ a s j o n a1 l,538
o p e ɾ a s j o1 n e s,11513
o p e ɾ a1 d o,960
o p e ɾ a d o1 ɾ,2555
o p e ɾ a d o1 ɾ a,2942
o p e ɾ a d o1 ɾ e s,637
o p e1 ɾ a n,782
o p e ɾ a1 n d o,1784
o p e ɾ a1 ɾ,4301
o p e ɾ a1 ɾ l a,639
o p e ɾ a1 ɾ l o,862
o p e ɾ a1 ɾ m e,817
o p e ɾ a1 ɾ o n,545
o p e ɾ a1 ɾ s e,628
o p e ɾ a1 ɾ t e,620
o p e ɾ a t i1 b a,455
o p e ɾ a t i1 b o,2297
o p e ɾ a t i1 b o s,894
o p i1 n a,5683
o p i1 n a n,1431
o p i n a1 ɾ,1007
o p i1 n a s,9959
o p i n j o1 n,36777
o p i n j o1 n e s,3698
o p i1 n o,2689
o1 p j o,1681
o p o1 n e,1419
o p o1 n e n,706
o p o n e1 n t e,2821
o p o n e1 n t e s,761
o p o n e1 ɾ m e,480
o p o n e1 ɾ s e,1575
o p o1 ɲ g o,1135
o p o1 ɾ t o,844
o p o ɾ t u1 n a,458
o p o ɾ t u n i d a1 d,97577
o p o ɾ t u n i d a1 d e s,7273
o p o ɾ t u n i1 s t a,511
o p o ɾ t u1 n o,2658
o p o s i s j o1 n,2502
o p ɾ e s j o1 n,1168
o p ɾ i1 m e,531
o p ɾ i m i1 d o s,464
o1 p t i k a,788
o1 p t i k o,619
o p t i m i1 s m o,1050
o p t i m i1 s t a,2921
o p t i m i1 s t a s,600
o1 p t i m o,624
o p w e1 s t a,934
o p w e1 s t a s,525
o p w e1 s t o,3403
o p w e1 s t o s,1066
o1 p u s,521
o p u1 s o,601
o1 ɾ a,1033
o ɾ a s j o1 n,4849
o ɾ a s j o1 n e s,3682
o ɾ a1 k u l o,1800
o ɾ a d o1 ɾ,1040
o ɾ a1 l,2126
o ɾ a1 ɲ x e,1094
o ɾ a1 ɾ,1049
o1 ɾ b e,555
o ɾ b i1 t a,643
o1 ɾ b i t a,4266
o1 ɾ k o s,2155
o1 ɾ d e n,74893
o ɾ d e1 n a,4581
o ɾ d e n a1 d a,1085
o ɾ d e n a1 d o,5482
o ɾ d e n a d o1 ɾ,8600
o ɾ d e n a d o1 ɾ e s,2129
o ɾ d e n a1 m o s,568
o ɾ d e1 n a n,628
o ɾ d e n a1 n d o,1001
o ɾ d e n a1 n s a,839
o ɾ d e n a1 ɾ,4268
o ɾ d e n a ɾ e1,764
o ɾ d e n a1 ɾ o n,1699
o ɾ d e1 n a s,452
o ɾ d e n a1 s t e,843
o ɾ d e1 n e,2713
o ɾ d e n e1,2591
o ɾ d e1 n e s,6193
o1 ɾ d e n e s,38456
o ɾ d e1 n o,5325
o ɾ d e n o1,7224
o ɾ d e j a1 ɾ,549
o ɾ d i n a1 ɾ j a,1350
o ɾ d i n a1 ɾ j o,2478
o ɾ d i n a1 ɾ j o s,486
o ɾ e1 g o n,1090
o ɾ e1 x a,7248
o ɾ e1 x a s,7954
o ɾ e1 m o s,746
o1 ɾ e n,481
o ɾ f a n a1 t o,2891
o ɾ f e1 o,845
o ɾ g a1 n i k a,1134
o ɾ g a n i1 s e,496
o ɾ g a n i s e1,646
o ɾ g a1 n i k o,1394
o ɾ g a1 n i k o s,542
o ɾ g a n i1 s m o,2972
o ɾ g a n i1 s m o s,1273
o ɾ g a n i1 s a,1368
o ɾ g a n i s a s j o1 n,10541
o ɾ g a n i s a s j o1 n e s,1549
o ɾ g a n i s a1 d a,1231
o ɾ g a n i s a1 d o,4777
o ɾ g a n i s a d o1 ɾ,544
o ɾ g a n i s a1 d o s,876
o ɾ g a n i s a1 m o s,603
o ɾ g a n i s a1 n d o,1476
o ɾ g a n i s a1 ɾ,5049
o ɾ g a n i s a1 ɾ l o,764
o ɾ g a n i s a1 ɾ n o s,712
o ɾ g a n i s a1 ɾ s e,567
o ɾ g a n i s o1,1620
o1 ɾ g a n o,2373
o1 ɾ g a n o s,4898
o ɾ g a1 s m o,2613
o ɾ g a1 s m o s,795
o ɾ x i1 a,1289
o ɾ x i1 a s,489
o ɾ g u j o1 s a,11292
o ɾ g u j o s a m e1 n t e,546
o ɾ g u j o1 s o,22229
o ɾ g u j o1 s o s,5778
o ɾ j e n t a s j o1 n,2266
o ɾ j e n t a1 l,3506
o ɾ j e n t a1 l e s,1066
o ɾ j e1 n t e,4850
o ɾ i f i1 s j o,822
o ɾ i f i1 s j o s,505
o ɾ i1 x e n,6876
o ɾ i1 x e n e s,1193
o ɾ i x i n a1 l,14903
o ɾ i x i n a1 l e s,3066
o ɾ i x i n a l m e1 n t e,1737
o ɾ i x i n o1,600
o ɾ i1 j a,4833
o ɾ i1 j a s,1155
o ɾ i1 n a,5024
o ɾ i n a1 l,539
o ɾ i n a1 n d o,830
o ɾ i n a1 ɾ,4412
o ɾ i n o1,459
o ɾ j o1 n,716
o ɾ l a1 n d o,1548
o ɾ l e a1 n s,3548
o1 ɾ o,42752
o ɾ k e1 s t a,4077
o ɾ k i1 d e a,1036
o ɾ k i1 d e a s,1262
o ɾ t e1 g a,577
o ɾ t i1 s,546
o ɾ t o d o1 g s o,688
o ɾ t o g ɾ a f i1 a,928
o ɾ u1 g a,1044
o1 s,125001
o1 s a,1341
o s a d i1 a,533
o s a1 d o,901
o s a1 k a,1057
o s a1 m a,1029
o1 s a s,549
o s b o1 ɾ n e,993
o s k u1 ɾ a,7121
o s k u1 ɾ a s,4538
o s k u ɾ e1 s e,647
o s k u ɾ e s e1 ɾ,495
o s k u ɾ e s j e1 n d o,597
o s k u ɾ e1 s k a,1110
o s k u ɾ i d a1 d,22450
o s k u1 ɾ o,22426
o s k u1 ɾ o s,3785
o1 s e a,1270
o s i1 ɾ i s,581
o s i1 t o,2227
o1 s l o,527
o1 s o,14185
o1 s o s,4926
o1 s t j a,631
o1 s t ɾ a,614
o1 s t ɾ a s,2030
o1 t a n,1078
o t o1 j o,5606
o t o1 ɾ g a,959
o t o ɾ g a1 d o,875
o1 t ɾ a,409994
o1 t ɾ a s,68639
o1 t ɾ o,329734
o1 t ɾ o s,128223
o b a1 l,617
o b a1 ɾ j o s,518
o b e1 x a,2964
o b e1 x a s,5019
o b e1 ɾ,2478
o1 b n i,1350
o1 b n i s,1172
o1 b u l o,464
o1 b u l o s,498
o s f o1 ɾ d,2387
o g s i d a1 d a,549
o g s i d a1 d o,1084
o1 g s i d o,1020
o g s i1 x e n o,7881
o1 j e,212384
o1 j e m e,967
o1 j e n,5037
o j e1 n d o,4540
o j e1 n t e,504
o j e1 n t e s,654
o j e1 ɾ a,778
o j e1 ɾ o n,5847
o1 j e s,23954
o j o1,9197
o1 s,2745
o s o1 n o,576
p a b e j o1 n,3008
p a1 b l o,4558
p a1 s e,528
p a1 s e s,2871
p a s j e1 n s j a,14503
p a s j e1 n t e,32294
p a s j e1 n t e s,16667
p a s i1 f i k a,1660
p a s i f i k a d o1 ɾ e s,487
p a s i1 f i k a m e n t e,868
p a s i1 f i k o,5533
p a s i1 f i k o s,737
p a s i f i1 s t a,580
p a1 k o,1975
p a k o t i1 j a,590
p a1 k t o,4395
p a d e1 s e,944
p a d ɾ a1 s t ɾ o,2528
p a1 d ɾ e,379004
p a1 d ɾ e s,84385
p a d ɾ i1 n o,6328
p a d ɾ i1 n o s,493
p a1 g a,23093
p a g a1 b a,1727
p a g a1 b a n,916
p a g a1 d a,1067
p a g a1 d a s,580
p a g a1 d o,11275
p a g a1 d o s,910
p a1 g a l e,1475
p a1 g a m e,1711
p a g a1 m o s,4120
p a1 g a n,12412
p a g a1 n d o,5678
p a g a1 n o,794
p a g a1 n o s,1053
p a g a1 ɾ,52568
p a g a1 ɾ a,1135
p a g a ɾ a1,6258
p a g a1 ɾ a n,701
p a g a ɾ a1 n,3035
p a g a ɾ a1 s,3205
p a g a ɾ e1,9855
p a g a ɾ e1 m o s,2130
p a g a ɾ i1 a,2766
p a g a ɾ i1 a n,770
p a g a ɾ i1 a s,490
p a g a1 ɾ l a,1888
p a g a1 ɾ l a s,686
p a g a1 ɾ l e,9128
p a g a1 ɾ l e s,1822
p a g a1 ɾ l o,5640
p a g a1 ɾ l o s,584
p a g a1 ɾ m e,6137
p a g a1 ɾ n o s,1172
p a g a1 ɾ o n,3192
p a g a1 ɾ s e,662
p a g a1 ɾ t e,5001
p a1 g a s,6268
p a g a1 s t e,2634
p a1 x i n a,13081
p a1 x i n a s,6979
p a1 g o,20498
p a g o1,8803
p a1 g o s,2736
p a1 g e,5856
p a g e1,5550
p a1 g e m e,562
p a1 g e n,2788
p a1 g e s,1651
p a i1 s,79660
p a i1 s a x e,3420
p a i1 s a x e s,942
p a i1 s a n o,817
p a i1 s e s,7964
p a1 x a,3210
p a x a1 ɾ,1023
p a x a ɾ i1 t o,3073
p a x a ɾ i1 t o s,874
p a1 x a ɾ o,14320
p a1 x a ɾ o s,10100
p a x i1 t a,517
p a k i s t a1 n,1731
p a1 l a,2903
p a l a1 b ɾ a,84685
p a l a1 b ɾ a s,64193
p a l a b ɾ e ɾ i1 a,530
p a l a b ɾ o1 t a s,960
p a l a1 s e,1088
p a l a1 s j o,13412
p a l a1 s j o s,753
p a l a d a1 ɾ,900
p a l a1 ɲ k a,3057
p a1 l a s,951
p a1 l k o,1325
p a l e s t i1 n a,1357
p a l e s t i1 n o s,1060
p a l e1 t a,1051
p a l e1 t a s,681
p a l e1 t o,698
p a1 l i d a,2264
p a1 l i d o,2718
p a l i1 j o,671
p a l i1 j o s,962
p a l i1 t o,590
p a l i1 t o s,813
p a l i1 s a,11010
p a l i1 s a s,915
p a1 l m a,2858
p a l m a1 d a,791
p a1 l m a s,1395
p a l m e1 ɾ a s,752
p a1 l o,9219
p a l o1 m a,3299
p a l o1 m a s,2384
p a l o m i1 t a s,2895
p a l o1 m o,643
p a1 l o s,3843
p a m e1 l a,2675
p a1 n,25606
p a n a d e ɾ i1 a,1622
p a n a d e1 ɾ o,998
p a n a1 l,482
p a n a m a1,2244
p a1 n tʃ o,913
p a1 ɲ k ɾ e a s,705
p a1 n d a,2932
p a n d i1 j a,6853
p a n d i1 j a s,2193
p a n d i j e1 ɾ o,876
p a n d i j e1 ɾ o s,1074
p a n d o1 ɾ a,1493
p a n e s i1 j o,871
p a n e s i1 j o s,1382
p a n e1 l,2866
p a n e1 l e s,1097
p a1 n e s,491
p a m f l e1 t o,540
p a m f l e1 t o s,737
p a1 n i k o,11612
p a n o ɾ a1 m a,1500
p a n o ɾ a1 m i k a,453
p a ɲ k e1 k e s,2726
p a n t a1 j a,11678
p a n t a l o1 n,2539
p a n t a l o1 n e s,25316
p a n t a1 n o,4519
p a n t a1 n o s,1240
p a n t e1 ɾ a,1322
p a n t e1 ɾ a s,538
p a n t u1 f l a s,622
p a1 n s a,2466
p a j a1 l,1475
p a j a1 l e s,3369
p a1 j o,716
p a j w e1 l o,5105
p a j w e1 l o s,1050
p a o1 l o,1893
p a1 p a,27795
p a p a1,259671
p a p a i1 t o,601
p a p a1 l,535
p a p a ɾ a1 s s i,579
p a1 p a s,7579
p a p a1 s,3755
p a p e1 l,43154
p a p e l e1 o,4123
p a p e l e1 ɾ a,780
p a p e1 l e s,18930
p a1 p i,28298
p a p i1 j a,839
p a p i1 t a s,488
p a p i1 t o,2444
p a k e1 t e,15277
p a k e1 t e s,3758
p a1 ɾ,85733
p a1 ɾ a,3001482
p a ɾ a1 b a,1781
p a ɾ a b ɾ i1 s a s,1766
p a ɾ a k a i1 d a s,3258
p a ɾ a k a i1 d i s t a,475
p a ɾ a k a i1 d i s t a s,768
p a ɾ a tʃ o1 k e s,626
p a ɾ a1 d,3237
p a ɾ a1 d a,12876
p a ɾ a1 d a s,1619
p a ɾ a d e1 ɾ o,2512
p a ɾ a1 d o,15390
p a ɾ a d o1 x a,1011
p a ɾ a1 d o s,3133
p a ɾ a1 g w a s,2787
p a ɾ a i1 s o,10147
p a ɾ a l e1 l o,1339
p a ɾ a l e1 l o s,480
p a ɾ a1 l i s i s,1580
p a ɾ a l i1 t i k o,671
p a ɾ a l i s a1 d a,732
p a ɾ a l i s a1 d o,1672
p a1 ɾ a l o,1428
p a ɾ a m e1 d i k o,772
p a ɾ a m e1 d i k o s,1664
p a ɾ a1 m e t ɾ o s,1223
p a1 ɾ a m o,563
p a ɾ a1 m o s,3240
p a1 ɾ a n,1986
p a ɾ a1 n d o,1052
p a ɾ a n o1 i a,2183
p a ɾ a n o1 i k a,1211
p a ɾ a n o1 i k o,3492
p a ɾ a n o1 i k o s,576
p a ɾ a n o ɾ m a1 l,924
p a ɾ a1 ɾ,33134
p a ɾ a1 ɾ a,896
p a ɾ a ɾ a1,1495
p a ɾ a ɾ e1,1069
p a ɾ a ɾ e1 m o s,1019
p a ɾ a ɾ i1 a,472
p a ɾ a1 ɾ l a,1174
p a ɾ a1 ɾ l e,834
p a ɾ a1 ɾ l o,4340
p a ɾ a1 ɾ l o s,1288
p a ɾ a1 ɾ m e,2985
p a ɾ a1 ɾ n o s,890
p a ɾ a1 ɾ o n,1192
p a ɾ a1 ɾ s e,2824
p a ɾ a1 ɾ t e,2469
p a1 ɾ a s,2899
p a ɾ a1 s i t o,1974
p a ɾ a1 s i t o s,1834
p a ɾ a1 s t e,941
p a1 ɾ a t e,8199
p a ɾ s e1 l a,798
p a1 ɾ tʃ e,1551
p a1 ɾ tʃ e s,550
p a ɾ s j a1 l,2431
p a ɾ s j a1 l e s,538
p a ɾ s j a l m e1 n t e,1092
p a1 ɾ e,13022
p a ɾ e1,1888
p a ɾ e1 s e,393730
p a ɾ e s e1 i s,885
p a ɾ e s e1 m o s,2377
p a ɾ e1 s e n,27493
p a ɾ e s e1 ɾ,28648
p a ɾ e s e ɾ a1,3920
p a ɾ e s e ɾ i1 a,3410
p a ɾ e s e1 ɾ l e,774
p a ɾ e s e1 ɾ l o,460
p a ɾ e s e1 ɾ m e,932
p a ɾ e s e1 ɾ s e,1824
p a ɾ e s e1 ɾ t e,1486
p a ɾ e1 s e s,30784
p a ɾ e s i1 a,35477
p a ɾ e s i1 a n,4022
p a ɾ e s i1 a s,2411
p a ɾ e s i1 d a,2215
p a ɾ e s i1 d a s,894
p a ɾ e s i1 d o,17892
p a ɾ e s i1 d o s,1948
p a ɾ e s j e1 n d o,755
p a ɾ e s j e1 ɾ a,3796
p a ɾ e s j e1 ɾ o n,827
p a ɾ e s j o1,18670
p a ɾ e1 d,25064
p a ɾ e1 d e s,11562
p a ɾ e1 x a,26539
p a ɾ e1 x a s,6277
p a ɾ e1 x o,461
p a ɾ e1 m o s,1068
p a1 ɾ e n,9487
p a1 ɾ e n s e,1135
p a ɾ e n t e1 s k o,500
p a1 ɾ e s,7597
p a1 ɾ e s e,1619
p a ɾ e1 s k a,11876
p a ɾ e1 s k a n,1210
p a ɾ e1 s k a s,461
p a ɾ e1 s k o,10394
p a ɾ j e1 n t e,4618
p a ɾ j e1 n t e s,6435
p a ɾ j o1,1054
p a ɾ i1 ɾ,657
p a ɾ i1 s,29406
p a ɾ k i1 ɲ g,937
p a ɾ k i1 n s o n,675
p a ɾ l a m e1 n t o,3393
p a ɾ l a1 n t e,612
p a ɾ l a1 n t e s,485
p a1 ɾ o,5984
p a ɾ o1,4437
p a ɾ o1 d j a,620
p a ɾ p a d e1 a,681
p a ɾ p a d e a1 ɾ,551
p a ɾ p a d e1 o,542
p a1 ɾ p a d o s,904
p a1 ɾ k e,20186
p a1 ɾ k e s,1599
p a1 r a f o,1456
p a r a1 n d a,491
p a r i1 j a,1898
p a r i j a1 d a,514
p a1 r o k o,959
p a r o1 k j a,1650
p a1 ɾ t a,1490
p a1 ɾ t e,235056
p a1 ɾ t e n,560
p a1 ɾ t e s,42302
p a ɾ t i1,557
p a ɾ t i s i1 p a,777
p a ɾ t i s i p a s j o1 n,2865
p a ɾ t i s i p a1 d o,977
p a ɾ t i s i1 p a n,497
p a ɾ t i s i p a1 n d o,571
p a ɾ t i s i p a1 n t e,537
p a ɾ t i s i p a1 n t e s,994
p a ɾ t i s i p a1 ɾ,6976
p a ɾ t i s i1 p e,480
p a ɾ t i s i p e1,558
p a ɾ t i s i p o1,1056
p a ɾ t i1 k u l a,1019
p a ɾ t i k u l a1 ɾ,11910
p a ɾ t i k u l a1 ɾ e s,1091
p a ɾ t i k u l a ɾ m e1 n t e,3499
p a ɾ t i1 k u l a s,3565
p a ɾ t i1 d a,9820
p a ɾ t i d a1 ɾ j o,625
p a ɾ t i d a1 ɾ j o s,662
p a ɾ t i1 d a s,829
p a ɾ t i1 d o,35286
p a ɾ t i1 d o s,3586
p a ɾ t j e1 n d o,944
p a ɾ t j e1 ɾ o n,821
p a ɾ t i1 m o s,1661
p a ɾ t j o1,2702
p a ɾ t i1 ɾ,26030
p a ɾ t i ɾ a1,895
p a ɾ t i ɾ e1,1174
p a ɾ t i ɾ e1 m o s,895
p a ɾ t i1 ɾ l e,832
p a ɾ t i1 ɾ t e,872
p a ɾ t i s a1 n o s,548
p a ɾ t i t u1 ɾ a,514
p a ɾ t i t u1 ɾ a s,465
p a1 ɾ t o,5422
p a1 ɾ t o s,556
p a1 s a,341981
p a s a1 b a,12825
p a s a1 b a m o s,1130
p a s a1 b a n,2070
p a s a1 b a s,604
p a s a1 d,1358
p a s a1 d a,23780
p a s a1 d a s,2502
p a s a d i1 s o,740
p a s a1 d l o,859
p a s a1 d o,178953
p a s a1 d o s,2474
p a s a1 x e,5100
p a s a x e1 ɾ a,911
p a s a x e1 ɾ o,3702
p a s a x e1 ɾ o s,8593
p a s a1 x e s,2205
p a1 s a l a,2273
p a1 s a l e,789
p a1 s a l o,2965
p a1 s a m e,9854
p a1 s a m e l a,1504
p a1 s a m e l o,2465
p a s a1 m o s,15034
p a1 s a n,15963
p a s a1 n d o,84878
p a s a1 n d o l a,975
p a s a1 n d o l o,879
p a s a1 n d o m e,544
p a s a p o1 ɾ t e,8402
p a s a p o1 ɾ t e s,2687
p a s a1 ɾ,139754
p a s a1 ɾ a,10254
p a s a ɾ a1,26570
p a s a1 ɾ a n,900
p a s a ɾ a1 n,2781
p a s a1 ɾ a s,898
p a s a ɾ a1 s,2349
p a s a ɾ e1,5782
p a s a ɾ e1 l a,1028
p a s a ɾ e1 m o s,4726
p a s a ɾ i1 a,9988
p a s a ɾ i1 a n,470
p a s a ɾ i1 a s,629
p a s a1 ɾ l a,3601
p a s a1 ɾ l e,4149
p a s a1 ɾ l o,5518
p a s a1 ɾ l o s,574
p a s a1 ɾ m e,7381
p a s a1 ɾ n o s,1385
p a s a1 ɾ o n,10306
p a s a1 ɾ s e,2800
p a s a1 ɾ s e l o,667
p a s a1 ɾ t e,4045
p a1 s a s,9715
p a s a1 s e,738
p a s a1 s t e,6755
p a1 s a t e,1396
p a1 s a t e l o,628
p a s a t j e1 m p o,2219
p a s a t j e1 m p o s,722
p a s k a1 l,1229
p a1 s k w a,2983
p a1 s k w a s,750
p a1 s e,56922
p a s e1,19515
p a s e1 a,907
p a s e a1 b a,655
p a s e a1 n d o,2666
p a s e a1 n d o s e,614
p a s e a1 ɾ,6790
p a s e a1 ɾ s e,472
p a1 s e l o,534
p a1 s e m e,1778
p a1 s e m e l a,481
p a1 s e m e l o,813
p a s e1 m o s,3208
p a1 s e n,10921
p a1 s e n l o,487
p a s e1 o,20922
p a s e1 o s,1233
p a1 s e s,6580
p a s i1 j o,12556
p a s i1 j o s,1975
p a s j o1 n,11061
p a s j o n a1 l,622
p a s j o1 n e s,1162
p a s i1 b a,457
p a s i1 b o,647
p a1 s m a,488
p a s m a1 d o,551
p a1 s o,83060
p a s o1,155531
p a1 s o s,13233
p a1 s t a,10789
p a1 s t a s,585
p a s t e1 l,19249
p a s t e l e ɾ i1 a,929
p a s t e l e1 ɾ o,653
p a s t e1 l e s,4552
p a s t e l i1 j o s,473
p a s t e l i1 t o,1188
p a s t e l i1 t o s,1117
p a s t i1 j a,2804
p a s t i1 j a s,9510
p a1 s t o,2312
p a s t o1 ɾ,7862
p a s t o1 ɾ e s,795
p a1 s t o s,704
p a1 t a,11494
p a t a1 d a,6032
p a t a1 d a s,3700
p a t a1 n,2831
p a t a1 n e s,622
p a1 t a s,6849
p a t a1 t a,1981
p a t a1 t a s,7018
p a t e1,757
p a t e1 a,1261
p a t e a1 d o,657
p a t e1 a l e,571
p a t e1 a l o,626
p a t e a1 n d o,1071
p a t e a1 ɾ,3344
p a t e a ɾ e1,936
p a t e a1 ɾ l e,1099
p a t e a1 ɾ m e,589
p a t e a1 ɾ t e,1582
p a t e1 e,621
p a t e1 n t e,1143
p a t e1 n t e s,988
p a t e1 o,536
p a t e o1,865
p a t e1 ɾ n a,559
p a t e ɾ n a1 l,609
p a t e ɾ n i d a1 d,1192
p a t e1 t i k a,2222
p a t e1 t i k o,7806
p a t e1 t i k o s,967
p a t i1 j a s,517
p a t i n a1 x e,1189
p a t i n a1 ɾ,1628
p a t i1 n e s,1469
p a t i n e1 t a,529
p a1 t j o,10922
p a t i1 t a s,489
p a t i1 t o,745
p a1 t o,6410
p a t o1 x e n o,467
p a t o l o x i1 a,767
p a1 t o s,2481
p a t ɾ a1 j a s,1563
p a1 t ɾ j a,5567
p a t ɾ i1 s j a,2920
p a t ɾ i1 s j o,788
p a t ɾ i1 k k,10367
p a t ɾ i m o1 n j o,1287
p a t ɾ j o1 t a,1797
p a t ɾ j o1 t a s,833
p a t ɾ j o1 t i k o,560
p a t ɾ j o t i1 s m o,1044
p a t ɾ o s i n a d o1 ɾ,1050
p a t ɾ o s i n a d o1 ɾ e s,911
p a t ɾ o s i1 n j o,461
p a t ɾ o1 n,11467
p a t ɾ o1 n a,1010
p a t ɾ o1 n e s,3565
p a t ɾ u1 j a,8983
p a t ɾ u j a1 n d o,786
p a t ɾ u j a1 ɾ,667
p a t ɾ u1 j a s,2629
p a t ɾ u j e1 ɾ o,789
p a d t e1 ɾ s o n,1359
p a1 u l,41976
p a1 u l a,4472
p a u1 l i n a,473
p a1 u s a,3698
p a1 u t a,471
p a1 u t a s,508
p a b i m e1 n t o,661
p a1 b o,6690
p a b o1 ɾ,520
p a1 b o s,5423
p a j a s a1 d a s,633
p a j a1 s o,8635
p a j a1 s o s,3597
p a1 s,87185
p e a1 x e,783
p e k a1 d o,12139
p e k a d o1 ɾ,1797
p e k a d o1 ɾ a,520
p e k a d o1 ɾ e s,2179
p e k a1 d o s,8091
p e k a1 ɾ,517
p e1 k a s,824
p e s e1 ɾ a,916
p e1 s e s,11887
p e1 tʃ o,18962
p e1 tʃ o s,6523
p e tʃ u1 g a,495
p e k t o ɾ a1 l e s,477
p e k u l j a1 ɾ,2332
p e d a s i1 t o,1045
p e d a s i1 t o s,1564
p e d a1 l,726
p e d a1 l e s,519
p e d a1 n t e,555
p e d a1 s o,18154
p e d a1 s o s,12965
p e d e s t a1 l,799
p e d i1,23116
p e d i1 a,2361
p e d i1 a n,599
p e d j a1 t ɾ a,854
p e d j a t ɾ i1 a,717
p e d i1 d o,27090
p e d i1 d o s,1819
p e d i1 m o s,7267
p e d i1 ɾ,32484
p e d i ɾ a1,1680
p e d i ɾ a1 n,626
p e d i ɾ a1 s,775
p e d i ɾ e1,6921
p e d i ɾ e1 m o s,1320
p e d i ɾ i1 a,2581
p e d i ɾ i1 a s,478
p e d i1 ɾ l a,692
p e d i1 ɾ l e,26399
p e d i1 ɾ l e s,4385
p e d i1 ɾ l o,2616
p e d i1 ɾ m e,6884
p e d i1 ɾ m e l o,1647
p e d i1 ɾ n o s,574
p e d i1 ɾ o s,708
p e d i1 ɾ s e l o,3418
p e d i1 ɾ t e,17158
p e d i1 ɾ t e l o,1773
p e d i1 s t e,9150
p e1 d o,2815
p e d o1 f i l o,805
p e1 d o s,1508
p e1 d ɾ o,7415
p e1 g a,5359
p e g a1 b a,1469
p e g a1 d a,1560
p e g a1 d o,6372
p e g a1 d o s,1130
p e g a x o1 s a,789
p e g a x o1 s o,1157
p e1 g a l e,5000
p e1 g a m e,4810
p e g a m e1 n t o,1962
p e1 g a n,1374
p e g a1 n d o,1454
p e g a1 n d o l e,763
p e g a1 ɾ,5111
p e g a ɾ a1,511
p e g a ɾ e1,842
p e g a1 ɾ l e,6742
p e g a1 ɾ l e s,737
p e g a1 ɾ m e,4469
p e g a1 ɾ o n,1349
p e g a1 ɾ s e,700
p e g a1 ɾ t e,2669
p e1 g a s,1956
p e g a1 s o,800
p e g a1 s t e,1657
p e1 g a t e,600
p e1 g g i,3996
p e1 g o,2265
p e g o1,5749
p e1 g e,2069
p e g e1,2117
p e1 g e n,734
p e1 g e s,1488
p e i1 n a d o,2974
p e i1 n a ɾ m e,474
p e1 i n e,1460
p e k i1 n,849
p e1 l a,609
p e l a1 d o,1001
p e l a1 x e,491
p e l a1 ɾ,768
p e l e1,594
p e l e1 a,36556
p e l e a1 b a,739
p e l e a1 b a m o s,469
p e l e a1 b a n,771
p e l e a1 d o,2989
p e l e a d o1 ɾ,761
p e l e a1 m o s,3395
p e l e1 a n,2780
p e l e a1 n d o,8258
p e l e a1 n d o s e,954
p e l e a1 ɾ,28113
p e l e a ɾ a1,632
p e l e a ɾ e1,1149
p e l e a ɾ e1 m o s,1095
p e l e a1 ɾ m e,987
p e l e a1 ɾ n o s,1016
p e l e a1 ɾ o n,1736
p e l e a1 ɾ o s,459
p e l e a1 ɾ s e,1884
p e l e a1 ɾ t e,592
p e l e1 a s,8580
p e l e a1 s t e,1236
p e l e1 e,1073
p e l e e1,1117
p e l e e1 m o s,867
p e l e1 e n,2152
p e l e1 e s,873
p e l e1 l e,510
p e l e1 o,1225
p e l e o1,1860
p e1 l i,1792
p e l i1 k u l a,70319
p e l i1 k u l a s,24547
p e l i1 g ɾ o,42991
p e l i1 g ɾ o s,2637
p e l i g ɾ o1 s a,9140
p e l i g ɾ o s a m e1 n t e,806
p e l i g ɾ o1 s a s,3279
p e l i g ɾ o1 s o,37088
p e l i g ɾ o1 s o s,5418
p e l i r o1 x a,2287
p e l i r o1 x o,999
p e1 l i s,549
p e j e1 x o,2930
p e j i1 s k o,453
p e1 l o,52236
p e1 l o s,4555
p e l o1 t a,15208
p e l o1 t a s,10431
p e l o t o1 n,5490
p e l u1 k a,3088
p e l u1 k a s,879
p e l u1 tʃ e,1767
p e l u1 d a,803
p e l u1 d a s,655
p e l u1 d o,1813
p e l u1 d o s,670
p e l u k e1 ɾ a,476
p e l u k e ɾ i1 a,1725
p e l u k e1 ɾ o,1356
p e l u k i1 n,455
p e l u1 s a,569
p e1 l b i s,873
p e1 n a,59768
p e n a1 l,2153
p e n a1 l e s,1044
p e1 n a s,3657
p e n d e x a1 d a s,924
p e n d e1 x o,6686
p e n d e1 x o s,1378
p e n d j e1 n t e,5134
p e n d j e1 n t e s,3809
p e1 n e,12501
p e n e1 l o p e,1032
p e1 n e s,1568
p e n e1 t ɾ a,701
p e n e t ɾ a s j o1 n,952
p e n e t ɾ a1 d o,586
p e n e t ɾ a1 n t e,483
p e n e t ɾ a1 ɾ,1779
p e n e t ɾ o1,632
p e n i s i l i1 n a,982
p e n i1 n s u l a,714
p e n i1 k e,1726
p e n i1 k e s,1921
p e n i t e1 n s j a,1262
p e n i t e n s j a ɾ i1 a,799
p e n n s i l b a1 n j a,1232
p e1 n n i,8959
p e n o1 s a,518
p e n o1 s o,1142
p e n s a1 b a,51944
p e n s a1 b a m o s,3304
p e n s a1 b a n,2843
p e n s a1 b a s,6622
p e n s a1 d,754
p e n s a1 d l o,518
p e n s a1 d o,38417
p e n s a d o1 ɾ,568
p e n s a1 i s,1739
p e n s a m j e1 n t o,10102
p e n s a m j e1 n t o s,12515
p e n s a1 m o s,15443
p e n s a1 n d o,87043
p e n s a1 n d o l o,4705
p e n s a1 ɾ,106702
p e n s a1 ɾ a,2904
p e n s a ɾ a1,4096
p e n s a1 ɾ a n,839
p e n s a ɾ a1 n,2421
p e n s a1 ɾ a s,1362
p e n s a ɾ a1 s,2534
p e n s a ɾ e1,4832
p e n s a ɾ e1 m o s,1090
p e n s a ɾ i1 a,4813
p e n s a ɾ i1 a n,822
p e n s a ɾ i1 a s,1549
p e n s a1 ɾ l o,18753
p e n s a1 ɾ m e l o,909
p e n s a1 ɾ o n,4050
p e n s a1 ɾ s e l o,585
p e n s a1 ɾ t e l o,576
p e n s a1 s t e,11566
p e n s e1,151785
p e n s e1 m o s,2245
p e n s i l b a1 n j a,1368
p e n s j o1 n,5830
p e n s j o1 n e s,1010
p e n s o1,15416
p e n t a1 g o n o,3552
p e n u1 m b ɾ a,497
p e1 j a,634
p e o1 n,1517
p e o1 n e s,913
p e o1 ɾ,75541
p e o1 ɾ e s,10144
p e1 p e,1459
p e p i n i1 j o s,1215
p e p i1 n o,1105
p e p i1 n o s,461
p e1 p s i,1033
p e k e1 j a,80802
p e k e1 j a s,15868
p e k e j i1 n,1677
p e k e j i1 t a,1329
p e k e j i1 t o,1685
p e k e j i1 t o s,481
p e k e1 j o,111645
p e k e1 j o s,23767
p e1 ɾ a,1104
p e1 ɾ a s,636
p e ɾ s e p s j o1 n,2247
p e ɾ s i1 b e,772
p e ɾ s i b i1,518
p e ɾ s i b i1 ɾ,1003
p e ɾ s i1 b o,1272
p e1 ɾ k i,4599
p e ɾ d a1 m o s,2378
p e ɾ d e d o1 ɾ,8609
p e ɾ d e d o1 ɾ a,1164
p e ɾ d e d o1 ɾ e s,4016
p e ɾ d e1 m o s,6357
p e ɾ d e1 ɾ,66196
p e ɾ d e ɾ a1,3564
p e ɾ d e ɾ a1 n,1559
p e ɾ d e ɾ a1 s,3858
p e ɾ d e ɾ e1,3686
p e ɾ d e ɾ e1 m o s,3750
p e ɾ d e ɾ i1 a,3529
p e ɾ d e ɾ i1 a m o s,587
p e ɾ d e ɾ i1 a s,520
p e ɾ d e1 ɾ l a,3685
p e ɾ d e1 ɾ l e,654
p e ɾ d e1 ɾ l o,6503
p e ɾ d e1 ɾ l o s,1583
p e ɾ d e1 ɾ m e,4836
p e ɾ d e1 ɾ m e l o,819
p e ɾ d e1 ɾ n o s,1353
p e ɾ d e1 ɾ s e,3751
p e ɾ d e1 ɾ t e,8274
p e ɾ d i1,30060
p e ɾ d i1 a,1418
p e ɾ d i s j o1 n,1727
p e ɾ d i1 d a,13204
p e1 ɾ d i d a,17062
p e ɾ d i d a m e1 n t e,461
p e ɾ d i1 d a s,3195
p e1 ɾ d i d a s,3150
p e ɾ d i1 d o,72120
p e ɾ d i1 d o s,8328
p e ɾ d j e1 n d o,18732
p e ɾ d j e1 ɾ a,1684
p e ɾ d j e1 ɾ a s,677
p e ɾ d j e1 ɾ o n,5895
p e ɾ d i1 m o s,14602
p e ɾ d j o1,24134
p e ɾ d i1 s t e,13120
p e ɾ d o1 n,82609
p e ɾ d o1 n a,28987
p e ɾ d o n a1 d,1475
p e ɾ d o n a1 d a,514
p e ɾ d o n a1 d m e,2700
p e ɾ d o n a1 d o,2932
p e ɾ d o n a1 d o s,477
p e ɾ d o1 n a m e,34899
p e ɾ d o n a1 m o s,868
p e ɾ d o1 n a n,720
p e ɾ d o1 n a n o s,1499
p e ɾ d o n a1 ɾ,4786
p e ɾ d o n a ɾ a1,1741
p e ɾ d o n a ɾ a1 s,552
p e ɾ d o n a ɾ e1,2027
p e ɾ d o n a ɾ i1 a,944
p e ɾ d o n a1 ɾ l a,790
p e ɾ d o n a1 ɾ l e,832
p e ɾ d o n a1 ɾ l o,1058
p e ɾ d o n a1 ɾ m e,6153
p e ɾ d o n a1 ɾ t e,2559
p e ɾ d o1 n a s,1862
p e ɾ d o1 n e,24883
p e ɾ d o n e1,571
p e ɾ d o1 n e m e,15459
p e ɾ d o1 n e n,3710
p e ɾ d o1 n e m m e,2453
p e ɾ d o1 n e n o s,747
p e ɾ d o1 n e s,1715
p e ɾ d o1 n o,4303
p e ɾ d o n o1,946
p e ɾ e g ɾ i n a s j o1 n,478
p e ɾ e g ɾ i1 n o,853
p e ɾ e g ɾ i1 n o s,1012
p e1 ɾ e s,1240
p e ɾ e1 s a,685
p e ɾ e s o1 s a,595
p e ɾ e s o1 s o,1484
p e ɾ e s o1 s o s,628
p e ɾ f e k s j o1 n,3931
p e ɾ f e k s j o n a1 d o,458
p e ɾ f e k s j o n a1 ɾ,522
p e ɾ f e1 k t a,22012
p e ɾ f e k t a m e1 n t e,19554
p e ɾ f e1 k t a s,2471
p e ɾ f e1 k t o,66184
p e ɾ f e1 k t o s,3402
p e ɾ f i1 l,7625
p e ɾ f i1 l e s,875
p e ɾ f o ɾ a s j o1 n,924
p e ɾ f o ɾ a1 d o,658
p e ɾ f o ɾ a1 ɾ,1091
p e ɾ f u1 m e,6335
p e ɾ f u1 m e s,767
p e ɾ g a m i1 n o,1545
p e ɾ i1 s j a,514
p e ɾ i1 j a,494
p e ɾ i1 m e t ɾ o,5943
p e ɾ j o1 d i k o,20629
p e ɾ j o1 d i k o s,12450
p e ɾ j o d i1 s m o,1959
p e ɾ j o d i1 s t a,9425
p e ɾ j o d i1 s t a s,4743
p e ɾ i1 o d o,6139
p e ɾ i1 o d o s,726
p e ɾ i s k o1 p j o,690
p e ɾ x u d i1 k a,559
p e ɾ x u d i k a1 ɾ,629
p e ɾ x u d i s j a1 l,770
p e ɾ x u1 ɾ j o,1046
p e1 ɾ l a,3733
p e1 ɾ l a s,3123
p e ɾ m a n e1 s e,4643
p e ɾ m a n e1 s e n,1466
p e ɾ m a n e s e1 ɾ,11039
p e ɾ m a n e s e ɾ a1,1745
p e ɾ m a n e s e ɾ a1 n,633
p e ɾ m a n e s i1 d o,762
p e ɾ m a n e s j o1,1009
p e ɾ m a n e1 n t e,5570
p e ɾ m a n e n t e m e1 n t e,1896
p e ɾ m a n e1 n t e s,820
p e ɾ m a n e1 s k a,2259
p e ɾ m a n e1 s k a n,2427
p e ɾ m i1 s o,48116
p e ɾ m i1 s o s,1922
p e ɾ m i1 t a,4562
p e ɾ m i1 t a m e,17573
p e ɾ m i1 t a n,1221
p e ɾ m i1 t a m m e,5636
p e ɾ m i1 t a n o s,659
p e ɾ m i1 t a s,1935
p e ɾ m i1 t e,23871
p e ɾ m i1 t e m e,10486
p e ɾ m i1 t e n,6860
p e ɾ m i1 t e s,4354
p e ɾ m i t i1,1074
p e ɾ m i t i1 a,1120
p e ɾ m i t i1 a n,462
p e ɾ m i t i1 d m e,863
p e ɾ m i t i1 d o,7022
p e ɾ m i t j e1 n d o,937
p e ɾ m i t j e1 ɾ a,672
p e ɾ m i t j e1 ɾ o n,1050
p e ɾ m i t i1 m o s,1027
p e ɾ m i t j o1,3576
p e ɾ m i t i1 ɾ,13612
p e ɾ m i t i ɾ a1,3428
p e ɾ m i t i ɾ a1 n,941
p e ɾ m i t i ɾ e1,6586
p e ɾ m i t i ɾ e1 m o s,909
p e ɾ m i t i ɾ i1 a,2327
p e ɾ m i t i1 ɾ l e,2179
p e ɾ m i t i1 ɾ l e s,656
p e ɾ m i t i1 ɾ l o,3013
p e ɾ m i t i1 ɾ m e,4516
p e ɾ m i t i1 ɾ m e l o,1195
p e ɾ m i t i1 ɾ n o s,3622
p e ɾ m i t i1 ɾ n o s l o,585
p e ɾ m i t i1 ɾ s e,2710
p e ɾ m i t i1 ɾ s e l o,1600
p e ɾ m i t i1 ɾ t e,2064
p e ɾ m i t i1 ɾ t e l o,702
p e ɾ m i t i1 s t e,685
p e ɾ m i1 t o,2238
p e1 ɾ o,2487701
p e1 ɾ o s,882
p e ɾ p e1 t w a,3266
p e ɾ p l e1 x o,592
p e1 r a,42244
p e1 r a s,3039
p e r e1 ɾ a,1023
p e r i1 t a,626
p e r i1 t o,6352
p e r i1 t o s,1597
p e1 r o,72418
p e1 r o s,27518
p e1 ɾ s a,1502
p e1 ɾ s a s,1518
p e ɾ s e k u s j o1 n,4409
p e ɾ s e k u s j o1 n e s,489
p e ɾ s e g i1,502
p e ɾ s e g i1 a,1240
p e ɾ s e g i1 a n,698
p e ɾ s e g i1 d o,2087
p e ɾ s e g i1 d o s,690
p e ɾ s e g i1 m o s,761
p e ɾ s e g i1 ɾ,3562
p e ɾ s e g i ɾ a1,498
p e ɾ s e g i1 ɾ l o,926
p e ɾ s e g i1 ɾ l o s,498
p e ɾ s e g i1 ɾ m e,1027
p e ɾ s e g i1 ɾ t e,862
p e ɾ s e1 o,650
p e ɾ s e b e ɾ a1 n s j a,509
p e1 ɾ s j a,1050
p e ɾ s j a1 n a s,1383
p e ɾ s i1 g a,541
p e ɾ s i1 g a n,510
p e ɾ s i1 g o,590
p e ɾ s i1 g e,3986
p e ɾ s i1 g e n,3015
p e ɾ s i1 g e s,730
p e ɾ s i g j e1 n d o,5168
p e ɾ s i g j e1 n d o m e,727
p e ɾ s i g j e1 n d o t e,488
p e ɾ s i g j e1 ɾ o n,603
p e ɾ s i g j o1,1045
p e ɾ s i1 s t e,555
p e ɾ s i s t e1 n t e,1209
p e ɾ s o1 n a,130803
p e ɾ s o n a1 x e,11979
p e ɾ s o n a1 x e s,5880
p e ɾ s o n a1 l,51592
p e ɾ s o n a1 l e s,9788
p e ɾ s o n a l i d a1 d,8669
p e ɾ s o n a l i d a1 d e s,1729
p e ɾ s o n a l m e1 n t e,14932
p e ɾ s o1 n a s,136522
p e ɾ s p e k t i1 b a,5589
p e ɾ s p e k t i1 b a s,812
p e ɾ s p i k a1 s,820
p e ɾ s w a d i1 ɾ,825
p e ɾ s w a d i1 ɾ l o,566
p e ɾ s w a s j o1 n,814
p e ɾ s w a s i1 b o,695
p e ɾ t e n e1 s e,17640
p e ɾ t e n e s e1 m o s,1142
p e ɾ t e n e1 s e n,4061
p e ɾ t e n e s e1 ɾ,1462
p e ɾ t e n e1 s e s,3112
p e ɾ t e n e s i1 a,3201
p e ɾ t e n e s i1 a n,647
p e ɾ t e n e s j o1,1034
p e ɾ t e n e1 n s j a s,2149
p e ɾ t e n e1 s k a,581
p e ɾ t e n e1 s k o,3208
p e ɾ t i n e1 n t e,634
p e ɾ t u1 ɾ b a,643
p e ɾ t u ɾ b a1 d a,795
p e ɾ t u ɾ b a1 d o,1430
p e ɾ t u ɾ b a d o1 ɾ,984
p e ɾ t u ɾ b a1 ɾ,732
p e ɾ u1,1358
p e ɾ b e1 ɾ s a,978
p e ɾ b e ɾ s j o1 n,834
p e ɾ b e1 ɾ s o,1724
p e ɾ b e ɾ t i1 d a,567
p e ɾ b e ɾ t i1 d o,5515
p e ɾ b e ɾ t i1 d o s,1348
p e1 s a,5736
p e s a1 b a,1034
p e s a1 d a,5909
p e s a1 d a s,1763
p e s a d i1 j a,13935
p e s a d i1 j a s,5980
p e s a1 d o,10692
p e s a1 d o s,2845
p e1 s a m e,1542
p e1 s a n,1076
p e s a1 ɾ,24931
p e1 s a s,2251
p e1 s k a,6275
p e s k a1 d o,14376
p e s k a d o1 ɾ,2564
p e s k a d o1 ɾ e s,1699
p e s k a1 d o s,1028
p e s k a1 n d o,1598
p e s k a1 ɾ,7387
p e s k o1,469
p e s k w e1 s o,865
p e1 s e,1905
p e1 s i m a,1561
p e s i m i1 s t a,1007
p e1 s i m o,2706
p e1 s o,21403
p e1 s o s,2691
p e s k e1,698
p e s k e1 ɾ o,506
p e s t a1 j a s,809
p e1 s t e,3999
p e s t i s i1 d a s,532
p e1 t a l o s,809
p e t a1 ɾ d o s,680
p e t e ɾ s b u1 ɾ g o,1075
p e t i s j o1 n,7598
p e t i s j o1 n e s,1331
p e t ɾ o1 l e o,7697
p e t ɾ o l e1 ɾ a,556
p e t ɾ o l e1 ɾ o,629
p e t ɾ o l e1 ɾ o s,520
p e1 s,14673
p e s o1 n,1066
p e s o1 n e s,2452
p i1,1294
p j a d o1 s o,643
p j a n i1 s t a,1944
p j a1 n o,11509
p j a1 n o s,595
p i1 b e,562
p i1 k a,2910
p i k a1 d a,1050
p i k a d i1 j o,704
p i k a1 d o,2221
p i k a d u1 ɾ a,667
p i1 k a n,651
p i k a1 n d o,483
p i k a1 n t e,2820
p i k a1 n t e s,595
p i k a1 ɾ,1308
p i1 k a ɾ o,639
p i1 k a s,790
p i k a1 s s o,1716
p i k a s o1 n,531
p i tʃ o1 n,637
p i g n i1 k,3254
p i1 k o,8574
p i k o1,1200
p i1 k o s,1090
p i1 d a,6062
p i1 d a l e,1403
p i d a1 m o s,785
p i1 d a n,1874
p i1 d a s,3509
p i1 d e,18596
p i1 d e l e,4899
p i1 d e l e s,503
p i1 d e l o,624
p i1 d e m e,1692
p i1 d e m e l o,1164
p i1 d e n,4983
p i1 d e s,6440
p i1 d e s e l o,1808
p i d j e1 n d o,15192
p i d j e1 n d o l e,1486
p i d j e1 n d o m e,1350
p i d j e1 n d o t e,661
p i d j e1 ɾ a,2028
p i d j e1 ɾ a s,499
p i d j e1 ɾ o n,4986
p i d j o1,31069
p i1 d o,33254
p j e1,55116
p j e d a1 d,9902
p j e1 d ɾ a,22254
p j e1 d ɾ a s,11359
p j e1 l,29026
p j e1 l e s,3026
p j e1 n s a,73919
p j e1 n s a l o,17035
p j e1 n s a n,18122
p j e1 n s a s,69110
p j e1 n s a t e l o,1780
p j e1 n s e,14306
p j e1 n s e l o,3219
p j e1 n s e n,6174
p j e1 n s e n l o,1525
p j e1 n s e s,13894
p j e1 n s o,77641
p j e1 ɾ s e,3719
p j e1 ɾ d a,5913
p j e1 ɾ d a n,2375
p j e1 ɾ d a s,7483
p j e1 ɾ d e,13433
p j e1 ɾ d e n,5175
p j e1 ɾ d e s,9279
p j e1 ɾ d e t e,4805
p j e1 ɾ d o,7450
p j e1 ɾ n a,25173
p j e1 ɾ n a s,28641
p j e1 s,41723
p j e1 s a,13946
p j e1 s a s,9419
p i1 x a,1135
p i x a1 m a,2900
p i x a1 m a s,1714
p i1 l a,4681
p i l a1 ɾ,1711
p i l a1 ɾ e s,1098
p i1 l a s,2132
p i1 l d o ɾ a,2556
p i1 l d o ɾ a s,4950
p i l e1 t a,746
p i1 j a,1129
p i j a1 d o,3795
p i j a1 m o s,584
p i1 j a n,842
p i j a1 ɾ,2290
p i j a1 ɾ o n,911
p i1 j a s,1123
p i j a1 s t e,492
p i1 j e,572
p i j e1,1229
p i1 j o,2997
p i j o1,1059
p i l o t a1 ɾ,1049
p i l o1 t o,18093
p i l o1 t o s,5754
p i m j e1 n t a,2389
p i m j e1 n t o s,734
p i n s e1 l,704
p i n tʃ a1 d o,805
p i n tʃ a1 ɾ,602
p i n tʃ a1 s o,1137
p i1 n tʃ e,1416
p i ɲ g w i1 n o,1771
p i ɲ g w i1 n o s,1460
p i1 n o,2074
p i n o1 tʃ o,1168
p i1 n o s,869
p i1 n t a,9159
p i n t a1 b a,542
p i n t a1 d a,1077
p i n t a1 d a s,663
p i n t a1 d o,2386
p i n t a1 d o s,474
p i n t a l a1 b j o s,857
p i1 n t a n,724
p i n t a1 n d o,1897
p i n t a1 ɾ,6117
p i n t a1 ɾ l a,456
p i n t a1 ɾ l o,777
p i1 n t a s,1377
p i1 n t e,457
p i n t e1,713
p i1 n t o,1611
p i n t o1,1423
p i n t o1 ɾ,3793
p i n t o1 ɾ a,456
p i n t o1 ɾ e s,1045
p i n t o ɾ e1 s k o,648
p i n t u1 ɾ a,14681
p i n t u1 ɾ a s,4324
p i1 n s a,969
p i1 n s a s,1872
p i1 j a,1695
p i1 j a s,526
p i j a1 t a,606
p i1 o,883
p j o1 x o s,1515
p j o n e1 ɾ o,734
p j o n e1 ɾ o s,888
p i1 p a,3764
p i1 p a s,458
p i p i1,1701
p i1 k e,833
p i ɾ a1 d o,553
p i ɾ a1 m i d e,2660
p i ɾ a1 m i d e s,1503
p i ɾ a1 t a,5933
p i ɾ a1 t a s,5519
p i ɾ a t e ɾ i1 a,607
p i1 s,3640
p i1 s a,1879
p i s a1 d a s,1060
p i s a1 d o,1044
p i1 s a n,482
p i s a1 n d o,950
p i s a1 ɾ,1796
p i1 s a s,1111
p i s s i1 n a,11977
p i s s i1 n a s,869
p i1 s s i s,479
p i1 s e,535
p i s e1,490
p i1 s e s,488
p i1 s o,44636
p i s o1,739
p i1 s o s,5688
p i1 s t a,30465
p i1 s t a s,9324
p i s t o1 l a,36218
p i s t o1 l a s,6235
p i s t o l e1 ɾ o,1677
p i s t o l e1 ɾ o s,910
p i s t o1 n,543
p i1 t a,715
p i t a1 n d o,518
p i t i1 j o,476
p i1 t o,5565
p i t o1 n,454
p i t o n i1 s a,865
p i1 t o s,830
p i d t s b u1 ɾ g,2416
p i t u1 f o,553
p i t u1 f o s,601
p i s a1 r a,1985
p i1 s k a,2189
p i1 s s a,11913
p i1 s s a s,1830
p i s s e ɾ i1 a,770
p l a1 k a,10017
p l a1 k a s,4444
p l a1 s e,3143
p l a s e1 n t a,509
p l a s e n t e1 ɾ a,699
p l a s e n t e1 ɾ o,1203
p l a s e1 ɾ,53823
p l a s e1 ɾ e s,2327
p l a1 g a,4096
p l a g a1 d o,480
p l a1 g a s,859
p l a1 n,74609
p l a1 n a,2987
p l a1 n tʃ a,1483
p l a n tʃ a1 ɾ,703
p l a1 n tʃ a s,580
p l a1 n k t o n,594
p l a n e1 a,3942
p l a n e a1 b a,1735
p l a n e a1 b a s,505
p l a n e a1 d a,933
p l a n e a1 d o,9459
p l a n e a d o1 ɾ,457
p l a n e a1 m o s,2209
p l a n e1 a n,1777
p l a n e a1 n d o,7021
p l a n e a1 ɾ,2890
p l a n e a1 ɾ l o,871
p l a n e a1 ɾ o n,737
p l a n e1 a s,2660
p l a n e a1 s t e,876
p l a n e1 e,530
p l a n e e1,1244
p l a n e1 o,2276
p l a n e o1,1891
p l a1 n e s,27438
p l a n e1 t a,37973
p l a n e t a1 ɾ j o,690
p l a n e1 t a s,4559
p l a n i f i k a s j o1 n,1064
p l a n i f i k a1 ɾ,474
p l a1 n o,7521
p l a1 n o s,6367
p l a1 n t a,14560
p l a n t a s j o1 n,1450
p l a n t a s j o1 n e s,483
p l a n t a1 d a,1250
p l a n t a1 d o,2095
p l a n t a1 ɾ,2135
p l a1 n t a s,7728
p l a n t e1 a,638
p l a n t e a1 d o,494
p l a n t i1 j a,598
p l a n t o1,1001
p l a1 s m a,3296
p l a1 s t i k a,1658
p l a1 s t i k o,7622
p l a1 s t i k o s,640
p l a1 t a,15534
p l a t a f o1 ɾ m a,5456
p l a t a f o1 ɾ m a s,554
p l a1 t a n o,1634
p l a1 t a n o s,1165
p l a t e a1 d a,770
p l a t e a1 d o,1528
p l a1 t i k a,453
p l a t i k a1 ɾ,518
p l a t i1 j o,1161
p l a t i1 j o s,763
p l a t i1 n o,1150
p l a1 t o,12461
p l a t o1,1351
p l a t o1 n,831
p l a1 t o s,8782
p l a1 j a,22777
p l a1 j a s,1924
p l a1 s a,10002
p l a1 s a s,704
p l a1 s k a,1601
p l a1 s o,6258
p l a1 s o s,797
p l e b e1 j o,480
p l e g a1 ɾ j a,1260
p l e g a1 ɾ j a s,2156
p l e1 i t o,867
p l e1 n a,5948
p l e n a m e1 n t e,1431
p l e1 n o,3468
p l o m e ɾ i1 a,481
p l o m e1 ɾ o,1185
p l o1 m o,3521
p l u1 m a,6368
p l u1 m a s,4118
p l u ɾ a1 l,796
p l u1 s,1270
p l u1 t o,537
p l u t o1 n,616
p l u t o1 n j o,1025
p l i m o1 u d,590
p o b l a s j o1 n,6698
p o b l a1 d o,1362
p o1 b ɾ e,57120
p o b ɾ e s i1 j a,714
p o b ɾ e s i1 j o,488
p o b ɾ e s i1 t a,2393
p o b ɾ e s i1 t o,2837
p o1 b ɾ e s,15034
p o b ɾ e1 s a,3926
p o1 k a,10479
p o1 k a s,14388
p o s i1 l g a,1833
p o s j o1 n,2415
p o s j o1 n e s,753
p o1 k o,406193
p o1 k o s,21800
p o d a1 i s,1265
p o d a1 m o s,33273
p o1 d e,1089
p o d e1 i s,12498
p o d e1 m o s,290277
p o d e1 ɾ,131411
p o d e1 ɾ e s,15219
p o d e ɾ o1 s a,7510
p o d e ɾ o1 s a s,1778
p o d e ɾ o1 s o,13757
p o d e ɾ o1 s o s,3901
p o1 d e s,1602
p o d i1 a,98019
p o d i1 a m o s,10502
p o d i1 a n,10761
p o d i1 a s,16065
p o d i1 d o,32195
p o1 d j o,682
p o d ɾ a1,28633
p o d ɾ a1 n,11311
p o d ɾ a1 s,24106
p o1 d ɾ e,990
p o d ɾ e1,21913
p o d ɾ e1 i s,1375
p o d ɾ e1 m o s,22867
p o d ɾ i1 a,315557
p o d ɾ i1 a i s,1903
p o d ɾ i1 a m o s,58580
p o d ɾ i1 a n,36653
p o d ɾ i1 a s,83702
p o d ɾ i1 d a,1869
p o d ɾ i1 d a s,627
p o d ɾ i1 d o,2709
p o d ɾ i1 d o s,794
p o1 e,1346
p o e1 m a,6550
p o e1 m a s,3091
p o e s i1 a,7227
p o e1 t a,5694
p o e1 t a s,1595
p o e1 t i k a,570
p o e1 t i k o,1007
p o k e1 ɾ,1294
p o l a1 k a,1135
p o l a1 k o,2409
p o l a1 k o s,1769
p o l a1 ɾ,1555
p o l a1 ɾ e s,643
p o1 l e n,712
p o1 l i,9394
p o l i s i1 a,181737
p o l i s i1 a k a,678
p o l i s i1 a k o,478
p o l i s j a1 l,6408
p o l i s j a1 l e s,1491
p o l i s i1 a s,25458
p o l i1 g ɾ a f o,701
p o l i1 j a,704
p o l i1 j a s,518
p o1 l j o,503
p o1 l i s,4675
p o l i1 t i k a,23613
p o l i1 t i k a m e n t e,1179
p o l i1 t i k a s,4113
p o l i1 t i k o,8379
p o l i1 t i k o s,7448
p o1 l i s a,2173
p o1 j a,5065
p o1 j a s,908
p o j i1 t o,617
p o1 j o,18821
p o1 j o s,2878
p o1 l o,4807
p o l o1 n j a,3104
p o1 l o s,585
p o1 l b o,19602
p o1 l b o ɾ a,3071
p o1 l b o s,1064
p o m a1 d a,633
p o m p e1 j o,1106
p o m p o1 s o,534
p o1 n,23007
p o1 n tʃ e,1959
p o1 n tʃ o,477
p o n d ɾ a1,10527
p o n d ɾ a1 n,3028
p o n d ɾ a1 s,3871
p o n d ɾ e1,15007
p o n d ɾ e1 m o s,5922
p o n d ɾ i1 a,4994
p o n d ɾ i1 a n,690
p o n d ɾ i1 a s,920
p o1 n e,37379
p o n e1 d,959
p o n e1 d l e,670
p o n e1 d l o,606
p o n e1 m o s,6391
p o1 n e n,12911
p o n e1 o s,2455
p o n e1 ɾ,62727
p o n e1 ɾ l a,6490
p o n e1 ɾ l a s,1760
p o n e1 ɾ l e,16356
p o n e1 ɾ l e s,1366
p o n e1 ɾ l o,14098
p o n e1 ɾ l o s,3575
p o n e1 ɾ m e,25172
p o n e1 ɾ m e l a,483
p o n e1 ɾ m e l o,1353
p o n e1 ɾ n o s,7167
p o n e1 ɾ o s,994
p o n e1 ɾ s e,21868
p o n e1 ɾ s e l a,537
p o n e1 ɾ s e l o,1194
p o n e1 ɾ t e,22638
p o n e1 ɾ t e l a,525
p o n e1 ɾ t e l o,1469
p o1 n e s,17538
p o1 ɲ g a,21001
p o1 ɲ g a l a,1128
p o1 ɲ g a l e,1049
p o1 ɲ g a l o,2967
p o1 ɲ g a l o s,676
p o1 ɲ g a m e,5213
p o ɲ g a1 m o n o s,2662
p o ɲ g a1 m o s,3996
p o ɲ g a1 m o s l e,474
p o ɲ g a1 m o s l o,1276
p o1 ɲ g a n,9199
p o1 ɲ g a n l a,707
p o1 ɲ g a n l e,953
p o1 ɲ g a n l o,2517
p o1 ɲ g a n l o s,516
p o1 ɲ g a n s e,7823
p o1 ɲ g a s,13081
p o1 ɲ g a s e,9663
p o1 ɲ g a s e l o,880
p o1 ɲ g o,17589
p o1 n i,864
p o n i1 a,4907
p o n i1 a n,1278
p o n i1 a s,452
p o n j e1 n d o,16779
p o n j e1 n d o l e,678
p o n j e1 n d o l o,500
p o n j e1 n d o m e,1341
p o n j e1 n d o s e,1792
p o n j e1 n d o t e,1054
p o1 n i s,514
p o1 n l a,6119
p o1 n l a s,1725
p o1 n l e,7273
p o1 n l o,14461
p o1 n l o s,2068
p o1 m m e,7979
p o1 m m e l o,705
p o1 n s e l o,541
p o1 n t e,45683
p o1 n t e l a,1985
p o1 n t e l a s,860
p o1 n t e l o,4576
p o1 n t e l o s,1076
p o1 n i,1911
p o1 p a,2749
p o1 p e,1783
p o p e1 j e,909
p o p o1,1108
p o p u l a1 ɾ,10849
p o p u l a1 ɾ e s,2094
p o p u l a ɾ i d a1 d,1454
p o1 k e ɾ,2633
p o k i1 t o,14940
p o1 ɾ,4774012
p o ɾ s e l a1 n a,1427
p o ɾ s e n t a1 x e,2722
p o1 ɾ tʃ e,2823
p o ɾ s j o1 n,2117
p o ɾ s j o1 n e s,672
p o ɾ f a b o1 ɾ,4209
p o1 ɾ n o,6886
p o ɾ n o g ɾ a f i1 a,2887
p o1 ɾ o s,533
p o1 ɾ k e,699594
p o ɾ k e ɾ i1 a,10003
p o ɾ k e ɾ i1 a s,1843
p o1 r a,975
p o1 r o,1703
p o1 r o s,621
p o1 ɾ s tʃ e,1698
p o1 ɾ t a,1876
p o ɾ t a a b j o1 n e s,1062
p o ɾ t a1 d a,4362
p o ɾ t a1 d a s,553
p o ɾ t a1 d o,2264
p o ɾ t a d o1 ɾ,1922
p o ɾ t a d o1 ɾ e s,472
p o ɾ t a f o1 l j o,890
p o ɾ t a f o1 l j o s,794
p o ɾ t a1 l,4179
p o ɾ t a1 l e s,579
p o1 ɾ t a n,636
p o ɾ t a1 n d o,1123
p o ɾ t a1 ɾ,1153
p o ɾ t a1 ɾ m e,672
p o ɾ t a1 ɾ s e,991
p o ɾ t a1 ɾ t e,1277
p o1 ɾ t a s,1308
p o ɾ t a1 s t e,452
p o1 ɾ t a t e,5420
p o ɾ t a1 t i l,3013
p o ɾ t a b o1 s,1138
p o1 ɾ t e,1062
p o ɾ t e1,667
p o1 ɾ t e n s e,1135
p o ɾ t e1 ɾ a,554
p o ɾ t e1 ɾ o,4384
p o ɾ t l a1 n d,2046
p o1 ɾ t o,661
p o ɾ t o1,828
p o ɾ t o1 n,1615
p o ɾ t u g a1 l,1110
p o ɾ t u g e1 s,1058
p o ɾ t u g e1 s e s,511
p o ɾ b e n i1 ɾ,944
p o1 s a,572
p o s a1 d a,2583
p o s a1 ɾ,908
p o1 s e,1192
p o s e1 a,531
p o s e1 e,4355
p o s e1 e n,1400
p o s e e1 ɾ,1689
p o s e1 e s,866
p o s e i1 a,897
p o s e i1 d a,1042
p o s e i1 d o,1471
p o s e i1 d o n,477
p o s e1 o,1531
p o s e s j o1 n,5922
p o s e s j o1 n e s,1694
p o s i b i l i d a1 d,23642
p o s i b i l i d a1 d e s,13347
p o s i1 b l e,98241
p o s i b l e m e1 n t e,9020
p o s i1 b l e s,5876
p o s i s j o1 n,38333
p o s i s j o1 n e s,5285
p o s i t i1 b a,3151
p o s i t i b a m e1 n t e,784
p o s i t i1 b a s,587
p o s i t i1 b o,7605
p o s i t i1 b o s,1142
p o s p o n e1 ɾ,1257
p o s p o n e1 ɾ l o,759
p o1 s d,3497
p o s t a1 l,4517
p o s t a1 l e s,1382
p o1 s t e,2649
p o1 s t e ɾ,901
p o s t e ɾ i d a1 d,476
p o s t e ɾ j o1 ɾ,2000
p o s t e ɾ j o1 ɾ e s,675
p o s t e ɾ j o ɾ m e1 n t e,475
p o1 s t e s,914
p o s t o1 ɾ,774
p o1 s t ɾ e,6474
p o1 s t ɾ e s,953
p o s t u l a1 ɾ s e,506
p o s t u1 ɾ a,3681
p o t a1 b l e,804
p o t a1 s j o,1028
p o1 t e,478
p o t e1 n s j a,7878
p o t e n s j a1 l,6698
p o t e n s j a1 l e s,1439
p o t e n s j a l m e1 n t e,1308
p o t e1 n t e,2681
p o t e1 n t e s,645
p o1 t ɾ o,1158
p o1 s o,8522
p o1 s o s,1769
p ɾ a k t i1 k a,2607
p ɾ a1 k t i k a,10025
p ɾ a k t i k a1 b a,562
p ɾ a k t i k a1 d o,1110
p ɾ a1 k t i k a m e n t e,9245
p ɾ a k t i k a1 m o s,702
p ɾ a k t i1 k a n,681
p ɾ a k t i k a1 n d o,3703
p ɾ a k t i k a1 n t e,560
p ɾ a k t i k a1 ɾ,7127
p ɾ a k t i1 k a s,1006
p ɾ a1 k t i k a s,3216
p ɾ a k t i1 k o,1041
p ɾ a1 k t i k o,2996
p ɾ a1 k t i k o s,687
p ɾ a d e1 ɾ a,1344
p ɾ a d e1 ɾ a s,682
p ɾ a1 d o,2127
p ɾ a1 g a,2194
p ɾ e k a u1 s j o n,3300
p ɾ e k a u1 s j o n e s,2326
p ɾ e k a b i1 d o,742
p ɾ e s e1 d e,666
p ɾ e s e d e1 n t e,1147
p ɾ e s e d e1 n t e s,1733
p ɾ e s j a1 d a,784
p ɾ e s j a1 d o,1330
p ɾ e s i1 n t o,540
p ɾ e1 s j o,32212
p ɾ e1 s j o s,4579
p ɾ e s j o1 s a,23607
p ɾ e s j o1 s a s,3448
p ɾ e s j o s i d a1 d,1231
p ɾ e s j o1 s o,17816
p ɾ e s j o1 s o s,2953
p ɾ e s i p i1 s j o,1546
p ɾ e s i p i t a1 d o,889
p ɾ e s i p i1 t e s,468
p ɾ e s i1 s a,3130
p ɾ e s i s a m e1 n t e,12996
p ɾ e s i s a1 m o s,874
p ɾ e s i s a1 ɾ,522
p ɾ e s i1 s a s,1020
p ɾ e s i s j o1 n,2969
p ɾ e s i1 s o,8582
p ɾ e s i1 s o s,1166
p ɾ e k o1 s,527
p ɾ e d e s e s o1 ɾ,641
p ɾ e d e s i1 b l e,1176
p ɾ e d e s i1 ɾ,2298
p ɾ e d e s t i n a1 d o,471
p ɾ e d i k a d o1 ɾ,2282
p ɾ e d i k a1 n d o,472
p ɾ e d i k a1 ɾ,780
p ɾ e d i k s j o1 n,956
p ɾ e d i k s j o1 n e s,860
p ɾ e d i1 s e,528
p ɾ e d i1 x o,1191
p ɾ e e s k o l a1 ɾ,452
p ɾ e f e1 k t o,1239
p ɾ e f e k t u1 ɾ a,461
p ɾ e f e ɾ e1 n s j a,1164
p ɾ e f e ɾ e1 n s j a s,614
p ɾ e f e ɾ i1 a,1531
p ɾ e f e ɾ i1 b l e,844
p ɾ e f e ɾ i b l e m e1 n t e,483
p ɾ e f e ɾ i1 d a,1929
p ɾ e f e ɾ i1 d a s,535
p ɾ e f e ɾ i1 d o,4760
p ɾ e f e ɾ i1 d o s,659
p ɾ e f e ɾ i1 m o s,1268
p ɾ e f e ɾ i ɾ i1 a,12093
p ɾ e f e ɾ i ɾ i1 a s,2095
p ɾ e f j e1 ɾ a,895
p ɾ e f j e1 ɾ a s,820
p ɾ e f j e1 ɾ e,7161
p ɾ e f j e1 ɾ e n,2566
p ɾ e f j e1 ɾ e s,7322
p ɾ e f j e1 ɾ o,27177
p ɾ e f i ɾ j o1,610
p ɾ e g u1 n t a,96962
p ɾ e g u n t a1 b a,16683
p ɾ e g u n t a1 b a m o s,1046
p ɾ e g u n t a1 b a n,569
p ɾ e g u n t a1 d o,11593
p ɾ e g u1 n t a l e,17600
p ɾ e g u1 n t a l e s,1258
p ɾ e g u1 n t a m e,3609
p ɾ e g u1 n t a m e l o,621
p ɾ e g u n t a1 m o s,2247
p ɾ e g u1 n t a n,5290
p ɾ e g u n t a1 n d o,11126
p ɾ e g u n t a1 n d o l e,635
p ɾ e g u n t a1 n d o m e,3450
p ɾ e g u n t a1 n d o s e,1431
p ɾ e g u n t a1 n d o t e,897
p ɾ e g u n t a1 ɾ,23319
p ɾ e g u n t a1 ɾ a,1043
p ɾ e g u n t a ɾ a1,1189
p ɾ e g u n t a ɾ a1 n,799
p ɾ e g u n t a1 ɾ a s,480
p ɾ e g u n t a ɾ a1 s,683
p ɾ e g u n t a ɾ e1,4492
p ɾ e g u n t a ɾ e1 m o s,552
p ɾ e g u n t a ɾ i1 a,1210
p ɾ e g u n t a1 ɾ l e,26956
p ɾ e g u n t a1 ɾ l e s,2693
p ɾ e g u n t a1 ɾ l o,1632
p ɾ e g u n t a1 ɾ m e,11119
p ɾ e g u n t a1 ɾ m e l o,1131
p ɾ e g u n t a1 ɾ n o s,1138
p ɾ e g u n t a1 ɾ o n,2398
p ɾ e g u n t a1 ɾ s e,2280
p ɾ e g u n t a1 ɾ s e l o,4663
p ɾ e g u n t a1 ɾ t e,29593
p ɾ e g u n t a1 ɾ t e l o,2096
p ɾ e g u1 n t a s,66820
p ɾ e g u1 n t a s e l o,3684
p ɾ e g u n t a1 s t e,5470
p ɾ e g u1 n t a t e,917
p ɾ e g u1 n t e,7933
p ɾ e g u n t e1,14054
p ɾ e g u1 n t e l e,5086
p ɾ e g u1 n t e m e,767
p ɾ e g u n t e1 m o s l e,862
p ɾ e g u1 n t e n,1836
p ɾ e g u1 n t e n l e,1237
p ɾ e g u1 n t e s,6761
p ɾ e g u1 n t e s e l o,1375
p ɾ e g u1 n t o,36791
p ɾ e g u n t o1,12381
p ɾ e x w i1 s j o,843
p ɾ e x w i1 s j o s,1909
p ɾ e l i m i n a1 ɾ,1899
p ɾ e l i m i n a1 ɾ e s,1317
p ɾ e m a t u1 ɾ a,693
p ɾ e m a t u ɾ a m e1 n t e,563
p ɾ e m a t u1 ɾ o,1181
p ɾ e m e d i t a s j o1 n,525
p ɾ e m e d i t a1 d o,1052
p ɾ e1 m j o,17493
p ɾ e1 m j o s,3721
p ɾ e m i1 s a,492
p ɾ e m o n i s j o1 n,636
p ɾ e1 n d a,1652
p ɾ e1 n d a s,1171
p ɾ e1 n d e,1214
p ɾ e n d e1 ɾ,1554
p ɾ e n d e1 ɾ l e,500
p ɾ e n d i1 d a,639
p ɾ e n d i1 d o,856
p ɾ e n d j o1,1080
p ɾ e1 n s a,24527
p ɾ e n u p s j a1 l,510
p ɾ e j a1 d a,949
p ɾ e o k u1 p a,29806
p ɾ e o k u p a1 b a,3955
p ɾ e o k u p a s j o1 n,7949
p ɾ e o k u p a s j o1 n e s,4536
p ɾ e o k u p a1 d a,14459
p ɾ e o k u p a1 d o,23117
p ɾ e o k u p a1 d o s,5566
p ɾ e o k u p a1 m o s,868
p ɾ e o k u1 p a n,3949
p ɾ e o k u p a1 n d o,838
p ɾ e o k u p a1 n d o m e,640
p ɾ e o k u p a1 n d o s e,486
p ɾ e o k u p a1 n t e,1042
p ɾ e o k u p a1 ɾ,1984
p ɾ e o k u p a1 ɾ a,856
p ɾ e o k u p a ɾ e1,479
p ɾ e o k u p a ɾ i1 a,2230
p ɾ e o k u p a1 ɾ l e,530
p ɾ e o k u p a1 ɾ m e,10200
p ɾ e o k u p a1 ɾ n o s,5296
p ɾ e o k u p a1 ɾ o s,510
p ɾ e o k u p a1 ɾ s e,22830
p ɾ e o k u p a1 ɾ t e,20261
p ɾ e o k u1 p a s,5225
p ɾ e o k u1 p a t e,2319
p ɾ e o k u1 p e,24155
p ɾ e o k u p e1,913
p ɾ e o k u p e1 i s,1309
p ɾ e o k u1 p e n,5783
p ɾ e o k u1 p e s,84509
p ɾ e o k u1 p o,5198
p ɾ e o k u p o1,1068
p ɾ e p a1 ɾ a,8179
p ɾ e p a ɾ a1 b a,1095
p ɾ e p a ɾ a s j o1 n,3121
p ɾ e p a ɾ a1 d,789
p ɾ e p a ɾ a1 d a,10116
p ɾ e p a ɾ a1 d a s,1541
p ɾ e p a ɾ a1 d o,29033
p ɾ e p a ɾ a1 d o s,14110
p ɾ e p a1 ɾ a l e,455
p ɾ e p a1 ɾ a l o,744
p ɾ e p a1 ɾ a m e,935
p ɾ e p a ɾ a1 m o s,1763
p ɾ e p a1 ɾ a n,1642
p ɾ e p a ɾ a1 n d o,8517
p ɾ e p a ɾ a1 n d o m e,944
p ɾ e p a ɾ a1 n d o n o s,537
p ɾ e p a ɾ a1 n d o s e,2142
p ɾ e p a ɾ a1 n d o t e,506
p ɾ e p a ɾ a1 o s,2510
p ɾ e p a ɾ a1 ɾ,10948
p ɾ e p a ɾ a ɾ e1,3381
p ɾ e p a ɾ a ɾ e1 m o s,539
p ɾ e p a ɾ a1 ɾ l a,806
p ɾ e p a ɾ a1 ɾ l e,1214
p ɾ e p a ɾ a1 ɾ l o,1892
p ɾ e p a ɾ a1 ɾ l o s,614
p ɾ e p a ɾ a1 ɾ m e,4519
p ɾ e p a ɾ a1 ɾ n o s,3218
p ɾ e p a ɾ a1 ɾ o n,551
p ɾ e p a ɾ a1 ɾ s e,3722
p ɾ e p a ɾ a1 ɾ t e,3888
p ɾ e p a1 ɾ a s,1255
p ɾ e p a ɾ a1 s t e,724
p ɾ e p a1 ɾ a t e,13258
p ɾ e p a ɾ a t i1 b o s,2316
p ɾ e p a ɾ a t o1 ɾ j a,1721
p ɾ e p a1 ɾ e,4286
p ɾ e p a ɾ e1,2738
p ɾ e p a ɾ e1 m o n o s,869
p ɾ e p a ɾ e1 m o s,508
p ɾ e p a1 ɾ e n,5301
p ɾ e p a1 ɾ e n s e,15096
p ɾ e p a1 ɾ e s,683
p ɾ e p a1 ɾ e s e,3267
p ɾ e p a1 ɾ o,3057
p ɾ e p a ɾ o1,2258
p ɾ e1 s a,6847
p ɾ e s a1 x j o,742
p ɾ e1 s a s,1290
p ɾ e s s i n d i1 ɾ,1111
p ɾ e s k ɾ i p s j o1 n,719
p ɾ e s e1 n s j a,16875
p ɾ e s e n s j a1 d o,790
p ɾ e s e n s j a1 ɾ,1418
p ɾ e s e n s j o1,471
p ɾ e s e1 n t a,6754
p ɾ e s e n t a1 b a,551
p ɾ e s e n t a1 b l e,687
p ɾ e s e n t a s j o1 n,7301
p ɾ e s e n t a s j o1 n e s,1225
p ɾ e s e n t a1 d a,690
p ɾ e s e n t a1 d o,4940
p ɾ e s e n t a d o1 ɾ,1152
p ɾ e s e n t a1 d o s,574
p ɾ e s e1 n t a m e,477
p ɾ e s e n t a1 m o s,1579
p ɾ e s e1 n t a n,1526
p ɾ e s e n t a1 n d o,1151
p ɾ e s e n t a1 ɾ,10612
p ɾ e s e n t a1 ɾ a,641
p ɾ e s e n t a ɾ a1,1505
p ɾ e s e n t a ɾ e1,2975
p ɾ e s e n t a ɾ e1 m o s,545
p ɾ e s e n t a1 ɾ l a,626
p ɾ e s e n t a1 ɾ l e,5791
p ɾ e s e n t a1 ɾ l e s,7178
p ɾ e s e n t a1 ɾ l o,994
p ɾ e s e n t a1 ɾ l o s,491
p ɾ e s e n t a1 ɾ m e,6639
p ɾ e s e n t a1 ɾ n o s,1501
p ɾ e s e n t a1 ɾ o n,1318
p ɾ e s e n t a1 ɾ o s,1122
p ɾ e s e n t a1 ɾ s e,4633
p ɾ e s e n t a1 ɾ t e,9413
p ɾ e s e1 n t a s,1276
p ɾ e s e n t a1 s t e,757
p ɾ e s e1 n t a t e,1091
p ɾ e s e1 n t e,22090
p ɾ e s e n t e1,1736
p ɾ e s e1 n t e n,1420
p ɾ e s e1 n t e n s e,1161
p ɾ e s e1 n t e s,5282
p ɾ e s e1 n t e s e,1904
p ɾ e s e n t i m j e1 n t o,6539
p ɾ e s e1 n t o,17125
p ɾ e s e n t o1,5553
p ɾ e s e ɾ b a s j o1 n,578
p ɾ e s e ɾ b a1 ɾ,1934
p ɾ e s e ɾ b a t i1 b o,479
p ɾ e s i1 d e,618
p ɾ e s i d e1 n s j a,2309
p ɾ e s i d e n s j a1 l,2773
p ɾ e s i d e1 n t e,76357
p ɾ e s i d e1 n t e s,1482
p ɾ e s j e1 n t o,2536
p ɾ e s j o1 n,24849
p ɾ e s j o1 n a,2699
p ɾ e s j o n a1 d o,1232
p ɾ e s j o1 n a l o,470
p ɾ e s j o1 n a n,575
p ɾ e s j o n a1 n d o,2161
p ɾ e s j o n a1 ɾ,2401
p ɾ e s j o n a1 ɾ l o,742
p ɾ e s j o n a1 ɾ m e,740
p ɾ e s j o n a1 ɾ t e,1042
p ɾ e s j o1 n a s,805
p ɾ e s j o1 n e,1370
p ɾ e s j o n e1,472
p ɾ e s j o1 n e s,2241
p ɾ e s j o1 n o,600
p ɾ e s j o n o1,541
p ɾ e1 s o,6361
p ɾ e1 s o s,3985
p ɾ e1 s t a,5112
p ɾ e s t a1 d a,1544
p ɾ e s t a1 d o,7576
p ɾ e s t a1 d o s,885
p ɾ e1 s t a m e,2434
p ɾ e s t a m i1 s t a,566
p ɾ e1 s t a m o,5986
p ɾ e1 s t a m o s,2103
p ɾ e1 s t a n,863
p ɾ e s t a1 n d o,1230
p ɾ e s t a1 ɾ,3492
p ɾ e s t a ɾ e1,564
p ɾ e s t a1 ɾ l e,1663
p ɾ e s t a1 ɾ m e,4437
p ɾ e s t a1 ɾ n o s,653
p ɾ e s t a1 ɾ o n,474
p ɾ e s t a1 ɾ t e,874
p ɾ e1 s t a s,2519
p ɾ e1 s t e,2014
p ɾ e s t e1,1485
p ɾ e1 s t e n,2218
p ɾ e1 s t e s,1604
p ɾ e s t i1 x j o,1574
p ɾ e1 s t o,1791
p ɾ e s t o1,1780
p ɾ e s u1 m e,514
p ɾ e s u m i1 d o,1065
p ɾ e s u m j e1 n d o,612
p ɾ e s u m i1 ɾ,1449
p ɾ e s u1 m o,766
p ɾ e s u n s j o1 n,512
p ɾ e s u1 n t o,538
p ɾ e s u n t w o1 s o,767
p ɾ e s u p w e1 s t o,5707
p ɾ e s u p w e1 s t o s,528
p ɾ e t e n s j o1 s o,849
p ɾ e t e1 n d a s,490
p ɾ e t e1 n d e,4575
p ɾ e t e n d e1 m o s,489
p ɾ e t e1 n d e n,1084
p ɾ e t e n d e1 ɾ,2434
p ɾ e t e1 n d e s,3038
p ɾ e t e n d i1 a,3159
p ɾ e t e n d j e1 n d o,886
p ɾ e t e n d j e1 n t e,822
p ɾ e t e n d j e1 n t e s,667
p ɾ e t e1 n d o,3557
p ɾ e t e n s j o1 n e s,541
p ɾ e t e1 s t o,1776
p ɾ e b e n s j o1 n,696
p ɾ e b e n i1 d o,513
p ɾ e b e n i1 ɾ,2789
p ɾ e b e n i1 ɾ l o,530
p ɾ e b e n t i1 b a,666
p ɾ e b e1 ɾ,708
p ɾ e1 b j a,1478
p ɾ e b j a m e1 n t e,2419
p ɾ e1 b j a s,642
p ɾ e1 b j o,1919
p ɾ e1 b j o s,749
p ɾ e b i s i1 b l e,521
p ɾ e b i s j o1 n,525
p ɾ e b i1 s t a,596
p ɾ e b i1 s t o,4093
p ɾ i1 m a,9420
p ɾ i m a1 ɾ j a,3261
p ɾ i m a1 ɾ j a s,807
p ɾ i m a1 ɾ j o,1357
p ɾ i m a1 ɾ j o s,534
p ɾ i1 m a s,1057
p ɾ i m a1 t e s,492
p ɾ i m a b e1 ɾ a,12485
p ɾ i m e1 ɾ,107018
p ɾ i m e1 ɾ a,151748
p ɾ i m e1 ɾ a s,8530
p ɾ i m e1 ɾ o,144361
p ɾ i m e1 ɾ o s,16523
p ɾ i m i1 s j a,773
p ɾ i m i t i1 b a,1071
p ɾ i m i t i1 b a s,634
p ɾ i m i t i1 b o,1579
p ɾ i m i t i1 b o s,852
p ɾ i1 m o,19026
p ɾ i m o x e1 n i t o,782
p ɾ i m o ɾ d j a1 l,730
p ɾ i1 m o s,3841
p ɾ i n s e1 s a,24809
p ɾ i n s e1 s a s,971
p ɾ i n s e s i1 t a,642
p ɾ i n s e1 t o n,1869
p ɾ i n s i p a1 l,29232
p ɾ i n s i p a1 l e s,5118
p ɾ i n s i p a l m e1 n t e,3891
p ɾ i1 n s i p e,25457
p ɾ i1 n s i p e s,1591
p ɾ i n s i p j a1 n t e,1249
p ɾ i n s i p j a1 n t e s,1026
p ɾ i n s i1 p j o,41748
p ɾ i n s i1 p j o s,9060
p ɾ j o1 ɾ,808
p ɾ j o ɾ i d a1 d,6386
p ɾ j o ɾ i d a1 d e s,2020
p ɾ j o ɾ i t a1 ɾ j o,512
p ɾ i1 s a,45632
p ɾ i1 s a s,985
p ɾ i s j o1 n,36167
p ɾ i s j o n e1 ɾ a,2342
p ɾ i s j o n e1 ɾ o,11766
p ɾ i s j o n e1 ɾ o s,12196
p ɾ i s j o1 n e s,1796
p ɾ i s m a1 t i k o s,621
p ɾ i b a s i d a1 d,4523
p ɾ i b a s j o1 n,473
p ɾ i b a1 d a,11441
p ɾ i b a1 d a s,2482
p ɾ i b a1 d o,19520
p ɾ i b a1 d o s,2816
p ɾ i b i l e x j a1 d a,866
p ɾ i b i l e1 x j o,4813
p ɾ i b i l e1 x j o s,2342
p ɾ o1,2322
p ɾ o1 a,2555
p ɾ o b a b i l i d a1 d,3059
p ɾ o b a b i l i d a1 d e s,6010
p ɾ o b a1 b l e,13980
p ɾ o b a b l e m e1 n t e,75381
p ɾ o b a1 d a,777
p ɾ o b a1 d o,8815
p ɾ o b a1 m o s,1833
p ɾ o b a1 n d o,5602
p ɾ o b a1 ɾ,28806
p ɾ o b a ɾ a1,851
p ɾ o b a ɾ e1,2301
p ɾ o b a ɾ e1 m o s,1029
p ɾ o b a ɾ i1 a,452
p ɾ o b a1 ɾ l a,2292
p ɾ o b a1 ɾ l a s,596
p ɾ o b a1 ɾ l e,986
p ɾ o b a1 ɾ l o,14224
p ɾ o b a1 ɾ l o s,714
p ɾ o b a1 ɾ m e,1806
p ɾ o b a1 ɾ m e l o,609
p ɾ o b a1 ɾ o n,641
p ɾ o b a1 ɾ s e,1077
p ɾ o b a1 ɾ s e l o,513
p ɾ o b a1 ɾ t e,1318
p ɾ o b a1 ɾ t e l o,1162
p ɾ o b a1 s t e,1467
p ɾ o b e1,2219
p ɾ o b e1 m o s,2468
p ɾ o b e1 m o s l o,508
p ɾ o b l e1 m a,209037
p ɾ o b l e1 m a s,131960
p ɾ o b l e m a1 t i k a,745
p ɾ o b l e m a1 t i k o,1370
p ɾ o b l e m i1 t a,1274
p ɾ o b o1,1570
p ɾ o s e1 d a,1659
p ɾ o s e1 d a n,1342
p ɾ o s e1 d e,1723
p ɾ o s e d e1 m o s,477
p ɾ o s e1 d e n,463
p ɾ o s e d e1 n s j a,463
p ɾ o s e d e1 n t e,692
p ɾ o s e d e1 ɾ,3167
p ɾ o s e d e ɾ e1 m o s,485
p ɾ o s e d i m j e1 n t o,8322
p ɾ o s e d i m j e1 n t o s,2925
p ɾ o s e s a1 d o,940
p ɾ o s e s a d o1 ɾ,657
p ɾ o s e s a m j e1 n t o,790
p ɾ o s e s a1 n d o,650
p ɾ o s e s a1 ɾ,1759
p ɾ o s e s a1 ɾ l o,794
p ɾ o s e s j o1 n,838
p ɾ o s e1 s o,17609
p ɾ o s e1 s o s,1000
p ɾ o k l a1 m a,531
p ɾ o k ɾ e a1 ɾ,475
p ɾ o k u1 ɾ a,1753
p ɾ o k u ɾ a d o1 ɾ,1369
p ɾ o k u ɾ a1 ɾ,484
p ɾ o k u1 ɾ e,543
p ɾ o d i1 x j o,1016
p ɾ o1 d i g o,602
p ɾ o d u k s j o1 n,7982
p ɾ o d u k s j o1 n e s,590
p ɾ o d u1 s e,4897
p ɾ o d u1 s e n,1768
p ɾ o d u s i1 d a,866
p ɾ o d u s i1 d o,1998
p ɾ o d u s j e1 n d o,1123
p ɾ o d u s i1 ɾ,3773
p ɾ o d u s i ɾ a1,557
p ɾ o d u s i1 ɾ s e,559
p ɾ o d u k t i1 b o,883
p ɾ o d u1 k t o,8464
p ɾ o d u k t o1 ɾ,5673
p ɾ o d u k t o1 ɾ a,949
p ɾ o d u k t o1 ɾ e s,1947
p ɾ o d u1 k t o s,6676
p ɾ o d u1 x o,1876
p ɾ o d u1 s k a,502
p ɾ o e1 s a,476
p ɾ o1 f e,827
p ɾ o f e s i1 a,3525
p ɾ o f e s i1 a s,895
p ɾ o f e s j o1 n,6961
p ɾ o f e s j o n a1 l,20008
p ɾ o f e s j o n a1 l e s,6249
p ɾ o f e s j o n a l m e1 n t e,1160
p ɾ o f e s o1 ɾ,49461
p ɾ o f e s o1 ɾ a,7471
p ɾ o f e s o1 ɾ e s,5426
p ɾ o f e1 t a,3620
p ɾ o f e1 t a s,1405
p ɾ o f u1 n d a,6719
p ɾ o f u n d a m e1 n t e,8296
p ɾ o f u1 n d a s,2641
p ɾ o f u n d i d a1 d,5315
p ɾ o f u n d i d a1 d e s,2020
p ɾ o f u n d i s a1 ɾ,466
p ɾ o f u1 n d o,18229
p ɾ o f u1 n d o s,1893
p ɾ o g ɾ a1 m a,47481
p ɾ o g ɾ a m a s j o1 n,1937
p ɾ o g ɾ a m a1 d a,1611
p ɾ o g ɾ a m a1 d o,2959
p ɾ o g ɾ a m a d o1 ɾ,638
p ɾ o g ɾ a m a1 d o s,652
p ɾ o g ɾ a m a1 ɾ,973
p ɾ o g ɾ a1 m a s,6594
p ɾ o g ɾ e s a1 d o,858
p ɾ o g ɾ e s a1 n d o,1433
p ɾ o g ɾ e s a1 ɾ,802
p ɾ o g ɾ e1 s o,7520
p ɾ o g ɾ e1 s o s,1729
p ɾ o1 i b e,525
p ɾ o i b i1 s j o n,1243
p ɾ o i1 b i d a,2381
p ɾ o i1 b i d a s,890
p ɾ o i1 b i d o,8903
p ɾ o i1 b i d o s,829
p ɾ o i1 b j e ɾ o n,501
p ɾ o i1 b j o,964
p ɾ o i1 b i ɾ,834
p ɾ o i1 b o,1223
p ɾ o1 x i m o,1216
p ɾ o l o ɲ g a1 d a,469
p ɾ o l o ɲ g a1 d o,535
p ɾ o l o ɲ g a1 ɾ,656
p ɾ o m e1 d j o,3824
p ɾ o m e1 s a,14046
p ɾ o m e1 s a s,5736
p ɾ o m e1 t a,488
p ɾ o m e1 t a m e,1119
p ɾ o m e1 t a s,785
p ɾ o m e1 t e,3575
p ɾ o m e t e d o1 ɾ,1741
p ɾ o m e t e d o1 ɾ a,649
p ɾ o m e1 t e l o,907
p ɾ o m e1 t e m e,10990
p ɾ o m e1 t e m e l o,4240
p ɾ o m e t e1 m o s,670
p ɾ o m e1 t e n,675
p ɾ o m e t e1 o,498
p ɾ o m e t e1 ɾ,2561
p ɾ o m e t e1 ɾ l e,1326
p ɾ o m e t e1 ɾ l o,489
p ɾ o m e t e1 ɾ m e,2713
p ɾ o m e t e1 ɾ m e l o,456
p ɾ o m e t e1 ɾ t e,1214
p ɾ o m e1 t e s,6040
p ɾ o m e t i1,11659
p ɾ o m e t i1 d a,6923
p ɾ o m e t i1 d o,11099
p ɾ o m e t i1 d o s,692
p ɾ o m e t j e1 ɾ o n,1672
p ɾ o m e t i1 m o s,1200
p ɾ o m e t j o1,7665
p ɾ o m e t i1 s t e,8394
p ɾ o m e1 t o,43888
p ɾ o m i n e1 n t e,561
p ɾ o m o s j o1 n,2813
p ɾ o m o t o1 ɾ,823
p ɾ o m o b e1 ɾ,1104
p ɾ o n o1 s t i k o,1428
p ɾ o1 n t o,142083
p ɾ o n u1 n s j a,1240
p ɾ o n u n s j a1 d o,608
p ɾ o n u n s j a1 ɾ,1678
p ɾ o n u n s j a1 ɾ l o,614
p ɾ o p a g a1 n d a,2602
p ɾ o p e1 n s o,499
p ɾ o1 p j a,54521
p ɾ o p j a m e1 n t e,549
p ɾ o1 p j a s,13196
p ɾ o p j e d a1 d,17746
p ɾ o p j e d a1 d e s,4741
p ɾ o p j e t a1 ɾ j a,768
p ɾ o p j e t a1 ɾ j o,4447
p ɾ o p j e t a1 ɾ j o s,1494
p ɾ o p i1 n a,4105
p ɾ o p i1 n a s,1953
p ɾ o1 p j o,50381
p ɾ o1 p j o s,16635
p ɾ o p o1 n e,2507
p ɾ o p o n e1 ɾ,1990
p ɾ o p o n e1 ɾ l e,1025
p ɾ o p o n e1 ɾ m e,508
p ɾ o p o n e1 ɾ t e,854
p ɾ o p o1 n e s,1704
p ɾ o p o1 ɲ g o,4625
p ɾ o p o n j e1 n d o,710
p ɾ o p o ɾ s j o1 n,1215
p ɾ o p o ɾ s j o1 n a,1027
p ɾ o p o ɾ s j o n a1 d o,676
p ɾ o p o ɾ s j o n a1 ɾ,942
p ɾ o p o ɾ s j o n a1 ɾ l e,606
p ɾ o p o ɾ s j o1 n e s,1062
p ɾ o p o ɾ s j o n o1,553
p ɾ o p o s i s j o1 n,2456
p ɾ o p o1 s i t o,28172
p ɾ o p o1 s i t o s,1512
p ɾ o p w e1 s t a,8145
p ɾ o p w e1 s t a s,1000
p ɾ o p w e1 s t o,1413
p ɾ o p u l s j o1 n,1278
p ɾ o p u l s o1 ɾ,556
p ɾ o p u l s o1 ɾ e s,1280
p ɾ o p u1 s e,975
p ɾ o p u1 s o,2038
p ɾ o1 r o g a,502
p ɾ o1 s a,463
p ɾ o s e g i1 ɾ,710
p ɾ o s i1 g a,1070
p ɾ o1 s p e ɾ a,504
p ɾ o s p e ɾ a1 ɾ,520
p ɾ o s p e ɾ i d a1 d,1875
p ɾ o1 s p e ɾ o,844
p ɾ o1 s t a t a,948
p ɾ o s t i t u s j o1 n,1827
p ɾ o s t i t u1 t a,8488
p ɾ o s t i t u1 t a s,4020
p ɾ o t a g o n i1 s t a,2309
p ɾ o t a g o n i1 s t a s,576
p ɾ o t e k s j o1 n,17223
p ɾ o t e k t o1 ɾ,4557
p ɾ o t e k t o1 ɾ a,1176
p ɾ o t e k t o1 ɾ e s,947
p ɾ o t e1 x e,5821
p ɾ o t e1 x e m e,911
p ɾ o t e x e1 m o s,590
p ɾ o t e1 x e n,1836
p ɾ o t e1 x e n o s,628
p ɾ o t e x e1 ɾ,20732
p ɾ o t e x e ɾ a1,1946
p ɾ o t e x e ɾ e1,1634
p ɾ o t e x e ɾ e1 m o s,682
p ɾ o t e x e ɾ i1 a,462
p ɾ o t e x e1 ɾ l a,5609
p ɾ o t e x e1 ɾ l e,1300
p ɾ o t e x e1 ɾ l o,5366
p ɾ o t e x e1 ɾ l o s,2813
p ɾ o t e x e1 ɾ m e,7646
p ɾ o t e x e1 ɾ n o s,4239
p ɾ o t e x e1 ɾ o s,504
p ɾ o t e x e1 ɾ s e,3135
p ɾ o t e x e1 ɾ t e,10980
p ɾ o t e1 x e s,857
p ɾ o t e x i1 a,725
p ɾ o t e x i1 d a,2332
p ɾ o t e x i1 d a s,490
p ɾ o t e x i1 d o,5054
p ɾ o t e x i1 d o s,1537
p ɾ o t e x j e1 n d o,4539
p ɾ o t e x j e1 n d o t e,468
p ɾ o t e x j o1,766
p ɾ o t e i1 n a,1099
p ɾ o t e i1 n a s,1597
p ɾ o t e1 x a,2485
p ɾ o t e1 x a n,1190
p ɾ o t e1 x o,996
p ɾ o1 t e s i s,781
p ɾ o t e1 s t a,3429
p ɾ o t e s t a1 n d o,565
p ɾ o t e s t a1 n t e,909
p ɾ o t e s t a1 n t e s,819
p ɾ o t e s t a1 ɾ,1600
p ɾ o t e1 s t a s,1289
p ɾ o t e1 s t o,3100
p ɾ o t o k o1 l o,5376
p ɾ o t o k o1 l o s,2043
p ɾ o t o1 n e s,578
p ɾ o t o t i1 p o,2252
p ɾ o b e1 tʃ o,3140
p ɾ o b e1 e,935
p ɾ o b e e d o1 ɾ,2035
p ɾ o b e e d o1 ɾ e s,968
p ɾ o b e e1 ɾ,1262
p ɾ o b e e ɾ a1,489
p ɾ o b e n i1 a,518
p ɾ o b e n j e1 n t e,713
p ɾ o b e1 n s a,546
p ɾ o b e1 ɾ b j o,727
p ɾ o b i d e1 n s j a,896
p ɾ o b j e1 n e,3103
p ɾ o b j e1 n e n,954
p ɾ o b i1 n s j a,2411
p ɾ o b i1 n s j a s,987
p ɾ o b i1 n o,457
p ɾ o b i s j o n a1 l,1313
p ɾ o b i s j o1 n e s,4359
p ɾ o b o1 k a,3214
p ɾ o b o k a s j o1 n,1022
p ɾ o b o k a1 d o,2330
p ɾ o b o1 k a n,827
p ɾ o b o k a1 n d o,1513
p ɾ o b o k a1 ɾ,3727
p ɾ o b o k a ɾ a1,498
p ɾ o b o k a1 ɾ m e,804
p ɾ o b o k a1 ɾ o n,476
p ɾ o b o k o1,2468
p ɾ o b o1 k e,499
p ɾ o b o1 k e s,683
p ɾ o g s e n e1 t a,1049
p ɾ o1 g s i m a,50881
p ɾ o1 g s i m a s,3970
p ɾ o g s i m i d a1 d,897
p ɾ o1 g s i m o,30388
p ɾ o1 g s i m o s,7021
p ɾ o j e k s j o1 n,1930
p ɾ o j e k s j o1 n e s,1066
p ɾ o j e1 k t a,464
p ɾ o j e k t a1 ɾ,888
p ɾ o j e k t i1 l,1078
p ɾ o j e k t i1 l e s,1017
p ɾ o j e1 k t o,22799
p ɾ o j e k t o1 ɾ,872
p ɾ o j e1 k t o s,3517
p ɾ o s a1 k,627
p ɾ u d e1 n s j a,928
p ɾ u d e1 n t e,3424
p ɾ w e1 b a,68077
p ɾ w e1 b a l a,1059
p ɾ w e1 b a l o,4990
p ɾ w e1 b a m e,1154
p ɾ w e1 b a n,1146
p ɾ w e1 b a s,45544
p ɾ w e1 b a t e,986
p ɾ w e1 b a t e l o,1506
p ɾ w e1 b e,4241
p ɾ w e1 b e l o,945
p ɾ w e1 b e n,1077
p ɾ w e1 b e s,858
p ɾ w e1 b o,977
p s i k o a n a1 l i s i s,454
p s i k o a n a l i1 s t a,526
p s i k o1 l o g a,737
p s i k o l o x i1 a,2946
p s i k o l o1 x i k a,1399
p s i k o l o1 x i k a m e n t e,673
p s i k o l o1 x i k a s,462
p s i k o l o1 x i k o,2101
p s i k o l o1 x i k o s,676
p s i k o1 l o g o,2195
p s i k o1 l o g o s,579
p s i k o1 p a t a,4766
p s i k o1 p a t a s,1020
p s i k o1 s i s,964
p s i k o1 t i k a,533
p s i k o1 t i k o,1188
p s i1 k e,467
p s i k j a1 t ɾ a,7145
p s i k j a1 t ɾ a s,917
p s i k j a t ɾ i1 a,1516
p s i k j a1 t ɾ i k a,958
p s i k j a1 t ɾ i k o,2661
p s i1 k i k a,1320
p s i1 k i k o,2056
p s i1 k i k o s,744
p u1 a s,894
p u1 b,2018
p u b e ɾ t a1 d,1013
p u1 b i k o,626
p u b l i1 k a,1573
p u1 b l i k a,9684
p u b l i k a s j o1 n,1039
p u b l i k a s j o1 n e s,627
p u b l i k a1 d o,2202
p u1 b l i k a m e n t e,1873
p u b l i1 k a n,489
p u b l i k a1 ɾ,3182
p u b l i k a1 ɾ l o,1342
p u b l i k a1 ɾ o n,657
p u1 b l i k a s,3652
p u b l i s i d a1 d,8999
p u b l i s i1 s t a,1115
p u b l i s i t a1 ɾ j a,559
p u b l i s i t a1 ɾ j o,666
p u b l i1 k o,2188
p u b l i k o1,1295
p u1 b l i k o,37229
p u1 b l i k o s,2781
p u b l i1 k e,639
p u1 d e,48008
p u d j e1 n d o,520
p u d j e1 ɾ a,40875
p u d j e1 ɾ a m o s,6187
p u d j e1 ɾ a n,5450
p u d j e1 ɾ a s,9921
p u d j e1 ɾ o n,8905
p u d j e1 s e,4410
p u d j e1 s e m o s,903
p u d j e1 s e n,530
p u d j e1 s e s,803
p u d i1 m o s,8956
p u d i1 n,863
p u d i1 s t e,17746
p u1 d o,50524
p u1 d ɾ a,1209
p u1 d ɾ a n,466
p u1 d ɾ a n s e,529
p u1 d ɾ e,481
p u1 d ɾ e t e,5904
p u d ɾ j e1 n d o s e,989
p u d ɾ i1 ɾ s e,900
p w e b l i1 t o,941
p w e1 b l o,83060
p w e1 b l o s,4970
p w e1 d a,109954
p w e1 d a n,18628
p w e1 d a s,37484
p w e1 d e,676696
p w e1 d e n,167870
p w e1 d e s,505874
p w e1 d o,880612
p w e1 n t e,27800
p w e1 n t e s,2347
p w e1 ɾ k o,2710
p w e1 ɾ k o s,532
p w e1 ɾ t a,154597
p w e1 ɾ t a s,26493
p w e1 ɾ t o,11394
p w e1 ɾ t o s,1320
p w e1 s,167595
p w e1 s t a,8044
p w e1 s t a s,2309
p w e1 s t o,65780
p w e1 s t o s,11287
p u1 x a,1611
p u1 l g a,602
p u l g a1 d a,1553
p u l g a1 d a s,2671
p u l g a1 ɾ,3196
p u l g a1 ɾ e s,1438
p u1 l g a s,1816
p u l i1 d o,479
p u l i1 ɾ,806
p u l i d s e1 ɾ,875
p u l m o1 n,3364
p u l m o n a1 ɾ,1717
p u l m o1 n e s,7179
p u l m o n i1 a,653
p u1 l p o,1241
p u1 l s a,698
p u l s a s j o1 n e s,454
p u l s a1 ɾ,707
p u1 l s e,481
p u l s e1 ɾ a,2000
p u l s e1 ɾ a s,680
p u1 l s o,9757
p u1 m,3278
p u1 m a,980
p u n s j o1 n,709
p u1 n k,1847
p u1 n t a,10276
p u n t a1 d a s,646
p u n t a1 x e,892
p u1 n t a s,1838
p u n t e ɾ i1 a,2362
p u n t i1 j a s,682
p u1 n t o,107204
p u1 n t o s,21934
p u n t w a s j o1 n,1322
p u n t w a1 l,2051
p u n t w a1 l e s,496
p u n t w a l i d a1 d,638
p u j a1 d o,4458
p u j a1 l,1166
p u j a l a1 d a,1137
p u j a l a1 d a s,770
p u j e t a1 s o,2629
p u j e t a1 s o s,917
p u j e t e1 ɾ a,512
p u j e t e1 ɾ o,490
p u1 j o,4584
p u1 j o s,2344
p u p i1 l a,504
p u p i1 l a s,1241
p u1 ɾ a,14034
p u ɾ a m e1 n t e,1163
p u1 ɾ a s,1666
p u ɾ e1,1947
p u ɾ e1 s a,2209
p u ɾ g a t o1 ɾ j o,1018
p u1 ɾ o,11698
p u1 ɾ o s,3050
p u1 ɾ p u ɾ a,2427
p u1 s,712
p u1 s e,21996
p u s j e1 ɾ a,2619
p u s j e1 ɾ a n,994
p u s j e1 ɾ a s,1002
p u s j e1 ɾ o n,11577
p u s i1 m o s,4467
p u s i1 s t e,10177
p u1 s o,34657
p u1 t a,96731
p u t a1 d a,882
p u1 t a s,9346
p u t i1 t a,1160
p u1 t o,19775
p u1 t o s,4476
p u1 s s l e,586
k e1,15344832
k e1,4624001
k e b ɾ a1 d a,659
k e b ɾ a1 d o,2175
k e b ɾ a1 d o s,501
k e b ɾ a1 ɾ,1455
k e b ɾ o1,1486
k e1 d a,90813
k e d a1 b a,7636
k e d a1 b a n,2187
k e d a1 d o,18338
k e d a1 i s,612
k e d a1 m o s,14467
k e1 d a n,31158
k e d a1 n d o,5242
k e d a1 n d o m e,639
k e d a1 n d o s e,964
k e d a1 n d o t e,738
k e d a1 o s,3577
k e d a1 ɾ,29971
k e d a1 ɾ a,4909
k e d a ɾ a1,15542
k e d a1 ɾ a n,1039
k e d a ɾ a1 n,4050
k e d a1 ɾ a s,2604
k e d a ɾ a1 s,6572
k e d a ɾ e1,14437
k e d a ɾ e1 m o s,5137
k e d a ɾ i1 a,5150
k e d a ɾ i1 a n,711
k e d a ɾ i1 a s,1081
k e d a1 ɾ m e,59442
k e d a1 ɾ m e l a,915
k e d a1 ɾ m e l o,2360
k e d a1 ɾ n o s,19921
k e d a1 ɾ n o s l o,483
k e d a1 ɾ o n,5704
k e d a1 ɾ o s,1982
k e d a1 ɾ s e,50716
k e d a1 ɾ s e l a,567
k e d a1 ɾ s e l o,1326
k e d a1 ɾ t e,46243
k e d a1 ɾ t e l a,936
k e d a1 ɾ t e l o,2154
k e1 d a s,16117
k e d a1 s e,600
k e d a1 s t e,4090
k e1 d a t e,108645
k e1 d a t e l a,2018
k e1 d a t e l a s,466
k e1 d a t e l o,4618
k e1 d a t e l o s,690
k e1 d e,22934
k e d e1,12473
k e d e1 i s,517
k e d e1 m o n o s,1651
k e d e1 m o s,1681
k e1 d e n,4747
k e1 d e n s e,16814
k e1 d e s,9863
k e1 d e s e,20355
k e1 d e s e l a,539
k e1 d e s e l o,1397
k e1 d o,20301
k e d o1,23834
k e1 x a,5745
k e x a1 b a,710
k e x a1 d o,877
k e1 x a n,1058
k e x a1 n d o,1159
k e x a1 n d o s e,1685
k e x a1 n d o t e,772
k e x a1 ɾ,847
k e x a1 ɾ m e,3124
k e x a1 ɾ n o s,592
k e x a1 ɾ s e,4440
k e x a1 ɾ t e,4715
k e1 x a s,5398
k e1 x e s,689
k e1 x o,1570
k e x o1,881
k e1 m a,5964
k e m a1 d a,2188
k e m a1 d a s,804
k e m a1 d o,5808
k e m a1 d o s,1570
k e m a d u1 ɾ a,1042
k e m a d u1 ɾ a s,2840
k e1 m a l o,1345
k e m a1 m o s,965
k e1 m a n,1522
k e m a1 n d o,3209
k e m a1 n d o s e,866
k e m a1 ɾ,5922
k e m a ɾ a1,710
k e m a ɾ a1 n,462
k e m a ɾ e1,700
k e m a ɾ e1 m o s,523
k e m a1 ɾ l a,751
k e m a1 ɾ l o,1551
k e m a1 ɾ l o s,772
k e m a1 ɾ m e,928
k e m a1 ɾ o n,1864
k e m a r o1 p a,638
k e m a1 ɾ s e,1507
k e m a1 ɾ t e,718
k e1 m a s,549
k e m a1 s t e,1015
k e1 m e,1212
k e m e1,1272
k e1 m e n,1038
k e1 m e n l o,474
k e1 m o,984
k e m o1,3692
k e1 p a,739
k e ɾ a1 i s,1743
k e ɾ a1 m o s,3240
k e ɾ e1 i s,12514
k e ɾ e1 m o s,69136
k e ɾ e1 ɾ,22689
k e ɾ e1 ɾ l a,946
k e ɾ e1 ɾ l e,516
k e ɾ e1 ɾ l o,1897
k e ɾ e1 ɾ m e,2080
k e ɾ e1 ɾ t e,2530
k e ɾ i1 a,233311
k e ɾ i1 a i s,664
k e ɾ i1 a m o s,10874
k e ɾ i1 a n,17706
k e ɾ i1 a s,41201
k e ɾ i1 d a,72176
k e ɾ i1 d a s,1034
k e ɾ i1 d o,70561
k e ɾ i1 d o s,8231
k e ɾ j e1 n d o,3789
k e r a1,10946
k e r a1 n,3940
k e r a1 s,10147
k e r e1,1558
k e r i1 a,20013
k e r i1 a m o s,913
k e r i1 a n,1906
k e r i1 a s,6308
k e1 s o,16938
k e1 s o s,795
k i1 s j o,1474
k j e1 b ɾ a,2490
k j e1 b ɾ e,472
k j e1 n,222169
k j e1 n,631087
k j e1 n e s,25622
k j e1 n e s,27160
k j e ɲ k j e1 ɾ a,3878
k j e1 ɾ a,55087
k j e1 ɾ a n,13026
k j e1 ɾ a s,65002
k j e1 ɾ e,391510
k j e1 ɾ e m e,494
k j e1 ɾ e n,115116
k j e1 ɾ e s,581874
k j e1 ɾ o,890427
k j e1 t a,6076
k j e1 t a s,767
k j e1 t o,19021
k j e1 t o s,7110
k j e t u1 d,495
k i x a1 d a,597
k i x o1 t e,1109
k i l a1 t e s,784
k i m e1 ɾ a,539
k i1 m i k a,6111
k i1 m i k a s,1445
k i1 m i k o,2914
k i1 m i k o s,3322
k i1 m j o,914
k i m j o t e ɾ a1 p j a,1257
k i1 n s e,9370
k i n j e1 n t o s,1887
k i1 n t a,6032
k i1 n t o,6412
k j o1 s k o,459
k i ɾ o1 f a n o,3661
k i ɾ u1 ɾ x i k a,613
k i ɾ u1 ɾ x i k o,709
k i1 s e,36928
k i s j e1 ɾ a,57920
k i s j e1 ɾ a m o s,2594
k i s j e1 ɾ a n,2386
k i s j e1 ɾ a s,7047
k i s j e1 ɾ o n,2248
k i s j e1 s e,689
k i s i1 m o s,1776
k i s i1 s t e,6081
k i1 s o,20436
k i s k i j o1 s o,672
k i1 s t e,553
k i1 t a,11952
k i t a1 b a,676
k i t a1 d o,5707
k i1 t a l a,486
k i1 t a l e,4103
k i1 t a l o,1014
k i1 t a m e,6364
k i1 t a m e l a,1058
k i1 t a m e l a s,480
k i1 t a m e l o,2258
k i t a1 m o s,1837
k i1 t a n,2090
k i t a1 n d o,1562
k i t a1 n d o l e,518
k i t a1 o s,1124
k i t a1 ɾ,11048
k i t a1 ɾ a,801
k i t a ɾ a1,1472
k i t a1 ɾ a n,591
k i t a ɾ a1 n,1043
k i t a ɾ a1 s,462
k i t a ɾ e1,2670
k i t a ɾ e1 m o s,695
k i t a ɾ i1 a,753
k i t a1 ɾ l a,720
k i t a1 ɾ l e,9412
k i t a1 ɾ l e s,1438
k i t a1 ɾ l o,1564
k i t a1 ɾ m e,9458
k i t a1 ɾ m e l a,1524
k i t a1 ɾ m e l o,2527
k i t a1 ɾ n o s,1946
k i t a1 ɾ o n,4029
k i t a1 ɾ s e,4965
k i t a1 ɾ s e l a,1260
k i t a1 ɾ s e l o,1905
k i t a1 ɾ t e,8371
k i t a1 ɾ t e l a,657
k i1 t a s,3090
k i1 t a s e l o,477
k i t a1 s t e,2087
k i1 t a t e,29636
k i1 t a t e l a,2450
k i1 t a t e l a s,526
k i1 t a t e l o,3985
k i1 t a t e l o s,1060
k i1 t e,5111
k i t e1,2715
k i1 t e l e,921
k i1 t e m e,1645
k i t e1 m o s,506
k i1 t e n,2674
k i1 t e n l e,1165
k i1 t e m m e,1276
k i1 t e m m e l a,628
k i1 t e m m e l o,1400
k i1 t e n s e,6552
k i1 t e s,2452
k i1 t e s e,5460
k i1 t o,3622
k i t o1,5692
k i s a1,188489
k i s a1 s,135717
r a1 b a n o,488
r a1 b j a,5552
r a b i1 n o,2889
r a b j o1 s o,1161
r a1 b o,1605
r a1 tʃ a,2284
r a s j a1 l,1397
r a s j a1 l e s,511
r a s j o1 n,1378
r a s j o n a1 l,2433
r a s j o n a1 l e s,574
r a s j o1 n e s,1467
r a s i1 s m o,1120
r a s i1 s t a,3017
r a s i1 s t a s,882
r a d a1 ɾ,6231
r a d a1 ɾ e s,566
r a d j a s j o1 n,6929
r a d j a d o1 ɾ,1243
r a d j a1 l,650
r a d j a1 n t e,2082
r a d i k a1 l,2532
r a d i k a1 l e s,1158
r a d i k a l m e1 n t e,497
r a1 d j o,36958
r a d j o a k t i1 b a,458
r a d j o a k t i1 b o,609
r a d j o g ɾ a f i1 a,1212
r a d j o g ɾ a f i1 a s,1235
r a d j o l o x i1 a,612
r a1 d j o s,1853
r a1 e,709
r a f a e1 l,1945
r a1 f a g a,861
r a1 f a g a s,503
r a i1 s e s,5288
r a i1 s,3373
r a1 x a,1880
r a1 j i,463
r a1 m,2359
r a1 m a,3835
r a1 m a s,2704
r a m e1 ɾ a,3602
r a m e1 ɾ a s,845
r a m i1 ɾ e s,980
r a1 m o,1865
r a m o1 n,3072
r a m o1 n a,932
r a1 m o s,1412
r a1 m p a,1796
r a1 n a,3844
r a1 n a s,1767
r a1 n tʃ o,6303
r a1 n s j o,462
r a1 ɲ g o,6939
r a n u1 ɾ a,523
r a1 p,1929
r a p e1 ɾ o,761
r a1 p i d a,11447
r a1 p i d a m e n t e,14438
r a1 p i d a s,1448
r a p i d e1 s,2558
r a p i d i1 t o,753
r a1 p i d o,154898
r a1 p i d o s,3771
r a p t a1 d a,453
r a p t a1 d o,808
r a p t a1 ɾ,464
r a1 p t o,740
r a p t o1 ɾ,1293
r a k e1 l,1035
r a k e1 t a,603
r a1 ɾ a,14577
r a ɾ a m e1 n t e,1544
r a1 ɾ a s,6135
r a ɾ e1 s a,575
r a ɾ e1 s a s,495
r a ɾ i1 t o,516
r a1 ɾ o,60956
r a1 ɾ o s,5379
r a s k a s j e1 l o s,940
r a s k a1 ɾ s e,568
r a s k a1 ɾ t e,624
r a1 s g o,748
r a1 s g o s,1630
r a s g u1 j o,2704
r a s g u1 j o s,636
r a1 s o,858
r a s t ɾ e1 a,630
r a s t ɾ e a1 d o,848
r a s t ɾ e a d o1 ɾ,2126
r a s t ɾ e a d o1 ɾ e s,567
r a s t ɾ e a1 m o s,829
r a s t ɾ e a1 n d o,2173
r a s t ɾ e a1 ɾ,4585
r a s t ɾ e a1 ɾ l a,790
r a s t ɾ e a1 ɾ l o,2080
r a s t ɾ e a1 ɾ l o s,676
r a s t ɾ e1 e n,469
r a s t ɾ e1 o,2640
r a s t ɾ i1 j o,478
r a1 s t ɾ o,11842
r a1 s t ɾ o s,4741
r a1 t a,11694
r a1 t a s,9627
r a t i1 t o,1877
r a1 t o,39477
r a t o1 n,6463
r a t o n s i1 t o,614
r a t o n e1 ɾ a,551
r a t o1 n e s,3376
r a1 t o s,778
r a u1 l,1023
r a1 j a,5162
r a j a1 d o,543
r a1 j a s,2055
r a1 j o,10502
r a1 j o s,22887
r a1 s a,12184
r a1 s a s,1648
r a s o1 n,208115
r a s o n a1 b l e,9833
r a s o n a b l e m e1 n t e,546
r a s o n a1 b l e s,1303
r a s o n a m j e1 n t o,1268
r a s o n a1 ɾ,1527
r a s o1 n e s,19305
r e1,12505
r e a b ɾ i1 ɾ,642
r e a k s j o1 n,10915
r e a k s j o1 n a,1829
r e a k s j o n a1 d o,598
r e a k s j o1 n a n,723
r e a k s j o n a1 n d o,462
r e a k s j o n a1 ɾ,2387
r e a k s j o1 n e s,1880
r e a k s j o n o1,1141
r e a k t o1 ɾ,3753
r e a k t o1 ɾ e s,1279
r e a1 g a n,2303
r e a1 l,66607
r e a1 l e s,10658
r e a l e1 s a,1778
r e a l i1 s e,624
r e a l i d a1 d,109964
r e a l i d a1 d e s,758
r e a l i1 s m o,510
r e a l i1 s t a,3327
r e a l i1 s t a s,1203
r e a l i1 s a,1546
r e a l i s a s j o1 n,768
r e a l i s a1 d a,827
r e a l i s a1 d o,2933
r e a l i s a1 d o s,554
r e a l i1 s a n,784
r e a l i s a1 n d o,1480
r e a l i s a1 ɾ,7113
r e a l i s a ɾ a1,594
r e a l i s a1 ɾ s e,990
r e a l i s o1,1543
r e a l m e1 n t e,197439
r e a n i m a s j o1 n,522
r e a n u d a1 ɾ,524
r e b a1 x a,610
r e b a x a1 ɾ,485
r e b a1 x a s,593
r e b a n a1 d a,673
r e b a1 j o,2332
r e b e1 k a,640
r e b e1 k k a,6529
r e b e l a1 ɾ s e,673
r e b e1 l d e,4315
r e b e1 l d e s,5687
r e b e l d i1 a,493
r e b e l j o1 n,3119
r e b o1 t a,552
r e b o t a1 ɾ,550
r e b o1 t e,855
r e b o t o1,482
r e k a1 d o,3200
r e k a1 d o s,1370
r e k a1 e,577
r e k a i1 d a,558
r e k a1 m a ɾ a,991
r e k a1 ɾ g a,518
r e k a ɾ g a1 ɾ,902
r e k a u d a1 s j o n,1113
r e k a u1 d a ɾ,1148
r e1 s e,959
r e s e1,952
r e s e1 m o s,826
r e1 s e n,507
r e s e p s j o1 n,7138
r e s e p s j o n i1 s t a,1535
r e s e p t o1 ɾ,1664
r e s e p t o1 ɾ e s,779
r e s e s j o1 n,623
r e s e1 s o,1778
r e s e1 t a,6121
r e s e1 t a s,1809
r e tʃ a1 s e,483
r e tʃ a s e1,884
r e tʃ a1 s a,1994
r e tʃ a s a1 d a,1289
r e tʃ a s a1 d o,3515
r e tʃ a s a1 d o s,489
r e tʃ a1 s a n,676
r e tʃ a s a1 n d o,753
r e tʃ a s a1 ɾ,3137
r e tʃ a s a1 ɾ l a,621
r e tʃ a s a1 ɾ l o,1290
r e tʃ a s a1 ɾ m e,580
r e tʃ a s a1 ɾ o n,1044
r e tʃ a1 s a s,819
r e tʃ a s a1 s t e,972
r e tʃ a1 s o,3209
r e tʃ a s o1,2631
r e s i1 b a,3203
r e s i b a1 m o s,498
r e s i1 b a n,1045
r e s i1 b a s,1018
r e s i1 b e,9276
r e s i1 b e n,3568
r e s i1 b e s,3716
r e s i b i1,12821
r e s i b i1 a,1336
r e s i b i1 d a,917
r e s i b i1 d o,20170
r e s i b i1 d o s,545
r e s i b j e1 n d o,6044
r e s i b j e1 ɾ a,528
r e s i b j e1 ɾ o n,2356
r e s i b i m j e1 n t o,515
r e s i b i1 m o s,6304
r e s i b j o1,11699
r e s i b i1 ɾ,19855
r e s i b i ɾ a1,4624
r e s i b i ɾ a1 n,1905
r e s i b i ɾ a1 s,2146
r e s i b i ɾ e1,1005
r e s i b i ɾ e1 m o s,722
r e s i b i ɾ i1 a,626
r e s i b i1 ɾ l a,1056
r e s i b i1 ɾ l e,716
r e s i b i1 ɾ l o,1922
r e s i b i1 ɾ l o s,722
r e s i b i1 ɾ m e,2160
r e s i b i1 ɾ n o s,1040
r e s i b i1 ɾ t e,721
r e s i b i1 s t e,4633
r e s i1 b o,9341
r e s i1 b o s,1686
r e s i k l a1 x e,580
r e s j e1 n,16626
r e s j e1 n t e,5298
r e s j e n t e m e1 n t e,8786
r e s j e1 n t e s,2980
r e s i1 n t o,1493
r e s i p j e1 n t e,1933
r e s i p j e1 n t e s,721
r e s i1 t a,499
r e s i t a1 l,1270
r e s i t a1 ɾ,886
r e k l a1 m a,1064
r e k l a m a s j o1 n,642
r e k l a1 m a n,498
r e k l a m a1 ɾ,2352
r e k l a1 m o,1239
r e k l u1 s o,496
r e k l u1 s o s,574
r e k l u1 t a,1716
r e k l u t a1 d o,867
r e k l u t a m j e1 n t o,1528
r e k l u t a1 n d o,670
r e k l u t a1 ɾ,1038
r e k l u1 t a s,1510
r e k o b ɾ a1 ɾ,984
r e k o1 x e,4903
r e k o1 x e l a,742
r e k o1 x e l o,1377
r e k o1 x e m e,597
r e k o x e1 m o s,737
r e k o1 x e n,780
r e k o x e1 ɾ,15995
r e k o x e ɾ a1,1068
r e k o x e ɾ e1,2365
r e k o x e ɾ e1 m o s,718
r e k o x e1 ɾ l a,2592
r e k o x e1 ɾ l a s,786
r e k o x e1 ɾ l o,3751
r e k o x e1 ɾ l o s,1400
r e k o x e1 ɾ m e,2760
r e k o x e1 ɾ n o s,777
r e k o x e1 ɾ t e,2658
r e k o1 x e s,857
r e k o x i1,1912
r e k o x i1 a,515
r e k o x i1 d a,1052
r e k o x i1 d o,2240
r e k o x j e1 n d o,2604
r e k o x j e1 ɾ o n,771
r e k o x i1 m o s,677
r e k o x j o1,2272
r e k o x i1 s t e,652
r e k o1 x a,2251
r e k o1 x a n,1558
r e k o1 x a s,485
r e k o1 x o,1815
r e k o l e k s j o1 n,614
r e k o l e k t a1 n d o,464
r e k o l e k t a1 ɾ,861
r e k o m e n d a s j o1 n,2837
r e k o m e n d a s j o1 n e s,992
r e k o m e n d a1 d o,1080
r e k o m e n d a1 ɾ,1054
r e k o m e n d a ɾ e1,487
r e k o m e n d a ɾ i1 a,844
r e k o m e n d a1 ɾ l e,560
r e k o m e n d a1 ɾ t e,490
r e k o m e n d o1,1306
r e k o m j e1 n d a,1332
r e k o m j e1 n d o,4297
r e k o m p e1 n s a,11631
r e k o m p e n s a1 d o,804
r e k o m p e n s a1 ɾ t e,603
r e k o m p e1 n s a s,1789
r e k o n s i l j a s j o1 n,960
r e k o n s i l j a1 ɾ s e,498
r e k o m f o ɾ t a1 n t e,1529
r e k o n o1 s e,6552
r e k o n o1 s e l o,881
r e k o n o s e1 m o s,682
r e k o n o1 s e n,1481
r e k o n o s e1 ɾ,6997
r e k o n o s e ɾ a1,1027
r e k o n o s e ɾ a1 n,519
r e k o n o s e ɾ i1 a,1601
r e k o n o s e1 ɾ l a,536
r e k o n o s e1 ɾ l e,468
r e k o n o s e1 ɾ l o,3682
r e k o n o s e1 ɾ m e,742
r e k o n o s e1 ɾ t e,776
r e k o n o1 s e s,5315
r e k o n o s i1,2668
r e k o n o s i1 a,506
r e k o n o s i1 d a,615
r e k o n o s i1 d o,4355
r e k o n o s i m j e1 n t o,7175
r e k o n o s j o1,2611
r e k o n o s i1 s t e,576
r e k o n o1 s k a,1257
r e k o n o1 s k a n,526
r e k o n o1 s k o,8355
r e k o n s i d e ɾ a1 ɾ,1040
r e k o n s i d e ɾ a1 ɾ l o,837
r e k o n s i d e1 ɾ e,505
r e k o n s t ɾ u k s j o1 n,1548
r e k o n s t ɾ w i1 ɾ,2735
r e k o n s t ɾ w i1 ɾ l o,670
r e1 k o ɾ d,4451
r e k o ɾ d a1 b a,3254
r e k o ɾ d a1 d,1649
r e k o ɾ d a1 d o,2344
r e k o ɾ d a1 i s,758
r e k o ɾ d a1 m o s,1378
r e k o ɾ d a1 n d o,1695
r e k o ɾ d a1 ɾ,26609
r e k o ɾ d a1 ɾ a,919
r e k o ɾ d a ɾ a1,2221
r e k o ɾ d a ɾ a1 n,1139
r e k o ɾ d a ɾ a1 s,1727
r e k o ɾ d a ɾ e1,3271
r e k o ɾ d a ɾ e1 m o s,698
r e k o ɾ d a ɾ i1 a,1175
r e k o ɾ d a1 ɾ l a,1008
r e k o ɾ d a1 ɾ l e,4334
r e k o ɾ d a1 ɾ l e s,2202
r e k o ɾ d a1 ɾ l o,7167
r e k o ɾ d a1 ɾ l o s,576
r e k o ɾ d a1 ɾ m e,2684
r e k o ɾ d a1 ɾ m e l o,1857
r e k o ɾ d a1 ɾ n o s,816
r e k o ɾ d a1 ɾ s e l o,690
r e k o ɾ d a1 ɾ t e,4505
r e k o ɾ d a1 ɾ t e l o,753
r e k o ɾ d a1 s t e,685
r e k o ɾ d a t o1 ɾ j o,1132
r e k o ɾ d e1,2380
r e k o ɾ d e1 m o s,714
r e k o ɾ d o1,1786
r e1 k o ɾ d s,662
r e k o1 r e,849
r e k o r e1 ɾ,3024
r e k o r i1 d o,4298
r e k o r j e1 n d o,1245
r e k o ɾ t a1 ɾ,696
r e k o1 ɾ t e,722
r e k o1 ɾ t e s,1863
r e k o s t a1 ɾ m e,789
r e k o s t a1 ɾ t e,666
r e k ɾ e a s j o1 n,769
r e k ɾ e a1 ɾ,1014
r e k ɾ e1 o,1944
r e1 k t a,3033
r e k t i t u1 d,583
r e1 k t o,4331
r e k t o1 ɾ,1153
r e k w e1 n t o,1780
r e k w e1 ɾ d a,54951
r e k w e1 ɾ d a l e,489
r e k w e1 ɾ d a l o,3623
r e k w e1 ɾ d a m e,3648
r e k w e1 ɾ d a m e l o,462
r e k w e1 ɾ d a n,5922
r e k w e1 ɾ d a s,64964
r e k w e1 ɾ d e,10145
r e k w e1 ɾ d e l o,750
r e k w e1 ɾ d e m e,533
r e k w e1 ɾ d e n,8212
r e k w e1 ɾ d e s,3444
r e k w e1 ɾ d o,82959
r e k w e1 ɾ d o s,19091
r e k w e1 s t a t e,2101
r e k w e1 s t e s e,523
r e k u p e1 ɾ a,2149
r e k u p e ɾ a s j o1 n,4819
r e k u p e ɾ a1 d a,535
r e k u p e ɾ a1 d o,4010
r e k u p e ɾ a1 m o s,1404
r e k u p e1 ɾ a n,492
r e k u p e ɾ a1 n d o,1604
r e k u p e ɾ a1 n d o s e,663
r e k u p e ɾ a1 ɾ,16696
r e k u p e ɾ a ɾ a1,1920
r e k u p e ɾ a ɾ a1 s,869
r e k u p e ɾ a ɾ e1,1262
r e k u p e ɾ a ɾ e1 m o s,1045
r e k u p e ɾ a1 ɾ l a,3469
r e k u p e ɾ a1 ɾ l a s,476
r e k u p e ɾ a1 ɾ l o,4539
r e k u p e ɾ a1 ɾ l o s,876
r e k u p e ɾ a1 ɾ m e,1474
r e k u p e ɾ a1 ɾ o n,564
r e k u p e ɾ a1 ɾ s e,3338
r e k u p e ɾ a1 ɾ t e,1689
r e k u p e1 ɾ a s,549
r e k u p e ɾ a1 s t e,628
r e k u p e1 ɾ e,2883
r e k u p e ɾ e1,1172
r e k u p e1 ɾ e n,530
r e k u p e1 ɾ e s,776
r e k u p e1 ɾ o,738
r e k u p e ɾ o1,1873
r e k u r e1 n t e,478
r e k u r i1 ɾ,1973
r e k u1 ɾ s o,2421
r e k u1 ɾ s o s,9416
r e1 d,25671
r e d a k s j o1 n,1522
r e d a k t a1 ɾ,491
r e d a k t o1 ɾ,659
r e d a1 d a,2354
r e d a1 d a s,550
r e d e n s j o1 n,1772
r e1 d e s,2316
r e d o1 n d a,2563
r e d o1 n d a s,474
r e d o1 n d o,1604
r e d o1 n d o s,499
r e d u k s j o1 n,1457
r e d u1 s e,2771
r e d u1 s e n,468
r e d u s i1 d a,794
r e d u s i1 d o,2227
r e d u s j e1 n d o,663
r e d u s i1 ɾ,3831
r e d u s i1 ɾ l o,569
r e d u1 x o,583
r e d u1 s k a,477
r e e l e k s j o1 n,782
r e e m b o1 l s o,711
r e e m p l a1 s e,454
r e e m p l a1 s a,500
r e e m p l a s a1 d o,1076
r e e m p l a s a1 ɾ,2717
r e e m p l a s a1 ɾ l a,680
r e e m p l a s a1 ɾ l o,1510
r e e m p l a s a1 ɾ m e,988
r e e m p l a s a1 ɾ t e,576
r e e m p l a1 s o,2363
r e e m p l a s o1,504
r e e ɲ k a ɾ n a s j o1 n,848
r e e ɲ k w e1 n t ɾ o,463
r e e s k ɾ i b i1 ɾ,501
r e f e ɾ e1 n s j a,3934
r e f e ɾ e1 n s j a s,2904
r e f e ɾ e1 n t e,1089
r e f e ɾ i1 a,7884
r e f e ɾ i1 a s,771
r e f e ɾ i1 ɾ s e,1058
r e f j e1 ɾ e,13318
r e f j e1 ɾ e n,916
r e f j e1 ɾ e s,24449
r e f j e1 ɾ o,26795
r e f i n a1 d a,612
r e f i n a1 d o,1015
r e f i n e ɾ i1 a,550
r e f i ɾ j e1 n d o,588
r e f l e1 x a,1779
r e f l e1 x a n,658
r e f l e x a1 ɾ,581
r e f l e1 x o,3596
r e f l e1 x o s,2109
r e f l e g s j o1 n,853
r e f l e g s j o n a1 ɾ,1656
r e f o1 ɾ m a,1570
r e f o ɾ m a1 d o,539
r e f o1 ɾ m a s,821
r e f o ɾ m a t o1 ɾ j o,1372
r e f o ɾ s a1 d o,594
r e f o ɾ s a1 ɾ,1067
r e f ɾ a1 n,654
r e f ɾ e s k a1 n t e,1200
r e f ɾ e s k a1 ɾ,525
r e f ɾ e s k a1 ɾ m e,840
r e f ɾ e s k a1 ɾ s e,482
r e f ɾ e s k a1 ɾ t e,581
r e f ɾ e1 s k o,3143
r e f ɾ e1 s k o s,1442
r e f ɾ i x e ɾ a s j o1 n,581
r e f ɾ i x e ɾ a d o1 ɾ,4318
r e f w e1 ɾ s o,1325
r e f w e1 ɾ s o s,8028
r e f u x j a1 d o,882
r e f u x j a1 d o s,3317
r e f u x j a1 ɾ s e,604
r e f u1 x j o,9131
r e f u1 x j o s,882
r e g a1 l a,979
r e g a l a1 d o,1549
r e g a1 l a n,560
r e g a l a1 n d o,606
r e g a l a1 ɾ,1336
r e g a l a1 ɾ l e,1161
r e g a l a1 ɾ m e,494
r e g a l a1 ɾ o n,860
r e g a l a1 ɾ t e,734
r e g a1 l a s,502
r e g a l a1 s t e,592
r e g a l e1,1036
r e g a l i1 t o,1254
r e g a1 l o,44055
r e g a l o1,3301
r e g a1 l o s,12589
r e g a1 ɾ,615
r e g a t e a1 ɾ,509
r e g a1 s o,1673
r e x e n e ɾ a s j o1 n,563
r e x e1 n t e,950
r e1 x i m e n,2853
r e x i m j e1 n t o,4548
r e x i1 n a,2291
r e x j o1 n,5905
r e x j o n a1 l,1549
r e x j o n a1 l e s,972
r e x j o1 n e s,1127
r e x i1 s t ɾ a,1436
r e x i s t ɾ a1 d a,1739
r e x i s t ɾ a1 d o,4336
r e x i s t ɾ a d o1 ɾ a,903
r e x i s t ɾ a1 d o s,935
r e x i s t ɾ a1 m o s,738
r e x i1 s t ɾ a n,691
r e x i s t ɾ a1 n d o,964
r e x i s t ɾ a1 ɾ,3111
r e x i s t ɾ a1 ɾ l o,722
r e x i s t ɾ a1 ɾ m e,810
r e x i s t ɾ a1 ɾ o n,766
r e x i s t ɾ a1 ɾ s e,1299
r e x i s t ɾ a1 ɾ t e,452
r e x i1 s t ɾ e,583
r e x i s t ɾ e1,492
r e x i1 s t ɾ e n,1074
r e x i1 s t ɾ o,14604
r e x i s t ɾ o1,1453
r e x i1 s t ɾ o s,10639
r e1 g l a,15302
r e g l a m e1 n t o,2089
r e1 g l a s,33186
r e g o s i1 x o,541
r e g ɾ e1 s a,26631
r e g ɾ e s a1 b a,1232
r e g ɾ e s a1 d o,8183
r e g ɾ e1 s a l o,528
r e g ɾ e1 s a m e,529
r e g ɾ e s a1 m o s,4477
r e g ɾ e1 s a n,2596
r e g ɾ e s a1 n d o,2785
r e g ɾ e s a1 ɾ,46347
r e g ɾ e s a1 ɾ a,1952
r e g ɾ e s a ɾ a1,5906
r e g ɾ e s a1 ɾ a n,464
r e g ɾ e s a ɾ a1 n,1399
r e g ɾ e s a1 ɾ a s,933
r e g ɾ e s a ɾ a1 s,1962
r e g ɾ e s a ɾ e1,9154
r e g ɾ e s a ɾ e1 m o s,3228
r e g ɾ e s a ɾ i1 a,1361
r e g ɾ e s a ɾ i1 a s,519
r e g ɾ e s a1 ɾ l a,504
r e g ɾ e s a1 ɾ l o,964
r e g ɾ e s a1 ɾ o n,2553
r e g ɾ e s a1 ɾ t e,677
r e g ɾ e1 s a s,3132
r e g ɾ e s a1 s t e,3604
r e g ɾ e1 s e,15966
r e g ɾ e s e1,5313
r e g ɾ e s e1 m o s,4345
r e g ɾ e1 s e n,8291
r e g ɾ e1 s e s,4942
r e g ɾ e s j o1 n,465
r e g ɾ e s i1 b a,1005
r e g ɾ e1 s o,38607
r e g ɾ e s o1,10881
r e g u l a s j o1 n e s,694
r e g u l a d o1 ɾ,551
r e g u l a1 ɾ,3174
r e g u l a1 ɾ e s,1213
r e g u l a ɾ i d a1 d,586
r e g u l a ɾ m e1 n t e,1806
r e a b i l i t a s j o1 n,4232
r e a s e1 ɾ,861
r e e1 n,4916
r e e1 n e s,7238
r e u1 s a,741
r e u1 s o,665
r e i1,711
r e i1 a,1690
r e i1 a n,700
r e1 i tʃ,2485
r e i1 d o,1047
r e i1 m o s,1272
r e1 i n a,37224
r e i1 n a d o,1399
r e i1 n a ɾ,568
r e1 i n a s,1596
r e i n i1 s j a ɾ,597
r e1 i n o,16270
r e1 i n o s,1305
r e i1 ɾ,9401
r e i1 ɾ a,486
r e i1 ɾ a n,540
r e i1 ɾ m e,2304
r e i1 ɾ n o s,1139
r e i1 ɾ s e,4168
r e i1 ɾ t e,2888
r e1 x a,1359
r e1 x a s,2808
r e x i1 j a,843
r e l a s j o1 n,43561
r e l a s j o1 n a,1218
r e l a s j o n a1 d a,1620
r e l a s j o n a1 d a s,1181
r e l a s j o n a1 d o,5708
r e l a s j o n a1 d o s,2161
r e l a s j o1 n a n,513
r e l a s j o n a1 ɾ,538
r e l a s j o n a1 ɾ m e,788
r e l a s j o n a1 ɾ s e,1496
r e l a s j o1 n e s,19737
r e l a1 x a,1412
r e l a x a s j o1 n,555
r e l a x a1 d a,1037
r e l a x a1 d o,2100
r e l a x a1 n t e,1263
r e l a x a1 ɾ,848
r e l a x a1 ɾ m e,3687
r e l a x a1 ɾ n o s,1428
r e l a x a1 ɾ s e,4459
r e l a x a1 ɾ t e,6154
r e l a1 x a s,618
r e l a1 x a t e,33916
r e l a1 x e,724
r e l a1 x e n s e,2392
r e l a1 x e s,470
r e l a1 x e s e,5017
r e l a1 m p a g o,2320
r e l a1 m p a g o s,799
r e l a t i1 b a,466
r e l a t i b a m e1 n t e,1543
r e l a t i1 b o,908
r e l a1 t o,2013
r e l a1 t o s,722
r e l a1 s,653
r e l e b a1 d o,764
r e l e b a1 n s j a,806
r e l e b a1 n t e,2375
r e l e b a1 n t e s,511
r e l e1 b o,1231
r e l i x j o1 n,8925
r e l i x j o1 n e s,1244
r e l i x j o1 s a,3374
r e l i x j o1 s a s,1443
r e l i x j o1 s o,3750
r e l i x j o1 s o s,1853
r e l i1 k j a,1396
r e l i1 k j a s,878
r e j e1 n a,828
r e j e n a1 ɾ,1511
r e j e1 n a s,469
r e j e1 n o,2363
r e j e1 n o s,508
r e l o1 x,26984
r e l o1 x e s,3071
r e l u s j e1 n t e,837
r e l u s i1 ɾ,742
r e1 m a,870
r e m a1 n d o,458
r e m a1 ɾ,994
r e m a1 t e,1765
r e m b ɾ a1 n d d,1266
r e m e d j a1 ɾ,553
r e m e d j a1 ɾ l o,1282
r e m e1 d j o,8004
r e m e1 d j o s,978
r e1 m e n,712
r e m e1 ɾ a,885
r e m i t e1 n t e,632
r e1 m o,1639
r e m o d e l a s j o1 n,473
r e m o l i1 n o,707
r e m o1 l k e,2632
r e m o1 n t a,739
r e m o ɾ d i m j e1 n t o,1912
r e m o ɾ d i m j e1 n t o s,1669
r e1 m o s,1264
r e m o1 t a,1941
r e m o t a m e1 n t e,1241
r e m o1 t a s,505
r e m o1 t o,3812
r e m o1 t o s,475
r e m o b e1 ɾ,1324
r e m o b i1 d o,553
r e n a s e1 ɾ,752
r e n a s i m j e1 n t o,1635
r e n a k w a1 x o,551
r e n a1 l,1044
r e n a1 t a,530
r e n a1 t o,551
r e n a1 u l d,977
r e ɲ k o1 ɾ,3633
r e ɲ k o1 ɾ e s,834
r e n d i s j o1 n,1715
r e n d i1 d o,1727
r e n d i m j e1 n t o,1528
r e n d i1 m o s,1064
r e n d i1 ɾ,2004
r e n d i ɾ a1,594
r e n d i ɾ e1,739
r e n d i1 ɾ l e,456
r e n d i1 ɾ m e,2245
r e n d i1 ɾ n o s,1961
r e n d i1 ɾ s e,5204
r e n d i1 ɾ t e,2552
r e n e1,1861
r e n e g a1 d o,780
r e n e g a1 d o s,716
r e1 n o,2675
r e n o1 i ɾ,569
r e n o1 m b ɾ e,513
r e1 n o s,784
r e n o b a s j o1 n,906
r e n o b a1 d o,478
r e n o b a1 ɾ,1014
r e1 n t a,4567
r e n t a1 b l e,803
r e n t a1 ɾ,570
r e1 n t a s,516
r e n u1 n s j a,4124
r e n u n s j a1 d o,1693
r e n u n s j a1 n d o,787
r e n u n s j a1 ɾ,8907
r e n u n s j a ɾ e1,846
r e n u1 n s j a s,1047
r e n u n s j a1 s t e,1058
r e n u1 n s j e,1103
r e n u n s j e1,1913
r e n u1 n s j e s,505
r e n u1 n s j o,3401
r e n u n s j o1,2230
r e1 o,662
r e1 o s,676
r e p a1 ɾ a,555
r e p a ɾ a s j o1 n,1773
r e p a ɾ a s j o1 n e s,2041
r e p a ɾ a1 d o,1120
r e p a ɾ a d o1 ɾ,496
r e p a ɾ a1 n d o,747
r e p a ɾ a1 ɾ,4691
r e p a ɾ a1 ɾ l a,800
r e p a ɾ a1 ɾ l o,2345
r e p a1 ɾ e,481
r e p a1 ɾ o,488
r e p a1 ɾ t e,1192
r e p a ɾ t i d o1 ɾ,1453
r e p a ɾ t j e1 n d o,798
r e p a ɾ t i1 m o s,540
r e p a ɾ t i1 ɾ,2049
r e p a1 ɾ t o,2818
r e p a s a1 n d o,712
r e p a s a1 ɾ,1586
r e p a s a1 ɾ l o,497
r e p a s e1 m o s,873
r e p a1 s o,655
r e p e l e1 n t e,598
r e p e1 n t e,26015
r e p e n t i1 n a,1656
r e p e n t i n a m e1 n t e,2484
r e p e n t i1 n o,2415
r e p e ɾ k u s j o1 n e s,769
r e p e ɾ t o1 ɾ j o,694
r e p e t i1 a,568
r e p e t i s j o1 n,1432
r e p e t i d a m e1 n t e,923
r e p e t i1 d a s,467
r e p e t i1 d o,742
r e p e t i1 m o s,640
r e p e t i1 ɾ,5781
r e p e t i ɾ a1,496
r e p e t i ɾ e1,890
r e p e t i1 ɾ l o,4902
r e p e t i1 ɾ m e,606
r e p e t i1 ɾ s e,1066
r e p e t i1 ɾ t e l o,456
r e p i1 s a,817
r e p i1 t a,2870
r e p i1 t a l o,673
r e p i1 t a n,598
r e p i1 t a s,498
r e p i1 t e,4533
r e p i1 t e l o,2425
r e p i1 t e m e,495
r e p i1 t e n,525
r e p i1 t e s,628
r e p i t j e1 n d o,1016
r e p i1 t o,9692
r e p l e1 t a,765
r e p l e1 t o,1330
r e1 p l i k a,1239
r e p l i k a1 n t e,544
r e p l i k a1 n t e s,1066
r e p l j e1 g e n s e,635
r e p o1 j o,672
r e p o1 ɾ t a,1184
r e p o ɾ t a1 d o,1021
r e p o ɾ t a1 x e,2908
r e p o ɾ t a1 x e s,562
r e p o1 ɾ t a n,529
r e p o ɾ t a1 n d o,1032
r e p o ɾ t a1 n d o s e,965
r e p o ɾ t a1 ɾ,1994
r e p o ɾ t a1 ɾ l o,834
r e p o ɾ t a1 ɾ m e,592
r e p o ɾ t a1 ɾ o n,606
r e p o ɾ t a1 ɾ s e,926
r e p o1 ɾ t a t e,556
r e p o1 ɾ t e,9237
r e p o1 ɾ t e n s e,1302
r e p o ɾ t e1 ɾ a,1951
r e p o ɾ t e1 ɾ o,3693
r e p o ɾ t e1 ɾ o s,2087
r e p o1 ɾ t e s,3701
r e p o1 ɾ t e s e,1407
r e p o ɾ t o1,1267
r e p o s a1 ɾ,664
r e p o1 s o,1737
r e p ɾ e s a1 l j a,522
r e p ɾ e s a1 l j a s,1114
r e p ɾ e s e1 n t a,8062
r e p ɾ e s e n t a1 b a,864
r e p ɾ e s e n t a s j o1 n,2786
r e p ɾ e s e n t a1 d o,770
r e p ɾ e s e n t a1 m o s,664
r e p ɾ e s e1 n t a n,2235
r e p ɾ e s e n t a1 n d o,1261
r e p ɾ e s e n t a1 n t e,6677
r e p ɾ e s e n t a1 n t e s,2123
r e p ɾ e s e n t a1 ɾ,2626
r e p ɾ e s e1 n t a s,747
r e p ɾ e s e1 n t e,657
r e p ɾ e s e1 n t o,2369
r e p ɾ e s j o1 n,852
r e p ɾ i m e1 n d a,486
r e p ɾ i m i1 d o,549
r e p ɾ i m i1 ɾ,545
r e p ɾ o d u k s j o1 n,1309
r e p ɾ o d u s i1 ɾ,682
r e p ɾ o d u s i1 ɾ s e,1186
r e p ɾ o d u k t o1 ɾ,855
r e p ɾ o g ɾ a m a1 ɾ,521
r e p t i1 l,772
r e p t i1 l e s,922
r e p u1 b l i k a,6869
r e p u b l i k a1 n a,660
r e p u b l i k a1 n o,1868
r e p u b l i k a1 n o s,1763
r e p w e1 s t o,2116
r e p w e1 s t o s,1022
r e p u1 g n a,559
r e p u g n a1 n t e,5789
r e p u g n a1 n t e s,786
r e p u l s i1 b o,1059
r e p u t a s j o1 n,11982
r e k e ɾ i1 a,596
r e k e ɾ i1 d a,489
r e k e ɾ i1 d o,726
r e k e ɾ i ɾ a1,504
r e k j e1 ɾ a,596
r e k j e1 ɾ e,9451
r e k j e1 ɾ e n,1848
r e k i s i1 t o,631
r e k i s i1 t o s,1094
r e1 s,651
r e s a1 k a,2514
r e s a l t a1 ɾ,461
r e s b a1 l a,636
r e s b a l a d i1 s o,520
r e s b a l e1,781
r e s b a l o1,1086
r e s k a t a1 d o,975
r e s k a t a1 d o s,488
r e s k a t a1 ɾ,3858
r e s k a t a1 ɾ l a,1166
r e s k a t a1 ɾ l o,1190
r e s k a t a1 ɾ l o s,777
r e s k a t a1 ɾ m e,1778
r e s k a t a1 ɾ n o s,767
r e s k a t a1 ɾ t e,1622
r e s k a1 t e,12974
r e s k a1 t e n,510
r e s k a t o1,763
r e s e n t i1 d o,999
r e s e n t i m j e1 n t o,1427
r e s e n t i m j e1 n t o s,1079
r e s e1 ɾ b a,10685
r e s e ɾ b a s j o1 n e s,977
r e s e ɾ b a1 d a,1525
r e s e ɾ b a1 d o,4161
r e s e ɾ b a1 d o s,671
r e s e ɾ b a1 ɾ,1358
r e s e1 ɾ b a s,4007
r e s e ɾ b e1,961
r e s e1 ɾ b o,566
r e s f ɾ j a1 d o,3435
r e s f ɾ i1 o,700
r e s g w a1 ɾ d o,695
r e s i1 d e,1274
r e s i d e1 n s j a,6719
r e s i d e n s j a1 l,812
r e s i d e1 n t e,2602
r e s i d e1 n t e s,3210
r e s i d w a1 l,575
r e s i1 d w o,838
r e s i1 d w o s,2028
r e s i1 n a,452
r e s i1 s t a,1013
r e s i1 s t a n,461
r e s i1 s t a s,933
r e s i1 s t e,4370
r e s i1 s t e n,735
r e s i s t e1 n s j a,10022
r e s i s t e1 n t e,1965
r e s i s t e1 n t e s,605
r e s i1 s t e s,481
r e s i s t i1 d o,630
r e s i s t j e1 n d o,718
r e s i s t j o1,917
r e s i s t i1 ɾ,5554
r e s i s t i ɾ a1,583
r e s i s t i1 ɾ l o,934
r e s i s t i1 ɾ m e,1612
r e s i s t i1 ɾ s e,2900
r e s i s t i1 ɾ t e,1174
r e s i1 s t o,564
r e s o l u s j o1 n,2298
r e s o l b a1 m o s,645
r e s o l b e1 m o s,679
r e s o l b e1 ɾ,16751
r e s o l b e ɾ a1,1151
r e s o l b e ɾ e1,633
r e s o l b e ɾ e1 m o s,1395
r e s o l b e1 ɾ l o,5187
r e s o l b e1 ɾ l o s,496
r e s o l b e1 ɾ s e,751
r e s o l b i1,706
r e s o l b j e1 n d o,772
r e s o l b j o1,1058
r e s o l b i1 s t e,475
r e s o n a1 n s j a,2556
r e s o1 ɾ t e,494
r e s p a l d a1 ɾ,539
r e s p a1 l d o,2499
r e s p e1 k t a,2725
r e s p e1 k t o,30987
r e s p e1 t a,3324
r e s p e t a1 b a,673
r e s p e t a1 b l e,3806
r e s p e t a1 b l e s,657
r e s p e t a1 d a,545
r e s p e t a1 d o,2314
r e s p e t a1 m o s,744
r e s p e1 t a n,1812
r e s p e t a1 ɾ,4503
r e s p e t a1 ɾ l o,720
r e s p e t a1 ɾ m e,650
r e s p e t a1 ɾ t e,508
r e s p e1 t a s,1030
r e s p e1 t e,913
r e s p e1 t e n,804
r e s p e1 t o,35221
r e s p e1 t o s,2911
r e s p e t w o s a m e1 n t e,837
r e s p e t w o1 s o,897
r e s p i1 ɾ a,14750
r e s p i ɾ a1 b a,641
r e s p i ɾ a s j o1 n,6554
r e s p i ɾ a d o1 ɾ,690
r e s p i1 ɾ a n,458
r e s p i ɾ a1 n d o,4348
r e s p i ɾ a1 ɾ,16479
r e s p i1 ɾ a s,862
r e s p i ɾ a t o1 ɾ j a,530
r e s p i ɾ a t o1 ɾ j o,704
r e s p i1 ɾ e,2817
r e s p i1 ɾ e n,558
r e s p i1 ɾ e s,668
r e s p i1 ɾ o,5002
r e s p l a n d e s j e1 n t e,730
r e s p l a n d o1 ɾ,1331
r e s p o1 n d a,5911
r e s p o1 n d a m e,952
r e s p o1 n d a n,1896
r e s p o1 n d a s,1645
r e s p o1 n d e,12846
r e s p o1 n d e l e,536
r e s p o1 n d e m e,4434
r e s p o1 n d e n,2376
r e s p o n d e1 ɾ,14610
r e s p o n d e ɾ a1,1291
r e s p o n d e ɾ a1 n,461
r e s p o n d e ɾ e1,1286
r e s p o n d e1 ɾ l e,1278
r e s p o n d e1 ɾ m e,1222
r e s p o n d e1 ɾ t e,874
r e s p o1 n d e s,1943
r e s p o n d i1,1273
r e s p o n d i1 a,683
r e s p o n d i1 d o,2367
r e s p o n d j e1 n d o,1861
r e s p o n d j e1 ɾ o n,635
r e s p o n d j o1,3400
r e s p o n d i1 s t e,1174
r e s p o1 n d o,2042
r e s p o n s a b i l i d a1 d,19302
r e s p o n s a b i l i d a1 d e s,4654
r e s p o n s a1 b l e,24736
r e s p o n s a1 b l e s,5337
r e s p w e1 s t a,50516
r e s p w e1 s t a s,15804
r e1 s t a,725
r e s t a b l e s e1 ɾ,784
r e s t a1 n t e,606
r e s t a1 n t e s,1190
r e s t a u ɾ a1 s j o n,969
r e s t a u1 ɾ a d o,542
r e s t a u1 ɾ a n d,1414
r e s t a u1 ɾ a n t e,23460
r e s t a u1 ɾ a n t e s,3565
r e s t a u1 ɾ a ɾ,1628
r e1 s t o,68339
r e1 s t o s,9302
r e s t ɾ i k s j o1 n,1220
r e s t ɾ i k s j o1 n e s,1359
r e s t ɾ i ɲ x i1 d a,1323
r e s t ɾ i ɲ x i1 d o,824
r e s u s i t a1 d o,899
r e s u s i t a1 ɾ,1099
r e s u s i t o1,557
r e s w e1 l t a,496
r e s w e1 l t o,6607
r e s w e1 l t o s,861
r e s w e1 l b a,1163
r e s w e1 l b e,2153
r e s w e1 l b e l o,599
r e s w e1 l b e n,592
r e s w e1 l b o,496
r e s u1 l t a,23433
r e s u l t a1 b a,896
r e s u l t a1 d o,19168
r e s u l t a1 d o s,16553
r e s u1 l t a n,1177
r e s u l t a1 n d o,781
r e s u l t a1 ɾ,3047
r e s u l t a1 ɾ a,555
r e s u l t a ɾ a1,1704
r e s u l t a ɾ i1 a,900
r e s u l t a1 ɾ o n,1162
r e s u1 l t e,1767
r e s u1 l t o,931
r e s u l t o1,9065
r e s u1 m e,729
r e s u1 m e n,3269
r e s u m j e1 n d o,699
r e s u m i1 ɾ,601
r e s u r e k s j o1 n,2276
r e t a g w a1 ɾ d j a,1723
r e t a ɾ d a1 d o,1741
r e t a ɾ d a1 d o s,473
r e t a1 ɾ m e,496
r e t e n s j o1 n,467
r e t e n e1 ɾ,1711
r e t e n e1 ɾ l a,750
r e t e n e1 ɾ l o,1371
r e t e n e1 ɾ l o s,532
r e t e n e1 ɾ m e,926
r e t e n e1 ɾ t e,732
r e t e n i1 d o,1110
r e t e n j e1 n d o,738
r e t j e1 n e,1066
r e t i1 n a,493
r e t i1 ɾ a,2872
r e t i ɾ a1 d a,5011
r e t i ɾ a1 d o,4811
r e t i ɾ a1 d o s,755
r e t i ɾ a1 m o s,1070
r e t i1 ɾ a n,907
r e t i ɾ a1 n d o,858
r e t i ɾ a1 o s,629
r e t i ɾ a1 ɾ,4150
r e t i ɾ a ɾ a1,539
r e t i ɾ a ɾ e1,787
r e t i ɾ a1 ɾ l o,495
r e t i ɾ a1 ɾ m e,4177
r e t i ɾ a1 ɾ n o s,1858
r e t i ɾ a1 ɾ o n,941
r e t i ɾ a1 ɾ s e,9864
r e t i ɾ a1 ɾ t e,2690
r e t i1 ɾ a s,643
r e t i1 ɾ a t e,2472
r e t i1 ɾ e,2569
r e t i ɾ e1,841
r e t i1 ɾ e n,1458
r e t i1 ɾ e n s e,5188
r e t i1 ɾ e s,484
r e t i1 ɾ e s e,2514
r e t i1 ɾ o,7480
r e t i ɾ o1,2275
r e1 t o,5448
r e t o m a1 ɾ,1090
r e t o ɾ s i1 d a,1094
r e t o ɾ s i1 d o,1686
r e t o ɾ s j e1 n d o s e,506
r e t o1 ɾ i k a,1030
r e t o ɾ n a1 ɾ,588
r e t o1 ɾ n o,2872
r e1 t o s,823
r e t ɾ a1 k t a t e,489
r e t ɾ a1 k t o,483
r e t ɾ a1 s a,928
r e t ɾ a s a1 d a,1397
r e t ɾ a s a1 d o,5576
r e t ɾ a s a1 d o s,1764
r e t ɾ a s a1 n d o,759
r e t ɾ a s a1 ɾ,1266
r e t ɾ a s a1 ɾ l o,552
r e t ɾ a s e1,511
r e t ɾ a1 s o,6362
r e t ɾ a s o1,799
r e t ɾ a1 s o s,634
r e t ɾ a1 t o,5569
r e t ɾ a1 t o s,1139
r e t ɾ e1 t e,2246
r e t ɾ e1 t e s,465
r e t ɾ i b u s j o1 n,471
r e1 t ɾ o,462
r e t ɾ o s e1 d a,1488
r e t ɾ o s e1 d a n,4574
r e t ɾ o s e1 d e,5129
r e t ɾ o s e d e1 ɾ,3412
r e t ɾ o s e d j e1 n d o,577
r e t ɾ o s e1 s o,674
r e t ɾ o s p e k t i1 b a,672
r e t ɾ o b i s o1 ɾ,599
r e t u1 b o,457
r e u1 n a,1544
r e u1 n a m o n o s,642
r e u1 n a m o s,603
r e u1 n a n,788
r e u1 n a n s e,1550
r e u1 n a s e,483
r e u1 n e,2807
r e u1 n e n,1602
r e u1 n e t e,1569
r e u1 n i,901
r e u1 n i d o,4185
r e u1 n i d o s,2609
r e u1 n j e n d o,1444
r e u1 n j e ɾ o n,1039
r e u1 n i m o s,2352
r e u1 n j o,1846
r e u1 n j o n,41279
r e u1 n j o n e s,6901
r e u1 n i ɾ,5184
r e u n i1 ɾ a,1073
r e u n i1 ɾ a n,553
r e u n i1 ɾ e,1410
r e u n i1 ɾ e m o s,2290
r e u1 n i ɾ l o s,580
r e u1 n i ɾ m e,4237
r e u1 n i ɾ n o s,4856
r e u1 n i ɾ s e,7158
r e u1 n i ɾ t e,2096
r e b a1 n tʃ a,1634
r e b e1 l a,2295
r e b e l a s j o1 n,2458
r e b e l a s j o1 n e s,790
r e b e l a1 d a,480
r e b e l a1 d o,1958
r e b e1 l a n,906
r e b e l a1 n d o,481
r e b e l a1 ɾ,3948
r e b e l a ɾ a1,604
r e b e l a1 ɾ l o,546
r e b e1 l e,702
r e b e l o1,1697
r e b e n t a1 d o,671
r e b e n t a1 ɾ,2224
r e b e n t o1,800
r e b e ɾ e1 n s j a,1691
r e b e ɾ e1 n d a,459
r e b e ɾ e1 n d o,7716
r e b e1 ɾ s a,911
r e b e ɾ t i1 d o,476
r e b e ɾ t i1 ɾ,821
r e b e1 s,8303
r e b j e1 n t a,716
r e b j e1 n t o,528
r e b i1 s a,5580
r e b i s a1 d o,3009
r e b i1 s a l o,1029
r e b i s a1 m o s,1876
r e b i1 s a n,474
r e b i s a1 n d o,3930
r e b i s a1 ɾ,12309
r e b i s a ɾ e1,1661
r e b i s a ɾ e1 m o s,754
r e b i s a1 ɾ l a,618
r e b i s a1 ɾ l o,2444
r e b i s a1 ɾ o n,825
r e b i s a1 ɾ t e,626
r e b i s a1 s t e,1092
r e b i1 s e,2450
r e b i s e1,3705
r e b i s e1 m o s,996
r e b i1 s e n,3214
r e b i1 s e s,476
r e b i s j o1 n,3601
r e b i1 s o,848
r e b i s o1,949
r e b i1 s t a,14450
r e b i1 s t a s,6032
r e b i b i1 ɾ,1627
r e b i b i1 ɾ l o,882
r e b o l k a1 ɾ s e,502
r e b o l u s j o1 n,10382
r e b o l u s j o n a1 ɾ j a,1095
r e b o l u s j o n a1 ɾ j o,1981
r e b o l u s j o n a1 ɾ j o s,949
r e b o l u s j o1 n e s,817
r e b o l b e1 ɾ,1515
r e b o1 l b e ɾ,4830
r e b w e1 l t a,1381
r e b w e1 l t a s,460
r e b w e1 l t o,899
r e b w e1 l t o s,871
r e b w e1 l b e,536
r e1 s,4400
r e1 i,80658
r e1 j e s,8970
r e i1 n o l d s,3675
r e1 s a,3986
r e s a1 b a,706
r e s a1 d o,825
r e s a1 m o s,850
r e1 s a n,513
r e s a1 n d o,2991
r e s a1 ɾ,6788
r e s a ɾ e1,992
r e1 s a s,707
r e1 s o,2988
r e1 s o s,953
r i1 a,1078
r i1 a n,814
r i1 a n s e,586
r i1 a s,1960
r i b e1 ɾ a,649
r i1 k a,10438
r i k a tʃ o1 n,464
r i k a1 ɾ d o,3558
r i1 k a s,2020
r i1 k o,30680
r i1 k o s,13762
r i d i1 k u l a,4797
r i d i1 k u l a s,968
r i d i1 k u l o,27129
r i d i1 k u l o s,1135
r i1 e,4619
r j e1 g o,508
r j e1 l e s,514
r i1 e n,2551
r j e1 n d a,568
r j e1 n d a s,1413
r j e1 n d o,5379
r j e1 n d o s e,2575
r j e1 n d o t e,700
r j e1 ɾ o n,848
r i1 e s,4684
r j e1 s g o,22718
r j e1 s g o s,6628
r j e s g o1 s o,892
r i1 e t e,1426
r i1 f a,469
r i1 f l e,8525
r i1 f l e s,3278
r i1 x i d a,618
r i1 x i d o,1200
r i g o1 ɾ,802
r i g u ɾ o1 s o,525
r i1 m a,1679
r i1 m a s,593
r i ɲ k o1 n,4390
r i ɲ k o1 n e s,1068
r i1 n d a,909
r i1 n d a n,606
r i1 n d a n s e,946
r i1 n d a s,2360
r i1 n d a s e,763
r i1 n d e,1686
r i1 n d e n,912
r i1 n d e s,1409
r i1 n d e t e,3704
r i n d j e1 n d o,505
r i n d j e1 ɾ o n,525
r i n d j o1,1200
r i1 n d o,4072
r i1 ɲ g,3278
r i n o s e ɾ o1 n t e,1162
r i1 j a,768
r i j o1 n,3552
r i j o1 n e s,3053
r j o1,3861
r j o1,1678
r i1 o,35783
r i1 o s,2812
r i k e1 s a,4618
r i k e1 s a s,1831
r i k i1 s i m o,589
r i1 s a,8296
r i1 s a s,2271
r i1 s k o,487
r i1 t a,8059
r i1 d m o,13844
r i1 d m o s,593
r i1 t o,1067
r i1 t o s,840
r i t w a1 l,4891
r i t w a1 l e s,1928
r i b a1 l,3434
r i b a1 l e s,1978
r i b a l i d a1 d,704
r i b e1 ɾ a,834
r i b j e1 ɾ a,780
r i s a1 d o,783
r i1 s o s,890
r o1 b,6680
r o1 b a,4848
r o b a1 b a,1130
r o b a1 d a,2902
r o b a1 d a s,1457
r o b a1 d o,17680
r o b a1 d o s,2402
r o b a1 m o s,2281
r o1 b a n,2962
r o b a1 n d o,7132
r o b a1 n d o l e,730
r o b a1 ɾ,21059
r o b a1 ɾ a,639
r o b a ɾ a1,455
r o b a ɾ e1,782
r o b a ɾ i1 a,693
r o b a1 ɾ l a,1156
r o b a1 ɾ l e,5017
r o b a1 ɾ l e s,941
r o b a1 ɾ l o,1800
r o b a1 ɾ m e,3923
r o b a1 ɾ n o s,1226
r o b a1 ɾ o n,9228
r o b a1 ɾ s e,1200
r o b a1 ɾ t e,2055
r o1 b a s,1745
r o b a1 s t e,7096
r o1 b b j e,3697
r o1 b e,1976
r o b e1,5731
r o1 b e n,1000
r o b e1 ɾ d,23706
r o b e1 ɾ t a,1359
r o b e1 ɾ t o,2930
r o b e1 ɾ d s,3610
r o1 b e s,725
r o b i1 n s o n,3438
r o1 b l e,1837
r o1 b l e s,557
r o1 b o,21450
r o b o1,15011
r o1 b o s,3556
r o b o1 d,9960
r o b o1 t i k a,628
r o b o1 d s,5483
r o b u1 s t o,756
r o1 k a,11447
r o1 k a s,8503
r o1 s e,666
r o s i1 o,1078
r o1 k k,16019
r o k o1 s a s,592
r o d a1 d o,577
r o d a1 x e,3227
r o d a1 m o s,1181
r o d a1 n d o,3250
r o d a1 n t e,1163
r o d a1 ɾ,4456
r o d e1 a,3049
r o d e a1 d a,2387
r o d e a1 d o,5773
r o d e a1 d o s,2675
r o d e1 a n,2013
r o d e a1 n d o,962
r o d e a1 ɾ,736
r o d e a1 ɾ l o,552
r o d e1 o,2505
r o d e1 o s,2323
r o d i1 j a,5307
r o d i1 j a s,13065
r o d o1,1032
r o d ɾ i1 g o,1277
r o d ɾ i1 g e s,1192
r o e d o1 ɾ,600
r o e d o1 ɾ e s,624
r o g a1 m o s,944
r o g a1 n d o,1177
r o g a1 ɾ,1691
r o g a1 ɾ l e,882
r o g a1 ɾ t e,460
r o g o1,750
r o1 g e,634
r o g e1,876
r o1 x a,19892
r o1 x a s,5702
r o1 x o,32953
r o1 x o s,5940
r o1 l,2178
r o l a1 n d,2933
r o1 j o,7185
r o1 j o s,1825
r o1 m a,22894
r o1 m a n,2539
r o m a1 n a,1787
r o m a1 n a s,483
r o m a1 n s e,6466
r o m a1 n s e s,650
r o m a1 n o,5092
r o m a1 n o s,4605
r o m a1 n t i k a,3957
r o m a1 n t i k a s,1028
r o m a n t i s i1 s m o,697
r o m a1 n t i k o,9467
r o m a1 n t i k o s,1003
r o m e1 o,4089
r o m e1 ɾ o,1182
r o1 m p a,2418
r o1 m p a n,2295
r o1 m p a s,1579
r o1 m p e,7472
r o m p e k a b e1 s a s,3130
r o1 m p e l e,491
r o1 m p e l o,767
r o m p e1 m o s,706
r o1 m p e n,2065
r o m p e1 ɾ,17939
r o m p e ɾ a1,1832
r o m p e ɾ a1 n,482
r o m p e ɾ a1 s,620
r o m p e ɾ e1,2248
r o m p e ɾ i1 a,1088
r o m p e1 ɾ l a,994
r o m p e1 ɾ l a s,516
r o m p e1 ɾ l e,2230
r o m p e1 ɾ l o,1624
r o m p e1 ɾ m e,1344
r o m p e1 ɾ s e,2966
r o m p e1 ɾ t e,1816
r o1 m p e s,2098
r o m p i1,4794
r o m p i1 a,539
r o m p j e1 n d o,3575
r o m p j e1 ɾ a,619
r o m p j e1 ɾ o n,2671
r o m p i1 m o s,1820
r o m p j o1,13135
r o m p i1 s t e,4111
r o1 m p o,2388
r o1 n,12647
r o1 ɲ k a,615
r o1 n d a,7860
r o n d a1 n d o,1503
r o1 n d a s,1837
r o1 n n j e,6023
r o o s e b e1 l d,2799
r o1 p a,66445
r o1 p a s,5672
r o p e1 ɾ o,752
r o1 s a,17090
r o s a1 d a,793
r o s a1 d o,1906
r o s a1 ɾ j o,1379
r o1 s k a,483
r o s i1 t a,665
r o s k i1 j a,735
r o s k i1 j a s,1369
r o1 s t ɾ o,17161
r o1 s t ɾ o s,2708
r o1 t a,7820
r o t a s j o1 n,1489
r o1 t a s,2380
r o1 t o,21462
r o1 t o s,3303
r o t u n d a m e1 n t e,587
r o t u1 ɾ a,767
r o1 u n d,1817
r o b e1 ɾ,1581
r o j a1 l,2075
r o1 i s e,1416
r u b i1,897
r u1 b j a,8868
r u1 b j a s,1407
r u b i1 e s,659
r u1 b j o,5051
r u1 b j o s,562
r u1 d a,1033
r u1 d o,4472
r u1 d o s,955
r w e1 d a,8655
r w e1 d a s,10108
r w e1 d o,484
r w e1 g a,2167
r w e1 g o,15989
r u f j a1 n,917
r u f j a1 n e s,839
r u1 g b i,1518
r u1 x e,464
r u x i1 d o,834
r w i1 d o,25832
r w i1 d o s,3665
r w i d o1 s a,897
r w i d o1 s o,1584
r w i d o1 s o s,604
r w i1 n a,3783
r w i1 n a s,3868
r w i s e j o1 ɾ,941
r u l e1 t a,1265
r u m a1 n o,468
r u1 m b a,501
r u1 m b o,10948
r u m o1 ɾ,6037
r u m o ɾ e1 a,1077
r u m o1 ɾ e s,10452
r u1 p j a s,2519
r u p t u1 ɾ a,3016
r u ɾ a1 l,942
r u1 s a,5998
r u1 s a s,1183
r u1 s j a,9827
r u1 s o,11248
r u1 s o s,12405
r u1 t a,13380
r u1 t a s,2221
r u1 d,7231
r u t i1 n a,7594
r u t i n a1 ɾ j a,513
r u t i n a1 ɾ j o,703
r u t i1 n a s,463
s a1 b a d o,18169
s a1 b a d o s,2402
s a1 b a n a,1348
s a b a1 n a s,642
s a1 b a n a s,4872
s a b a n d i1 x a,601
s a1 b e,312220
s a b e1 i s,11880
s a b e l o t o1 d o,1747
s a b e1 m o s,91067
s a1 b e n,94285
s a b e1 ɾ,217487
s a b e1 ɾ l a,586
s a b e1 ɾ l o,82824
s a b e1 ɾ s e,1049
s a1 b e s,660291
s a1 b j a,14836
s a b i1 a,162386
s a b i1 a i s,663
s a b j a m e1 n t e,638
s a b i1 a m o s,9043
s a b i1 a n,11099
s a1 b j a s,4936
s a b i1 a s,37002
s a b i1 d o,18010
s a b i d u ɾ i1 a,6105
s a b j e1 n d o,8190
s a1 b j o,6279
s a1 b j o s,1781
s a1 b l e,1745
s a b o1 ɾ,8871
s a b o ɾ e a1 ɾ,1109
s a b o1 ɾ e s,1026
s a b o t a1 x e,1490
s a b o t e a1 ɾ,934
s a b ɾ a1,14033
s a b ɾ a1 n,5733
s a b ɾ a1 s,8981
s a b ɾ e1,5423
s a b ɾ e1 m o s,7333
s a b ɾ i1 a,10404
s a b ɾ i1 a m o s,890
s a b ɾ i1 a n,986
s a b ɾ i1 a s,3214
s a b ɾ i1 n a,1689
s a b ɾ o1 s a,909
s a b ɾ o1 s o,1784
s a b w e1 s o,1215
s a b w e1 s o s,632
s a1 k a,18956
s a k a1 b a,1456
s a k a1 b a n,495
s a k a1 d,849
s a k a1 d a,582
s a k a1 d l e,643
s a k a1 d l o,892
s a k a1 d o,12364
s a1 k a l a,3978
s a1 k a l e,1614
s a1 k a l o,7951
s a1 k a l o s,2009
s a1 k a m e,8464
s a k a1 m o s,5276
s a1 k a n,3231
s a k a1 n d o,5103
s a1 k a n o s,2805
s a k a1 ɾ,37974
s a k a1 ɾ a,1226
s a k a ɾ a1,2240
s a k a1 ɾ a n,556
s a k a ɾ a1 n,1236
s a k a1 ɾ a s,467
s a k a ɾ a1 s,992
s a k a ɾ e1,5917
s a k a ɾ e1 m o s,3492
s a k a ɾ i1 a,1314
s a k a1 ɾ l a,7708
s a k a1 ɾ l a s,1020
s a k a1 ɾ l e,9098
s a k a1 ɾ l e s,1335
s a k a1 ɾ l o,15093
s a k a1 ɾ l o s,5164
s a k a1 ɾ m e,10119
s a k a1 ɾ m e l o,955
s a k a1 ɾ n o s,4319
s a k a1 ɾ o n,5723
s a k a1 ɾ s e,1560
s a k a1 ɾ s e l o,834
s a k a1 ɾ t e,14521
s a k a1 ɾ t e l o,597
s a1 k a s,5628
s a k a1 s t e,10792
s a1 k a t e,2375
s a1 k a t e l o,698
s a s e ɾ d o1 t e,9028
s a s e ɾ d o1 t e s,2412
s a s e ɾ d o t i1 s a,649
s a1 k o,14078
s a k o1,12043
s a1 k o s,1988
s a k ɾ a m e1 n t o,1678
s a k ɾ i f i k a1 d o,1488
s a k ɾ i f i k a1 ɾ,2954
s a k ɾ i f i k a1 ɾ l o,514
s a k ɾ i f i k a1 ɾ s e,1123
s a k ɾ i f i k a1 ɾ t e,604
s a k ɾ i f i1 s j o,8464
s a k ɾ i f i1 s j o s,3059
s a k ɾ i f i k o1,879
s a k ɾ i l e1 x j o,620
s a k u1 d e,1116
s a k u1 d e l o,499
s a k u d i1 d a,925
s a k u d i1 d o,466
s a k u d j o1,622
s a k u d i1 ɾ,1117
s a d d a1 m,2433
s a1 d i k o,1192
s a f a1 ɾ i,876
s a1 g a,584
s a g ɾ a1 d a,4742
s a g ɾ a1 d a s,1261
s a g ɾ a1 d o,8208
s a g ɾ a1 d o s,1499
s a i1 g o n,934
s a x o1 n e s,609
s a1 l,51709
s a1 l a,42791
s a l a1 d a,1435
s a l a1 d o,841
s a l a1 m i,464
s a l a1 ɾ j o,5571
s a l a1 ɾ j o s,1152
s a1 l a s,2396
s a l a s a1 ɾ,1384
s a l tʃ i1 tʃ a,3870
s a l tʃ i1 tʃ a s,4017
s a l tʃ i tʃ o1 n,604
s a l d a1 ɾ,1158
s a1 l d o,734
s a l d ɾ a1,18193
s a l d ɾ a1 n,3020
s a l d ɾ a1 s,4299
s a l d ɾ e1,5969
s a l d ɾ e1 m o s,7060
s a l d ɾ i1 a,3338
s a l d ɾ i1 a n,476
s a l d ɾ i1 a s,856
s a1 l e,45050
s a l e1 m,720
s a1 l e n,12146
s a1 l e s,12018
s a1 l g a,30217
s a l g a1 m o s,13655
s a1 l g a n,18786
s a1 l g a n s e,498
s a1 l g a s,8037
s a1 l g o,12491
s a l i1,12990
s a l i1 a,7203
s a l i1 a m o s,1074
s a l i1 a n,1897
s a l i1 a s,994
s a l i1 d,2760
s a l i1 d a,34048
s a l i1 d a s,3966
s a l i1 d o,26409
s a l j e1 n d o,23499
s a l j e1 n t e,524
s a l j e1 ɾ a,4563
s a l j e1 ɾ a m o s,565
s a l j e1 ɾ a n,934
s a l j e1 ɾ a s,1000
s a l j e1 ɾ o n,8677
s a l i1 m o s,14029
s a l i1 n a,699
s a l i1 n a s,453
s a l j o1,43519
s a l i1 ɾ,178118
s a l i1 ɾ m e,1710
s a l i1 ɾ s e,3800
s a l i1 ɾ t e,2357
s a l i1 s,473
s a l i1 s t e,6802
s a l i1 b a,2306
s a l m o1 n,2368
s a l o m e1,465
s a l o m o1 n,1138
s a l o1 n,15311
s a l o1 n e s,1008
s a l p i k a d u1 ɾ a s,620
s a1 l s a,10382
s a1 l s a s,454
s a1 l t a,9576
s a l t a1 b a,527
s a l t a1 d o,2179
s a l t a d o1 ɾ,1041
s a l t a m o1 n t e s,856
s a l t a1 m o s,1104
s a1 l t a n,1025
s a l t a1 n d o,2969
s a l t a1 ɾ,13555
s a l t a ɾ e1,783
s a l t a1 ɾ m e,614
s a l t a1 ɾ n o s,678
s a l t a1 ɾ o n,707
s a l t a1 ɾ s e,829
s a l t a1 ɾ t e,588
s a1 l t a s,1162
s a l t a1 s t e,735
s a1 l t e,2299
s a l t e1,1409
s a l t e1 m o s,481
s a1 l t e n,1148
s a1 l t e s,736
s a1 l t o,9907
s a l t o1,4180
s a1 l t o s,1724
s a l u1 d,37682
s a l u1 d a,6286
s a l u d a1 b l e,6029
s a l u d a1 b l e s,1071
s a l u1 d a l a,503
s a l u1 d a l o,605
s a l u1 d a m e,741
s a l u d a1 m o s,774
s a l u1 d a n,652
s a l u d a1 n d o,769
s a l u d a1 ɾ,5573
s a l u d a1 ɾ l a,1164
s a l u d a1 ɾ l e,738
s a l u d a1 ɾ l o,1452
s a l u d a1 ɾ l o s,684
s a l u d a1 ɾ m e,826
s a l u d a1 ɾ t e,2093
s a l u1 d a s,781
s a l u1 d e,852
s a l u1 d e n,1458
s a l u1 d o,4433
s a l u1 d o s,10310
s a1 l b a,5897
s a l b a s j o1 n,5036
s a l b a1 d a,953
s a l b a1 d o,9918
s a l b a d o1 ɾ,4625
s a l b a1 d o s,1070
s a l b a1 x e,13910
s a l b a x e m e1 n t e,497
s a l b a1 x e s,8052
s a1 l b a l a,477
s a1 l b a l o,652
s a1 l b a m e,3313
s a l b a m e1 n t o,645
s a l b a1 m o s,1905
s a1 l b a n,483
s a l b a1 n d o,2518
s a1 l b a n o s,965
s a l b a1 ɾ,37809
s a l b a ɾ a1,2771
s a l b a ɾ a1 n,605
s a l b a ɾ a1 s,649
s a l b a ɾ e1,1193
s a l b a ɾ e1 m o s,690
s a l b a ɾ i1 a,758
s a l b a1 ɾ l a,7253
s a l b a1 ɾ l e,4366
s a l b a1 ɾ l e s,550
s a l b a1 ɾ l o,7217
s a l b a1 ɾ l o s,3325
s a l b a1 ɾ m e,8621
s a l b a1 ɾ n o s,4470
s a l b a1 ɾ o n,1542
s a l b a1 ɾ s e,3446
s a l b a1 ɾ t e,10251
s a1 l b a s,1506
s a l b a1 s t e,6493
s a1 l b a t e,1567
s a l b a t o1 ɾ e,1826
s a l b a b i1 d a s,2567
s a1 l b e,6594
s a l b e1,4202
s a1 l b e m e,525
s a l b e1 m o s,555
s a1 l b e n,1395
s a1 l b e s e,1023
s a1 l b o,50685
s a l b o1,11654
s a1 l b o s,728
s a1 m,65346
s a m a1 n d a,5437
s a m a ɾ i t a1 n o,670
s a1 m b a,780
s a1 m m i,7742
s a m w e1 l,4808
s a m u1 ɾ a i,3573
s a1 n,38216
s a1 n a,4625
s a n a1 ɾ,1446
s a n a ɾ a1,495
s a1 n a s,584
s a n a t o1 ɾ j o,1078
s a1 n tʃ e s,2048
s a1 n tʃ o,1101
s a n d a1 l j a s,1116
s a n d e1 s e s,624
s a n d i1 a,827
s a1 n d ɾ a,4362
s a1 n d b i tʃ,5035
s a n d b i1 tʃ e s,908
s a1 ɲ g ɾ a,1930
s a ɲ g ɾ a1 b a,455
s a ɲ g ɾ a1 d o,1940
s a ɲ g ɾ a1 n d o,7050
s a ɲ g ɾ a1 ɾ,2374
s a1 ɲ g ɾ e,115990
s a ɲ g ɾ j e1 n t a,1516
s a ɲ g ɾ j e1 n t o,1838
s a ɲ g ɾ j e1 n t o s,649
s a ɲ g i x w e1 l a,651
s a ɲ g i x w e1 l a s,918
s a ɲ g i n a1 ɾ j o,521
s a ɲ g i1 n e a,2011
s a ɲ g i1 n e o,1783
s a ɲ g i1 n e o s,656
s a n i d a1 d,1422
s a n i t a1 ɾ j o,944
s a1 n o,8162
s a1 n o s,2122
s a n s o1 n,693
s a1 n t a,25372
s a n t a1 n a,835
s a1 n t a s,587
s a n t j a1 g o,2707
s a n t j a m e1 n,732
s a n t i d a1 d,3459
s a n t i f i k a1 d o,1084
s a n t i1 s i m a,541
s a1 n t o,37527
s a1 n t o s,6881
s a n t w a1 ɾ j o,3328
s a p j e1 n s,457
s a1 p o,2083
s a1 p o s,717
s a1 k e,8126
s a k e1,7134
s a k e a1 ɾ,734
s a1 k e l a,545
s a1 k e l o,1148
s a1 k e l o s,531
s a1 k e m e,1657
s a k e1 m o s,1787
s a k e1 m o s l o,861
s a1 k e n,5627
s a1 k e n l a,1350
s a1 k e n l o,5516
s a1 k e n l o s,1710
s a1 k e m m e,3178
s a1 k e m m e l o,510
s a1 k e n o s,1066
s a k e1 o,608
s a1 k e s,2526
s a1 ɾ a,12415
s a ɾ a x e1 b o,599
s a ɾ a m p j o1 n,713
s a ɾ k a1 s m o,1470
s a ɾ k a1 s t i k o,1041
s a ɾ k o1 f a g o,632
s a ɾ d i1 n a s,1415
s a ɾ x e1 n t o,40930
s a ɾ x e1 n t o s,481
s a1 ɾ i,516
s a ɾ p u j i1 d o,991
s a ɾ t e1 n,1226
s a1 s a,3062
s a1 s t ɾ e,2132
s a t a1 n,2270
s a t a n a1 s,2749
s a t e1 l i t e,6936
s a t e1 l i t e s,2409
s a t e1 n,468
s a t i s f a k s j o1 n,3939
s a t i s f a1 s e,1302
s a t i s f a s e1 ɾ,2837
s a t i s f a k t o1 ɾ j a,701
s a t i s f a k t o1 ɾ j o,1225
s a t i s f e1 tʃ a,2272
s a t i s f e1 tʃ o,6435
s a t i s f e1 tʃ o s,1364
s a t u ɾ a s j o1 n,929
s a t u1 ɾ n o,1406
s a1 u s e,648
s a1 u l,2965
s a1 u n a,1187
s a1 b e,555
s a1 b j a,493
s a j o n a1 ɾ a,494
s k o1 u d s,1032
s k ɾ a1 b b l e,593
s e1,3427806
s e1,973819
s e1 a,383306
s e a1 i s,1475
s e a1 m o s,12188
s e1 a s,62772
s e b a1 s t j a n,3914
s e b a s t j a1 n,1762
s e1 k a,5809
s e k a1 d o,624
s e k a d o1 ɾ,574
s e k a d o1 ɾ a,1003
s e k a1 n d o,512
s e k a1 ɾ,978
s e k a1 ɾ m e,482
s e k a1 ɾ s e,746
s e k a1 ɾ t e,478
s e1 k a s,1724
s e1 k a t e,1150
s e k s j o1 n,14230
s e k s j o1 n e s,1393
s e1 k o,7361
s e1 k o s,1854
s e k ɾ e1 d,678
s e k ɾ e1 t a,10392
s e k ɾ e t a m e1 n t e,1257
s e k ɾ e t a1 ɾ j a,8568
s e k ɾ e t a ɾ i1 a,643
s e k ɾ e t a1 ɾ j a s,746
s e k ɾ e t a1 ɾ j o,9087
s e k ɾ e1 t a s,2699
s e k ɾ e1 t o,61250
s e k ɾ e1 t o s,21613
s e1 k t a,1726
s e k t o1 ɾ,8595
s e k t o1 ɾ e s,1161
s e k w a1 s e s,660
s e k w e1 n s j a,6313
s e k w e1 n s j a s,1032
s e k w e s t ɾ a1 d a,1913
s e k w e s t ɾ a1 d o,3935
s e k w e s t ɾ a d o1 ɾ,2069
s e k w e s t ɾ a d o1 ɾ e s,2115
s e k w e s t ɾ a1 d o s,796
s e k w e s t ɾ a1 n d o,488
s e k w e s t ɾ a1 ɾ,2102
s e k w e s t ɾ a1 ɾ l a,458
s e k w e s t ɾ a1 ɾ m e,462
s e k w e s t ɾ a1 ɾ o n,2111
s e k w e1 s t ɾ o,6995
s e k w e s t ɾ o1,1991
s e k w e1 s t ɾ o s,1048
s e k u n d a1 ɾ j a,11961
s e k u n d a1 ɾ j a s,545
s e k u n d a1 ɾ j o,2887
s e k u n d a1 ɾ j o s,2316
s e1 d,10274
s e1 d a,5276
s e d a1 d o,712
s e d a1 n,617
s e d a1 n t e,1853
s e d a1 n t e s,783
s e1 d e,2270
s e d j e1 n t a,650
s e d j e1 n t o,1382
s e d j e1 n t o s,638
s e d u k s j o1 n,811
s e d u1 s e,532
s e d u s i1 d o,544
s e d u s i1 ɾ,1597
s e d u s i1 ɾ l a,554
s e d u s i1 ɾ m e,1233
s e d u s i1 ɾ t e,675
s e d u k t o1 ɾ,931
s e d u k t o1 ɾ a,685
s e d u1 x o,683
s e g m e1 n t o,795
s e g i1,7073
s e g i1 a,8391
s e g i1 a m o s,539
s e g i1 a n,2068
s e g i1 a s,920
s e g i1 d,3084
s e g i1 d a,5653
s e g i1 d a s,2254
s e g i1 d m e,3176
s e g i1 d o,13313
s e g i d o1 ɾ,738
s e g i d o1 ɾ e s,2861
s e g i1 d o s,2358
s e g i m j e1 n t o,1924
s e g i1 m o s,16628
s e g i1 ɾ,83845
s e g i ɾ a1,7429
s e g i ɾ a1 n,3507
s e g i ɾ a1 s,2933
s e g i ɾ e1,7767
s e g i ɾ e1 m o s,6783
s e g i ɾ i1 a,2580
s e g i ɾ i1 a n,542
s e g i ɾ i1 a s,627
s e g i1 ɾ l a,2028
s e g i1 ɾ l e,2527
s e g i1 ɾ l e s,816
s e g i1 ɾ l o,3606
s e g i1 ɾ l o s,1472
s e g i1 ɾ m e,5858
s e g i1 ɾ n o s,1846
s e g i1 ɾ t e,2918
s e g i1 s,1007
s e g i1 s t e,1851
s e g u1 n,40930
s e g u1 n d a,38714
s e g u1 n d a s,937
s e g u1 n d o,96891
s e g u1 n d o s,43908
s e g u1 ɾ a,77810
s e g u ɾ a m e1 n t e,22726
s e g u1 ɾ a s,2355
s e g u ɾ i d a1 d,83218
s e g u ɾ i1 s i m o,555
s e g u1 ɾ o,314707
s e g u1 ɾ o s,21496
s e1 i s,83789
s e i1 s s j e n t o s,672
s e l e k s j o1 n,3209
s e l e k s j o n a1 d o,914
s e l e k s j o n a1 d o s,496
s e l e k s j o n a1 ɾ,631
s e1 j a,634
s e j a1 d a,1060
s e j a1 d o,1925
s e j a1 d o s,815
s e j a1 ɾ,1089
s e1 j e n,597
s e1 j o,5188
s e1 j o s,1869
s e1 l m a,920
s e1 l b a,6554
s e m a1 f o ɾ o,1376
s e m a1 f o ɾ o s,676
s e m a1 n a,138581
s e m a n a1 l,1184
s e m a n a1 l e s,1028
s e m a1 n a s,72893
s e m b ɾ a1 d o,453
s e m b ɾ a1 ɾ,901
s e m e x a1 n t e,6394
s e m e x a1 n t e s,1357
s e m e x a1 n s a,651
s e1 m e n,2401
s e m e n t a1 l,2099
s e m e1 s t ɾ e,3048
s e1 m i,490
s e m i1 j a,2759
s e m i1 j a s,3908
s e m i n a1 ɾ j o,2356
s e m i n a1 ɾ j o s,453
s e1 n a,624
s e n a1 d o,6881
s e n a d o1 ɾ,17844
s e n a d o1 ɾ a,3053
s e n a d o1 ɾ e s,1504
s e n s i1 j a,4935
s e n s i j a m e1 n t e,3018
s e n s i1 j a s,1251
s e n s i1 j o,14168
s e n s i1 j o s,837
s e1 n d a,1294
s e n d e1 ɾ o,3112
s e n d e1 ɾ o s,600
s e n i1 l,990
s e n j o1 ɾ,650
s e1 n o,1970
s e1 n o s,3830
s e n s a s j o1 n,16181
s e n s a s j o n a1 l,4323
s e n s a s j o1 n e s,1027
s e n s a1 t a,1237
s e n s a t e1 s,629
s e n s a1 t o,2439
s e n s i b i l i d a1 d,2622
s e n s i1 b l e,8601
s e n s i1 b l e s,1919
s e n s o1 ɾ,1415
s e n s o1 ɾ e s,5522
s e n s w a1 l,2964
s e n s w a1 l e s,646
s e n t a1 b a,1975
s e n t a1 d a,9248
s e n t a1 d a s,706
s e n t a1 d o,23439
s e n t a1 d o s,7219
s e n t a1 m o s,2918
s e n t a1 n d o,458
s e n t a1 o s,4271
s e n t a1 ɾ,4739
s e n t a1 ɾ a,639
s e n t a ɾ a1,1661
s e n t a ɾ e1,1929
s e n t a ɾ e1 m o s,903
s e n t a ɾ i1 a,769
s e n t a1 ɾ m e,16511
s e n t a1 ɾ n o s,7173
s e n t a1 ɾ o n,564
s e n t a1 ɾ o s,969
s e n t a1 ɾ s e,18558
s e n t a1 ɾ t e,14355
s e n t a1 s t e,612
s e n t e1,2150
s e n t e1 m o n o s,3057
s e n t e1 n s j a,7607
s e n t e n s j a1 d o,1408
s e n t e1 n s j a s,607
s e n t i1,22333
s e n t i1 a,19380
s e n t i1 a m o s,784
s e n t i1 a n,1049
s e n t i1 a s,2381
s e n t i1 d o,84816
s e n t i1 d o s,4677
s e n t i m e n t a1 l,4339
s e n t i m e n t a1 l e s,874
s e n t i m e n t a l i1 s m o,455
s e n t i m j e1 n t o,10414
s e n t i m j e1 n t o s,25301
s e n t i1 m o s,10008
s e n t i1 ɾ,49195
s e n t i ɾ a1,3605
s e n t i ɾ a1 n,931
s e n t i ɾ a1 s,4542
s e n t i ɾ e1,1915
s e n t i ɾ e1 m o s,459
s e n t i ɾ i1 a,5029
s e n t i ɾ i1 a s,1587
s e n t i1 ɾ l a,1318
s e n t i1 ɾ l o,10066
s e n t i1 ɾ l o s,626
s e n t i1 ɾ m e,13211
s e n t i1 ɾ n o s,1550
s e n t i1 ɾ s e,16079
s e n t i1 ɾ t e,10056
s e n t i1 s,851
s e n t i1 s t e,3998
s e n t o1,2947
s e1 j a,653
s e j a1 l,44897
s e j a1 l a,1337
s e j a l a1 d o,669
s e j a1 l a n,491
s e j a l a1 n d o,769
s e j a l a1 ɾ,1722
s e j a1 l e s,13242
s e j a l o1,737
s e1 j a s,1774
s e j o1 ɾ,603166
s e j o1 ɾ a,144552
s e j o1 ɾ a s,16862
s e j o1 ɾ e s,30755
s e j o ɾ i1 a,19369
s e j o ɾ i1 t a,67232
s e j o ɾ i1 t a s,8492
s e j o ɾ i1 t o,1290
s e j w e1 l o,1589
s e1 p a,33524
s e p a1 i s,586
s e p a1 m o s,3920
s e1 p a n,9122
s e p a1 ɾ a,2603
s e p a ɾ a s j o1 n,3563
s e p a ɾ a1 d a,1147
s e p a ɾ a1 d a s,2195
s e p a ɾ a1 d o,4715
s e p a ɾ a1 d o s,5966
s e p a ɾ a1 m o s,3182
s e p a1 ɾ a n,1460
s e p a ɾ a1 n d o,890
s e p a ɾ a1 o s,612
s e p a ɾ a1 ɾ,3461
s e p a ɾ a ɾ e1 m o s,814
s e p a ɾ a1 ɾ l o s,1445
s e p a ɾ a1 ɾ m e,1364
s e p a ɾ a1 ɾ n o s,6207
s e p a ɾ a1 ɾ o n,1600
s e p a ɾ a1 ɾ s e,2497
s e p a ɾ a1 ɾ t e,682
s e p a ɾ a t i1 s t a,534
s e p a ɾ a t i1 s t a s,999
s e p a1 ɾ e,2288
s e p a ɾ e1,468
s e p a ɾ e1 m o n o s,1188
s e p a ɾ e1 m o s,595
s e p a1 ɾ e n,1105
s e p a1 ɾ e n s e,3965
s e p a1 ɾ e s,537
s e p a ɾ o1,1010
s e1 p a s,20866
s e p t j e1 m b ɾ e,8369
s e1 p t i m a,1704
s e1 p t i m o,3173
s e p u1 l k ɾ o,452
s e p u l t a1 d o,470
s e p u l t u1 ɾ a,580
s e p u l t u ɾ e1 ɾ o,598
s e1 k e,620
s e k i1 a,1178
s e1 k i t o,593
s e1 ɾ,841735
s e ɾ a1,262797
s e1 ɾ a n,1503
s e ɾ a1 n,33680
s e ɾ a1 s,31271
s e1 ɾ b j a,860
s e1 ɾ b j o,546
s e1 ɾ b j o s,853
s e ɾ e1,34456
s e ɾ e1 i s,1603
s e ɾ e1 m o s,13956
s e ɾ e1 n a,5483
s e ɾ e n i d a1 d,1167
s e ɾ e1 n o,1037
s e1 ɾ e s,13021
s e1 ɾ x j o,1152
s e1 ɾ j a,19306
s e ɾ i1 a,154638
s e ɾ j a1 l,1404
s e ɾ j a1 l e s,474
s e ɾ j a m e1 n t e,5509
s e ɾ i1 a m o s,2904
s e ɾ i1 a n,8253
s e1 ɾ j a s,3168
s e ɾ i1 a s,8508
s e1 ɾ j e,19307
s e ɾ j e d a1 d,1218
s e1 ɾ j e s,1597
s e1 ɾ j o,196522
s e1 ɾ j o s,4349
s e1 ɾ l e,3314
s e1 ɾ l e s,460
s e1 ɾ l o,26850
s e ɾ m o1 n,2993
s e ɾ m o n e a1 ɾ m e,682
s e ɾ m o1 n e s,1418
s e ɾ p j e1 n t e,10617
s e ɾ p j e1 n t e s,4717
s e1 ɾ t e,3098
s e ɾ b i1,1068
s e ɾ b i1 a,1497
s e ɾ b i1 a n,474
s e ɾ b i s j a1 l,572
s e ɾ b i1 s j o,46966
s e ɾ b i1 s j o s,13563
s e ɾ b i1 d a,1365
s e ɾ b i1 d o,5098
s e ɾ b i d o1 ɾ,3556
s e ɾ b i d o1 ɾ e s,1314
s e ɾ b i d u1 m b ɾ e,676
s e ɾ b i j e1 t a,1685
s e ɾ b i j e1 t a s,1244
s e ɾ b i1 m o s,1430
s e ɾ b i1 ɾ,13960
s e ɾ b i ɾ a1,8111
s e ɾ b i ɾ a1 n,1183
s e ɾ b i ɾ e1,1395
s e ɾ b i ɾ i1 a,3184
s e ɾ b i1 ɾ l a,631
s e ɾ b i1 ɾ l e,5714
s e ɾ b i1 ɾ l e s,1359
s e ɾ b i1 ɾ l o,964
s e ɾ b i1 ɾ m e,1894
s e ɾ b i1 ɾ n o s,961
s e ɾ b i1 ɾ o s,452
s e ɾ b i1 ɾ s e,569
s e ɾ b i1 ɾ t e,2686
s e1 s a m o,681
s e s e1 n t a,3545
s e s j o1 n,10624
s e s j o1 n e s,2620
s e1 s o s,4661
s e1 d,3803
s e1 t a s,827
s e t e1 n t a,2695
s e u1 d o n i m o,461
s e u1 l,1294
s e b e1 ɾ a,1732
s e b e ɾ a m e1 n t e,878
s e b e1 ɾ a s,719
s e b e1 ɾ o,2216
s e b e1 ɾ o s,567
s e b i1 j a,663
s e g s i1 s t a,484
s e1 g s o,57657
s e1 g s o s,510
s e1 s t a,2178
s e1 s t o,4315
s e g s w a1 l,17290
s e g s w a1 l e s,7482
s e g s w a l i d a1 d,1469
s e g s w a l m e1 n t e,2977
s e1 s i,17754
s e1 s i s,883
s e i1 m o u ɾ,1772
s a k e s p e a1 ɾ e,4180
s a1 ɲ g a i,1812
s a1 ɾ o n,5092
s e f f j e1 l d,605
s e1 i l a,3907
s e ɾ i1 f f,19656
s e ɾ l o1 k k,2416
s i1 ɾ l e i,3781
s o1 k k,5562
s i1,2646232
s i1,2382098
s j a1 m,551
s j a m e1 s e s,494
s i b e1 ɾ j a,1562
s i s i1 l j a,2045
s i s i l j a1 n o,571
s i1 d a,3712
s i1 d e,1951
s i1 d o,274480
s i1 d ɾ a,845
s j e1 m b ɾ a,569
s j e1 m p ɾ e,469504
s j e1 n,620
s j e1 n a,485
s j e1 n d o,69450
s j e1 n d o l o,1568
s j e1 n t a,17080
s j e1 n t a n,4065
s j e1 n t a n s e,1116
s j e1 n t a s,12817
s j e1 n t a t e,96616
s j e1 n t e,57470
s j e1 n t e l o,1069
s j e1 n t e n,9078
s j e1 n t e n s e,13920
s j e1 n t e s,54293
s j e1 n t e s e,40543
s j e1 n t e t e,2622
s j e1 n t o,525987
s j e1 r a,5103
s j e1 r a s,522
s j e1 ɾ b o,1491
s j e1 ɾ b o s,658
s j e1 s t a,4801
s j e1 t e,48573
s i1 f i l i s,1377
s i1 g a,22667
s i1 g a m e,6313
s i g a1 m o s,8227
s i1 g a n,16977
s i1 g a n l o,680
s i1 g a m m e,11505
s i1 g a s,6762
s i x i l o s a m e1 n t e,507
s i1 g l o,15900
s i1 g l o s,9024
s i g n i f i1 k a,132838
s i g n i f i k a1 b a,4419
s i g n i f i k a1 d o,8770
s i g n i f i1 k a n,4305
s i g n i f i k a1 ɾ,3617
s i g n i f i k a1 ɾ a,473
s i g n i f i k a ɾ a1,1017
s i g n i f i k a ɾ i1 a,2666
s i g n i f i1 k a s,739
s i g n i f i k a t i1 b a,860
s i g n i f i k a t i1 b o,1554
s i g n i f i1 k o,466
s i g n i f i k o1,1736
s i g n i f i1 k e,2521
s i1 g n o,4663
s i1 g n o s,5948
s i1 g o,29083
s i1 g e,121351
s i1 g e l a,820
s i1 g e l e,620
s i1 g e l o,1843
s i1 g e l o s,642
s i1 g e m e,12837
s i1 g e n,21004
s i1 g e n o s,576
s i1 g e s,32511
s i g j e1 n d o,14167
s i g j e1 n d o l o,590
s i g j e1 n d o m e,1786
s i g j e1 n d o n o s,996
s i g j e1 n d o t e,704
s i g j e1 n t e,53773
s i g j e1 n t e s,5749
s i g j e1 ɾ a,2259
s i g j e1 ɾ a n,663
s i g j e1 ɾ a s,529
s i g j e1 ɾ o n,2971
s i g j o1,7663
s i1 l b a,530
s i l b a1 ɾ,821
s i l b a1 t o,1709
s i l b i1 d o,740
s i l e n s j a d o1 ɾ,736
s i l e1 n s j o,47568
s i l e n s j o1 s a,2243
s i l e n s j o s a m e1 n t e,987
s i l e n s j o1 s o,3391
s i l e n s j o1 s o s,642
s i l i k o1 n a,727
s i1 j a,24316
s i1 j a s,4450
s i j o1 n,2807
s i1 l o,669
s i l w e1 t a,699
s i1 l b a,912
s i l b e1 s t ɾ e,852
s i l b e1 s t ɾ e s,588
s i1 l b j a,953
s i1 l b j o,525
s i m b j o1 n t e,553
s i m b o1 l i k o,863
s i m b o l i1 s a,675
s i1 m b o l o,7633
s i1 m b o l o s,3100
s i m e t ɾ i1 a,473
s i m i l a1 ɾ,5396
s i m i l a1 ɾ e s,2961
s i m i l i t u1 d e s,633
s i1 m j o,1439
s i1 m j o s,1462
s i1 m o n,13171
s i m o1 n,3306
s i m p a t i1 a,2278
s i m p a1 t i k a,2855
s i m p a1 t i k o,5551
s i m p a1 t i k o s,880
s i1 m p l e,36593
s i m p l e m e1 n t e,68899
s i1 m p l e s,4758
s i m p l i s i d a1 d,538
s i1 m p s o n,3336
s i m u l a s j o1 n,1626
s i m u l a1 k ɾ o,1712
s i m u l a d o1 ɾ,705
s i m u l a1 ɾ,1100
s i m u l t a1 n e a m e n t e,927
s i1 n,512193
s i n a g o1 g a,632
s i n a1 p s i s,452
s i n a1 t ɾ a,1024
s i n s e1 ɾ a,4898
s i n s e ɾ a m e1 n t e,7907
s i n s e1 ɾ a s,996
s i n s e ɾ i d a1 d,2531
s i n s e1 ɾ o,9730
s i n s e1 ɾ o s,1757
s i ɲ k ɾ o n i s a s j o1 n,3936
s i ɲ k ɾ o n i s a1 d o,1248
s i ɲ k ɾ o n i s a1 d o s,577
s i n d i k a1 l,487
s i n d i k a1 t o,5579
s i n d i k a1 t o s,1293
s i1 n d ɾ o m e,4135
s i m f o n i1 a,1383
s i ɲ g a p u1 ɾ,1654
s i ɲ x e1 ɾ,1118
s i ɲ g u l a1 ɾ,1311
s i n j e1 s t ɾ a,749
s i n j e1 s t ɾ o,1975
s i n j e1 s t ɾ o s,483
s i1 n o,63866
s i n o1 n i m o,538
s i n t e1 t i k a,505
s i n t e1 t i k o,609
s i n t j e1 n d o,5265
s i n t j e1 n d o m e,1215
s i n t j e1 n d o s e,932
s i n t j e1 n d o t e,612
s i n t j e1 ɾ a,1657
s i n t j e1 ɾ a s,745
s i n t j e1 ɾ o n,978
s i n t j o1,6508
s i1 n t o m a,2249
s i1 n t o m a s,6547
s i n t o n i1 a,597
s i m b e ɾ g w e1 n s a,3228
s i m b e ɾ g w e1 n s a s,863
s j o1 u s,973
s i k j e1 ɾ a,124825
s i1 ɾ,20163
s i1 ɾ e,987
s i ɾ e1 n a,3295
s i ɾ e1 n a s,1776
s i1 ɾ j a,1090
s i1 ɾ j o,523
s i1 ɾ b a,4151
s i1 ɾ b a n,1014
s i1 ɾ b a n s e,1218
s i1 ɾ b a s e,2063
s i1 ɾ b e,27049
s i1 ɾ b e l e,738
s i1 ɾ b e m e,1433
s i1 ɾ b e n,6947
s i1 ɾ b e n o s,452
s i1 ɾ b e s,2519
s i1 ɾ b e t e,3451
s i ɾ b j e1 n d o,2252
s i ɾ b j e1 n t a,2793
s i ɾ b j e1 n t e,3885
s i ɾ b j e1 n t e s,3306
s i ɾ b j e1 ɾ a,525
s i ɾ b j e1 ɾ o n,737
s i ɾ b j o1,3540
s i1 ɾ b o,4918
s i s t e1 m a,57322
s i s t e1 m a s,11416
s i s t e m a1 t i k a m e n t e,492
s i1 t j o,74004
s i1 t j o s,9239
s i t u1 a,522
s i t w a s j o1 n,54669
s i t w a s j o1 n e s,4586
s i t w a1 d a,554
s i t w a1 d o,897
s k i n n e1 ɾ,2276
s o1,10530
s o b e ɾ a1 n a,506
s o b e ɾ a n i1 a,509
s o b e ɾ a1 n o,1616
s o b e1 ɾ b j a,551
s o b e1 ɾ b j o,485
s o b o ɾ n a1 ɾ,1205
s o b o ɾ n a1 ɾ m e,692
s o b o1 ɾ n o,2562
s o b o1 ɾ n o s,1594
s o1 b ɾ a,5865
s o1 b ɾ a n,919
s o1 b ɾ a s,2023
s o1 b ɾ e,492202
s o b ɾ e k a1 ɾ g a,1021
s o b ɾ e d o1 s i s,3107
s o b ɾ e j e b a1 ɾ l o,502
s o b ɾ e n a t u ɾ a1 l,1623
s o b ɾ e n a t u ɾ a1 l e s,526
s o b ɾ e n o1 m b ɾ e,688
s o b ɾ e p a1 s a,609
s o b ɾ e p a s a1 d o,577
s o1 b ɾ e s,1131
s o b ɾ e s a l j e1 n t e,1277
s o b ɾ e t o1 d o,1367
s o b ɾ e b i1 b a,1481
s o b ɾ e b i1 b e,2101
s o b ɾ e b i1 b e n,1202
s o b ɾ e b i b e1 n s j a,464
s o b ɾ e b i1 b e s,452
s o b ɾ e b i b i1,1173
s o b ɾ e b i b i1 d o,3811
s o b ɾ e b i b j e1 n d o,493
s o b ɾ e b i b j e1 n t e,2313
s o b ɾ e b i b j e1 n t e s,4220
s o b ɾ e b i b j e1 ɾ o n,1463
s o b ɾ e b i b i1 m o s,1251
s o b ɾ e b i b j o1,4755
s o b ɾ e b i b i1 ɾ,17779
s o b ɾ e b i b i ɾ a1,2309
s o b ɾ e b i b i ɾ a1 n,518
s o b ɾ e b i b i ɾ a1 s,741
s o b ɾ e b i b i ɾ e1,1126
s o b ɾ e b i b i ɾ e1 m o s,865
s o b ɾ e b i b i ɾ i1 a,621
s o b ɾ e b i b i1 s t e,961
s o b ɾ e b i1 b o,511
s o1 b ɾ j a,1202
s o b ɾ j e d a1 d,453
s o b ɾ i1 n a,5509
s o b ɾ i1 n o,8994
s o b ɾ i1 n o s,877
s o1 b ɾ j o,3666
s o1 s j a,1476
s o s j a1 b l e,923
s o s j a1 l,14782
s o s j a1 l e s,5315
s o s j a l i1 s m o,1044
s o s j a l i1 s t a,1652
s o s j a l i1 s t a s,670
s o s j a l i s a1 ɾ,553
s o s j a l m e1 n t e,955
s o s j e d a1 d,21790
s o s j e d a1 d e s,1188
s o1 s j o,16971
s o s j o1 p a t a,751
s o1 s j o s,7599
s o k o1 r o,14995
s o1 k ɾ a t e s,951
s o1 d a,3416
s o1 d j o,958
s o d o1 m a,655
s o f a1,10901
s o f i1 a,2591
s o f i s t i k a1 d a,1280
s o f i s t i k a1 d o,2039
s o f i s t i k a1 d o s,705
s o f o k a1 n t e,521
s o f d b a1 ɾ e,3459
s o1 g a,4393
s o1 g a s,507
s o1 o,688
s o1 i s,21469
s o1 x a,1349
s o1 l,51626
s o1 l a,87989
s o l a m e1 n t e,26454
s o l a1 ɾ,6413
s o l a1 ɾ e s,1395
s o1 l a s,15495
s o l d a d i1 t o,531
s o l d a1 d o,30626
s o l d a d o1 ɾ,763
s o l d a1 d o s,30170
s o l e a1 d a,459
s o l e a1 d o,1421
s o l e d a1 d,6130
s o l e1 m n e,1215
s o l e m n e m e1 n t e,1102
s o l e1 m o s,960
s o1 l e s,661
s o l i1 a,29928
s o l i1 a m o s,4275
s o l i1 a n,3320
s o l i1 a s,3331
s o l i s i1 t a,2026
s o l i s i t a1 d o,1691
s o l i s i t a1 m o s,807
s o l i s i1 t a n,507
s o l i s i t a1 n d o,1066
s o l i s i t a1 ɾ,1739
s o l i s i t e1,778
s o l i s i1 t o,2974
s o l i s i t o1,1506
s o l i s i t u1 d,5591
s o l i s i t u1 d e s,1248
s o1 l i d a,2377
s o l i d a ɾ i d a1 d,1015
s o1 l i d a s,623
s o1 l i d o,3300
s o1 l i d o s,820
s o l i1 s t a,600
s o l i1 t a,592
s o l i t a1 ɾ j a,4214
s o l i t a1 ɾ j a s,752
s o l i t a1 ɾ j o,8783
s o l i t a1 ɾ j o s,1338
s o l i1 t o,1507
s o1 l o,466430
s o1 l o,914611
s o l o1 m o n,1631
s o1 l o s,24646
s o l s t i1 s j o,668
s o l t a1 d,658
s o l t a1 d m e,2282
s o l t a1 d o,1685
s o l t a1 m o s,547
s o l t a1 n d o,773
s o l t a1 ɾ,4391
s o l t a ɾ a1,463
s o l t a ɾ e1,764
s o l t a1 ɾ l a,832
s o l t a1 ɾ l o,1866
s o l t a1 ɾ m e,1689
s o l t a1 ɾ o n,1098
s o l t a1 ɾ s e,769
s o l t a1 ɾ t e,918
s o l t e1,530
s o l t e1 ɾ a,6056
s o l t e1 ɾ a s,1209
s o l t e1 ɾ o,7483
s o l t e ɾ o1 n a,925
s o l t e1 ɾ o s,2170
s o l t o1,1924
s o l u s j o1 n,15258
s o l u s j o1 n a,699
s o l u s j o n a1 d o,1583
s o l u s j o n a1 ɾ,4354
s o l u s j o n a ɾ a1,678
s o l u s j o n a ɾ e1 m o s,691
s o l u s j o n a1 ɾ l o,3626
s o l u s j o1 n e,461
s o l u s j o1 n e s,1368
s o m a1 l j a,645
s o1 m b ɾ a,13576
s o1 m b ɾ a s,7287
s o m b ɾ e ɾ e1 ɾ o,561
s o m b ɾ e1 ɾ o,22145
s o m b ɾ e1 ɾ o s,3110
s o m b ɾ i1 a,571
s o m b ɾ i1 j a,592
s o m b ɾ i1 o,1099
s o m e t e1 ɾ,689
s o m e t e1 ɾ m e,478
s o m e t e1 ɾ s e,1317
s o m e t e1 ɾ t e,532
s o m e t i1 d o,1017
s o m n i1 f e ɾ o,528
s o m n i1 f e ɾ o s,647
s o1 m o s,169339
s o1 n,755637
s o n a1 b a,3634
s o n a1 d o,1147
s o n a1 m b u l o,604
s o n a1 n d o,2657
s o n a1 ɾ,8227
s o n a1 ɾ a,572
s o n a ɾ a1,1278
s o n a1 t a,524
s o1 n d a,2970
s o1 n j a,3479
s o n i1 d o,21943
s o n i1 d o s,3951
s o n o1,3981
s o n o1 ɾ a,973
s o n r e i1 a,753
s o n r e1 i ɾ,867
s o n r i1 e,7174
s o n r i1 e n,560
s o n r j e1 n d o,3870
s o n r j e1 n t e,1341
s o n r i1 e s,1764
s o n r j o1,1319
s o n r i1 o,687
s o n r i1 s a,14102
s o n r i1 s a s,1804
s o1 n i,485
s o j a1 b a,2356
s o j a1 d o,4973
s o j a d o1 ɾ,1216
s o j a d o1 ɾ e s,565
s o j a1 m o s,669
s o j a1 n d o,8306
s o j a1 ɾ,5430
s o j a1 ɾ l o,466
s o j a1 s t e,1075
s o j e1,4982
s o j o1,878
s o1 p a,13998
s o1 p l a,2898
s o p l a1 n d o,854
s o p l a1 ɾ,1138
s o1 p l e,454
s o p l e1 t e,530
s o1 p l o,1481
s o p l o1 n,3234
s o p l o1 n e s,631
s o p o1 ɾ t a,2082
s o p o ɾ t a1 b a,1144
s o p o ɾ t a1 d o,1097
s o p o1 ɾ t a n,691
s o p o ɾ t a1 ɾ,13055
s o p o ɾ t a ɾ e1,609
s o p o ɾ t a ɾ i1 a,942
s o p o ɾ t a1 ɾ l a,464
s o p o ɾ t a1 ɾ l o,10541
s o p o1 ɾ t a s,1198
s o p o1 ɾ t e,3428
s o p o1 ɾ t e s,487
s o p o1 ɾ t o,7468
s o p ɾ a1 n o,1863
s o1 ɾ,654
s o1 ɾ d a,2044
s o1 ɾ d i d o,619
s o1 ɾ d o,5804
s o1 ɾ d o s,1304
s o ɾ p ɾ e1 n d a,1166
s o ɾ p ɾ e1 n d a s,565
s o ɾ p ɾ e1 n d e,14378
s o ɾ p ɾ e1 n d e m e,799
s o ɾ p ɾ e n d e1 n t e,8379
s o ɾ p ɾ e n d e n t e m e1 n t e,1471
s o ɾ p ɾ e n d e1 n t e s,954
s o ɾ p ɾ e n d e1 ɾ,1540
s o ɾ p ɾ e n d e ɾ a1,970
s o ɾ p ɾ e n d e ɾ i1 a,3582
s o ɾ p ɾ e n d e ɾ i1 a s,581
s o ɾ p ɾ e n d e1 ɾ l a,579
s o ɾ p ɾ e n d e1 ɾ l o,578
s o ɾ p ɾ e n d e1 ɾ l o s,770
s o ɾ p ɾ e n d e1 ɾ m e,1727
s o ɾ p ɾ e n d e1 ɾ n o s,502
s o ɾ p ɾ e n d e1 ɾ s e,490
s o ɾ p ɾ e n d e1 ɾ t e,2342
s o ɾ p ɾ e1 n d e s,1203
s o ɾ p ɾ e n d i1,923
s o ɾ p ɾ e n d i1 d a,3257
s o ɾ p ɾ e n d i1 d o,7808
s o ɾ p ɾ e n d i1 d o s,857
s o ɾ p ɾ e n d j e1 ɾ o n,493
s o ɾ p ɾ e n d j o1,4404
s o ɾ p ɾ e n d i1 s t e,604
s o ɾ p ɾ e1 n d o,493
s o ɾ p ɾ e1 s a,39653
s o ɾ p ɾ e1 s a s,4773
s o ɾ t e1 o,939
s o1 s,5378
s o1 s a,1270
s o s p e1 tʃ a,6180
s o s p e tʃ a1 b a,1632
s o s p e tʃ a1 d o,616
s o s p e tʃ a1 m o s,823
s o s p e1 tʃ a n,1039
s o s p e tʃ a1 ɾ,2661
s o s p e tʃ a ɾ a1,614
s o s p e1 tʃ a s,3813
s o s p e1 tʃ e,508
s o s p e tʃ e1,716
s o s p e1 tʃ o,3609
s o s p e tʃ o1,496
s o s p e tʃ o1 s a,2504
s o s p e tʃ o1 s a s,591
s o s p e tʃ o1 s o,20849
s o s p e tʃ o1 s o s,7105
s o s t e1 n,4401
s o s t e n e1 ɾ,3222
s o s t e n e1 ɾ l a,858
s o s t e n e1 ɾ l o,1433
s o s t e n e1 ɾ m e,582
s o s t e n e1 ɾ s e,586
s o s t e n e1 ɾ t e,490
s o s t e1 ɲ g a,1019
s o s t e1 ɲ g a n l o,505
s o s t e1 ɲ g o,912
s o s t e n i1 a,750
s o s t e n i1 d o,749
s o s t e n j e1 n d o,1747
s o s t e1 n l a,991
s o s t e1 n l o,2073
s o s t e1 n t e,1236
s o s t j e1 n e,2366
s o s t j e1 n e n,585
s o s t j e1 n e s,607
s o s t u1 b o,528
s o1 t a n o,13187
s o1 t a n o s,489
s o u1 t a m p t o n,483
s o u b e1 n i ɾ,487
s o b j e1 t i k a,2763
s o b j e1 t i k o,1822
s o b j e1 t i k o s,2406
s o1 i,854588
s p a g e1 d t i,739
s p e n s e1 ɾ,5393
s p i d e1 ɾ m a n,935
s p o1 k k,3889
s r a1,112656
s r a1 s,598
s r e1 s,1088
s r t a1,81819
s t a ɾ b u1 k k s,776
s u1,2164732
s w a1 b e,13368
s w a b e m e1 n t e,3025
s w a1 b e s,2706
s w a b i d a1 d,1115
s w a b i s a1 ɾ,550
s u1 b,732
s u1 b a,8582
s u b a1 m o s,1553
s u1 b a n,6399
s u1 b a n l o,947
s u1 b a m m e,458
s u1 b a n s e,1839
s u1 b a s,1736
s u1 b a s e,1230
s u b a1 s t a,3154
s u b a1 s t a s,461
s u b k o n s s j e1 n t e,2075
s u b d i ɾ e k t o1 ɾ,1086
s u1 b d i t o,453
s u1 b d i t o s,1362
s u1 b e,27148
s u1 b e l a,869
s u1 b e l e,584
s u1 b e l o,1870
s u1 b e m e,987
s u1 b e n,2156
s u1 b e s,2421
s u b e s p a s j a1 l,833
s u b e s t i m a1 d o,713
s u b e s t i1 m a s,454
s u b e s t i m e1,465
s u b e s t i1 m e s,1089
s u1 b e t e,11315
s u b i1,2751
s u b i1 a,1153
s u b i1 d,1436
s u b i1 d a,1349
s u b i1 d o,5103
s u b j e1 n d o,6865
s u b j e1 ɾ a,652
s u b j e1 ɾ o n,1698
s u b i1 m o s,2551
s u b j o1,5590
s u b i1 ɾ,26935
s u b i ɾ a1,1271
s u b i ɾ a1 n,560
s u b i ɾ a1 s,464
s u b i ɾ e1,2623
s u b i ɾ e1 m o s,1091
s u b i1 ɾ l a,910
s u b i1 ɾ l e,638
s u b i1 ɾ l o,1546
s u b i1 ɾ m e,2523
s u b i1 ɾ n o s,672
s u b i1 ɾ s e,2089
s u b i1 ɾ t e,2054
s u b i1 s t e,1068
s u1 b i t a,580
s u1 b i t a m e n t e,549
s u b x e1 f a,452
s u b l i1 m e,1254
s u b m a ɾ i1 n o,5936
s u b m a ɾ i1 n o s,1817
s u1 b o,3697
s u b o f i s j a1 l,1075
s u b o ɾ d i n a1 d o,463
s u b o ɾ d i n a1 d o s,526
s u b s i1 d j o,621
s u b s w e1 l o,460
s u b t e r a1 n e a,876
s u b t e r a1 n e o,2601
s u b t e r a1 n e o s,510
s u b t i t u l a1 d a,978
s u b t i t u l a1 d o,1530
s u b t i1 t u l o,2781
s u b t i1 t u l o s,5267
s u b u1 ɾ b j o,457
s u b u1 ɾ b j o s,1706
s u k s j o1 n,1174
s u s e1 d a,7800
s u s e1 d e,64876
s u s e1 d e n,2598
s u s e d e1 ɾ,12244
s u s e d e ɾ a1,6688
s u s e d e ɾ i1 a,1749
s u s e d e1 ɾ l e,466
s u s e d i1 a,1467
s u s e d i1 d o,10914
s u s e d j e1 n d o,11157
s u s e d j e1 ɾ a,2421
s u s e d j e1 ɾ o n,866
s u s e d j o1,38494
s u s e s j o1 n,981
s u s e s i b a m e1 n t e,539
s u s e1 s o,1839
s u s e s o1 ɾ,1629
s u s e1 s o s,2006
s u1 s j a,9185
s u1 s j a s,3329
s u s j e d a1 d,2358
s u1 s j o,17597
s u1 s j o s,4939
s u k u ɾ s a1 l,1209
s u1 d a,926
s u d a d e1 ɾ a,771
s u d a1 d o,652
s u d a1 f ɾ i k a,1997
s u d a m e1 ɾ i k a,2060
s u1 d a n,496
s u d a1 n,779
s u d a1 n d o,2236
s u d a1 ɾ,1775
s u1 d e s,1066
s u d e1 s t e,1323
s u d o1 ɾ,3634
s u d o ɾ o1 s o,454
s w e1 k a,762
s w e1 s j a,2205
s w e1 k o,1894
s w e1 k o s,599
s w e1 g ɾ a,2142
s w e1 g ɾ o,1778
s w e1 g ɾ o s,587
s w e1 l a,679
s w e1 l a s,522
s w e1 l d o,7636
s w e1 l d o s,853
s w e1 l e,8178
s w e1 l e n,4643
s w e1 l e s,1042
s w e1 l o,43834
s w e1 l o s,1035
s w e1 l t a,12774
s w e1 l t a l a,7356
s w e1 l t a l e,976
s w e1 l t a l o,9923
s w e1 l t a l o s,469
s w e1 l t a m e,25466
s w e1 l t a n,757
s w e1 l t a s,1663
s w e1 l t a t e,1186
s w e1 l t e,4076
s w e1 l t e l a,1526
s w e1 l t e l o,1827
s w e1 l t e m e,7028
s w e1 l t e n,3274
s w e1 l t e n l a,966
s w e1 l t e n l o,1658
s w e1 l t e m m e,6270
s w e1 l t e s,2564
s w e1 l t o,6296
s w e1 l t o s,2310
s w e1 n a,60007
s w e1 n a n,2376
s w e1 n a s,3701
s w e1 n e,3608
s w e1 n e n,458
s w e1 n o,964
s w e1 j a,2725
s w e1 j a n,895
s w e1 j a s,1517
s w e1 j e s,1597
s w e1 j o,62583
s w e1 j o s,34593
s w e1 ɾ o,3019
s w e1 ɾ t e,150072
s w e1 ɾ t e s,710
s w e ɾ t u1 d o,1157
s w e1 t e ɾ,2683
s u f f o1 l k,539
s u f i s j e1 n t e,114076
s u f i s j e n t e m e1 n t e,19408
s u f i s j e1 n t e s,12290
s u1 f ɾ a,1540
s u1 f ɾ a n,462
s u1 f ɾ a s,662
s u1 f ɾ e,5911
s u1 f ɾ e n,2054
s u1 f ɾ e s,1042
s u f ɾ i1,1139
s u f ɾ i1 a,1656
s u f ɾ i1 d o,8097
s u f ɾ j e1 n d o,5810
s u f ɾ j e1 ɾ o n,979
s u f ɾ i m j e1 n t o,8538
s u f ɾ i m j e1 n t o s,767
s u f ɾ i1 m o s,1090
s u f ɾ j o1,5619
s u f ɾ i1 ɾ,11317
s u f ɾ i ɾ a1,1209
s u f ɾ i ɾ a1 n,563
s u f ɾ i ɾ a1 s,606
s u f ɾ i1 s t e,606
s u1 f ɾ o,1739
s u g a1 ɾ,2543
s u x e ɾ e1 n s j a,4512
s u x e ɾ e1 n s j a s,1603
s u x e ɾ i1,1043
s u x e ɾ i1 d o,946
s u x e ɾ i1 ɾ,2615
s u x e ɾ i ɾ i1 a,647
s u x e ɾ i1 ɾ l e,1094
s u x e ɾ i1 ɾ t e,518
s u x e s t j o1 n,460
s u x j e1 ɾ a,466
s u x j e1 ɾ e,5290
s u x j e1 ɾ e n,1204
s u x j e1 ɾ e s,2329
s u x j e1 ɾ o,11118
s u x i ɾ j e1 n d o,2639
s u x i ɾ j o1,2424
s w i s i1 d a,4608
s w i s i d a1 d o,1261
s w i s i d a1 ɾ,796
s w i s i d a1 ɾ m e,3229
s w i s i d a1 ɾ s e,6851
s w i s i d a1 ɾ t e,2317
s w i s i1 d a s,1607
s w i s i1 d e,489
s w i s i1 d j o,12523
s w i s i1 d j o s,1120
s w i s i1 d o,708
s w i s i d o1,4773
s w i1 t e,5172
s w i1 t e s,453
s w i1 s a,4681
s w i1 s o,1331
s w i1 s o s,703
s u x e1 t a,3124
s u x e t a d o1 ɾ,1259
s u x e1 t a l a,1106
s u x e1 t a l e,490
s u x e1 t a l o,2422
s u x e1 t a m e,683
s u x e t a1 n d o,689
s u x e t a1 ɾ,1005
s u x e t a1 ɾ l o,640
s u x e1 t a s,476
s u x e1 t a t e,4835
s u x e1 t e,540
s u x e1 t e n l o,1078
s u x e1 t e n s e,2261
s u x e1 t o,17448
s u x e1 t o s,3707
s u l f u1 ɾ o,463
s u j i1 b a n,4757
s u l t a1 n,1508
s u1 m a,6291
s u m a m e1 n t e,3858
s u1 m a n,528
s u m a1 ɾ,680
s u1 m a s,819
s u m e ɾ x i1 d o,692
s u m e ɾ x i1 ɾ s e,802
s u m i n i1 s t ɾ o,2954
s u m i n i1 s t ɾ o s,3749
s u m i s j o1 n,659
s u1 m o,1911
s u1 p e,22280
s u p e1 ɾ,7335
s u1 p e ɾ,10278
s u p e1 ɾ a,2502
s u p e ɾ a1 d o,3677
s u p e1 ɾ a l o,1652
s u p e ɾ a1 m o s,483
s u p e1 ɾ a n,990
s u p e ɾ a1 n d o,538
s u p e ɾ a1 ɾ,6122
s u p e ɾ a ɾ a1,782
s u p e ɾ a ɾ e1 m o s,687
s u p e ɾ a1 ɾ l o,4979
s u p e ɾ a1 s t e,494
s u p e1 ɾ e,568
s u p e ɾ e1,1083
s u p e ɾ e s t ɾ e1 j a,936
s u p e ɾ f i s j a1 l,2970
s u p e ɾ f i s j a1 l e s,834
s u p e ɾ f i1 s j e,11661
s u p e ɾ e1 ɾ o e,1889
s u p e ɾ e1 ɾ o e s,1078
s u p e ɾ i n t e n d e1 n t e,1445
s u p e ɾ j o1 ɾ,15962
s u p e ɾ j o1 ɾ a,864
s u p e ɾ j o1 ɾ e s,5544
s u p e ɾ j o ɾ i d a1 d,1172
s u p e1 ɾ m a n,5300
s u p e ɾ m e ɾ k a1 d o,3689
s u p e ɾ m e ɾ k a1 d o s,508
s u p e ɾ n o1 b a,502
s u p e ɾ o1,1016
s u p e ɾ p o d e1 ɾ e s,581
s u p e ɾ s t i s j o1 n,1312
s u p e ɾ s t i s j o1 n e s,744
s u p e ɾ s t i s j o1 s o,739
s u p e ɾ b i s a1 ɾ,995
s u p e ɾ b i s j o1 n,2000
s u p e ɾ b i s o1 ɾ,4187
s u p e ɾ b i s o1 ɾ a,706
s u p e ɾ b i s o1 ɾ e s,485
s u p e ɾ b i b e1 n s j a,5045
s u p e ɾ b i b j e1 n t e,1246
s u p e ɾ b i b j e1 n t e s,2384
s u p j e1 ɾ a,15013
s u p j e1 ɾ a m o s,1050
s u p j e1 ɾ a n,2643
s u p j e1 ɾ a s,6454
s u p j e1 ɾ o n,1685
s u p j e1 s e,1497
s u p j e1 s e s,526
s u p i1 m o s,2551
s u p i1 s t e,7298
s u p l e m e1 n t o,820
s u p l e m e1 n t o s,488
s u p l e1 n t e,1470
s u p l i1 k a,523
s u1 p l i k a,532
s u p l i k a1 n d o,728
s u p l i k a1 ɾ,1033
s u p l i1 k o,5437
s u p l i k o1,527
s u1 p o,10217
s u p o1 n,1535
s u p o n d ɾ i1 a,515
s u p o1 n e,52133
s u p o n e1 m o s,732
s u p o1 n e n,630
s u p o n e1 ɾ,3492
s u p o n e1 ɾ l o,640
s u p o1 n e s,1650
s u p o1 ɲ g a,1506
s u p o ɲ g a1 m o s,2971
s u p o1 ɲ g o,138203
s u p o n i1 a,13050
s u p o n j e1 n d o,2289
s u p o s i s j o1 n,2239
s u p o s i s j o1 n e s,1087
s u p ɾ e1 m a,3063
s u p ɾ e m a s i1 a,546
s u p ɾ e1 m o,3760
s u p ɾ i m i1 ɾ,790
s u p w e1 s t a,988
s u p w e s t a m e1 n t e,4651
s u p w e1 s t o,133681
s u p w e1 s t o s,680
s u p u1 s e,4267
s u p u1 s o,722
s u1 ɾ,35792
s u ɾ e1 j o,849
s u ɾ e1 j o s,462
s u ɾ e1 s t e,1018
s u1 ɾ f,2657
s u ɾ f e a1 ɾ,1216
s u ɾ f i1 s t a,674
s u ɾ f i1 s t a s,469
s u1 ɾ x e,2358
s u1 ɾ x e n,975
s u ɾ x i1 d o,1541
s u ɾ x j e1 ɾ o n,705
s u ɾ x j o1,3047
s u ɾ x i1 ɾ,1183
s u ɾ o e1 s t e,1061
s u r e a l i1 s t a,550
s u1 s,629503
s u1 s a n,15343
s u s a1 n a,529
s u s s e p t i1 b l e,1039
s u1 s i,2512
s u s p e1 n d e,805
s u s p e n d e1 ɾ,1517
s u s p e n d i1 d a,1098
s u s p e n d i1 d o,2792
s u s p e n d i1 d o s,508
s u s p e n d j e1 ɾ o n,625
s u s p e n d j o1,501
s u s p e n s j o1 n,2132
s u s p e1 n s o,1006
s u s p i1 ɾ o,1393
s u s t a1 n s j a,3204
s u s t a n s j a1 l,570
s u s t a1 n s j a s,1491
s u s t e1 n t o,963
s u s t i t w i1 d o,464
s u s t i t w i1 ɾ,1205
s u s t i t w i1 ɾ m e,506
s u s t i t u1 t a,910
s u s t i t u1 t o,2879
s u s t i t u1 t o s,1067
s u1 s t o,5793
s u s u1 r a,470
s u s u r a1 n d o,941
s u s u r a1 ɾ,607
s u s u1 r o,837
s u s u1 r o s,707
s u t i1 l,3075
s u t i1 l e s,695
s u t i l e1 s a,517
s u t u1 ɾ a,982
s u t u1 ɾ a s,538
s u1 j a,27118
s u1 j a s,4318
s u1 j o,31538
s u1 j o s,8194
s u s a1 n n e,2395
s b i1 ɲ g,1197
s i l b e s t e1 ɾ,939
s i1 l b j a,4301
s i1 l b j e,544
t a1,2473
t a b a1 k o,6046
t a b e1 ɾ n a,2959
t a1 b l a,5959
t a1 b l a s,2264
t a b l e1 ɾ o,2961
t a b l o1 n,708
t a b u1,592
t a b u ɾ e1 t e,593
t a k a1 j o,1655
t a1 k o,1934
t a k o1 n,822
t a k o1 n e s,1868
t a1 k o s,2229
t a1 k t i k a,3306
t a1 k t i k a s,2389
t a1 k t i k o,1382
t a1 k t o,2237
t a i1 t i,725
t a o1 e,578
t a i l a1 n d e s a,583
t a i1 l a n d j a,1837
t a i1 b a n,539
t a x a1 d a,951
t a1 x o,487
t a1 l,338208
t a l a1 d ɾ o,1444
t a1 l k o,842
t a l e1 n t o,18431
t a l e1 n t o s,3129
t a l e n t o1 s a,1311
t a l e n t o1 s o,1823
t a l e n t o1 s o s,494
t a1 l e s,5083
t a l i b a1 n e s,603
t a l i s m a1 n,641
t a1 j a,4915
t a j a1 d o,562
t a j a ɾ i1 n e s,769
t a1 j a s,546
t a1 j e,625
t a j e1 ɾ,6419
t a j e1 ɾ e s,518
t a1 j o,630
t a l o1 n,1170
t a l o1 n e s,1683
t a m a1 j o,17202
t a m a1 j o s,664
t a m a1 ɾ a,1065
t a m b j e1 n,497150
t a m b o1 ɾ,2711
t a m b o1 ɾ e s,1948
t a1 m e s i s,541
t a1 m m i,2191
t a m p o1 k o,91575
t a m p o1 n e s,671
t a1 n,614320
t a ɲ x i1 b l e,486
t a1 ɲ g o,2988
t a1 n j a,954
t a1 n o,498
t a1 ɲ k e,10385
t a1 ɲ k e s,6704
t a1 n t a,26290
t a1 n t a s,20447
t a1 n t o,215131
t a1 n t o s,20794
t a1 n j a,2602
t a1 p a,5056
t a p a d e1 ɾ a,1925
t a p a1 d o,839
t a p a1 ɾ,1282
t a1 p a s,1227
t a1 p a t e,1535
t a p e1 t e,788
t a1 p j a,582
t a p i1 s,461
t a p o1 n,834
t a p o1 n e s,516
t a k i k a1 ɾ d j a,943
t a k i1 j a,2127
t a1 ɾ a,5712
t a ɾ a1 d o,3383
t a ɾ a1 d o s,878
t a1 ɾ d a,3917
t a ɾ d a1 d o,2901
t a ɾ d a1 m o s,643
t a1 ɾ d a n,1352
t a ɾ d a1 n d o,798
t a ɾ d a1 n s a,970
t a ɾ d a1 ɾ,3991
t a ɾ d a ɾ a1,4493
t a ɾ d a ɾ a1 n,1577
t a ɾ d a ɾ a1 s,776
t a ɾ d a ɾ e1,3732
t a ɾ d a ɾ e1 m o s,1811
t a ɾ d a ɾ i1 a,1052
t a ɾ d a1 ɾ o n,1004
t a1 ɾ d a s,948
t a ɾ d a1 s t e,1658
t a1 ɾ d e,210043
t a ɾ d e1,1280
t a1 ɾ d e s,22177
t a1 ɾ d o,1157
t a ɾ d o1,1639
t a ɾ e1 a,15990
t a ɾ e1 a s,5871
t a ɾ i1 f a,1784
t a ɾ i1 f a s,615
t a ɾ x e1 t a,26533
t a ɾ x e1 t a s,8417
t a ɾ o1 d,634
t a1 r o,1357
t a1 ɾ t a,6872
t a1 ɾ t a s,1304
t a ɾ s a1 n,1911
t a1 s a,2373
t a1 s a s,697
t a t a ɾ a b w e1 l o,514
t a t j a1 n a,1007
t a t w a1 d o,709
t a t w a1 x e,6083
t a t w a1 x e s,2882
t a1 g s i,27226
t a1 g s i s,2244
t a g s i1 s t a,3010
t a1 s a,14312
t a1 s a s,2014
t a s o1 n,2013
t e1,3548256
t e1,33635
t e a t ɾ a1 l,1345
t e a1 t ɾ o,20152
t e a1 t ɾ o s,688
t e1 tʃ o,18940
t e1 tʃ o s,1147
t e1 k l a,563
t e k l a1 d o,1162
t e1 k l a s,716
t e1 g n i k a,7299
t e1 g n i k a m e n t e,6490
t e1 g n i k a s,3327
t e1 g n i k o,5078
t e1 g n i k o s,2844
t e g n o l o x i1 a,15100
t e g n o l o x i1 a s,829
t e g n o l o1 x i k a,454
t e g n o l o1 x i k o,676
t e1 d,19515
t e1 d d i,8833
t e d j o1 s o,617
t e x a1 d o,5128
t e x a1 d o s,734
t e1 x a s,1451
t e x e1 ɾ,772
t e x i1 d o,5146
t e x i1 d o s,1560
t e x o1 n,525
t e1 l a,4138
t e l a ɾ a1 j a,828
t e l a ɾ a1 j a s,479
t e1 l a s,985
t e1 l e,12357
t e l e f o n e a1 d o,590
t e l e f o n e a1 ɾ,1000
t e l e f o n e o1,517
t e l e f o1 n i k a,5381
t e l e f o1 n i k a s,2034
t e l e f o1 n i k o,2034
t e l e f o1 n i k o s,1064
t e l e1 f o n o,93395
t e l e1 f o n o s,7432
t e l e1 g ɾ a f o,699
t e l e g ɾ a1 m a,5564
t e l e g ɾ a1 m a s,896
t e l e m e t ɾ i1 a,540
t e l e n o b e1 l a,560
t e l e p a t i1 a,711
t e l e s k o1 p j o,1874
t e l e b i d e1 n t e s,489
t e l e b i s j o1 n,22633
t e l e b i s o1 ɾ,3547
t e l e b i s o1 ɾ e s,766
t e l o1 n,1642
t e1 m a,34724
t e1 m a n,1147
t e1 m a s,9237
t e m b l a1 b a,551
t e m b l a1 n d o,3653
t e m b l a1 ɾ,2128
t e m b l o1 ɾ,1138
t e m b l o1 ɾ e s,910
t e1 m e,6413
t e m e1 m o s,856
t e1 m e n,3530
t e m e1 ɾ,6476
t e m e ɾ a1 ɾ j o,1109
t e m e ɾ e1,453
t e m e1 ɾ l e,1382
t e m e ɾ o1 s a,464
t e m e ɾ o1 s o,858
t e1 m e s,4855
t e m i1,845
t e m i1 a,6236
t e m i1 a m o s,473
t e m i1 a n,591
t e m i1 b l e,1327
t e m i1 d o,1243
t e m j e1 n d o,792
t e1 m o,46520
t e m o1 ɾ,6513
t e m o1 ɾ e s,1642
t e m p e ɾ a m e n t a1 l,539
t e m p e ɾ a m e1 n t o,1970
t e m p e ɾ a t u1 ɾ a,9787
t e m p e ɾ a t u1 ɾ a s,1474
t e m p e s t a1 d,1086
t e m p l a1 ɾ j o s,685
t e1 m p l e,1847
t e1 m p l o,11773
t e1 m p l o s,975
t e1 m p o,1162
t e m p o ɾ a1 d a,14695
t e m p o ɾ a1 d a s,782
t e m p o ɾ a1 l,8375
t e m p o ɾ a1 l e s,1028
t e m p o ɾ a l m e1 n t e,2200
t e m p o ɾ i s a d o1 ɾ,814
t e m p ɾ a1 n a,1227
t e m p ɾ a1 n o,36424
t e1 n,46345
t e n a1 s,614
t e n d e1 n s j a,2267
t e n d e1 n s j a s,1373
t e n d e1 ɾ,667
t e n d e1 ɾ l e,642
t e n d e1 ɾ m e,556
t e n d e1 ɾ o,539
t e n d i1 d a,524
t e n d i1 d o,1860
t e n d j e1 n d o,478
t e n d j e1 ɾ o n,1063
t e n d j o1,1171
t e n d i1 s t e,627
t e n d ɾ a1,49684
t e n d ɾ a1 n,19046
t e n d ɾ a1 s,48650
t e n d ɾ e1,44056
t e n d ɾ e1 i s,2389
t e n d ɾ e1 m o s,44239
t e n d ɾ i1 a,36271
t e n d ɾ i1 a m o s,8058
t e n d ɾ i1 a n,4535
t e n d ɾ i1 a s,10544
t e n e b ɾ o1 s o,1404
t e n e1 d,1984
t e n e d o1 ɾ,2252
t e n e d o1 ɾ e s,565
t e n e1 i s,18140
t e n e1 m o s,512329
t e n e1 ɾ,286702
t e n e1 ɾ l a,10300
t e n e1 ɾ l a s,2114
t e n e1 ɾ l e,3082
t e n e1 ɾ l e s,471
t e n e1 ɾ l o,20040
t e n e1 ɾ l o s,5522
t e n e1 ɾ m e,4107
t e n e1 ɾ n o s,997
t e n e1 ɾ t e,14753
t e1 ɲ g a,82999
t e ɲ g a1 i s,1612
t e1 ɲ g a l o,454
t e ɲ g a1 m o s,15985
t e1 ɲ g a n,23520
t e1 ɲ g a s,46574
t e1 ɲ g o,1051230
t e n i1 a,282115
t e n i1 a i s,1032
t e n i1 a m o s,31533
t e n i1 a n,31283
t e n i1 a s,48866
t e n i1 d o,97591
t e n j e1 n d o,23627
t e n j e1 n t e,45985
t e n j e1 n t e s,522
t e1 n i s,5481
t e1 n l o,1546
t e1 m m e,826
t e n n e s s e1 e,1974
t e n o1 ɾ,746
t e1 n s a,2196
t e n s j o1 n,8073
t e n s j o1 n e s,593
t e1 n s o,2803
t e1 n s o s,473
t e n t a s j o1 n,3201
t e n t a s j o1 n e s,641
t e n t a1 k u l o s,691
t e n t a1 d o,991
t e n t a d o1 ɾ,1411
t e n t a d o1 ɾ a,534
t e n t a1 ɾ,680
t e n t a t i1 b a,674
t e1 n w e,520
t e j i1 d o,507
t e1 o,629
t e o l o x i1 a,509
t e o ɾ i1 a,18936
t e o ɾ i1 a s,3619
t e o1 ɾ i k a m e n t e,1076
t e o1 ɾ i k o,637
t e k i1 l a,2951
t e ɾ a p e1 u t a,3611
t e ɾ a1 p j a,10230
t e1 ɾ k a,914
t e ɾ s e1 ɾ,17318
t e ɾ s e1 ɾ a,17766
t e ɾ s e1 ɾ o,6708
t e1 ɾ s j o,2111
t e ɾ s j o p e1 l o,1426
t e1 ɾ s j o s,839
t e1 ɾ k o,1763
t e ɾ e1 s a,4568
t e1 ɾ m i k a,639
t e1 ɾ m i k o,521
t e ɾ m i1 n a,20701
t e ɾ m i n a1 b a,1061
t e ɾ m i n a1 d a,2635
t e ɾ m i n a1 d o,47344
t e ɾ m i n a1 l,4174
t e ɾ m i1 n a l a,1515
t e ɾ m i n a1 l e s,609
t e ɾ m i1 n a l o,1383
t e ɾ m i n a1 m o s,10007
t e ɾ m i1 n a n,3511
t e ɾ m i n a1 n d o,2919
t e ɾ m i n a1 ɾ,41595
t e ɾ m i n a1 ɾ a,2053
t e ɾ m i n a ɾ a1,6230
t e ɾ m i n a ɾ a1 n,999
t e ɾ m i n a ɾ a1 s,1602
t e ɾ m i n a ɾ e1,2690
t e ɾ m i n a ɾ e1 m o s,2086
t e ɾ m i n a ɾ i1 a,1630
t e ɾ m i n a1 ɾ l a,1704
t e ɾ m i n a1 ɾ l o,4278
t e ɾ m i n a1 ɾ o n,4146
t e ɾ m i n a1 ɾ s e,582
t e ɾ m i1 n a s,2476
t e ɾ m i n a1 s t e,5727
t e ɾ m i n a t o1 ɾ,679
t e ɾ m i1 n e,17303
t e ɾ m i n e1,9599
t e ɾ m i n e1 m o s,4808
t e ɾ m i1 n e n,3046
t e ɾ m i1 n e s,3465
t e ɾ m i1 n o,6931
t e ɾ m i n o1,26574
t e1 ɾ m i n o,5106
t e1 ɾ m i n o s,6669
t e ɾ m i1 t a s,750
t e1 ɾ m o,508
t e ɾ m o1 m e t ɾ o,709
t e ɾ n e1 ɾ a,1974
t e ɾ n e1 ɾ o,459
t e ɾ n u1 ɾ a,1955
t e1 r a,751
t e r a t e n j e1 n t e,522
t e r a1 s a,3066
t e r e m o1 t o,3546
t e r e m o1 t o s,1243
t e r e n a1 l,796
t e r e1 n o,10924
t e r e1 n o s,1351
t e r e1 s t ɾ e,3104
t e r e1 s t ɾ e s,1303
t e r i1 b l e,43965
t e r i b l e m e1 n t e,5011
t e r i1 b l e s,6605
t e r i1 k o l a s,505
t e r i t o1 ɾ j o,11020
t e r i t o1 ɾ j o s,1468
t e r o1 ɾ,8550
t e r o ɾ i1 f i k o,779
t e r o ɾ i1 s m o,4141
t e r o ɾ i1 s t a,8802
t e r o ɾ i1 s t a s,10200
t e1 s i s,2173
t e s o ɾ e1 ɾ o,540
t e s o1 ɾ o,18965
t e s o1 ɾ o s,2996
t e1 s d,5014
t e s t a m e1 n t o,6672
t e s t a ɾ u1 d a,809
t e s t a ɾ u1 d o,1634
t e s t i1 k u l o,587
t e s t i1 k u l o s,2400
t e s t i f i k a1 ɾ,3348
t e s t i f i k o1,689
t e s t i f i1 k e,548
t e s t i1 g o,23681
t e s t i1 g o s,16146
t e s t i m o1 n j o,6819
t e s t i m o1 n j o s,1144
t e s t o s t e ɾ o1 n a,774
t e1 t a,1426
t e1 t a s,11644
t e t e1 ɾ a,1153
t e1 g s a s,12165
t e s t i1 l,476
t e1 s t o,5813
t e1 s t o s,1278
t e s t u1 ɾ a,828
t i1,507080
t i1,36928
t i1 a,36032
t j a1 ɾ a,453
t i1 a s,2439
t i b e1 ɾ j o,524
t i b e1 d,488
t i1 b j a,1626
t i1 b j o,1181
t i b u ɾ o1 n,5854
t i b u ɾ o1 n e s,4031
t i1 k,2029
t i1 k k,548
t i k k e1 d,1580
t i k k e1 d s,953
t j e1 m b l a,1350
t j e1 m b l a n,1014
t j e1 m b l o,651
t j e1 m p o,595700
t j e1 m p o s,29885
t j e1 n d a,46686
t j e1 n d a s,6863
t j e1 n d e,1838
t j e1 n d e n,1562
t j e1 n d o,750
t j e1 n e,897199
t j e1 n e n,230669
t j e1 n e s,734506
t j e1 n t e s,617
t j e1 ɾ n a,1867
t j e1 ɾ n o,4505
t j e1 ɾ n o s,709
t j e1 r a,118641
t j e1 r a s,12154
t j e1 s o,847
t i f f a1 n i,2484
t i f o1 n,611
t i1 f u s,611
t i x e1 ɾ,1199
t i1 g ɾ e,7882
t i1 g ɾ e s,2541
t i g ɾ e1 s a,770
t i x e1 ɾ a,690
t i x e1 ɾ a s,3461
t i x w a1 n a,1064
t i m a d o1 ɾ,513
t i1 m b ɾ e,3928
t i1 m e,6859
t i1 m e s,6005
t i1 m i d a,2952
t i m i d e1 s,618
t i1 m i d o,4760
t i1 m i d o s,823
t i1 m m i,2676
t i1 m o,1015
t i m o1 n,3580
t i m o1 d i,2537
t i1 n a,9257
t i n j e1 b l a s,2343
t i1 n o,657
t i1 n t a,4363
t i1 n t e,670
t i1 n t o,1942
t i n t o ɾ e ɾ i1 a,1693
t i1 o,118734
t i1 o s,11569
t i1 p a,1125
t i1 p i k a,2329
t i1 p i k a m e n t e,488
t i1 p i k o,7383
t i1 p i k o s,548
t i1 p o,287913
t i1 p o s,45235
t i1 ɾ a,15002
t i ɾ a1 b a,1103
t i ɾ a1 d,1102
t i ɾ a1 d a,2165
t i ɾ a1 d o,8502
t i ɾ a d o1 ɾ,5273
t i ɾ a d o1 ɾ e s,1720
t i ɾ a1 d o s,1059
t i1 ɾ a l a,3041
t i1 ɾ a l e,485
t i1 ɾ a l o,2872
t i1 ɾ a m e,1027
t i ɾ a1 m o s,1497
t i1 ɾ a n,2052
t i ɾ a1 n d o,5276
t i ɾ a1 n d o s e,763
t i ɾ a n i1 a,1476
t i ɾ a1 n o,1663
t i ɾ a1 n o s,604
t i ɾ a1 n t e s,682
t i ɾ a1 ɾ,14001
t i ɾ a ɾ e1,1486
t i ɾ a ɾ e1 m o s,500
t i ɾ a ɾ i1 a,711
t i ɾ a1 ɾ l a,1683
t i ɾ a1 ɾ l a s,638
t i ɾ a1 ɾ l e,1188
t i ɾ a1 ɾ l o,3036
t i ɾ a1 ɾ l o s,658
t i ɾ a1 ɾ m e,3244
t i ɾ a1 ɾ m e l a,510
t i ɾ a1 ɾ n o s,516
t i ɾ a1 ɾ o n,1877
t i ɾ a1 ɾ s e,2420
t i ɾ a1 ɾ t e,2671
t i ɾ a1 ɾ t e l a,624
t i1 ɾ a s,4137
t i ɾ a1 s t e,2831
t i1 ɾ a t e,1858
t i1 ɾ e,4113
t i ɾ e1,3977
t i1 ɾ e l a,491
t i1 ɾ e n,3467
t i1 ɾ e n s e,570
t i1 ɾ e s,2112
t i1 ɾ o,25909
t i ɾ o1,6778
t i ɾ o1 n,1127
t i1 ɾ o s,5714
t i ɾ o t e1 o,6463
t i ɾ o t e1 o s,814
t i t a1 n,1034
t i t a1 n e s,638
t i t a n i1 k,1533
t i t a1 n j o,1116
t i1 t e ɾ e,1351
t i1 t e ɾ e s,761
t i1 t o,2382
t i t u1 l a,559
t i t u l a1 d o,512
t i t u l a1 ɾ,2010
t i t u l a1 ɾ e s,1826
t i t u1 l o,1098
t i1 t u l o,11301
t i1 t u l o s,2151
t i1 s a,1228
t o a1 j a,6133
t o a1 j a s,3508
t o b i1 a s,992
t o b i1 j o,3812
t o b i1 j o s,1810
t o b o g a1 n,462
t o1 b i,6902
t o1 k a,32046
t o k a1 b a,4422
t o k a1 b a n,650
t o k a1 b a s,520
t o k a1 d a,633
t o k a d i1 s k o s,720
t o k a1 d o,8853
t o k a d o1 ɾ,1231
t o1 k a l a,1233
t o1 k a l o,1281
t o1 k a m e,2226
t o k a1 m o s,2071
t o1 k a n,3366
t o k a1 n d o,8524
t o k a1 ɾ,31949
t o k a1 ɾ a,1209
t o k a ɾ a1,1891
t o k a ɾ a1 n,493
t o k a1 ɾ a s,620
t o k a ɾ a1 s,604
t o k a ɾ e1,1764
t o k a ɾ e1 m o s,572
t o k a ɾ i1 a,911
t o k a1 ɾ l a,4640
t o k a1 ɾ l a s,910
t o k a1 ɾ l e,1489
t o k a1 ɾ l o,5452
t o k a1 ɾ l o s,1020
t o k a1 ɾ m e,6309
t o k a1 ɾ n o s,910
t o k a1 ɾ o n,1300
t o k a1 ɾ s e,912
t o k a1 ɾ t e,4146
t o1 k a s,5923
t o k a1 s t e,2062
t o s i1 n o,2820
t o1 k o,5238
t o k o1,7162
t o1 d,1078
t o1 d a,235858
t o1 d a s,246616
t o d a b i1 a,164848
t o1 d o,1378062
t o d o p o d e ɾ o1 s o,4156
t o1 d o s,769889
t o d o t e r e1 n o,527
t o1 f u,940
t o1 g a,814
t o1 k j o,5677
t o1 k j o,1431
t o l e1 d o,659
t o l e1 ɾ a,794
t o l e ɾ a1 n s j a,1795
t o l e ɾ a1 n t e,641
t o l e ɾ a1 ɾ,2424
t o l e ɾ a ɾ e1,1287
t o l e ɾ a1 ɾ l o,1018
t o l e1 ɾ o,982
t o1 m a,119963
t o m a1 b a,3877
t o m a1 b a m o s,485
t o m a1 b a n,754
t o m a1 b a s,462
t o m a1 d,1626
t o m a1 d a,3124
t o m a1 d a s,1452
t o m a1 d o,25442
t o m a1 d o s,931
t o1 m a l a,5946
t o1 m a l a s,845
t o1 m a l e,696
t o1 m a l o,17799
t o1 m a l o s,756
t o1 m a m e,2703
t o m a1 m o s,12258
t o1 m a n,7557
t o m a1 n d o,23810
t o m a1 n d o m e,762
t o m a1 n d o s e,675
t o m a1 ɾ,110426
t o m a1 ɾ a,3171
t o m a ɾ a1,10265
t o m a1 ɾ a n,635
t o m a ɾ a1 n,1907
t o m a1 ɾ a s,1043
t o m a ɾ a1 s,1978
t o m a ɾ e1,17023
t o m a ɾ e1 m o s,6719
t o m a ɾ i1 a,3906
t o m a ɾ i1 a s,665
t o m a1 ɾ l a,4256
t o m a1 ɾ l a s,1356
t o m a1 ɾ l e,2362
t o m a1 ɾ l e s,525
t o m a1 ɾ l o,8516
t o m a1 ɾ l o s,962
t o m a1 ɾ m e,7662
t o m a1 ɾ m e l o,540
t o m a1 ɾ n o s,4414
t o m a1 ɾ o n,6982
t o m a1 ɾ s e,6291
t o m a1 ɾ s e l o,918
t o m a1 ɾ t e,7525
t o m a1 ɾ t e l o,1093
t o1 m a s,18985
t o m a1 s,1663
t o m a1 s t e,9407
t o m a1 t e,4529
t o1 m a t e,14689
t o1 m a t e l a,462
t o1 m a t e l o,3969
t o m a1 t e s,2422
t o1 m e,31203
t o m e1,19594
t o1 m e l a,748
t o1 m e l o,2720
t o m e1 m o n o s,811
t o m e1 m o s,5484
t o1 m e n,12864
t o1 m e n l o,1123
t o1 m e n s e,2067
t o1 m e s,8445
t o1 m e s e,3959
t o1 m e s e l o,636
t o1 m m i,25881
t o1 m o,17533
t o m o1,26499
t o m o g ɾ a f i1 a,1720
t o n e l a1 d a,1706
t o n e l a1 d a s,4955
t o1 n i k a,664
t o1 n i k o,460
t o1 n o,9836
t o1 n o s,1060
t o1 n t a,18936
t o1 n t a s,2487
t o n t e ɾ i1 a,11697
t o n t e ɾ i1 a s,24928
t o n t i1 n,475
t o1 n t o,53375
t o1 n t o s,10857
t o1 n i,35788
t o p a1 d o,704
t o p a1 m o s,572
t o p a1 ɾ m e,536
t o1 p e,2488
t o p e1,1040
t o1 p o,2203
t o1 k e,19351
t o k e1,3929
t o k e1 i s,536
t o k e1 m o s,617
t o1 k e n,4520
t o1 k e s,19052
t o ɾ a1 s i k a,613
t o1 ɾ a s,904
t o ɾ b e j i1 n o,574
t o ɾ s i1,453
t o ɾ s i1 d a,760
t o ɾ s i1 d o,1484
t o ɾ e1 ɾ o,555
t o ɾ m e1 n t a,18224
t o ɾ m e1 n t a s,2707
t o ɾ m e1 n t o,1264
t o1 ɾ n a,716
t o ɾ n a1 d o,2196
t o ɾ n a1 d o s,508
t o ɾ n e1 o,5638
t o ɾ n e1 o s,496
t o ɾ n i1 j o,1661
t o ɾ n i1 j o s,1096
t o ɾ n i k e1 t e,617
t o1 ɾ n o,2432
t o1 ɾ o,5942
t o ɾ o1 n t o,1453
t o1 ɾ o s,1770
t o1 ɾ p e,4632
t o ɾ p e1 d o,1945
t o ɾ p e1 d o s,2290
t o1 ɾ p e s,846
t o ɾ p e1 s a,481
t o1 r e,16122
t o r e1 n t e,974
t o1 r e s,6249
t o1 ɾ s o,1097
t o1 ɾ t a,4059
t o1 ɾ t a s,1089
t o ɾ t i1 j a,1755
t o ɾ t i1 j a s,496
t o ɾ t i1 t a s,1059
t o ɾ t o l i1 t o s,655
t o ɾ t u1 g a,5134
t o ɾ t u1 g a s,1964
t o ɾ t u1 ɾ a,6240
t o ɾ t u ɾ a1 d o,1681
t o ɾ t u ɾ a1 d o s,470
t o ɾ t u ɾ a1 n d o,834
t o ɾ t u ɾ a1 ɾ,1310
t o ɾ t u ɾ a1 ɾ l o,574
t o ɾ t u ɾ a1 ɾ m e,1278
t o ɾ t u ɾ a1 ɾ o n,776
t o ɾ t u ɾ a1 ɾ t e,828
t o ɾ t u1 ɾ a s,1122
t o ɾ t u ɾ o1,625
t o1 s,2650
t o1 s k a,556
t o s k a1 n a,556
t o1 s e,520
t o s e1 ɾ,756
t o s t a1 d a,1581
t o s t a1 d a s,2088
t o s t a1 d o,1160
t o s t a d o1 ɾ a,951
t o t a1 l,23097
t o t a l i d a1 d,1185
t o t a l m e1 n t e,45372
t o1 g s i k a,754
t o1 g s i k o,1364
t o g s i k o l o x i1 a,488
t o g s i k o l o1 x i k o,588
t o1 g s i k o s,1289
t o g s i1 n a,1167
t o g s i1 n a s,1270
t o j o1 t a,535
t ɾ a1 b a,823
t ɾ a b a1 d a,520
t ɾ a b a1 d o,538
t ɾ a b a1 x a,39166
t ɾ a b a x a1 b a,16180
t ɾ a b a x a1 b a m o s,1026
t ɾ a b a x a1 b a n,1984
t ɾ a b a x a1 b a s,1608
t ɾ a b a x a1 d o,12873
t ɾ a b a x a d o1 ɾ,4545
t ɾ a b a x a d o1 ɾ a,2424
t ɾ a b a x a d o1 ɾ e s,8841
t ɾ a b a x a1 m o s,9715
t ɾ a b a1 x a n,9988
t ɾ a b a x a1 n d o,58218
t ɾ a b a x a1 ɾ,104319
t ɾ a b a x a1 ɾ a,1068
t ɾ a b a x a ɾ a1,1357
t ɾ a b a x a ɾ a1 n,684
t ɾ a b a x a1 ɾ a s,502
t ɾ a b a x a ɾ a1 s,1327
t ɾ a b a x a ɾ e1,2882
t ɾ a b a x a ɾ e1 m o s,1778
t ɾ a b a x a ɾ i1 a,894
t ɾ a b a x a1 ɾ o n,1587
t ɾ a b a1 x a s,17026
t ɾ a b a x a1 s t e,2066
t ɾ a b a1 x e,4210
t ɾ a b a x e1,6797
t ɾ a b a x e1 m o s,1104
t ɾ a b a1 x e n,1759
t ɾ a b a1 x e s,1943
t ɾ a b a x i1 t o,1011
t ɾ a b a1 x o,380938
t ɾ a b a x o1,7200
t ɾ a b a1 x o s,12824
t ɾ a k s j o1 n,979
t ɾ a1 s e,761
t ɾ a k t o1 ɾ,2504
t ɾ a k t o1 ɾ e s,528
t ɾ a1 k i,7471
t ɾ a d i s j o1 n,7878
t ɾ a d i s j o n a1 l,3856
t ɾ a d i s j o n a1 l e s,1142
t ɾ a d i s j o n a l m e1 n t e,480
t ɾ a d i s j o1 n e s,2103
t ɾ a d u k s j o1 n,6441
t ɾ a d u1 s e,806
t ɾ a d u s i1 d o,5914
t ɾ a d u s i1 d o s,1261
t ɾ a d u s i1 ɾ,1415
t ɾ a d u s i1 ɾ l o,508
t ɾ a d u k t o1 ɾ,1346
t ɾ a1 e,41204
t ɾ a e1 d,1803
t ɾ a e1 d m e,1145
t ɾ a1 e l a,4007
t ɾ a1 e l a s,575
t ɾ a1 e l e,1833
t ɾ a1 e l o,6953
t ɾ a1 e l o s,1666
t ɾ a1 e m e,17051
t ɾ a1 e m e l a,1213
t ɾ a1 e m e l o,1893
t ɾ a e1 m o s,2408
t ɾ a1 e n,6000
t ɾ a1 e n o s,1549
t ɾ a e1 ɾ,28287
t ɾ a e ɾ a1,5281
t ɾ a e ɾ a1 n,1295
t ɾ a e ɾ a1 s,1003
t ɾ a e ɾ e1,12385
t ɾ a e ɾ e1 m o s,2060
t ɾ a e ɾ i1 a,2068
t ɾ a e ɾ i1 a s,644
t ɾ a e1 ɾ l a,5827
t ɾ a e1 ɾ l a s,884
t ɾ a e1 ɾ l e,4949
t ɾ a e1 ɾ l e s,1546
t ɾ a e1 ɾ l o,8874
t ɾ a e1 ɾ l o s,3275
t ɾ a e1 ɾ m e,11423
t ɾ a e1 ɾ m e l o,699
t ɾ a e1 ɾ n o s,3136
t ɾ a e1 ɾ t e,7269
t ɾ a1 e s,11374
t ɾ a1 e t e,612
t ɾ a f i k a1 n d o,514
t ɾ a f i k a1 n t e,5012
t ɾ a f i k a1 n t e s,2925
t ɾ a f i k a1 ɾ,614
t ɾ a f i1 k o,1220
t ɾ a1 f i k o,13034
t ɾ a1 g a,1776
t ɾ a g a1 d o,1558
t ɾ a g a1 n d o,484
t ɾ a g a1 ɾ,2485
t ɾ a g a1 ɾ m e,610
t ɾ a g a1 ɾ s e,1118
t ɾ a g a1 ɾ t e,500
t ɾ a1 g a t e,621
t ɾ a1 g a t e l o,672
t ɾ a x e1 d j a,8882
t ɾ a x e1 d j a s,950
t ɾ a1 x i k a,1721
t ɾ a1 x i k a m e n t e,572
t ɾ a1 x i k o,3643
t ɾ a1 g o,29810
t ɾ a g o1,1606
t ɾ a1 g o s,5951
t ɾ a1 g e,644
t ɾ a g e1,668
t ɾ a g i1 t o,501
t ɾ a i1 a,3505
t ɾ a i1 a n,703
t ɾ a i1 s j o n,8682
t ɾ a i1 s j o n a,905
t ɾ a i s j o1 n a d o,4486
t ɾ a i1 s j o n a n,600
t ɾ a i s j o1 n a n d o,696
t ɾ a i s j o1 n a ɾ,2248
t ɾ a i s j o n a1 ɾ i a,773
t ɾ a i s j o1 n a ɾ m e,1197
t ɾ a i s j o1 n a ɾ n o s,640
t ɾ a i s j o1 n a ɾ o n,581
t ɾ a i s j o1 n a ɾ t e,697
t ɾ a i1 s j o n a s,564
t ɾ a i s j o1 n a s t e,1836
t ɾ a i1 s j o n e,474
t ɾ a i s j o1 n e,901
t ɾ a i s j o1 n e ɾ o,825
t ɾ a i1 s j o n e s,617
t ɾ a i1 s j o n o,453
t ɾ a i s j o1 n o,3413
t ɾ a i1 d o,25875
t ɾ a i1 d o ɾ,10826
t ɾ a i1 d o ɾ a,1273
t ɾ a i1 d o ɾ e s,3498
t ɾ a1 i g a,10676
t ɾ a1 i g a l o,728
t ɾ a1 i g a m e,1702
t ɾ a i1 g a m o s,677
t ɾ a1 i g a n,8848
t ɾ a1 i g a n l a,475
t ɾ a1 i g a n l o,1496
t ɾ a1 i g a n l o s,520
t ɾ a1 i g a m m e,1194
t ɾ a1 i g a s,2669
t ɾ a1 i g o,14254
t ɾ a1 i l e ɾ,678
t ɾ a1 x e,52451
t ɾ a x e1 ɾ a,2184
t ɾ a x e1 ɾ a n,580
t ɾ a x e1 ɾ a s,959
t ɾ a x e1 ɾ o n,6995
t ɾ a1 x e s,7109
t ɾ a x i1 m o s,3223
t ɾ a x i1 s t e,11256
t ɾ a1 x o,21580
t ɾ a1 m a,2202
t ɾ a1 m a n,470
t ɾ a m a1 n d o,3037
t ɾ a1 m a s,648
t ɾ a1 m i t e s,794
t ɾ a1 m o,899
t ɾ a1 m p a,26758
t ɾ a1 m p a s,5381
t ɾ a m p i1 j a,516
t ɾ a m p o l i1 n,589
t ɾ a m p o1 s a,611
t ɾ a m p o1 s o,2437
t ɾ a m p o1 s o s,590
t ɾ a1 n s e,1543
t ɾ a1 ɲ k i,712
t ɾ a ɲ k i1 l a,27105
t ɾ a ɲ k i l a m e1 n t e,2703
t ɾ a ɲ k i1 l a s,1366
t ɾ a ɲ k i l i1 s e,557
t ɾ a ɲ k i l i1 s e n s e,1218
t ɾ a ɲ k i l i1 s e s e,3616
t ɾ a ɲ k i l i d a1 d,4550
t ɾ a ɲ k i l i1 s a,1041
t ɾ a ɲ k i l i s a d o1 ɾ,519
t ɾ a ɲ k i l i s a1 n t e,1094
t ɾ a ɲ k i l i s a1 n t e s,886
t ɾ a ɲ k i l i s a1 ɾ,543
t ɾ a ɲ k i l i s a1 ɾ m e,863
t ɾ a ɲ k i l i s a1 ɾ s e,588
t ɾ a ɲ k i l i s a1 ɾ t e,1464
t ɾ a ɲ k i1 l o,58458
t ɾ a ɲ k i1 l o s,10012
t ɾ a n s a k s j o1 n,1594
t ɾ a n s a k s j o1 n e s,905
t ɾ a n s b o ɾ d a d o1 ɾ,2471
t ɾ a n s k ɾ i p s j o1 n,750
t ɾ a n s k ɾ i p s j o1 n e s,458
t ɾ a n s k u1 ɾ s o,687
t ɾ a n s e g s w a1 l,456
t ɾ a n s f e ɾ e1 n s j a,4611
t ɾ a n s f e ɾ e1 n s j a s,516
t ɾ a n s f e ɾ i1 d a,572
t ɾ a n s f e ɾ i1 d o,1920
t ɾ a n s f e ɾ i1 d o s,517
t ɾ a n s f e ɾ i1 ɾ,1617
t ɾ a n s f i ɾ j e1 ɾ o n,528
t ɾ a n s f i ɾ j o1,574
t ɾ a n s f o1 ɾ m a,1621
t ɾ a n s f o ɾ m a s j o1 n,1981
t ɾ a n s f o ɾ m a1 d o,1503
t ɾ a n s f o1 ɾ m a n,523
t ɾ a n s f o ɾ m a1 n d o,535
t ɾ a n s f o ɾ m a1 ɾ,1794
t ɾ a n s f o ɾ m a1 ɾ m e,467
t ɾ a n s f o ɾ m a1 ɾ s e,1618
t ɾ a n s f o ɾ m o1,1531
t ɾ a n s f u s j o1 n,906
t ɾ a n s i s j o1 n,2044
t ɾ a n s i l b a1 n j a,772
t ɾ a1 n s i t o,3151
t ɾ a n s m i s j o1 n,7428
t ɾ a n s m i s j o1 n e s,1393
t ɾ a n s m i s o1 ɾ,2957
t ɾ a n s m i1 t a,494
t ɾ a n s m i1 t e,1521
t ɾ a n s m i1 t e n,597
t ɾ a n s m i t i1 d o,670
t ɾ a n s m i t j e1 n d o,1656
t ɾ a n s m i t i1 ɾ,2733
t ɾ a n s p a ɾ e1 n t e,1509
t ɾ a n s p l a1 n t e,1745
t ɾ a n s p l a1 n t e s,527
t ɾ a n s p o1 ɾ t a,704
t ɾ a n s p o ɾ t a s j o1 n,500
t ɾ a n s p o ɾ t a1 d o,873
t ɾ a n s p o ɾ t a d o1 ɾ,2050
t ɾ a n s p o ɾ t a1 n d o,541
t ɾ a n s p o ɾ t a1 ɾ,2227
t ɾ a n s p o ɾ t a1 ɾ l o,586
t ɾ a n s p o ɾ t a1 ɾ l o s,474
t ɾ a n s p o1 ɾ t e,12096
t ɾ a n s p o1 ɾ t e s,1500
t ɾ a m b i1 a,1655
t ɾ a1 p o,2066
t ɾ a1 p o s,1293
t ɾ a1 k e a,479
t ɾ a1 s,55400
t ɾ a s b o ɾ d a d o1 ɾ,1221
t ɾ a s e1 ɾ a,7637
t ɾ a s e1 ɾ a s,833
t ɾ a s e1 ɾ o,40131
t ɾ a s e1 ɾ o s,3900
t ɾ a s l a d a1 d o,1796
t ɾ a s l a d a1 ɾ,1270
t ɾ a s l a d a1 ɾ l o,550
t ɾ a s l a d a1 ɾ o n,754
t ɾ a s l a d a1 ɾ s e,697
t ɾ a s l a1 d o,2839
t ɾ a s l a d o1,567
t ɾ a s p a s a1 ɾ,472
t ɾ a s p l a1 n t e,1087
t ɾ a1 s t o,1099
t ɾ a s t o ɾ n a1 d a,589
t ɾ a s t o ɾ n a1 d o,1141
t ɾ a s t o1 ɾ n o,1751
t ɾ a s t o1 ɾ n o s,612
t ɾ a1 s t o s,719
t ɾ a1 t a,91242
t ɾ a t a1 b a,12737
t ɾ a t a1 b a m o s,511
t ɾ a t a1 b a n,1582
t ɾ a t a1 b a s,772
t ɾ a t a1 d a,974
t ɾ a t a1 d o,14898
t ɾ a t a1 d o s,1446
t ɾ a1 t a l a,536
t ɾ a1 t a l o,717
t ɾ a1 t a m e,541
t ɾ a t a m j e1 n t o,13372
t ɾ a t a m j e1 n t o s,1549
t ɾ a t a1 m o s,6794
t ɾ a1 t a n,7783
t ɾ a t a1 n d o,55600
t ɾ a t a1 n d o s e,1188
t ɾ a t a1 ɾ,29174
t ɾ a t a1 ɾ a,1789
t ɾ a t a ɾ a1,1818
t ɾ a t a ɾ a1 n,932
t ɾ a t a ɾ a1 s,566
t ɾ a t a ɾ e1,5160
t ɾ a t a ɾ e1 m o s,1763
t ɾ a t a ɾ i1 a,1155
t ɾ a t a1 ɾ l a,1728
t ɾ a t a1 ɾ l e,496
t ɾ a t a1 ɾ l o,2371
t ɾ a t a1 ɾ l o s,946
t ɾ a t a1 ɾ m e,2628
t ɾ a t a1 ɾ n o s,634
t ɾ a t a1 ɾ o n,3719
t ɾ a t a1 ɾ s e,2542
t ɾ a t a1 ɾ t e,1410
t ɾ a1 t a s,9857
t ɾ a t a1 s t e,3161
t ɾ a1 t e,9072
t ɾ a t e1,11589
t ɾ a t e1 m o s,1661
t ɾ a1 t e n,3484
t ɾ a1 t e s,4211
t ɾ a1 t o,67398
t ɾ a t o1,12176
t ɾ a1 t o s,3064
t ɾ a1 u m a,5499
t ɾ a1 u m a s,714
t ɾ a u1 m a t i k a,482
t ɾ a u1 m a t i k o,826
t ɾ a u m a1 t i s m o,806
t ɾ a b e1 s,44307
t ɾ a b e s i1 a,1030
t ɾ a b e1 s t i,824
t ɾ a b e s u1 ɾ a,951
t ɾ a b e s u1 ɾ a s,912
t ɾ a b j e1 s a,1342
t ɾ a b j e1 s o,1888
t ɾ a b j e1 s o s,466
t ɾ a j e1 k t o,1253
t ɾ a j e k t o1 ɾ j a,2617
t ɾ a j e1 n d o,2736
t ɾ a s a1 d o,586
t ɾ a s a1 ɾ,679
t ɾ e1 b o l,752
t ɾ e1 b o l e s,454
t ɾ e1 s e,3987
t ɾ e1 tʃ o,620
t ɾ e1 g w a,3061
t ɾ e1 i n t a,11406
t ɾ e m e1 n d a,3407
t ɾ e m e n d a m e1 n t e,1265
t ɾ e m e1 n d o,4878
t ɾ e1 n,50256
t ɾ e1 n e s,5916
t ɾ e1 n s a s,815
t ɾ e1 p a,553
t ɾ e p a1 n d o,492
t ɾ e p a1 ɾ,1446
t ɾ e1 s,260774
t ɾ e s s j e1 n t o s,1641
t ɾ e1 t a,732
t ɾ j a ɲ g u l a1 ɾ,574
t ɾ j a1 ɲ g u l o,2006
t ɾ i b a1 l,1591
t ɾ i1 b u,7967
t ɾ i b u1 n a,642
t ɾ i b u n a1 l,16590
t ɾ i b u n a1 l e s,2397
t ɾ i b u1 n o,695
t ɾ i1 b u s,2328
t ɾ i b u1 t o,1933
t ɾ i1 g o,2822
t ɾ i m e1 s t ɾ e,1512
t ɾ i1 n a,828
t ɾ i n tʃ e1 ɾ a,1294
t ɾ i n tʃ e1 ɾ a s,1488
t ɾ i n e1 o,1793
t ɾ i n i d a1 d,1619
t ɾ i1 o,2145
t ɾ i1 p a,1077
t ɾ i1 p a s,3010
t ɾ i1 p l e,4435
t ɾ i1 p o d e,539
t ɾ i p u l a s j o1 n,13241
t ɾ i p u l a1 n t e,806
t ɾ i p u l a1 n t e s,988
t ɾ i s t a1 n,1271
t ɾ i1 s t e,38191
t ɾ i s t e m e1 n t e,1186
t ɾ i1 s t e s,4331
t ɾ i s t e1 s a,6118
t ɾ i t u ɾ a d o1 ɾ,537
t ɾ j u1 m f a,725
t ɾ j u m f a1 d o,731
t ɾ j u m f a1 ɾ,1681
t ɾ j u1 m f o,3763
t ɾ j u1 m f o s,633
t ɾ i b j a1 l,1052
t ɾ i1 s a s,1041
t ɾ o s i1 t o,565
t ɾ o s i1 t o s,547
t ɾ o f e1 o,2884
t ɾ o f e1 o s,1414
t ɾ o1 l,480
t ɾ o1 j,893
t ɾ o1 j s,633
t ɾ o m b o1 n,619
t ɾ o1 m p a,749
t ɾ o m p e1 t a,2141
t ɾ o m p e1 t a s,883
t ɾ o1 ɲ k o,3288
t ɾ o1 ɲ k o s,898
t ɾ o1 n o,7240
t ɾ o1 p a,2782
t ɾ o1 p a s,14206
t ɾ o p e s e1,997
t ɾ o p e s a1 d o,569
t ɾ o p e s a1 ɾ,673
t ɾ o p e s o1,911
t ɾ o p i k a1 l,1548
t ɾ o p i k a1 l e s,641
t ɾ o1 i,4131
t ɾ o1 j a,2159
t ɾ o1 s o,8344
t ɾ o1 s o s,3319
t ɾ u1 tʃ a,1471
t ɾ u1 tʃ a s,645
t ɾ u1 k o,17098
t ɾ u1 k o s,8164
t ɾ w e1 n o,2425
t ɾ w e1 n o s,1356
t ɾ w e1 k e,577
t ɾ u1 f a s,678
t ɾ u1 m a n,2465
t s u n a1 m i,614
t u1,1823795
t u1,1024729
t u1 b a,599
t u b e ɾ k u l o1 s i s,1445
t u b e ɾ i1 a,1834
t u b e ɾ i1 a s,1905
t u1 b o,7489
t u1 b o s,3422
t u1 k o,928
t u1 k s o n,903
t w e1 ɾ k a s,730
t w e1 ɾ t o,733
t u g u1 ɾ j o,561
t u l i p a1 n e s,529
t u1 m b a,17342
t u m b a1 d a,622
t u m b a1 d o,1404
t u m b a1 ɾ,717
t u m b a1 ɾ m e,691
t u m b a1 ɾ t e,458
t u1 m b a s,3971
t u1 m b a t e,1805
t u1 m b e s e,573
t u m o1 ɾ,5400
t u m o1 ɾ e s,1052
t u m u1 l t o,492
t u1 n e l,10204
t u1 n e l e s,3187
t u1 n i k a,1218
t u1 ɾ b a,653
t u ɾ b a1 n t e,585
t u ɾ b i1 n a s,496
t u1 ɾ b j o,510
t u1 ɾ b o,810
t u ɾ b u l e1 n s j a,1077
t u1 ɾ k a,621
t u1 ɾ k o,2630
t u1 ɾ k o s,1784
t u ɾ i1 n,802
t u ɾ i1 s m o,1427
t u ɾ i1 s t a,2685
t u ɾ i1 s t a s,4096
t u ɾ i1 s t i k a,566
t u ɾ i1 s t i k o,735
t u ɾ n e1 ɾ,6174
t u1 ɾ n o,23086
t u1 ɾ n o s,2901
t u ɾ k i1 a,1622
t u1 s,306394
t u t e1 l a,567
t u t o1 ɾ,2570
t u t o1 ɾ a,791
t u1 b e,90633
t u b j e1 ɾ a,28157
t u b j e1 ɾ a m o s,4051
t u b j e1 ɾ a n,3498
t u b j e1 ɾ a s,9118
t u b j e1 ɾ o n,14833
t u b j e1 s e,3879
t u b j e1 s e m o s,630
t u b j e1 s e s,905
t u b i1 m o s,29580
t u b i1 s t e,24821
t u b i1 s t e i s,469
t u1 b o,68462
t u1 j a,42229
t u1 j a s,5560
t u1 j o,58324
t u1 j o s,8706
t i1 s o n,1425
u1,19620
u b i1 k a,467
u b i k a s j o1 n,6421
u b i k a1 d o,872
u b i k a1 ɾ,1067
u b i k a1 ɾ l o,696
u k ɾ a1 n j a,1012
u1 d,143174
u1 d s,42164
u1 f,831
u g a1 n d a,545
u1,48913
u1 l s e ɾ a,1195
u1 l s e ɾ a s,509
u l i1 s e s,772
u l t i1 m a,8525
u1 l t i m a,102935
u1 l t i m a m e n t e,19118
u l t i1 m a s,1210
u1 l t i m a s,13696
u l t i m a1 t u m,839
u1 l t i m o,79330
u1 l t i m o s,30383
u1 l t ɾ a,1048
u l t ɾ a1 x e,673
u l t ɾ a s o n i1 d o,865
u l t ɾ a b j o l e1 t a,632
u m b e1 ɾ t o,567
u m b i l i k a1 l,602
u m b ɾ a1 l,1713
u1 n,6176768
u1 n a,4134224
u n a1 m o n o s,502
u1 n a n,1166
u n a1 n i m e,834
u1 n a n s e,1023
u1 n a s,102187
u1 n a s e,561
u1 n e,4847
u1 n e n,1840
u1 n e s,1082
u1 n e t e,3074
u ɲ g w e1 n t o,504
u n i1,1485
u1 n i k a,84008
u1 n i k a m e n t e,3548
u1 n i k a s,3555
u1 n i k o,122424
u n i k o1 ɾ n j o,1225
u n i k o1 ɾ n j o s,485
u1 n i k o s,7742
u n i1 d a,2725
u n i d a1 d,24130
u n i d a1 d e s,10680
u n i1 d a s,3360
u n i1 d o,5786
u n i1 d o s,32044
u n j e1 n d o,579
u n j e1 ɾ a,581
u n j e1 ɾ o n,1048
u n i f o ɾ m a1 d o s,730
u n i f o1 ɾ m e,14407
u n i f o1 ɾ m e s,3865
u n i1 m o s,1008
u n j o1,2468
u n j o1 n,9736
u n i1 o s,635
u n i1 ɾ,3694
u n i ɾ a1,1289
u n i ɾ a1 n,849
u n i ɾ e1,715
u n i ɾ e1 m o s,457
u n i1 ɾ l o s,646
u n i1 ɾ m e,5101
u n i1 ɾ n o s,3147
u n i1 ɾ s e,10263
u n i1 ɾ s e n o s,924
u n i1 ɾ t e,5792
u n i1 s t e,661
u n i b e ɾ s a1 l,3558
u n i b e ɾ s i d a1 d,41328
u n i b e ɾ s i d a1 d e s,2030
u n i b e ɾ s i t a1 ɾ j a,1548
u n i b e ɾ s i t a1 ɾ j a s,497
u n i b e ɾ s i t a1 ɾ j o,2931
u n i b e ɾ s i t a1 ɾ j o s,1538
u n i b e1 ɾ s o,19399
u n i b e1 ɾ s o s,752
u1 n o,442653
u1 n o s,190250
u1 j a,1661
u1 j a s,7575
u ɾ a1 n j o,1465
u ɾ b a1 n a,1094
u ɾ b a1 n o,936
u ɾ x e1 n s j a,3087
u ɾ x e1 n s j a s,4500
u ɾ x e1 n t e,11098
u ɾ x e n t e m e1 n t e,1234
u ɾ x e1 n t e s,876
u1 ɾ n a,1066
u1 ɾ n a s,456
u1 ɾ s s,718
u1 s,4914
u1 s a,31653
u s a1 b a,5821
u s a1 b a m o s,568
u s a1 b a n,2098
u s a1 b a s,567
u s a1 d a,3126
u s a1 d a s,1153
u s a1 d o,12580
u s a1 d o s,1977
u1 s a l a,914
u1 s a l o,1393
u s a1 m o s,7568
u1 s a n,11679
u s a1 n d o,23548
u s a1 n d o l o,580
u s a1 ɾ,63703
u s a1 ɾ a,1379
u s a ɾ a1,1903
u s a1 ɾ a n,516
u s a ɾ a1 n,980
u s a1 ɾ a s,729
u s a ɾ a1 s,1155
u s a ɾ e1,4104
u s a ɾ e1 m o s,3392
u s a ɾ i1 a,2341
u s a1 ɾ l a,9314
u s a1 ɾ l a s,2659
u s a1 ɾ l o,14243
u s a1 ɾ l o s,3325
u s a1 ɾ m e,1018
u s a1 ɾ o n,3841
u s a1 ɾ s e,1906
u s a1 ɾ t e,1192
u1 s a s,8277
u s a1 s t e,4184
u1 s e,7240
u s e1,5293
u s e1 m o s,1370
u1 s e n,3531
u1 s e s,4126
u1 s o,20756
u s o1,10100
u1 s o s,719
u s t e1 d,605705
u s t e1 d e s,186294
u s w a1 l,2271
u s w a1 l e s,459
u s w a l m e1 n t e,3915
u s w a1 ɾ j o,1171
u s w a1 ɾ j o s,848
u t a1,1960
u t e n s i1 l j o s,510
u1 t e ɾ o,1934
u1 t i l,14735
u1 t i l e s,2459
u t i l i1 s e,1085
u t i l i s e1,760
u t i l i1 s e n,464
u t i l i d a1 d,2073
u t i l i1 s a,4548
u t i l i s a1 b a,727
u t i l i s a1 d a,866
u t i l i s a1 d o,3291
u t i l i s a1 d o s,499
u t i l i s a1 m o s,1065
u t i l i1 s a n,1811
u t i l i s a1 n d o,3378
u t i l i s a1 ɾ,7672
u t i l i s a1 ɾ l a,1230
u t i l i s a1 ɾ l o,1834
u t i l i s a1 ɾ l o s,578
u t i l i s a1 ɾ o n,627
u t i l i1 s a s,690
u t i l i s a1 s t e,521
u t i l i1 s o,1009
u t i l i s o1,2330
u t o p i1 a,575
u1 b a,1626
u1 b a s,2284
u1 i,2315
b a1,558648
b a1 k a,9559
b a k a s j o1 n e s,26611
b a k a1 n t e,1481
b a1 k a s,6000
b a s i1 a,9124
b a s j a1 d o,565
b a s j a1 ɾ,1463
b a s i1 a s,4040
b a s i l a1 ɾ,473
b a s j o1,743
b a s i1 o,15765
b a s i1 o s,2984
b a k u1 n a,2493
b a k u1 n a s,910
b a1 g a,1314
b a g a b u1 n d a,653
b a g a b u1 n d o,4214
b a g a b u1 n d o s,1998
b a g a m e1 n t e,1004
b a g a1 n d o,1559
b a g a1 ɾ,1096
b a x i1 n a,5133
b a x i n a1 l,694
b a x i1 n a s,917
b a1 g o,4405
b a g o1 n,3860
b a g o1 n e s,1816
b a1 g o s,1923
b a1 i n a,870
b a i1 n i j a,2026
b a1 i s,12276
b a x i1 j a,995
b a l d ɾ a1,1550
b a l d ɾ i1 a,1376
b a1 l e,212238
b a1 l e n,4940
b a l e1 n s j a,569
b a l e n t i1 a,3524
b a l e n t i1 n,5081
b a l e n t i1 n a,731
b a l e n t i1 n e,1684
b a l e n t i1 n o,606
b a l e1 ɾ,2532
b a l e1 ɾ j a,498
b a l e1 ɾ j e,3149
b a l e ɾ o1 s o,668
b a1 l e s,2133
b a1 l g a,3862
b a1 l g a m e,3233
b a1 l g o,1472
b a l i1 a,3452
b a1 l i d a,1293
b a l i d e1 s,560
b a l i1 d o,992
b a1 l i d o,1350
b a l j e1 n t e,19833
b a l j e n t e m e1 n t e,710
b a l j e1 n t e s,4911
b a l j e1 ɾ a,488
b a l i1 x a,1120
b a l i1 x a s,574
b a l j o1,2464
b a l j o1 s a,3231
b a l j o1 s a s,1058
b a l j o1 s o,5837
b a l j o1 s o s,1104
b a l j u1 m,1369
b a1 j a,3069
b a1 j a s,982
b a1 j e,10247
b a1 j e s,731
b a l o1 ɾ,31777
b a l o1 ɾ a,920
b a l o ɾ a1 d o,476
b a l o ɾ a1 ɾ,709
b a l o1 ɾ a s,477
b a l o1 ɾ e s,5391
b a l o1 ɾ o,926
b a1 l s,1720
b a1 l b u l a,2357
b a1 l b u l a s,1090
b a1 m o n o s,113471
b a1 m o s,1174298
b a m p i1 ɾ o,9274
b a m p i1 ɾ o s,9050
b a1 n,179545
b a ɲ k o u1 b e ɾ,827
b a n d a l i1 s m o,879
b a n e1 s s a,4946
b a ɲ g w a1 ɾ d j a,1190
b a n i d a1 d,2170
b a n i d o1 s o,764
b a1 n o,5463
b a p o1 ɾ,4556
b a p o1 ɾ e s,594
b a k e1 ɾ o,6598
b a k e1 ɾ o s,3898
b a1 ɾ a,2307
b a ɾ a1 d o,461
b a ɾ a1 d o s,460
b a ɾ j a1 b l e,754
b a ɾ j a1 b l e s,896
b a ɾ j a s j o1 n,780
b a ɾ j a s j o1 n e s,742
b a ɾ j a1 ɾ,2636
b a1 ɾ j a s,19491
b a ɾ i s e1 l a,592
b a ɾ j e d a1 d,2360
b a ɾ j e d a1 d e s,863
b a1 ɾ j o s,20958
b a ɾ i1 t a,1656
b a ɾ o1 n,3677
b a ɾ o1 n e s,1326
b a ɾ s o1 b j a,1771
b a1 s,357561
b a1 s k o,461
b a s k u l a1 ɾ,671
b a s e k t o m i1 a,477
b a s i1 x a,691
b a1 s o,14617
b a1 s o s,4406
b a1 s t a,774
b a1 s t o,950
b a1 t e ɾ,647
b a t i k a1 n o,3141
b a1 j a,179315
b a j a1 i s,1448
b a j a1 m o n o s,4138
b a j a1 m o s,24370
b a1 j a n,34405
b a1 j a n s e,25183
b a1 j a s,43958
b a1 j a s e,22374
b e1,211795
b e1 a,31389
b e1 a l o,1180
b e a1 m o n o s,736
b e a1 m o s,36866
b e a1 m o s l o,1381
b e1 a n,15419
b e1 a n l o,496
b e1 a s,12236
b e1 s e s,217543
b e s i1 n a,3976
b e s i1 n a s,586
b e s i n d a1 d,461
b e s i n d a1 ɾ j o,8509
b e s i1 n o,9638
b e s i1 n o s,13744
b e k t o1 ɾ,866
b e1 d a,614
b e1 g a,1652
b e1 g a s,13191
b e x e t a s j o1 n,714
b e x e t a1 l,1871
b e x e t a1 l e s,2087
b e x e t a ɾ j a1 n a,1266
b e x e t a ɾ j a1 n o,1563
b e i1 k u l o,11548
b e i1 k u l o s,4517
b e i1 a,17689
b e i1 a m o s,1799
b e i1 a n,2290
b e i1 a s,2060
b e1 i n t e,15092
b e i n t i1 s i ɲ k o,2085
b e i n t i1 k w a t ɾ o,1112
b e i n t i1 d o s,891
b e i1 n t j o tʃ o,455
b e i n t i1 s j e t e,515
b e i n t i1 t ɾ e s,677
b e i1 n t j u n o,650
b e1 i s,4127
b e x e s t o1 ɾ j o,463
b e x e1 s,1436
b e x i1 g a,1395
b e1 l a,6834
b e l a1 d a,4233
b e l a1 ɾ,602
b e1 l a s,8063
b e l a t o1 ɾ j o,645
b e l e1 ɾ o,805
b e1 j o,1058
b e1 l o,3119
b e l o1 s e s,674
b e l o s i d a1 d,25168
b e l o s i d a1 d e s,825
b e l o1 s,3442
b e1 m o s,69212
b e1 n,232766
b e1 n a,1828
b e n a1 d o,1260
b e1 n a s,4387
b e1 n s e,1437
b e n s e d o1 ɾ,1372
b e n s e1 ɾ,5757
b e n s e ɾ a1,522
b e n s e ɾ e1 m o s,738
b e n s e1 ɾ l o,1839
b e n s e1 ɾ l o s,1310
b e n s e1 ɾ m e,1271
b e n s e1 ɾ n o s,468
b e n s e1 ɾ t e,638
b e n s i1 d a,1857
b e n s i1 d o,6275
b e n s i1 d o s,1521
b e n s i1 m o s,454
b e n s j o1,1408
b e1 n d a,3738
b e n d a1 d o s,618
b e n d a1 x e,849
b e n d a1 x e s,579
b e1 n d a n,893
b e1 n d a s,2579
b e1 n d e,9385
b e n d e d o1 ɾ,7874
b e n d e d o1 ɾ a,962
b e n d e d o1 ɾ e s,2247
b e n d e1 m o s,2517
b e1 n d e n,5379
b e n d e1 ɾ,23566
b e n d e ɾ a1,1272
b e n d e ɾ a1 n,572
b e n d e ɾ e1,1589
b e n d e ɾ e1 m o s,820
b e n d e ɾ i1 a,1263
b e n d e1 ɾ l a,3792
b e n d e1 ɾ l a s,1346
b e n d e1 ɾ l e,2448
b e n d e1 ɾ l e s,800
b e n d e1 ɾ l o,5151
b e n d e1 ɾ l o s,1520
b e n d e1 ɾ m e,2295
b e n d e1 ɾ n o s,687
b e n d e1 ɾ s e,830
b e n d e1 ɾ s e l o,833
b e n d e1 ɾ t e,1410
b e1 n d e s,2913
b e n d i1,3936
b e n d i1 a,2209
b e n d i1 a n,658
b e n d i1 d a,1049
b e n d i1 d a s,485
b e n d i1 d o,7755
b e n d i1 d o s,766
b e n d j e1 n d o,7344
b e n d j e1 ɾ a,567
b e n d j e1 ɾ o n,1622
b e n d i1 m o s,997
b e n d j o1,6097
b e n d i1 s t e,2478
b e1 n d o,4643
b e n d ɾ a1,26571
b e n d ɾ a1 n,9413
b e n d ɾ a1 s,6898
b e n d ɾ e1,4289
b e n d ɾ e1 m o s,781
b e n d ɾ i1 a,12633
b e n d ɾ i1 a n,2025
b e n d ɾ i1 a s,4277
b e n e1 s j a,4060
b e n e1 n o,11535
b e n e1 n o s,679
b e n e n o1 s a,1235
b e n e n o1 s a s,623
b e n e n o1 s o,1255
b e n e s w e1 l a,1075
b e1 ɲ g a,122040
b e ɲ g a d o1 ɾ,847
b e ɲ g a d o1 ɾ e s,461
b e1 ɲ g a n,29263
b e ɲ g a1 n s a,16993
b e ɲ g a1 ɾ,2062
b e ɲ g a ɾ e1,730
b e ɲ g a1 ɾ m e,2912
b e ɲ g a1 ɾ n o s,786
b e ɲ g a1 ɾ s e,5379
b e ɲ g a1 ɾ t e,2364
b e1 ɲ g a s,12965
b e ɲ g a t i1 b o,594
b e1 ɲ g o,25609
b e n i1 a,13324
b e n i1 a m o s,1495
b e n i1 a n,3743
b e n i1 a s,2088
b e n i1 d,7917
b e n i1 d a,680
b e n i1 d o,75387
b e n i1 m o s,7800
b e n i1 ɾ,128277
b e n i1 ɾ m e,684
b e n i1 ɾ s e,813
b e n i1 ɾ t e,978
b e n i1 s,1668
b e1 n t a,13410
b e n t a1 x a,12056
b e n t a1 x a s,2964
b e n t a1 n a,37337
b e n t a1 n a s,11163
b e n t a n i1 j a,2029
b e n t a n i1 j a s,464
b e1 n t a s,5882
b e n t i l a s j o1 n,2575
b e n t i l a d o1 ɾ,1580
b e n t i1 s k a,525
b e n t ɾ i k u l a1 ɾ,577
b e n t u1 ɾ a,1134
b e1 n u s,3121
b e1 o,187517
b e1 ɾ,501955
b e1 ɾ a,4910
b e ɾ a1,24399
b e ɾ a1 n,11317
b e ɾ a1 n o,27615
b e ɾ a1 n o s,1076
b e1 ɾ a s,56232
b e ɾ a1 s,38800
b e ɾ b a1 l,984
b e1 ɾ b o,648
b e ɾ d a1 d,625274
b e ɾ d a d e1 ɾ a,21882
b e ɾ d a d e ɾ a m e1 n t e,8847
b e ɾ d a d e1 ɾ a s,2012
b e ɾ d a d e1 ɾ o s,5894
b e ɾ d a1 d e s,1515
b e1 ɾ d e,27791
b e1 ɾ d e s,6857
b e ɾ d u1 g o,1684
b e ɾ d u1 ɾ a,712
b e ɾ d u1 ɾ a s,2955
b e ɾ e1,37773
b e ɾ e d i1 k t o,4562
b e ɾ e1 i s,1832
b e ɾ e1 m o s,34486
b e1 ɾ g a,4306
b e1 ɾ g a s,745
b e ɾ g o n s o1 s a,770
b e ɾ g o n s o1 s o,4673
b e ɾ g w e1 n s a,21745
b e ɾ i1 a,6002
b e ɾ i1 a m o s,1155
b e ɾ i1 a n,1041
b e ɾ i1 a s,1328
b e ɾ i f i1 k a,1216
b e ɾ i f i k a s j o1 n,755
b e ɾ i f i k a1 d o,859
b e ɾ i f i k a1 m o s,475
b e ɾ i f i k a1 n d o,741
b e ɾ i f i k a1 ɾ,3642
b e ɾ i f i k a1 ɾ l o,1558
b e ɾ i f i1 k e,813
b e ɾ i f i k e1,819
b e ɾ i f i1 k e n,556
b e1 ɾ x a,955
b e1 ɾ l a,64520
b e1 ɾ l a s,10298
b e1 ɾ l e,33815
b e1 ɾ l e s,3051
b e1 ɾ l o,116911
b e1 ɾ l o s,25892
b e1 ɾ m e,50803
b e ɾ m o1 n d,1494
b e1 ɾ n o s,26422
b e ɾ o1 n a,967
b e ɾ o1 n i k a,3215
b e1 ɾ o s,5350
b e r u1 g a s,523
b e ɾ s a1 j e s,623
b e1 ɾ s e,9879
b e1 ɾ s e l a s,602
b e ɾ s i1 k u l o,623
b e ɾ s j o1 n,10837
b e ɾ s j o1 n e s,1331
b e1 ɾ s o,1431
b e1 ɾ s o s,1447
b e1 ɾ t e,166302
b e1 ɾ t e b ɾ a,552
b e ɾ t e b ɾ a1 l,898
b e ɾ t e d e1 ɾ o,915
b e1 ɾ t e l a s,579
b e ɾ t i k a1 l,1468
b e1 ɾ t i g o,864
b e1 s,155856
b e s t i1 a,1308
b e s t i1 b u l o,3978
b e s t i1 d a,5584
b e s t i1 d a s,614
b e s t i1 d o,38499
b e s t i d o1 ɾ,754
b e s t i1 d o s,7516
b e s t i m e1 n t a,1185
b e s t i1 m o s,468
b e s t i1 ɾ,3616
b e s t i ɾ e1,478
b e s t i1 ɾ m e,4868
b e s t i1 ɾ n o s,740
b e s t i1 ɾ s e,3796
b e s t i1 ɾ t e,3492
b e s t w a1 ɾ j o,3983
b e s t w a1 ɾ j o s,522
b e1 t a,600
b e1 t e,115776
b e t e ɾ a1 n o,2278
b e t e ɾ a1 n o s,2342
b e t e ɾ i n a1 ɾ j a,718
b e t e ɾ i n a1 ɾ j o,2453
b e1 s,806927
b i1,137387
b i1 a,9421
b j a1 b l e,1091
b j a1 g ɾ a,1169
b j a1 x a,4415
b j a x a1 b a,1167
b j a x a1 d o,3288
b j a x a1 m o s,1520
b j a1 x a n,2024
b j a x a1 n d o,4249
b j a x a1 n t e,513
b j a x a1 ɾ,14416
b j a x a ɾ a1,511
b j a x a ɾ e1 m o s,695
b j a x a1 ɾ o n,496
b j a1 x a s,1101
b j a1 x e,68488
b j a x e1,927
b j a x e s i1 t o,465
b j a x e1 ɾ o,2693
b j a x e1 ɾ o s,1874
b j a1 x e s,8565
b j a1 x o,2070
b j a x o1,1363
b i1 a s,4582
b i1 b o ɾ a,3085
b i1 b o ɾ a s,1015
b i1 b ɾ a,739
b i b ɾ a s j o1 n,1082
b i b ɾ a s j o1 n e s,1555
b i b ɾ a d o1 ɾ,831
b i k a1 ɾ j o,567
b i1 s e,1474
b i s e1 n t e,512
b i s e p ɾ e s i d e1 n t e,5240
b i s e b e1 ɾ s a,914
b i1 s j o,1750
b i1 s j o s,1399
b i s j o1 s o,983
b i1 k t i m a,28830
b i1 k t i m a s,18675
b i1 k t o ɾ,6363
b i k t o1 ɾ j a,23935
b i k t o1 ɾ j a s,1768
b i k t o ɾ j o1 s o,760
b i1 d a,509483
b i1 d a s,38818
b i d e1 n t e,1307
b i1 d e o,5037
b i d e o x w e1 g o,714
b i d e o x w e1 g o s,1505
b i1 d e o s,1042
b i1 d ɾ j o,5959
b i1 d ɾ j o s,1192
b j e1 x a,38904
b j e1 x a s,8698
b j e x i1 t a,546
b j e x i1 t o,501
b j e1 x o,136698
b j e1 x o s,26896
b j e1 n a,3997
b j e1 n d o,36584
b j e1 n d o l a,1069
b j e1 n d o l o,2013
b j e1 n d o l o s,511
b j e1 n d o m e,1221
b j e1 n d o n o s,1158
b j e1 n d o s e,756
b j e1 n d o t e,2059
b j e1 n e,130829
b j e1 n e n,43438
b j e1 n e s,35823
b j e1 n t o,25476
b j e1 n t o s,3610
b j e1 n t ɾ e,3844
b j e1 ɾ a,7615
b j e1 ɾ a m o s,652
b j e1 ɾ a n,2171
b j e1 ɾ a s,2892
b j e1 ɾ n e s,21894
b j e1 ɾ o n,18040
b j e1 s e,997
b j e d k o1 ɲ g,747
b j e d n a1 m,8767
b j e d n a m i1 t a,827
b j e d n a m i1 t a s,1022
b i1 g a,859
b i1 g a s,763
b i x i1 a,820
b i x i1 l a,7068
b i x i l a1 b a,626
b i x i l a1 d,512
b i x i l a1 d a,1078
b i x i l a1 d o,2439
b i x i l a1 d o s,558
b i x i1 l a l a,870
b i x i1 l a l o,1901
b i x i1 l a l o s,696
b i x i l a1 m o s,627
b i x i1 l a n,1540
b i x i l a1 n s j a,12168
b i x i l a1 n d o,7852
b i x i l a1 n d o l o,694
b i x i l a1 n d o m e,562
b i x i l a1 n d o t e,593
b i x i l a1 n t e,4004
b i x i l a1 n t e s,1634
b i x i l a1 ɾ,5496
b i x i l a ɾ e1,1135
b i x i l a ɾ e1 m o s,452
b i x i l a1 ɾ l a,1013
b i x i l a1 ɾ l o,1933
b i x i l a1 ɾ l o s,764
b i x i l a1 ɾ m e,799
b i x i l a1 ɾ t e,794
b i x i1 l a s,482
b i x i1 l e,1879
b i x i1 l e n,1600
b i x i1 l e s,504
b i x i1 l j a,586
b i x i1 l o,861
b i g o1 ɾ,1326
b i k i1 ɲ g o,830
b i k i1 ɲ g o s,805
b i1 l,2684
b i1 l e s,579
b i1 j a,6570
b i j a1 n o,2940
b i j a1 n o s,1912
b i1 m o s,17011
b i n a1 g ɾ e,1200
b i ɲ k u l a1 d o,622
b i1 ɲ k u l o,2804
b i1 ɲ k u l o s,886
b i1 n e,45050
b i n j e1 n d o,10833
b i n j e1 ɾ a,8493
b i n j e1 ɾ a n,1716
b i n j e1 ɾ a s,5504
b i n j e1 ɾ o n,13425
b i n j e1 s e,937
b i n i1 m o s,9671
b i n i1 s t e,18059
b i1 n o,93731
b i1 n o s,2227
b i1 j a,460
b i j e1 d o,699
b j o1,54010
b j o1 l a,2134
b j o l a s j o1 n,8594
b j o l a s j o1 n e s,1459
b j o l a1 d a,2006
b j o l a1 d o,2424
b j o l a d o1 ɾ,2373
b j o l a d o1 ɾ e s,1020
b j o1 l a n,534
b j o l a1 n d o,1588
b j o l a1 ɾ,3171
b j o l a1 ɾ l a,722
b j o l a1 ɾ m e,1133
b j o l a1 ɾ o n,1413
b j o l a1 ɾ t e,506
b j o l a1 s t e,808
b j o l e1,510
b j o l e1 n s j a,16204
b j o l e1 n t a,3100
b j o l e n t a m e1 n t e,1005
b j o l e1 n t a s,1102
b j o l e1 n t o,6166
b j o l e1 n t o s,2907
b j o l e1 t a,1909
b j o l e1 t a s,741
b j o l i1 n,3592
b j o l i1 n e s,505
b j o l i n i1 s t a,927
b j o l o1,3266
b j o l o n tʃ e1 l o,613
b i1 p,1388
b i1 ɾ a,634
b i ɾ a1 l,817
b i ɾ a1 ɾ,511
b i1 ɾ x e n,13490
b i1 ɾ x e n e s,1856
b i ɾ x i1 n j a,6504
b i ɾ x i n i d a1 d,2582
b i ɾ i l i d a1 d,602
b i1 r e i,1214
b i ɾ t w a1 l,1612
b i ɾ t w a l m e1 n t e,913
b i ɾ t u1 d,3471
b i ɾ t u1 d e s,1627
b i ɾ t w o1 s a,499
b i ɾ t w o1 s o,636
b i ɾ w e1 l a,1250
b i1 ɾ u s,14660
b i1 s a,2005
b i s a1 d o,799
b i1 s a s,520
b i s i b i l i d a1 d,907
b i s i1 b l e,2071
b i s i1 b l e s,902
b i s j o1 n,16229
b i s j o n a1 ɾ j o,635
b i s j o1 n e s,4397
b i s i1 t a,27387
b i s i t a1 b a,832
b i s i t a1 d o,1962
b i s i t a1 m o s,630
b i s i1 t a n,649
b i s i t a1 n d o,2037
b i s i1 t a n o s,1106
b i s i t a1 n t e,2727
b i s i t a1 n t e s,4928
b i s i t a1 ɾ,11604
b i s i t a ɾ e1,616
b i s i t a1 ɾ l a,2787
b i s i t a1 ɾ l e,934
b i s i t a1 ɾ l o,2686
b i s i t a1 ɾ l o s,1012
b i s i t a1 ɾ m e,4921
b i s i t a1 ɾ n o s,3361
b i s i t a1 ɾ t e,3572
b i s i1 t a s,9777
b i s i1 t e,1085
b i s i t e1,690
b i s i1 t o,720
b i s i t o1,1915
b i s o1 n,784
b i s o1 ɾ,634
b i1 s p e ɾ a,1849
b i1 s p e ɾ a s,579
b i1 s t a,53222
b i1 s t a n s e,659
b i1 s t a s,3143
b i1 s t a s e,892
b i s t a1 s o,27893
b i1 s t e,57794
b i1 s t e i s,695
b i1 s t e n,1174
b i1 s t e s,2193
b i1 s t e t e,6655
b i s t j e1 n d o,1669
b i s t j o1,516
b i1 s t o,230072
b i1 s t o s,1581
b i s w a1 l,5498
b i s w a1 l e s,750
b i1 t a,489
b i t a1 l,5532
b i t a1 l e s,3504
b i t a l i d a1 d,616
b i t a m i1 n a,1021
b i t a m i1 n a s,2173
b i t ɾ i1 n a,641
b j u1 d a,7324
b j u1 d a s,1191
b j u1 d o,878
b i1 b a,35742
b i b a1 m o s,1438
b i1 b a n,2236
b i1 b a s,4401
b i1 b e,53234
b i1 b e n,15475
b i1 b e ɾ e s,909
b i1 b e s,15834
b i b i1,3370
b i b i1 a,13691
b i b i1 a m o s,1997
b i b i1 a n,2890
b i b i1 a s,1164
b i b i1 d o,12332
b i b j e1 n d a,1577
b i b j e1 n d a s,1074
b i b j e1 n d o,20433
b i b j e1 n t e,3258
b i b j e1 n t e s,1322
b i b j e1 ɾ a,1664
b i b j e1 ɾ o n,1873
b i b i1 m o s,12540
b i b j o1,5272
b i b i1 ɾ,101166
b i b i ɾ a1,4219
b i b i ɾ a1 n,1284
b i b i ɾ a1 s,2402
b i b i ɾ e1,2931
b i b i ɾ e1 m o s,2362
b i b i ɾ i1 a,1450
b i b i1 ɾ l a,1204
b i b i1 ɾ l o,594
b i b i1 s,677
b i b i1 s t e,921
b i1 b o,84815
b i1 b o s,17036
b i s k o1 n d e,513
b l a1 d,874
b l a d i m i1 ɾ,1563
b o k a b u l a1 ɾ j o,1610
b o k a s j o1 n,1497
b o k a1 l,983
b o k a1 l e s,1046
b o s e1 ɾ o,541
b o1 s e s,7865
b o1 d k a,6304
b o1 g e,772
b o l a1 b a,1012
b o l a1 d o,2877
b o l a d o1 ɾ,2275
b o l a d o1 ɾ a,1161
b o l a d o1 ɾ a s,853
b o l a d o1 ɾ e s,1277
b o l a1 m o s,1924
b o l a1 n d o,12621
b o l a1 n t e,5409
b o l a1 n t e s,943
b o l a1 ɾ,29584
b o l a1 ɾ a,533
b o l a ɾ a1,1314
b o l a ɾ a1 n,644
b o l a ɾ e1,1915
b o l a ɾ e1 m o s,977
b o l a ɾ i1 a,473
b o l a1 ɾ l e,641
b o l a1 ɾ l o,1196
b o l a1 ɾ m e,592
b o l a1 ɾ o n,1554
b o l a1 ɾ t e,846
b o l a1 s t e,651
b o l a1 t i l,469
b o l k a1 n,2366
b o l k a1 n e s,701
b o l d e m o1 ɾ d,1605
b o l e1,1262
b o l e i1 b o l,551
b o l e1 m o s,572
b o l k s b a1 x e n,550
b o l o1,4139
b o l t a1 x e,845
b o l t e1 a,1011
b o l t e a1 ɾ,728
b o l t e1 a t e,1387
b o1 l t j o s,972
b o l u1 m e n,4927
b o l u1 m e n e s,459
b o l u n t a1 d,20183
b o l u n t a1 ɾ j a,1896
b o l u n t a ɾ j a m e1 n t e,2194
b o l u n t a1 ɾ j o,5011
b o l u n t a1 ɾ j o s,4119
b o l b a1 i s,667
b o l b a1 m o s,13698
b o l b e1 d,3228
b o l b e1 i s,498
b o l b e1 m o s,10944
b o l b e1 ɾ,145291
b o l b e ɾ a1,27715
b o l b e ɾ a1 n,6515
b o l b e ɾ a1 s,11031
b o l b e ɾ e1,36729
b o l b e ɾ e1 m o s,13918
b o l b e ɾ i1 a,8745
b o l b e ɾ i1 a m o s,906
b o l b e ɾ i1 a n,759
b o l b e ɾ i1 a s,2136
b o l b e1 ɾ l a,1116
b o l b e1 ɾ l e,640
b o l b e1 ɾ l o,2399
b o l b e1 ɾ l o s,522
b o l b e1 ɾ m e,5028
b o l b e1 ɾ n o s,1311
b o l b e1 ɾ s e,7177
b o l b e1 ɾ t e,4684
b o l b i1,14088
b o l b i1 a,4787
b o l b i1 a m o s,524
b o l b i1 a n,910
b o l b i1 a s,484
b o l b j e1 n d o,16643
b o l b j e1 n d o m e,988
b o l b j e1 n d o s e,1345
b o l b j e1 ɾ a,4465
b o l b j e1 ɾ a m o s,485
b o l b j e1 ɾ a n,765
b o l b j e1 ɾ a s,1541
b o l b j e1 ɾ o n,6564
b o l b j e1 s e,726
b o l b i1 m o s,3706
b o l b j o1,30875
b o l b i1 s t e,8293
b o1 l b o,706
b o m i1 t a,630
b o m i t a1 d o,675
b o m i t a1 n d o,1341
b o m i t a1 ɾ,7149
b o m i1 t e,479
b o m i t e1,878
b o m i1 t o,906
b o m i t o1,1064
b o1 m i t o,2430
b o1 m i t o s,686
b o1 ɾ t i s e,783
b o1 s,27380
b o s o1 t ɾ a s,4089
b o s o1 t ɾ o s,45525
b o1 t a,1285
b o t a s j o1 n,3305
b o t a1 d o,1077
b o t a1 m o s,602
b o1 t a n,613
b o t a1 n t e s,1619
b o t a1 ɾ,5313
b o t a1 ɾ o n,646
b o1 t e,996
b o t e1,779
b o t e1 m o s,595
b o1 t e n,967
b o1 t o,9876
b o t o1,978
b o1 t o s,9072
b o1 i,660269
b o1 s,56180
b u d u1,1741
b w e1 l a,8155
b w e1 l a n,3270
b w e1 l a s,1069
b w e1 l e,1771
b w e1 l e n,1348
b w e1 l o,33416
b w e1 l o s,2892
b w e1 l t a,100836
b w e1 l t a s,13527
b w e1 l t o,56712
b w e1 l b a,38262
b w e1 l b a n,12991
b w e1 l b a s,18850
b w e1 l b a s e,577
b w e1 l b e,67729
b w e1 l b e l o,478
b w e1 l b e n,10066
b w e1 l b e s,13685
b w e1 l b e t e,2328
b w e1 l b o,31578
b w e1 s t ɾ a,23833
b w e1 s t ɾ a s,8720
b w e1 s t ɾ o,23379
b w e1 s t ɾ o s,10925
b u l k a1 n o,1852
b u l g a1 ɾ,4382
b u l g a1 ɾ e s,725
b u l n e ɾ a b i l i d a1 d,524
b u l n e ɾ a1 b l e,3845
b u l n e ɾ a1 b l e s,1611
b a s i1 ɲ g t o n,21753
b a t e ɾ l o1 o,992
b a1 d s o n,5828
b e1 b,5736
g w i1 s k i,15750
b i n d o1 w s,597
b i s k o1 n s i n,1578
s a b j e1 ɾ,1346
s e1 n a,3152
i1,7641362
j a1,1281584
j a1 s e,2718
j a1 s e n,626
j a s i1 a,631
j a k u1 s a,1431
j a1 l e,3054
j a n k e1 e,1030
j a1 ɲ k i,1945
j a1 ɾ d a,517
j a1 ɾ d a s,2712
j a1 t e,3365
j a1 t e s,1062
j e1 g w a,1772
j e1 n,1403
j e1 n d o,22726
j e1 n d o s e,1287
j e1 ɾ b a,1039
j e1 ɾ n o,2133
j e1 s o,1705
j o1,2133592
j o1 d a,1542
j o1 d o,551
j o1 g a,2611
j o g u1 ɾ,853
j o l a1 n d a,564
j o1 ɲ k i,481
j o1 ɾ k,59292
j o ɾ k s i1 ɾ e,743
j o u1 t u b e,999
j u1 g o,498
j u g o s l a1 b j a,829
j u g u l a1 ɾ,617
i b o1 n n e,1313
s a f i1 ɾ o,514
s a n a o1 ɾ j a,1847
s a n a o1 ɾ j a s,1770
s a1 ɲ x a,1628
s a p a t e1 ɾ o,651
s a p a t i1 j a,601
s a p a t i1 j a s,3594
s a p a1 t o,6925
s a p a1 t o s,32736
s a1 ɾ,2542
s a1 ɾ a,1815
s a1 ɾ p a,576
s a ɾ p a1 ɾ,1300
s a1 s,557
s e1 t a,1106
s e1 u s,2727
s i1 g g i,1184
s o d j a1 k o,931
s o1 e,5808
s o1 m b i,1535
s o1 m b j e,1069
s o1 m b j e s,1032
s o1 n a,36331
s o1 n a s,3928
s o1 o,2306
s o o l o1 x i k o,3558
s o o1 m,698
s o k e1 t e,513
s o1 r a,10630
s o1 r a s,1253
s o1 r o,4732
s o1 r o s,844
s u m b a1 n d o,525
s u m b i1 d o,1156
s u1 m o,2939
s u1 ɾ d o,1430
s u ɾ i1 tʃ,923
